ISO-10303-21;
HEADER;
FILE_DESCRIPTION(('FreeCAD Model'),'2;1');
FILE_NAME('Open CASCADE Shape Model','2026-07-29T20:08:03',('FreeCAD'),(
    'FreeCAD'),'Open CASCADE STEP processor 7.8','FreeCAD','Unknown');
FILE_SCHEMA(('AUTOMOTIVE_DESIGN { 1 0 10303 214 1 1 1 1 }'));
ENDSEC;
DATA;
#1 = APPLICATION_PROTOCOL_DEFINITION('international standard',
  'automotive_design',2000,#2);
#2 = APPLICATION_CONTEXT(
  'core data for automotive mechanical design processes');
#3 = SHAPE_DEFINITION_REPRESENTATION(#4,#10);
#4 = PRODUCT_DEFINITION_SHAPE('','',#5);
#5 = PRODUCT_DEFINITION('design','',#6,#9);
#6 = PRODUCT_DEFINITION_FORMATION('','',#7);
#7 = PRODUCT('Open CASCADE STEP translator 7.8 30',
  'Open CASCADE STEP translator 7.8 30','',(#8));
#8 = PRODUCT_CONTEXT('',#2,'mechanical');
#9 = PRODUCT_DEFINITION_CONTEXT('part definition',#2,'design');
#10 = SHAPE_REPRESENTATION('',(#11,#15,#183,#351,#519,#687,#855,#1023,
    #1191,#1359,#1628,#1988,#2284,#2651,#2932,#3343,#3807,#3929,#3997,
    #4065,#4307,#4375,#4443,#4631,#4699,#4827,#4955,#5151,#5349,#5485,
    #5667),#5849);
#11 = AXIS2_PLACEMENT_3D('',#12,#13,#14);
#12 = CARTESIAN_POINT('',(0.,0.,0.));
#13 = DIRECTION('',(0.,0.,1.));
#14 = DIRECTION('',(1.,0.,-0.));
#15 = MANIFOLD_SOLID_BREP('',#16);
#16 = CLOSED_SHELL('',(#17,#53,#81,#110,#139,#155,#172));
#17 = ADVANCED_FACE('',(#18),#48,.F.);
#18 = FACE_BOUND('',#19,.F.);
#19 = EDGE_LOOP('',(#20,#29,#36,#43));
#20 = ORIENTED_EDGE('',*,*,#21,.F.);
#21 = EDGE_CURVE('',#22,#24,#26,.T.);
#22 = VERTEX_POINT('',#23);
#23 = CARTESIAN_POINT('',(-8.881784197001E-16,8.881784197001E-16,
    -45.03332099679));
#24 = VERTEX_POINT('',#25);
#25 = CARTESIAN_POINT('',(-15.01110699893,-15.01110699893,
    -30.02221399786));
#26 = B_SPLINE_CURVE_WITH_KNOTS('',1,(#27,#28),.UNSPECIFIED.,.F.,.F.,(2,
    2),(0.,26.),.PIECEWISE_BEZIER_KNOTS.);
#27 = CARTESIAN_POINT('',(-8.881784197001E-16,8.881784197001E-16,
    -45.03332099679));
#28 = CARTESIAN_POINT('',(-15.01110699893,-15.01110699893,
    -30.02221399786));
#29 = ORIENTED_EDGE('',*,*,#30,.T.);
#30 = EDGE_CURVE('',#22,#31,#33,.T.);
#31 = VERTEX_POINT('',#32);
#32 = CARTESIAN_POINT('',(-5.494446500535,20.505553499465,
    -30.02221399786));
#33 = B_SPLINE_CURVE_WITH_KNOTS('',1,(#34,#35),.UNSPECIFIED.,.F.,.F.,(2,
    2),(0.,26.),.PIECEWISE_BEZIER_KNOTS.);
#34 = CARTESIAN_POINT('',(-8.881784197001E-16,8.881784197001E-16,
    -45.03332099679));
#35 = CARTESIAN_POINT('',(-5.494446500535,20.505553499465,
    -30.02221399786));
#36 = ORIENTED_EDGE('',*,*,#37,.T.);
#37 = EDGE_CURVE('',#31,#38,#40,.T.);
#38 = VERTEX_POINT('',#39);
#39 = CARTESIAN_POINT('',(-20.50555349946,5.494446500535,-15.01110699893
    ));
#40 = B_SPLINE_CURVE_WITH_KNOTS('',1,(#41,#42),.UNSPECIFIED.,.F.,.F.,(2,
    2),(0.,26.),.PIECEWISE_BEZIER_KNOTS.);
#41 = CARTESIAN_POINT('',(-5.494446500535,20.505553499465,
    -30.02221399786));
#42 = CARTESIAN_POINT('',(-20.50555349946,5.494446500535,-15.01110699893
    ));
#43 = ORIENTED_EDGE('',*,*,#44,.F.);
#44 = EDGE_CURVE('',#24,#38,#45,.T.);
#45 = B_SPLINE_CURVE_WITH_KNOTS('',1,(#46,#47),.UNSPECIFIED.,.F.,.F.,(2,
    2),(0.,26.),.PIECEWISE_BEZIER_KNOTS.);
#46 = CARTESIAN_POINT('',(-15.01110699893,-15.01110699893,
    -30.02221399786));
#47 = CARTESIAN_POINT('',(-20.50555349946,5.494446500535,-15.01110699893
    ));
#48 = B_SPLINE_SURFACE_WITH_KNOTS('',1,1,(
    (#49,#50)
    ,(#51,#52
  )),.UNSPECIFIED.,.F.,.F.,.F.,(2,2),(2,2),(0.,26.),(-26.,0.),
  .PIECEWISE_BEZIER_KNOTS.);
#49 = CARTESIAN_POINT('',(-5.494446500535,20.505553499465,
    -30.02221399786));
#50 = CARTESIAN_POINT('',(-8.881784197001E-16,8.881784197001E-16,
    -45.03332099679));
#51 = CARTESIAN_POINT('',(-20.50555349946,5.494446500535,-15.01110699893
    ));
#52 = CARTESIAN_POINT('',(-15.01110699893,-15.01110699893,
    -30.02221399786));
#53 = ADVANCED_FACE('',(#54),#76,.F.);
#54 = FACE_BOUND('',#55,.F.);
#55 = EDGE_LOOP('',(#56,#63,#64,#71));
#56 = ORIENTED_EDGE('',*,*,#57,.F.);
#57 = EDGE_CURVE('',#22,#58,#60,.T.);
#58 = VERTEX_POINT('',#59);
#59 = CARTESIAN_POINT('',(20.505553499465,-5.494446500535,
    -30.02221399786));
#60 = B_SPLINE_CURVE_WITH_KNOTS('',1,(#61,#62),.UNSPECIFIED.,.F.,.F.,(2,
    2),(0.,26.),.PIECEWISE_BEZIER_KNOTS.);
#61 = CARTESIAN_POINT('',(-8.881784197001E-16,8.881784197001E-16,
    -45.03332099679));
#62 = CARTESIAN_POINT('',(20.505553499465,-5.494446500535,
    -30.02221399786));
#63 = ORIENTED_EDGE('',*,*,#21,.T.);
#64 = ORIENTED_EDGE('',*,*,#65,.T.);
#65 = EDGE_CURVE('',#24,#66,#68,.T.);
#66 = VERTEX_POINT('',#67);
#67 = CARTESIAN_POINT('',(5.494446500535,-20.50555349946,-15.01110699893
    ));
#68 = B_SPLINE_CURVE_WITH_KNOTS('',1,(#69,#70),.UNSPECIFIED.,.F.,.F.,(2,
    2),(0.,26.),.PIECEWISE_BEZIER_KNOTS.);
#69 = CARTESIAN_POINT('',(-15.01110699893,-15.01110699893,
    -30.02221399786));
#70 = CARTESIAN_POINT('',(5.494446500535,-20.50555349946,-15.01110699893
    ));
#71 = ORIENTED_EDGE('',*,*,#72,.F.);
#72 = EDGE_CURVE('',#58,#66,#73,.T.);
#73 = B_SPLINE_CURVE_WITH_KNOTS('',1,(#74,#75),.UNSPECIFIED.,.F.,.F.,(2,
    2),(0.,26.),.PIECEWISE_BEZIER_KNOTS.);
#74 = CARTESIAN_POINT('',(20.505553499465,-5.494446500535,
    -30.02221399786));
#75 = CARTESIAN_POINT('',(5.494446500535,-20.50555349946,-15.01110699893
    ));
#76 = B_SPLINE_SURFACE_WITH_KNOTS('',1,1,(
    (#77,#78)
    ,(#79,#80)),.UNSPECIFIED.,.F.,.F.,.F.,(2,2),(2,2),(0.,26.),(0.,26.),
  .PIECEWISE_BEZIER_KNOTS.);
#77 = CARTESIAN_POINT('',(-8.881784197001E-16,8.881784197001E-16,
    -45.03332099679));
#78 = CARTESIAN_POINT('',(20.505553499465,-5.494446500535,
    -30.02221399786));
#79 = CARTESIAN_POINT('',(-15.01110699893,-15.01110699893,
    -30.02221399786));
#80 = CARTESIAN_POINT('',(5.494446500535,-20.50555349946,-15.01110699893
    ));
#81 = ADVANCED_FACE('',(#82),#105,.T.);
#82 = FACE_BOUND('',#83,.T.);
#83 = EDGE_LOOP('',(#84,#91,#92,#93,#100));
#84 = ORIENTED_EDGE('',*,*,#85,.F.);
#85 = EDGE_CURVE('',#38,#86,#88,.T.);
#86 = VERTEX_POINT('',#87);
#87 = CARTESIAN_POINT('',(-4.461420286602,1.195433962891,-3.265986323711
    ));
#88 = B_SPLINE_CURVE_WITH_KNOTS('',1,(#89,#90),.UNSPECIFIED.,.F.,.F.,(2,
    2),(0.,20.343145750508),.PIECEWISE_BEZIER_KNOTS.);
#89 = CARTESIAN_POINT('',(-20.50555349946,5.494446500535,-15.01110699893
    ));
#90 = CARTESIAN_POINT('',(-4.461420286602,1.195433962891,-3.265986323711
    ));
#91 = ORIENTED_EDGE('',*,*,#44,.F.);
#92 = ORIENTED_EDGE('',*,*,#65,.T.);
#93 = ORIENTED_EDGE('',*,*,#94,.T.);
#94 = EDGE_CURVE('',#66,#95,#97,.T.);
#95 = VERTEX_POINT('',#96);
#96 = CARTESIAN_POINT('',(1.195433962891,-4.461420286602,-3.265986323711
    ));
#97 = B_SPLINE_CURVE_WITH_KNOTS('',1,(#98,#99),.UNSPECIFIED.,.F.,.F.,(2,
    2),(0.,20.343145750508),.PIECEWISE_BEZIER_KNOTS.);
#98 = CARTESIAN_POINT('',(5.494446500535,-20.50555349946,-15.01110699893
    ));
#99 = CARTESIAN_POINT('',(1.195433962891,-4.461420286602,-3.265986323711
    ));
#100 = ORIENTED_EDGE('',*,*,#101,.F.);
#101 = EDGE_CURVE('',#86,#95,#102,.T.);
#102 = B_SPLINE_CURVE_WITH_KNOTS('',1,(#103,#104),.UNSPECIFIED.,.F.,.F.,
  (2,2),(0.,8.),.PIECEWISE_BEZIER_KNOTS.);
#103 = CARTESIAN_POINT('',(-4.461420286602,1.195433962891,
    -3.265986323711));
#104 = CARTESIAN_POINT('',(1.195433962891,-4.461420286602,
    -3.265986323711));
#105 = B_SPLINE_SURFACE_WITH_KNOTS('',1,1,(
    (#106,#107)
    ,(#108,#109
    )),.UNSPECIFIED.,.F.,.F.,.F.,(2,2),(2,2),(0.,26.),(0.,26.),
  .PIECEWISE_BEZIER_KNOTS.);
#106 = CARTESIAN_POINT('',(-15.01110699893,-15.01110699893,
    -30.02221399786));
#107 = CARTESIAN_POINT('',(-20.50555349946,5.494446500535,
    -15.01110699893));
#108 = CARTESIAN_POINT('',(5.494446500535,-20.50555349946,
    -15.01110699893));
#109 = CARTESIAN_POINT('',(0.,0.,0.));
#110 = ADVANCED_FACE('',(#111),#134,.T.);
#111 = FACE_BOUND('',#112,.T.);
#112 = EDGE_LOOP('',(#113,#122,#127,#128,#129));
#113 = ORIENTED_EDGE('',*,*,#114,.F.);
#114 = EDGE_CURVE('',#115,#117,#119,.T.);
#115 = VERTEX_POINT('',#116);
#116 = CARTESIAN_POINT('',(15.01110699893,15.01110699893,-15.01110699893
    ));
#117 = VERTEX_POINT('',#118);
#118 = CARTESIAN_POINT('',(3.265986323711,3.265986323711,-3.265986323711
    ));
#119 = B_SPLINE_CURVE_WITH_KNOTS('',1,(#120,#121),.UNSPECIFIED.,.F.,.F.,
  (2,2),(0.,20.343145750508),.PIECEWISE_BEZIER_KNOTS.);
#120 = CARTESIAN_POINT('',(15.01110699893,15.01110699893,-15.01110699893
    ));
#121 = CARTESIAN_POINT('',(3.265986323711,3.265986323711,-3.265986323711
    ));
#122 = ORIENTED_EDGE('',*,*,#123,.F.);
#123 = EDGE_CURVE('',#31,#115,#124,.T.);
#124 = B_SPLINE_CURVE_WITH_KNOTS('',1,(#125,#126),.UNSPECIFIED.,.F.,.F.,
  (2,2),(0.,26.),.PIECEWISE_BEZIER_KNOTS.);
#125 = CARTESIAN_POINT('',(-5.494446500535,20.505553499465,
    -30.02221399786));
#126 = CARTESIAN_POINT('',(15.01110699893,15.01110699893,-15.01110699893
    ));
#127 = ORIENTED_EDGE('',*,*,#37,.T.);
#128 = ORIENTED_EDGE('',*,*,#85,.T.);
#129 = ORIENTED_EDGE('',*,*,#130,.T.);
#130 = EDGE_CURVE('',#86,#117,#131,.T.);
#131 = B_SPLINE_CURVE_WITH_KNOTS('',1,(#132,#133),.UNSPECIFIED.,.F.,.F.,
  (2,2),(0.,8.),.PIECEWISE_BEZIER_KNOTS.);
#132 = CARTESIAN_POINT('',(-4.461420286602,1.195433962891,
    -3.265986323711));
#133 = CARTESIAN_POINT('',(3.265986323711,3.265986323711,-3.265986323711
    ));
#134 = B_SPLINE_SURFACE_WITH_KNOTS('',1,1,(
    (#135,#136)
    ,(#137,#138
    )),.UNSPECIFIED.,.F.,.F.,.F.,(2,2),(2,2),(0.,26.),(0.,26.),
  .PIECEWISE_BEZIER_KNOTS.);
#135 = CARTESIAN_POINT('',(-5.494446500535,20.505553499465,
    -30.02221399786));
#136 = CARTESIAN_POINT('',(15.01110699893,15.01110699893,-15.01110699893
    ));
#137 = CARTESIAN_POINT('',(-20.50555349946,5.494446500535,
    -15.01110699893));
#138 = CARTESIAN_POINT('',(0.,0.,0.));
#139 = ADVANCED_FACE('',(#140),#150,.F.);
#140 = FACE_BOUND('',#141,.F.);
#141 = EDGE_LOOP('',(#142,#143,#144,#149));
#142 = ORIENTED_EDGE('',*,*,#30,.F.);
#143 = ORIENTED_EDGE('',*,*,#57,.T.);
#144 = ORIENTED_EDGE('',*,*,#145,.T.);
#145 = EDGE_CURVE('',#58,#115,#146,.T.);
#146 = B_SPLINE_CURVE_WITH_KNOTS('',1,(#147,#148),.UNSPECIFIED.,.F.,.F.,
  (2,2),(0.,26.),.PIECEWISE_BEZIER_KNOTS.);
#147 = CARTESIAN_POINT('',(20.505553499465,-5.494446500535,
    -30.02221399786));
#148 = CARTESIAN_POINT('',(15.01110699893,15.01110699893,-15.01110699893
    ));
#149 = ORIENTED_EDGE('',*,*,#123,.F.);
#150 = B_SPLINE_SURFACE_WITH_KNOTS('',1,1,(
    (#151,#152)
    ,(#153,#154
    )),.UNSPECIFIED.,.F.,.F.,.F.,(2,2),(2,2),(0.,26.),(0.,26.),
  .PIECEWISE_BEZIER_KNOTS.);
#151 = CARTESIAN_POINT('',(-8.881784197001E-16,8.881784197001E-16,
    -45.03332099679));
#152 = CARTESIAN_POINT('',(-5.494446500535,20.505553499465,
    -30.02221399786));
#153 = CARTESIAN_POINT('',(20.505553499465,-5.494446500535,
    -30.02221399786));
#154 = CARTESIAN_POINT('',(15.01110699893,15.01110699893,-15.01110699893
    ));
#155 = ADVANCED_FACE('',(#156),#167,.T.);
#156 = FACE_BOUND('',#157,.T.);
#157 = EDGE_LOOP('',(#158,#159,#160,#161,#162));
#158 = ORIENTED_EDGE('',*,*,#94,.F.);
#159 = ORIENTED_EDGE('',*,*,#72,.F.);
#160 = ORIENTED_EDGE('',*,*,#145,.T.);
#161 = ORIENTED_EDGE('',*,*,#114,.T.);
#162 = ORIENTED_EDGE('',*,*,#163,.F.);
#163 = EDGE_CURVE('',#95,#117,#164,.T.);
#164 = B_SPLINE_CURVE_WITH_KNOTS('',1,(#165,#166),.UNSPECIFIED.,.F.,.F.,
  (2,2),(0.,8.),.PIECEWISE_BEZIER_KNOTS.);
#165 = CARTESIAN_POINT('',(1.195433962891,-4.461420286602,
    -3.265986323711));
#166 = CARTESIAN_POINT('',(3.265986323711,3.265986323711,-3.265986323711
    ));
#167 = B_SPLINE_SURFACE_WITH_KNOTS('',1,1,(
    (#168,#169)
    ,(#170,#171
    )),.UNSPECIFIED.,.F.,.F.,.F.,(2,2),(2,2),(0.,26.),(-26.,0.),
  .PIECEWISE_BEZIER_KNOTS.);
#168 = CARTESIAN_POINT('',(15.01110699893,15.01110699893,-15.01110699893
    ));
#169 = CARTESIAN_POINT('',(20.505553499465,-5.494446500535,
    -30.02221399786));
#170 = CARTESIAN_POINT('',(0.,0.,0.));
#171 = CARTESIAN_POINT('',(5.494446500535,-20.50555349946,
    -15.01110699893));
#172 = ADVANCED_FACE('',(#173),#178,.T.);
#173 = FACE_BOUND('',#174,.T.);
#174 = EDGE_LOOP('',(#175,#176,#177));
#175 = ORIENTED_EDGE('',*,*,#101,.T.);
#176 = ORIENTED_EDGE('',*,*,#163,.T.);
#177 = ORIENTED_EDGE('',*,*,#130,.F.);
#178 = B_SPLINE_SURFACE_WITH_KNOTS('',1,1,(
    (#179,#180)
    ,(#181,#182
    )),.UNSPECIFIED.,.F.,.F.,.F.,(2,2),(2,2),(-4.,4.),(-4.618802153517,
    2.309401076759),.PIECEWISE_BEZIER_KNOTS.);
#179 = CARTESIAN_POINT('',(-2.668269342266,-5.496696467012,
    -3.265986323711));
#180 = CARTESIAN_POINT('',(-4.461420286602,1.195433962891,
    -3.265986323711));
#181 = CARTESIAN_POINT('',(5.059137268047,-3.426144106192,
    -3.265986323711));
#182 = CARTESIAN_POINT('',(3.265986323711,3.265986323711,-3.265986323711
    ));
#183 = MANIFOLD_SOLID_BREP('',#184);
#184 = CLOSED_SHELL('',(#185,#221,#249,#271,#300,#323,#340));
#185 = ADVANCED_FACE('',(#186),#216,.F.);
#186 = FACE_BOUND('',#187,.F.);
#187 = EDGE_LOOP('',(#188,#197,#204,#211));
#188 = ORIENTED_EDGE('',*,*,#189,.F.);
#189 = EDGE_CURVE('',#190,#192,#194,.T.);
#190 = VERTEX_POINT('',#191);
#191 = CARTESIAN_POINT('',(-15.01110699893,-15.01110699893,
    -30.02221399786));
#192 = VERTEX_POINT('',#193);
#193 = CARTESIAN_POINT('',(-30.02221399786,-30.02221399786,
    -15.01110699893));
#194 = B_SPLINE_CURVE_WITH_KNOTS('',1,(#195,#196),.UNSPECIFIED.,.F.,.F.,
  (2,2),(0.,26.),.PIECEWISE_BEZIER_KNOTS.);
#195 = CARTESIAN_POINT('',(-15.01110699893,-15.01110699893,
    -30.02221399786));
#196 = CARTESIAN_POINT('',(-30.02221399786,-30.02221399786,
    -15.01110699893));
#197 = ORIENTED_EDGE('',*,*,#198,.T.);
#198 = EDGE_CURVE('',#190,#199,#201,.T.);
#199 = VERTEX_POINT('',#200);
#200 = CARTESIAN_POINT('',(-20.50555349946,5.494446500535,
    -15.01110699893));
#201 = B_SPLINE_CURVE_WITH_KNOTS('',1,(#202,#203),.UNSPECIFIED.,.F.,.F.,
  (2,2),(0.,26.),.PIECEWISE_BEZIER_KNOTS.);
#202 = CARTESIAN_POINT('',(-15.01110699893,-15.01110699893,
    -30.02221399786));
#203 = CARTESIAN_POINT('',(-20.50555349946,5.494446500535,
    -15.01110699893));
#204 = ORIENTED_EDGE('',*,*,#205,.T.);
#205 = EDGE_CURVE('',#199,#206,#208,.T.);
#206 = VERTEX_POINT('',#207);
#207 = CARTESIAN_POINT('',(-35.51666049839,-9.516660498395,
    -8.881784197001E-16));
#208 = B_SPLINE_CURVE_WITH_KNOTS('',1,(#209,#210),.UNSPECIFIED.,.F.,.F.,
  (2,2),(0.,26.),.PIECEWISE_BEZIER_KNOTS.);
#209 = CARTESIAN_POINT('',(-20.50555349946,5.494446500535,
    -15.01110699893));
#210 = CARTESIAN_POINT('',(-35.51666049839,-9.516660498395,
    -8.881784197001E-16));
#211 = ORIENTED_EDGE('',*,*,#212,.F.);
#212 = EDGE_CURVE('',#192,#206,#213,.T.);
#213 = B_SPLINE_CURVE_WITH_KNOTS('',1,(#214,#215),.UNSPECIFIED.,.F.,.F.,
  (2,2),(0.,26.),.PIECEWISE_BEZIER_KNOTS.);
#214 = CARTESIAN_POINT('',(-30.02221399786,-30.02221399786,
    -15.01110699893));
#215 = CARTESIAN_POINT('',(-35.51666049839,-9.516660498395,
    -8.881784197001E-16));
#216 = B_SPLINE_SURFACE_WITH_KNOTS('',1,1,(
    (#217,#218)
    ,(#219,#220
    )),.UNSPECIFIED.,.F.,.F.,.F.,(2,2),(2,2),(0.,26.),(-26.,0.),
  .PIECEWISE_BEZIER_KNOTS.);
#217 = CARTESIAN_POINT('',(-20.50555349946,5.494446500535,
    -15.01110699893));
#218 = CARTESIAN_POINT('',(-15.01110699893,-15.01110699893,
    -30.02221399786));
#219 = CARTESIAN_POINT('',(-35.51666049839,-9.516660498395,
    -8.881784197001E-16));
#220 = CARTESIAN_POINT('',(-30.02221399786,-30.02221399786,
    -15.01110699893));
#221 = ADVANCED_FACE('',(#222),#244,.F.);
#222 = FACE_BOUND('',#223,.F.);
#223 = EDGE_LOOP('',(#224,#231,#232,#239));
#224 = ORIENTED_EDGE('',*,*,#225,.F.);
#225 = EDGE_CURVE('',#190,#226,#228,.T.);
#226 = VERTEX_POINT('',#227);
#227 = CARTESIAN_POINT('',(5.494446500535,-20.50555349946,
    -15.01110699893));
#228 = B_SPLINE_CURVE_WITH_KNOTS('',1,(#229,#230),.UNSPECIFIED.,.F.,.F.,
  (2,2),(0.,26.),.PIECEWISE_BEZIER_KNOTS.);
#229 = CARTESIAN_POINT('',(-15.01110699893,-15.01110699893,
    -30.02221399786));
#230 = CARTESIAN_POINT('',(5.494446500535,-20.50555349946,
    -15.01110699893));
#231 = ORIENTED_EDGE('',*,*,#189,.T.);
#232 = ORIENTED_EDGE('',*,*,#233,.T.);
#233 = EDGE_CURVE('',#192,#234,#236,.T.);
#234 = VERTEX_POINT('',#235);
#235 = CARTESIAN_POINT('',(-9.516660498395,-35.51666049839,
    -8.881784197001E-16));
#236 = B_SPLINE_CURVE_WITH_KNOTS('',1,(#237,#238),.UNSPECIFIED.,.F.,.F.,
  (2,2),(0.,26.),.PIECEWISE_BEZIER_KNOTS.);
#237 = CARTESIAN_POINT('',(-30.02221399786,-30.02221399786,
    -15.01110699893));
#238 = CARTESIAN_POINT('',(-9.516660498395,-35.51666049839,
    -8.881784197001E-16));
#239 = ORIENTED_EDGE('',*,*,#240,.F.);
#240 = EDGE_CURVE('',#226,#234,#241,.T.);
#241 = B_SPLINE_CURVE_WITH_KNOTS('',1,(#242,#243),.UNSPECIFIED.,.F.,.F.,
  (2,2),(0.,26.),.PIECEWISE_BEZIER_KNOTS.);
#242 = CARTESIAN_POINT('',(5.494446500535,-20.50555349946,
    -15.01110699893));
#243 = CARTESIAN_POINT('',(-9.516660498395,-35.51666049839,
    -8.881784197001E-16));
#244 = B_SPLINE_SURFACE_WITH_KNOTS('',1,1,(
    (#245,#246)
    ,(#247,#248
    )),.UNSPECIFIED.,.F.,.F.,.F.,(2,2),(2,2),(0.,26.),(0.,26.),
  .PIECEWISE_BEZIER_KNOTS.);
#245 = CARTESIAN_POINT('',(-15.01110699893,-15.01110699893,
    -30.02221399786));
#246 = CARTESIAN_POINT('',(5.494446500535,-20.50555349946,
    -15.01110699893));
#247 = CARTESIAN_POINT('',(-30.02221399786,-30.02221399786,
    -15.01110699893));
#248 = CARTESIAN_POINT('',(-9.516660498395,-35.51666049839,
    -8.881784197001E-16));
#249 = ADVANCED_FACE('',(#250),#266,.T.);
#250 = FACE_BOUND('',#251,.T.);
#251 = EDGE_LOOP('',(#252,#253,#254,#261));
#252 = ORIENTED_EDGE('',*,*,#212,.F.);
#253 = ORIENTED_EDGE('',*,*,#233,.T.);
#254 = ORIENTED_EDGE('',*,*,#255,.T.);
#255 = EDGE_CURVE('',#234,#256,#258,.T.);
#256 = VERTEX_POINT('',#257);
#257 = CARTESIAN_POINT('',(-15.01110699893,-15.01110699893,
    15.01110699893));
#258 = B_SPLINE_CURVE_WITH_KNOTS('',1,(#259,#260),.UNSPECIFIED.,.F.,.F.,
  (2,2),(0.,26.),.PIECEWISE_BEZIER_KNOTS.);
#259 = CARTESIAN_POINT('',(-9.516660498395,-35.51666049839,
    -8.881784197001E-16));
#260 = CARTESIAN_POINT('',(-15.01110699893,-15.01110699893,
    15.01110699893));
#261 = ORIENTED_EDGE('',*,*,#262,.F.);
#262 = EDGE_CURVE('',#206,#256,#263,.T.);
#263 = B_SPLINE_CURVE_WITH_KNOTS('',1,(#264,#265),.UNSPECIFIED.,.F.,.F.,
  (2,2),(0.,26.),.PIECEWISE_BEZIER_KNOTS.);
#264 = CARTESIAN_POINT('',(-35.51666049839,-9.516660498395,
    -8.881784197001E-16));
#265 = CARTESIAN_POINT('',(-15.01110699893,-15.01110699893,
    15.01110699893));
#266 = B_SPLINE_SURFACE_WITH_KNOTS('',1,1,(
    (#267,#268)
    ,(#269,#270
    )),.UNSPECIFIED.,.F.,.F.,.F.,(2,2),(2,2),(0.,26.),(0.,26.),
  .PIECEWISE_BEZIER_KNOTS.);
#267 = CARTESIAN_POINT('',(-30.02221399786,-30.02221399786,
    -15.01110699893));
#268 = CARTESIAN_POINT('',(-35.51666049839,-9.516660498395,
    -8.881784197001E-16));
#269 = CARTESIAN_POINT('',(-9.516660498395,-35.51666049839,
    -8.881784197001E-16));
#270 = CARTESIAN_POINT('',(-15.01110699893,-15.01110699893,
    15.01110699893));
#271 = ADVANCED_FACE('',(#272),#295,.T.);
#272 = FACE_BOUND('',#273,.T.);
#273 = EDGE_LOOP('',(#274,#281,#282,#283,#290));
#274 = ORIENTED_EDGE('',*,*,#275,.F.);
#275 = EDGE_CURVE('',#199,#276,#278,.T.);
#276 = VERTEX_POINT('',#277);
#277 = CARTESIAN_POINT('',(-4.461420286602,1.195433962891,
    -3.265986323711));
#278 = B_SPLINE_CURVE_WITH_KNOTS('',1,(#279,#280),.UNSPECIFIED.,.F.,.F.,
  (2,2),(0.,20.343145750508),.PIECEWISE_BEZIER_KNOTS.);
#279 = CARTESIAN_POINT('',(-20.50555349946,5.494446500535,
    -15.01110699893));
#280 = CARTESIAN_POINT('',(-4.461420286602,1.195433962891,
    -3.265986323711));
#281 = ORIENTED_EDGE('',*,*,#205,.T.);
#282 = ORIENTED_EDGE('',*,*,#262,.T.);
#283 = ORIENTED_EDGE('',*,*,#284,.F.);
#284 = EDGE_CURVE('',#285,#256,#287,.T.);
#285 = VERTEX_POINT('',#286);
#286 = CARTESIAN_POINT('',(-3.265986323711,-3.265986323711,
    3.265986323711));
#287 = B_SPLINE_CURVE_WITH_KNOTS('',1,(#288,#289),.UNSPECIFIED.,.F.,.F.,
  (2,2),(5.656854249492,26.),.PIECEWISE_BEZIER_KNOTS.);
#288 = CARTESIAN_POINT('',(-3.265986323711,-3.265986323711,
    3.265986323711));
#289 = CARTESIAN_POINT('',(-15.01110699893,-15.01110699893,
    15.01110699893));
#290 = ORIENTED_EDGE('',*,*,#291,.F.);
#291 = EDGE_CURVE('',#276,#285,#292,.T.);
#292 = B_SPLINE_CURVE_WITH_KNOTS('',1,(#293,#294),.UNSPECIFIED.,.F.,.F.,
  (2,2),(0.,8.),.PIECEWISE_BEZIER_KNOTS.);
#293 = CARTESIAN_POINT('',(-4.461420286602,1.195433962891,
    -3.265986323711));
#294 = CARTESIAN_POINT('',(-3.265986323711,-3.265986323711,
    3.265986323711));
#295 = B_SPLINE_SURFACE_WITH_KNOTS('',1,1,(
    (#296,#297)
    ,(#298,#299
    )),.UNSPECIFIED.,.F.,.F.,.F.,(2,2),(2,2),(0.,26.),(0.,26.),
  .PIECEWISE_BEZIER_KNOTS.);
#296 = CARTESIAN_POINT('',(-20.50555349946,5.494446500535,
    -15.01110699893));
#297 = CARTESIAN_POINT('',(0.,0.,0.));
#298 = CARTESIAN_POINT('',(-35.51666049839,-9.516660498395,
    -8.881784197001E-16));
#299 = CARTESIAN_POINT('',(-15.01110699893,-15.01110699893,
    15.01110699893));
#300 = ADVANCED_FACE('',(#301),#318,.F.);
#301 = FACE_BOUND('',#302,.F.);
#302 = EDGE_LOOP('',(#303,#304,#305,#306,#313));
#303 = ORIENTED_EDGE('',*,*,#275,.F.);
#304 = ORIENTED_EDGE('',*,*,#198,.F.);
#305 = ORIENTED_EDGE('',*,*,#225,.T.);
#306 = ORIENTED_EDGE('',*,*,#307,.T.);
#307 = EDGE_CURVE('',#226,#308,#310,.T.);
#308 = VERTEX_POINT('',#309);
#309 = CARTESIAN_POINT('',(1.195433962891,-4.461420286602,
    -3.265986323711));
#310 = B_SPLINE_CURVE_WITH_KNOTS('',1,(#311,#312),.UNSPECIFIED.,.F.,.F.,
  (2,2),(0.,20.343145750508),.PIECEWISE_BEZIER_KNOTS.);
#311 = CARTESIAN_POINT('',(5.494446500535,-20.50555349946,
    -15.01110699893));
#312 = CARTESIAN_POINT('',(1.195433962891,-4.461420286602,
    -3.265986323711));
#313 = ORIENTED_EDGE('',*,*,#314,.F.);
#314 = EDGE_CURVE('',#276,#308,#315,.T.);
#315 = B_SPLINE_CURVE_WITH_KNOTS('',1,(#316,#317),.UNSPECIFIED.,.F.,.F.,
  (2,2),(0.,8.),.PIECEWISE_BEZIER_KNOTS.);
#316 = CARTESIAN_POINT('',(-4.461420286602,1.195433962891,
    -3.265986323711));
#317 = CARTESIAN_POINT('',(1.195433962891,-4.461420286602,
    -3.265986323711));
#318 = B_SPLINE_SURFACE_WITH_KNOTS('',1,1,(
    (#319,#320)
    ,(#321,#322
    )),.UNSPECIFIED.,.F.,.F.,.F.,(2,2),(2,2),(0.,26.),(0.,26.),
  .PIECEWISE_BEZIER_KNOTS.);
#319 = CARTESIAN_POINT('',(-15.01110699893,-15.01110699893,
    -30.02221399786));
#320 = CARTESIAN_POINT('',(-20.50555349946,5.494446500535,
    -15.01110699893));
#321 = CARTESIAN_POINT('',(5.494446500535,-20.50555349946,
    -15.01110699893));
#322 = CARTESIAN_POINT('',(0.,0.,0.));
#323 = ADVANCED_FACE('',(#324),#335,.T.);
#324 = FACE_BOUND('',#325,.T.);
#325 = EDGE_LOOP('',(#326,#327,#328,#329,#334));
#326 = ORIENTED_EDGE('',*,*,#255,.F.);
#327 = ORIENTED_EDGE('',*,*,#240,.F.);
#328 = ORIENTED_EDGE('',*,*,#307,.T.);
#329 = ORIENTED_EDGE('',*,*,#330,.T.);
#330 = EDGE_CURVE('',#308,#285,#331,.T.);
#331 = B_SPLINE_CURVE_WITH_KNOTS('',1,(#332,#333),.UNSPECIFIED.,.F.,.F.,
  (2,2),(0.,8.),.PIECEWISE_BEZIER_KNOTS.);
#332 = CARTESIAN_POINT('',(1.195433962891,-4.461420286602,
    -3.265986323711));
#333 = CARTESIAN_POINT('',(-3.265986323711,-3.265986323711,
    3.265986323711));
#334 = ORIENTED_EDGE('',*,*,#284,.T.);
#335 = B_SPLINE_SURFACE_WITH_KNOTS('',1,1,(
    (#336,#337)
    ,(#338,#339
    )),.UNSPECIFIED.,.F.,.F.,.F.,(2,2),(2,2),(0.,26.),(-26.,0.),
  .PIECEWISE_BEZIER_KNOTS.);
#336 = CARTESIAN_POINT('',(0.,0.,0.));
#337 = CARTESIAN_POINT('',(5.494446500535,-20.50555349946,
    -15.01110699893));
#338 = CARTESIAN_POINT('',(-15.01110699893,-15.01110699893,
    15.01110699893));
#339 = CARTESIAN_POINT('',(-9.516660498395,-35.51666049839,
    -8.881784197001E-16));
#340 = ADVANCED_FACE('',(#341),#346,.F.);
#341 = FACE_BOUND('',#342,.F.);
#342 = EDGE_LOOP('',(#343,#344,#345));
#343 = ORIENTED_EDGE('',*,*,#314,.T.);
#344 = ORIENTED_EDGE('',*,*,#330,.T.);
#345 = ORIENTED_EDGE('',*,*,#291,.F.);
#346 = B_SPLINE_SURFACE_WITH_KNOTS('',1,1,(
    (#347,#348)
    ,(#349,#350
    )),.UNSPECIFIED.,.F.,.F.,.F.,(2,2),(2,2),(-4.,4.),(-4.618802153517,
    2.309401076759),.PIECEWISE_BEZIER_KNOTS.);
#347 = CARTESIAN_POINT('',(0.597716981445,-2.230710143301,
    -6.531972647422));
#348 = CARTESIAN_POINT('',(-4.461420286602,1.195433962891,
    -3.265986323711));
#349 = CARTESIAN_POINT('',(1.793150944336,-6.692130429902,
    -5.335791651413E-16));
#350 = CARTESIAN_POINT('',(-3.265986323711,-3.265986323711,
    3.265986323711));
#351 = MANIFOLD_SOLID_BREP('',#352);
#352 = CLOSED_SHELL('',(#353,#389,#424,#453,#475,#491,#508));
#353 = ADVANCED_FACE('',(#354),#384,.F.);
#354 = FACE_BOUND('',#355,.F.);
#355 = EDGE_LOOP('',(#356,#365,#372,#379));
#356 = ORIENTED_EDGE('',*,*,#357,.F.);
#357 = EDGE_CURVE('',#358,#360,#362,.T.);
#358 = VERTEX_POINT('',#359);
#359 = CARTESIAN_POINT('',(-5.494446500535,20.505553499465,
    -30.02221399786));
#360 = VERTEX_POINT('',#361);
#361 = CARTESIAN_POINT('',(-20.50555349946,5.494446500535,
    -15.01110699893));
#362 = B_SPLINE_CURVE_WITH_KNOTS('',1,(#363,#364),.UNSPECIFIED.,.F.,.F.,
  (2,2),(0.,26.),.PIECEWISE_BEZIER_KNOTS.);
#363 = CARTESIAN_POINT('',(-5.494446500535,20.505553499465,
    -30.02221399786));
#364 = CARTESIAN_POINT('',(-20.50555349946,5.494446500535,
    -15.01110699893));
#365 = ORIENTED_EDGE('',*,*,#366,.T.);
#366 = EDGE_CURVE('',#358,#367,#369,.T.);
#367 = VERTEX_POINT('',#368);
#368 = CARTESIAN_POINT('',(-10.98889300107,41.01110699893,
    -15.01110699893));
#369 = B_SPLINE_CURVE_WITH_KNOTS('',1,(#370,#371),.UNSPECIFIED.,.F.,.F.,
  (2,2),(0.,26.),.PIECEWISE_BEZIER_KNOTS.);
#370 = CARTESIAN_POINT('',(-5.494446500535,20.505553499465,
    -30.02221399786));
#371 = CARTESIAN_POINT('',(-10.98889300107,41.01110699893,
    -15.01110699893));
#372 = ORIENTED_EDGE('',*,*,#373,.T.);
#373 = EDGE_CURVE('',#367,#374,#376,.T.);
#374 = VERTEX_POINT('',#375);
#375 = CARTESIAN_POINT('',(-26.,26.,8.881784197001E-16));
#376 = B_SPLINE_CURVE_WITH_KNOTS('',1,(#377,#378),.UNSPECIFIED.,.F.,.F.,
  (2,2),(0.,26.),.PIECEWISE_BEZIER_KNOTS.);
#377 = CARTESIAN_POINT('',(-10.98889300107,41.01110699893,
    -15.01110699893));
#378 = CARTESIAN_POINT('',(-26.,26.,8.881784197001E-16));
#379 = ORIENTED_EDGE('',*,*,#380,.F.);
#380 = EDGE_CURVE('',#360,#374,#381,.T.);
#381 = B_SPLINE_CURVE_WITH_KNOTS('',1,(#382,#383),.UNSPECIFIED.,.F.,.F.,
  (2,2),(0.,26.),.PIECEWISE_BEZIER_KNOTS.);
#382 = CARTESIAN_POINT('',(-20.50555349946,5.494446500535,
    -15.01110699893));
#383 = CARTESIAN_POINT('',(-26.,26.,8.881784197001E-16));
#384 = B_SPLINE_SURFACE_WITH_KNOTS('',1,1,(
    (#385,#386)
    ,(#387,#388
    )),.UNSPECIFIED.,.F.,.F.,.F.,(2,2),(2,2),(0.,26.),(-26.,0.),
  .PIECEWISE_BEZIER_KNOTS.);
#385 = CARTESIAN_POINT('',(-10.98889300107,41.01110699893,
    -15.01110699893));
#386 = CARTESIAN_POINT('',(-5.494446500535,20.505553499465,
    -30.02221399786));
#387 = CARTESIAN_POINT('',(-26.,26.,8.881784197001E-16));
#388 = CARTESIAN_POINT('',(-20.50555349946,5.494446500535,
    -15.01110699893));
#389 = ADVANCED_FACE('',(#390),#419,.F.);
#390 = FACE_BOUND('',#391,.F.);
#391 = EDGE_LOOP('',(#392,#401,#406,#407,#414));
#392 = ORIENTED_EDGE('',*,*,#393,.F.);
#393 = EDGE_CURVE('',#394,#396,#398,.T.);
#394 = VERTEX_POINT('',#395);
#395 = CARTESIAN_POINT('',(15.01110699893,15.01110699893,-15.01110699893
    ));
#396 = VERTEX_POINT('',#397);
#397 = CARTESIAN_POINT('',(3.265986323711,3.265986323711,-3.265986323711
    ));
#398 = B_SPLINE_CURVE_WITH_KNOTS('',1,(#399,#400),.UNSPECIFIED.,.F.,.F.,
  (2,2),(0.,20.343145750508),.PIECEWISE_BEZIER_KNOTS.);
#399 = CARTESIAN_POINT('',(15.01110699893,15.01110699893,-15.01110699893
    ));
#400 = CARTESIAN_POINT('',(3.265986323711,3.265986323711,-3.265986323711
    ));
#401 = ORIENTED_EDGE('',*,*,#402,.F.);
#402 = EDGE_CURVE('',#358,#394,#403,.T.);
#403 = B_SPLINE_CURVE_WITH_KNOTS('',1,(#404,#405),.UNSPECIFIED.,.F.,.F.,
  (2,2),(0.,26.),.PIECEWISE_BEZIER_KNOTS.);
#404 = CARTESIAN_POINT('',(-5.494446500535,20.505553499465,
    -30.02221399786));
#405 = CARTESIAN_POINT('',(15.01110699893,15.01110699893,-15.01110699893
    ));
#406 = ORIENTED_EDGE('',*,*,#357,.T.);
#407 = ORIENTED_EDGE('',*,*,#408,.T.);
#408 = EDGE_CURVE('',#360,#409,#411,.T.);
#409 = VERTEX_POINT('',#410);
#410 = CARTESIAN_POINT('',(-4.461420286602,1.195433962891,
    -3.265986323711));
#411 = B_SPLINE_CURVE_WITH_KNOTS('',1,(#412,#413),.UNSPECIFIED.,.F.,.F.,
  (2,2),(0.,20.343145750508),.PIECEWISE_BEZIER_KNOTS.);
#412 = CARTESIAN_POINT('',(-20.50555349946,5.494446500535,
    -15.01110699893));
#413 = CARTESIAN_POINT('',(-4.461420286602,1.195433962891,
    -3.265986323711));
#414 = ORIENTED_EDGE('',*,*,#415,.T.);
#415 = EDGE_CURVE('',#409,#396,#416,.T.);
#416 = B_SPLINE_CURVE_WITH_KNOTS('',1,(#417,#418),.UNSPECIFIED.,.F.,.F.,
  (2,2),(0.,8.),.PIECEWISE_BEZIER_KNOTS.);
#417 = CARTESIAN_POINT('',(-4.461420286602,1.195433962891,
    -3.265986323711));
#418 = CARTESIAN_POINT('',(3.265986323711,3.265986323711,-3.265986323711
    ));
#419 = B_SPLINE_SURFACE_WITH_KNOTS('',1,1,(
    (#420,#421)
    ,(#422,#423
    )),.UNSPECIFIED.,.F.,.F.,.F.,(2,2),(2,2),(0.,26.),(0.,26.),
  .PIECEWISE_BEZIER_KNOTS.);
#420 = CARTESIAN_POINT('',(-5.494446500535,20.505553499465,
    -30.02221399786));
#421 = CARTESIAN_POINT('',(15.01110699893,15.01110699893,-15.01110699893
    ));
#422 = CARTESIAN_POINT('',(-20.50555349946,5.494446500535,
    -15.01110699893));
#423 = CARTESIAN_POINT('',(0.,0.,0.));
#424 = ADVANCED_FACE('',(#425),#448,.T.);
#425 = FACE_BOUND('',#426,.T.);
#426 = EDGE_LOOP('',(#427,#434,#435,#436,#443));
#427 = ORIENTED_EDGE('',*,*,#428,.F.);
#428 = EDGE_CURVE('',#374,#429,#431,.T.);
#429 = VERTEX_POINT('',#430);
#430 = CARTESIAN_POINT('',(-5.494446500535,20.505553499465,
    15.01110699893));
#431 = B_SPLINE_CURVE_WITH_KNOTS('',1,(#432,#433),.UNSPECIFIED.,.F.,.F.,
  (2,2),(0.,26.),.PIECEWISE_BEZIER_KNOTS.);
#432 = CARTESIAN_POINT('',(-26.,26.,8.881784197001E-16));
#433 = CARTESIAN_POINT('',(-5.494446500535,20.505553499465,
    15.01110699893));
#434 = ORIENTED_EDGE('',*,*,#380,.F.);
#435 = ORIENTED_EDGE('',*,*,#408,.T.);
#436 = ORIENTED_EDGE('',*,*,#437,.T.);
#437 = EDGE_CURVE('',#409,#438,#440,.T.);
#438 = VERTEX_POINT('',#439);
#439 = CARTESIAN_POINT('',(-1.195433962891,4.461420286602,3.265986323711
    ));
#440 = B_SPLINE_CURVE_WITH_KNOTS('',1,(#441,#442),.UNSPECIFIED.,.F.,.F.,
  (2,2),(0.,8.),.PIECEWISE_BEZIER_KNOTS.);
#441 = CARTESIAN_POINT('',(-4.461420286602,1.195433962891,
    -3.265986323711));
#442 = CARTESIAN_POINT('',(-1.195433962891,4.461420286602,3.265986323711
    ));
#443 = ORIENTED_EDGE('',*,*,#444,.T.);
#444 = EDGE_CURVE('',#438,#429,#445,.T.);
#445 = B_SPLINE_CURVE_WITH_KNOTS('',1,(#446,#447),.UNSPECIFIED.,.F.,.F.,
  (2,2),(5.656854249492,26.),.PIECEWISE_BEZIER_KNOTS.);
#446 = CARTESIAN_POINT('',(-1.195433962891,4.461420286602,3.265986323711
    ));
#447 = CARTESIAN_POINT('',(-5.494446500535,20.505553499465,
    15.01110699893));
#448 = B_SPLINE_SURFACE_WITH_KNOTS('',1,1,(
    (#449,#450)
    ,(#451,#452
    )),.UNSPECIFIED.,.F.,.F.,.F.,(2,2),(2,2),(0.,26.),(0.,26.),
  .PIECEWISE_BEZIER_KNOTS.);
#449 = CARTESIAN_POINT('',(-20.50555349946,5.494446500535,
    -15.01110699893));
#450 = CARTESIAN_POINT('',(-26.,26.,8.881784197001E-16));
#451 = CARTESIAN_POINT('',(0.,0.,0.));
#452 = CARTESIAN_POINT('',(-5.494446500535,20.505553499465,
    15.01110699893));
#453 = ADVANCED_FACE('',(#454),#470,.T.);
#454 = FACE_BOUND('',#455,.T.);
#455 = EDGE_LOOP('',(#456,#463,#464,#465));
#456 = ORIENTED_EDGE('',*,*,#457,.F.);
#457 = EDGE_CURVE('',#367,#458,#460,.T.);
#458 = VERTEX_POINT('',#459);
#459 = CARTESIAN_POINT('',(9.516660498395,35.516660498395,
    8.881784197001E-16));
#460 = B_SPLINE_CURVE_WITH_KNOTS('',1,(#461,#462),.UNSPECIFIED.,.F.,.F.,
  (2,2),(0.,26.),.PIECEWISE_BEZIER_KNOTS.);
#461 = CARTESIAN_POINT('',(-10.98889300107,41.01110699893,
    -15.01110699893));
#462 = CARTESIAN_POINT('',(9.516660498395,35.516660498395,
    8.881784197001E-16));
#463 = ORIENTED_EDGE('',*,*,#373,.T.);
#464 = ORIENTED_EDGE('',*,*,#428,.T.);
#465 = ORIENTED_EDGE('',*,*,#466,.F.);
#466 = EDGE_CURVE('',#458,#429,#467,.T.);
#467 = B_SPLINE_CURVE_WITH_KNOTS('',1,(#468,#469),.UNSPECIFIED.,.F.,.F.,
  (2,2),(0.,26.),.PIECEWISE_BEZIER_KNOTS.);
#468 = CARTESIAN_POINT('',(9.516660498395,35.516660498395,
    8.881784197001E-16));
#469 = CARTESIAN_POINT('',(-5.494446500535,20.505553499465,
    15.01110699893));
#470 = B_SPLINE_SURFACE_WITH_KNOTS('',1,1,(
    (#471,#472)
    ,(#473,#474
    )),.UNSPECIFIED.,.F.,.F.,.F.,(2,2),(2,2),(0.,26.),(0.,26.),
  .PIECEWISE_BEZIER_KNOTS.);
#471 = CARTESIAN_POINT('',(-10.98889300107,41.01110699893,
    -15.01110699893));
#472 = CARTESIAN_POINT('',(9.516660498395,35.516660498395,
    8.881784197001E-16));
#473 = CARTESIAN_POINT('',(-26.,26.,8.881784197001E-16));
#474 = CARTESIAN_POINT('',(-5.494446500535,20.505553499465,
    15.01110699893));
#475 = ADVANCED_FACE('',(#476),#486,.F.);
#476 = FACE_BOUND('',#477,.F.);
#477 = EDGE_LOOP('',(#478,#479,#480,#485));
#478 = ORIENTED_EDGE('',*,*,#366,.F.);
#479 = ORIENTED_EDGE('',*,*,#402,.T.);
#480 = ORIENTED_EDGE('',*,*,#481,.T.);
#481 = EDGE_CURVE('',#394,#458,#482,.T.);
#482 = B_SPLINE_CURVE_WITH_KNOTS('',1,(#483,#484),.UNSPECIFIED.,.F.,.F.,
  (2,2),(0.,26.),.PIECEWISE_BEZIER_KNOTS.);
#483 = CARTESIAN_POINT('',(15.01110699893,15.01110699893,-15.01110699893
    ));
#484 = CARTESIAN_POINT('',(9.516660498395,35.516660498395,
    8.881784197001E-16));
#485 = ORIENTED_EDGE('',*,*,#457,.F.);
#486 = B_SPLINE_SURFACE_WITH_KNOTS('',1,1,(
    (#487,#488)
    ,(#489,#490
    )),.UNSPECIFIED.,.F.,.F.,.F.,(2,2),(2,2),(0.,26.),(0.,26.),
  .PIECEWISE_BEZIER_KNOTS.);
#487 = CARTESIAN_POINT('',(-5.494446500535,20.505553499465,
    -30.02221399786));
#488 = CARTESIAN_POINT('',(-10.98889300107,41.01110699893,
    -15.01110699893));
#489 = CARTESIAN_POINT('',(15.01110699893,15.01110699893,-15.01110699893
    ));
#490 = CARTESIAN_POINT('',(9.516660498395,35.516660498395,
    8.881784197001E-16));
#491 = ADVANCED_FACE('',(#492),#503,.T.);
#492 = FACE_BOUND('',#493,.T.);
#493 = EDGE_LOOP('',(#494,#495,#496,#497,#498));
#494 = ORIENTED_EDGE('',*,*,#393,.F.);
#495 = ORIENTED_EDGE('',*,*,#481,.T.);
#496 = ORIENTED_EDGE('',*,*,#466,.T.);
#497 = ORIENTED_EDGE('',*,*,#444,.F.);
#498 = ORIENTED_EDGE('',*,*,#499,.T.);
#499 = EDGE_CURVE('',#438,#396,#500,.T.);
#500 = B_SPLINE_CURVE_WITH_KNOTS('',1,(#501,#502),.UNSPECIFIED.,.F.,.F.,
  (2,2),(0.,8.),.PIECEWISE_BEZIER_KNOTS.);
#501 = CARTESIAN_POINT('',(-1.195433962891,4.461420286602,3.265986323711
    ));
#502 = CARTESIAN_POINT('',(3.265986323711,3.265986323711,-3.265986323711
    ));
#503 = B_SPLINE_SURFACE_WITH_KNOTS('',1,1,(
    (#504,#505)
    ,(#506,#507)),.UNSPECIFIED.,.F.,.F.,.F.,(2,2),(2,2),(0.,26.),(-26.,
    2.601414362266E-16),.PIECEWISE_BEZIER_KNOTS.);
#504 = CARTESIAN_POINT('',(9.516660498395,35.516660498395,
    8.881784197001E-16));
#505 = CARTESIAN_POINT('',(15.01110699893,15.01110699893,-15.01110699893
    ));
#506 = CARTESIAN_POINT('',(-5.494446500535,20.505553499465,
    15.01110699893));
#507 = CARTESIAN_POINT('',(5.49743539969E-17,-2.051670822297E-16,
    -1.501927282328E-16));
#508 = ADVANCED_FACE('',(#509),#514,.F.);
#509 = FACE_BOUND('',#510,.F.);
#510 = EDGE_LOOP('',(#511,#512,#513));
#511 = ORIENTED_EDGE('',*,*,#437,.T.);
#512 = ORIENTED_EDGE('',*,*,#499,.T.);
#513 = ORIENTED_EDGE('',*,*,#415,.F.);
#514 = B_SPLINE_SURFACE_WITH_KNOTS('',1,1,(
    (#515,#516)
    ,(#517,#518
    )),.UNSPECIFIED.,.F.,.F.,.F.,(2,2),(2,2),(-4.,4.),(-2.309401076759,
    4.618802153517),.PIECEWISE_BEZIER_KNOTS.);
#515 = CARTESIAN_POINT('',(3.265986323711,3.265986323711,-3.265986323711
    ));
#516 = CARTESIAN_POINT('',(2.668269342266,5.496696467012,3.265986323711)
  );
#517 = CARTESIAN_POINT('',(-4.461420286602,1.195433962891,
    -3.265986323711));
#518 = CARTESIAN_POINT('',(-5.059137268047,3.426144106192,3.265986323711
    ));
#519 = MANIFOLD_SOLID_BREP('',#520);
#520 = CLOSED_SHELL('',(#521,#557,#592,#614,#636,#659,#674));
#521 = ADVANCED_FACE('',(#522),#552,.F.);
#522 = FACE_BOUND('',#523,.F.);
#523 = EDGE_LOOP('',(#524,#533,#540,#547));
#524 = ORIENTED_EDGE('',*,*,#525,.F.);
#525 = EDGE_CURVE('',#526,#528,#530,.T.);
#526 = VERTEX_POINT('',#527);
#527 = CARTESIAN_POINT('',(-20.50555349946,5.494446500535,
    -15.01110699893));
#528 = VERTEX_POINT('',#529);
#529 = CARTESIAN_POINT('',(-35.51666049839,-9.516660498395,
    -8.881784197001E-16));
#530 = B_SPLINE_CURVE_WITH_KNOTS('',1,(#531,#532),.UNSPECIFIED.,.F.,.F.,
  (2,2),(0.,26.),.PIECEWISE_BEZIER_KNOTS.);
#531 = CARTESIAN_POINT('',(-20.50555349946,5.494446500535,
    -15.01110699893));
#532 = CARTESIAN_POINT('',(-35.51666049839,-9.516660498395,
    -8.881784197001E-16));
#533 = ORIENTED_EDGE('',*,*,#534,.T.);
#534 = EDGE_CURVE('',#526,#535,#537,.T.);
#535 = VERTEX_POINT('',#536);
#536 = CARTESIAN_POINT('',(-26.,26.,8.881784197001E-16));
#537 = B_SPLINE_CURVE_WITH_KNOTS('',1,(#538,#539),.UNSPECIFIED.,.F.,.F.,
  (2,2),(0.,26.),.PIECEWISE_BEZIER_KNOTS.);
#538 = CARTESIAN_POINT('',(-20.50555349946,5.494446500535,
    -15.01110699893));
#539 = CARTESIAN_POINT('',(-26.,26.,8.881784197001E-16));
#540 = ORIENTED_EDGE('',*,*,#541,.T.);
#541 = EDGE_CURVE('',#535,#542,#544,.T.);
#542 = VERTEX_POINT('',#543);
#543 = CARTESIAN_POINT('',(-41.01110699893,10.98889300107,15.01110699893
    ));
#544 = B_SPLINE_CURVE_WITH_KNOTS('',1,(#545,#546),.UNSPECIFIED.,.F.,.F.,
  (2,2),(0.,26.),.PIECEWISE_BEZIER_KNOTS.);
#545 = CARTESIAN_POINT('',(-26.,26.,8.881784197001E-16));
#546 = CARTESIAN_POINT('',(-41.01110699893,10.98889300107,15.01110699893
    ));
#547 = ORIENTED_EDGE('',*,*,#548,.F.);
#548 = EDGE_CURVE('',#528,#542,#549,.T.);
#549 = B_SPLINE_CURVE_WITH_KNOTS('',1,(#550,#551),.UNSPECIFIED.,.F.,.F.,
  (2,2),(0.,26.),.PIECEWISE_BEZIER_KNOTS.);
#550 = CARTESIAN_POINT('',(-35.51666049839,-9.516660498395,
    -8.881784197001E-16));
#551 = CARTESIAN_POINT('',(-41.01110699893,10.98889300107,15.01110699893
    ));
#552 = B_SPLINE_SURFACE_WITH_KNOTS('',1,1,(
    (#553,#554)
    ,(#555,#556
    )),.UNSPECIFIED.,.F.,.F.,.F.,(2,2),(2,2),(0.,26.),(-26.,0.),
  .PIECEWISE_BEZIER_KNOTS.);
#553 = CARTESIAN_POINT('',(-26.,26.,8.881784197001E-16));
#554 = CARTESIAN_POINT('',(-20.50555349946,5.494446500535,
    -15.01110699893));
#555 = CARTESIAN_POINT('',(-41.01110699893,10.98889300107,15.01110699893
    ));
#556 = CARTESIAN_POINT('',(-35.51666049839,-9.516660498395,
    -8.881784197001E-16));
#557 = ADVANCED_FACE('',(#558),#587,.F.);
#558 = FACE_BOUND('',#559,.F.);
#559 = EDGE_LOOP('',(#560,#567,#568,#575,#582));
#560 = ORIENTED_EDGE('',*,*,#561,.F.);
#561 = EDGE_CURVE('',#526,#562,#564,.T.);
#562 = VERTEX_POINT('',#563);
#563 = CARTESIAN_POINT('',(-4.461420286602,1.195433962891,
    -3.265986323711));
#564 = B_SPLINE_CURVE_WITH_KNOTS('',1,(#565,#566),.UNSPECIFIED.,.F.,.F.,
  (2,2),(0.,20.343145750508),.PIECEWISE_BEZIER_KNOTS.);
#565 = CARTESIAN_POINT('',(-20.50555349946,5.494446500535,
    -15.01110699893));
#566 = CARTESIAN_POINT('',(-4.461420286602,1.195433962891,
    -3.265986323711));
#567 = ORIENTED_EDGE('',*,*,#525,.T.);
#568 = ORIENTED_EDGE('',*,*,#569,.T.);
#569 = EDGE_CURVE('',#528,#570,#572,.T.);
#570 = VERTEX_POINT('',#571);
#571 = CARTESIAN_POINT('',(-15.01110699893,-15.01110699893,
    15.01110699893));
#572 = B_SPLINE_CURVE_WITH_KNOTS('',1,(#573,#574),.UNSPECIFIED.,.F.,.F.,
  (2,2),(0.,26.),.PIECEWISE_BEZIER_KNOTS.);
#573 = CARTESIAN_POINT('',(-35.51666049839,-9.516660498395,
    -8.881784197001E-16));
#574 = CARTESIAN_POINT('',(-15.01110699893,-15.01110699893,
    15.01110699893));
#575 = ORIENTED_EDGE('',*,*,#576,.F.);
#576 = EDGE_CURVE('',#577,#570,#579,.T.);
#577 = VERTEX_POINT('',#578);
#578 = CARTESIAN_POINT('',(-3.265986323711,-3.265986323711,
    3.265986323711));
#579 = B_SPLINE_CURVE_WITH_KNOTS('',1,(#580,#581),.UNSPECIFIED.,.F.,.F.,
  (2,2),(5.656854249492,26.),.PIECEWISE_BEZIER_KNOTS.);
#580 = CARTESIAN_POINT('',(-3.265986323711,-3.265986323711,
    3.265986323711));
#581 = CARTESIAN_POINT('',(-15.01110699893,-15.01110699893,
    15.01110699893));
#582 = ORIENTED_EDGE('',*,*,#583,.F.);
#583 = EDGE_CURVE('',#562,#577,#584,.T.);
#584 = B_SPLINE_CURVE_WITH_KNOTS('',1,(#585,#586),.UNSPECIFIED.,.F.,.F.,
  (2,2),(0.,8.),.PIECEWISE_BEZIER_KNOTS.);
#585 = CARTESIAN_POINT('',(-4.461420286602,1.195433962891,
    -3.265986323711));
#586 = CARTESIAN_POINT('',(-3.265986323711,-3.265986323711,
    3.265986323711));
#587 = B_SPLINE_SURFACE_WITH_KNOTS('',1,1,(
    (#588,#589)
    ,(#590,#591
    )),.UNSPECIFIED.,.F.,.F.,.F.,(2,2),(2,2),(0.,26.),(0.,26.),
  .PIECEWISE_BEZIER_KNOTS.);
#588 = CARTESIAN_POINT('',(-20.50555349946,5.494446500535,
    -15.01110699893));
#589 = CARTESIAN_POINT('',(0.,0.,0.));
#590 = CARTESIAN_POINT('',(-35.51666049839,-9.516660498395,
    -8.881784197001E-16));
#591 = CARTESIAN_POINT('',(-15.01110699893,-15.01110699893,
    15.01110699893));
#592 = ADVANCED_FACE('',(#593),#609,.T.);
#593 = FACE_BOUND('',#594,.T.);
#594 = EDGE_LOOP('',(#595,#596,#597,#604));
#595 = ORIENTED_EDGE('',*,*,#548,.F.);
#596 = ORIENTED_EDGE('',*,*,#569,.T.);
#597 = ORIENTED_EDGE('',*,*,#598,.T.);
#598 = EDGE_CURVE('',#570,#599,#601,.T.);
#599 = VERTEX_POINT('',#600);
#600 = CARTESIAN_POINT('',(-20.50555349946,5.494446500535,
    30.022213997861));
#601 = B_SPLINE_CURVE_WITH_KNOTS('',1,(#602,#603),.UNSPECIFIED.,.F.,.F.,
  (2,2),(0.,26.),.PIECEWISE_BEZIER_KNOTS.);
#602 = CARTESIAN_POINT('',(-15.01110699893,-15.01110699893,
    15.01110699893));
#603 = CARTESIAN_POINT('',(-20.50555349946,5.494446500535,
    30.022213997861));
#604 = ORIENTED_EDGE('',*,*,#605,.F.);
#605 = EDGE_CURVE('',#542,#599,#606,.T.);
#606 = B_SPLINE_CURVE_WITH_KNOTS('',1,(#607,#608),.UNSPECIFIED.,.F.,.F.,
  (2,2),(0.,26.),.PIECEWISE_BEZIER_KNOTS.);
#607 = CARTESIAN_POINT('',(-41.01110699893,10.98889300107,15.01110699893
    ));
#608 = CARTESIAN_POINT('',(-20.50555349946,5.494446500535,
    30.022213997861));
#609 = B_SPLINE_SURFACE_WITH_KNOTS('',1,1,(
    (#610,#611)
    ,(#612,#613
    )),.UNSPECIFIED.,.F.,.F.,.F.,(2,2),(2,2),(0.,26.),(0.,26.),
  .PIECEWISE_BEZIER_KNOTS.);
#610 = CARTESIAN_POINT('',(-35.51666049839,-9.516660498395,
    -8.881784197001E-16));
#611 = CARTESIAN_POINT('',(-41.01110699893,10.98889300107,15.01110699893
    ));
#612 = CARTESIAN_POINT('',(-15.01110699893,-15.01110699893,
    15.01110699893));
#613 = CARTESIAN_POINT('',(-20.50555349946,5.494446500535,
    30.022213997861));
#614 = ADVANCED_FACE('',(#615),#631,.T.);
#615 = FACE_BOUND('',#616,.T.);
#616 = EDGE_LOOP('',(#617,#624,#625,#626));
#617 = ORIENTED_EDGE('',*,*,#618,.F.);
#618 = EDGE_CURVE('',#535,#619,#621,.T.);
#619 = VERTEX_POINT('',#620);
#620 = CARTESIAN_POINT('',(-5.494446500535,20.505553499465,
    15.01110699893));
#621 = B_SPLINE_CURVE_WITH_KNOTS('',1,(#622,#623),.UNSPECIFIED.,.F.,.F.,
  (2,2),(0.,26.),.PIECEWISE_BEZIER_KNOTS.);
#622 = CARTESIAN_POINT('',(-26.,26.,8.881784197001E-16));
#623 = CARTESIAN_POINT('',(-5.494446500535,20.505553499465,
    15.01110699893));
#624 = ORIENTED_EDGE('',*,*,#541,.T.);
#625 = ORIENTED_EDGE('',*,*,#605,.T.);
#626 = ORIENTED_EDGE('',*,*,#627,.F.);
#627 = EDGE_CURVE('',#619,#599,#628,.T.);
#628 = B_SPLINE_CURVE_WITH_KNOTS('',1,(#629,#630),.UNSPECIFIED.,.F.,.F.,
  (2,2),(0.,26.),.PIECEWISE_BEZIER_KNOTS.);
#629 = CARTESIAN_POINT('',(-5.494446500535,20.505553499465,
    15.01110699893));
#630 = CARTESIAN_POINT('',(-20.50555349946,5.494446500535,
    30.022213997861));
#631 = B_SPLINE_SURFACE_WITH_KNOTS('',1,1,(
    (#632,#633)
    ,(#634,#635
    )),.UNSPECIFIED.,.F.,.F.,.F.,(2,2),(2,2),(0.,26.),(0.,26.),
  .PIECEWISE_BEZIER_KNOTS.);
#632 = CARTESIAN_POINT('',(-26.,26.,8.881784197001E-16));
#633 = CARTESIAN_POINT('',(-5.494446500535,20.505553499465,
    15.01110699893));
#634 = CARTESIAN_POINT('',(-41.01110699893,10.98889300107,15.01110699893
    ));
#635 = CARTESIAN_POINT('',(-20.50555349946,5.494446500535,
    30.022213997861));
#636 = ADVANCED_FACE('',(#637),#654,.F.);
#637 = FACE_BOUND('',#638,.F.);
#638 = EDGE_LOOP('',(#639,#640,#641,#642,#649));
#639 = ORIENTED_EDGE('',*,*,#618,.F.);
#640 = ORIENTED_EDGE('',*,*,#534,.F.);
#641 = ORIENTED_EDGE('',*,*,#561,.T.);
#642 = ORIENTED_EDGE('',*,*,#643,.T.);
#643 = EDGE_CURVE('',#562,#644,#646,.T.);
#644 = VERTEX_POINT('',#645);
#645 = CARTESIAN_POINT('',(-1.195433962891,4.461420286602,3.265986323711
    ));
#646 = B_SPLINE_CURVE_WITH_KNOTS('',1,(#647,#648),.UNSPECIFIED.,.F.,.F.,
  (2,2),(0.,8.),.PIECEWISE_BEZIER_KNOTS.);
#647 = CARTESIAN_POINT('',(-4.461420286602,1.195433962891,
    -3.265986323711));
#648 = CARTESIAN_POINT('',(-1.195433962891,4.461420286602,3.265986323711
    ));
#649 = ORIENTED_EDGE('',*,*,#650,.T.);
#650 = EDGE_CURVE('',#644,#619,#651,.T.);
#651 = B_SPLINE_CURVE_WITH_KNOTS('',1,(#652,#653),.UNSPECIFIED.,.F.,.F.,
  (2,2),(5.656854249492,26.),.PIECEWISE_BEZIER_KNOTS.);
#652 = CARTESIAN_POINT('',(-1.195433962891,4.461420286602,3.265986323711
    ));
#653 = CARTESIAN_POINT('',(-5.494446500535,20.505553499465,
    15.01110699893));
#654 = B_SPLINE_SURFACE_WITH_KNOTS('',1,1,(
    (#655,#656)
    ,(#657,#658
    )),.UNSPECIFIED.,.F.,.F.,.F.,(2,2),(2,2),(0.,26.),(0.,26.),
  .PIECEWISE_BEZIER_KNOTS.);
#655 = CARTESIAN_POINT('',(-20.50555349946,5.494446500535,
    -15.01110699893));
#656 = CARTESIAN_POINT('',(-26.,26.,8.881784197001E-16));
#657 = CARTESIAN_POINT('',(0.,0.,0.));
#658 = CARTESIAN_POINT('',(-5.494446500535,20.505553499465,
    15.01110699893));
#659 = ADVANCED_FACE('',(#660),#669,.T.);
#660 = FACE_BOUND('',#661,.T.);
#661 = EDGE_LOOP('',(#662,#663,#668));
#662 = ORIENTED_EDGE('',*,*,#643,.T.);
#663 = ORIENTED_EDGE('',*,*,#664,.T.);
#664 = EDGE_CURVE('',#644,#577,#665,.T.);
#665 = B_SPLINE_CURVE_WITH_KNOTS('',1,(#666,#667),.UNSPECIFIED.,.F.,.F.,
  (2,2),(0.,8.),.PIECEWISE_BEZIER_KNOTS.);
#666 = CARTESIAN_POINT('',(-1.195433962891,4.461420286602,3.265986323711
    ));
#667 = CARTESIAN_POINT('',(-3.265986323711,-3.265986323711,
    3.265986323711));
#668 = ORIENTED_EDGE('',*,*,#583,.F.);
#669 = B_SPLINE_SURFACE_WITH_KNOTS('',1,1,(
    (#670,#671)
    ,(#672,#673
    )),.UNSPECIFIED.,.F.,.F.,.F.,(2,2),(2,2),(-4.,4.),(-2.309401076759,
    4.618802153517),.PIECEWISE_BEZIER_KNOTS.);
#670 = CARTESIAN_POINT('',(-3.265986323711,-3.265986323711,
    3.265986323711));
#671 = CARTESIAN_POINT('',(-0.597716981445,2.230710143301,6.531972647422
    ));
#672 = CARTESIAN_POINT('',(-4.461420286602,1.195433962891,
    -3.265986323711));
#673 = CARTESIAN_POINT('',(-1.793150944336,6.692130429902,
    -4.791172441321E-17));
#674 = ADVANCED_FACE('',(#675),#682,.T.);
#675 = FACE_BOUND('',#676,.T.);
#676 = EDGE_LOOP('',(#677,#678,#679,#680,#681));
#677 = ORIENTED_EDGE('',*,*,#576,.F.);
#678 = ORIENTED_EDGE('',*,*,#664,.F.);
#679 = ORIENTED_EDGE('',*,*,#650,.T.);
#680 = ORIENTED_EDGE('',*,*,#627,.T.);
#681 = ORIENTED_EDGE('',*,*,#598,.F.);
#682 = B_SPLINE_SURFACE_WITH_KNOTS('',1,1,(
    (#683,#684)
    ,(#685,#686)),.UNSPECIFIED.,.F.,.F.,.F.,(2,2),(2,2),(0.,26.),(-26.,
    2.601414362266E-16),.PIECEWISE_BEZIER_KNOTS.);
#683 = CARTESIAN_POINT('',(-5.494446500535,20.505553499465,
    15.01110699893));
#684 = CARTESIAN_POINT('',(5.49743539969E-17,-2.051670822297E-16,
    -1.501927282328E-16));
#685 = CARTESIAN_POINT('',(-20.50555349946,5.494446500535,
    30.022213997861));
#686 = CARTESIAN_POINT('',(-15.01110699893,-15.01110699893,
    15.01110699893));
#687 = MANIFOLD_SOLID_BREP('',#688);
#688 = CLOSED_SHELL('',(#689,#732,#767,#782,#805,#827,#843));
#689 = ADVANCED_FACE('',(#690),#727,.F.);
#690 = FACE_BOUND('',#691,.F.);
#691 = EDGE_LOOP('',(#692,#701,#708,#715,#722));
#692 = ORIENTED_EDGE('',*,*,#693,.F.);
#693 = EDGE_CURVE('',#694,#696,#698,.T.);
#694 = VERTEX_POINT('',#695);
#695 = CARTESIAN_POINT('',(5.494446500535,-20.50555349946,
    -15.01110699893));
#696 = VERTEX_POINT('',#697);
#697 = CARTESIAN_POINT('',(1.195433962891,-4.461420286602,
    -3.265986323711));
#698 = B_SPLINE_CURVE_WITH_KNOTS('',1,(#699,#700),.UNSPECIFIED.,.F.,.F.,
  (2,2),(0.,20.343145750508),.PIECEWISE_BEZIER_KNOTS.);
#699 = CARTESIAN_POINT('',(5.494446500535,-20.50555349946,
    -15.01110699893));
#700 = CARTESIAN_POINT('',(1.195433962891,-4.461420286602,
    -3.265986323711));
#701 = ORIENTED_EDGE('',*,*,#702,.F.);
#702 = EDGE_CURVE('',#703,#694,#705,.T.);
#703 = VERTEX_POINT('',#704);
#704 = CARTESIAN_POINT('',(20.505553499465,-5.494446500535,
    -30.02221399786));
#705 = B_SPLINE_CURVE_WITH_KNOTS('',1,(#706,#707),.UNSPECIFIED.,.F.,.F.,
  (2,2),(0.,26.),.PIECEWISE_BEZIER_KNOTS.);
#706 = CARTESIAN_POINT('',(20.505553499465,-5.494446500535,
    -30.02221399786));
#707 = CARTESIAN_POINT('',(5.494446500535,-20.50555349946,
    -15.01110699893));
#708 = ORIENTED_EDGE('',*,*,#709,.T.);
#709 = EDGE_CURVE('',#703,#710,#712,.T.);
#710 = VERTEX_POINT('',#711);
#711 = CARTESIAN_POINT('',(15.01110699893,15.01110699893,-15.01110699893
    ));
#712 = B_SPLINE_CURVE_WITH_KNOTS('',1,(#713,#714),.UNSPECIFIED.,.F.,.F.,
  (2,2),(0.,26.),.PIECEWISE_BEZIER_KNOTS.);
#713 = CARTESIAN_POINT('',(20.505553499465,-5.494446500535,
    -30.02221399786));
#714 = CARTESIAN_POINT('',(15.01110699893,15.01110699893,-15.01110699893
    ));
#715 = ORIENTED_EDGE('',*,*,#716,.T.);
#716 = EDGE_CURVE('',#710,#717,#719,.T.);
#717 = VERTEX_POINT('',#718);
#718 = CARTESIAN_POINT('',(3.265986323711,3.265986323711,-3.265986323711
    ));
#719 = B_SPLINE_CURVE_WITH_KNOTS('',1,(#720,#721),.UNSPECIFIED.,.F.,.F.,
  (2,2),(0.,20.343145750508),.PIECEWISE_BEZIER_KNOTS.);
#720 = CARTESIAN_POINT('',(15.01110699893,15.01110699893,-15.01110699893
    ));
#721 = CARTESIAN_POINT('',(3.265986323711,3.265986323711,-3.265986323711
    ));
#722 = ORIENTED_EDGE('',*,*,#723,.F.);
#723 = EDGE_CURVE('',#696,#717,#724,.T.);
#724 = B_SPLINE_CURVE_WITH_KNOTS('',1,(#725,#726),.UNSPECIFIED.,.F.,.F.,
  (2,2),(0.,8.),.PIECEWISE_BEZIER_KNOTS.);
#725 = CARTESIAN_POINT('',(1.195433962891,-4.461420286602,
    -3.265986323711));
#726 = CARTESIAN_POINT('',(3.265986323711,3.265986323711,-3.265986323711
    ));
#727 = B_SPLINE_SURFACE_WITH_KNOTS('',1,1,(
    (#728,#729)
    ,(#730,#731
    )),.UNSPECIFIED.,.F.,.F.,.F.,(2,2),(2,2),(0.,26.),(-26.,0.),
  .PIECEWISE_BEZIER_KNOTS.);
#728 = CARTESIAN_POINT('',(15.01110699893,15.01110699893,-15.01110699893
    ));
#729 = CARTESIAN_POINT('',(20.505553499465,-5.494446500535,
    -30.02221399786));
#730 = CARTESIAN_POINT('',(0.,0.,0.));
#731 = CARTESIAN_POINT('',(5.494446500535,-20.50555349946,
    -15.01110699893));
#732 = ADVANCED_FACE('',(#733),#762,.T.);
#733 = FACE_BOUND('',#734,.T.);
#734 = EDGE_LOOP('',(#735,#736,#743,#750,#757));
#735 = ORIENTED_EDGE('',*,*,#693,.F.);
#736 = ORIENTED_EDGE('',*,*,#737,.T.);
#737 = EDGE_CURVE('',#694,#738,#740,.T.);
#738 = VERTEX_POINT('',#739);
#739 = CARTESIAN_POINT('',(26.,-26.,-8.881784197001E-16));
#740 = B_SPLINE_CURVE_WITH_KNOTS('',1,(#741,#742),.UNSPECIFIED.,.F.,.F.,
  (2,2),(0.,26.),.PIECEWISE_BEZIER_KNOTS.);
#741 = CARTESIAN_POINT('',(5.494446500535,-20.50555349946,
    -15.01110699893));
#742 = CARTESIAN_POINT('',(26.,-26.,-8.881784197001E-16));
#743 = ORIENTED_EDGE('',*,*,#744,.T.);
#744 = EDGE_CURVE('',#738,#745,#747,.T.);
#745 = VERTEX_POINT('',#746);
#746 = CARTESIAN_POINT('',(20.505553499465,-5.494446500535,
    15.01110699893));
#747 = B_SPLINE_CURVE_WITH_KNOTS('',1,(#748,#749),.UNSPECIFIED.,.F.,.F.,
  (2,2),(0.,26.),.PIECEWISE_BEZIER_KNOTS.);
#748 = CARTESIAN_POINT('',(26.,-26.,-8.881784197001E-16));
#749 = CARTESIAN_POINT('',(20.505553499465,-5.494446500535,
    15.01110699893));
#750 = ORIENTED_EDGE('',*,*,#751,.F.);
#751 = EDGE_CURVE('',#752,#745,#754,.T.);
#752 = VERTEX_POINT('',#753);
#753 = CARTESIAN_POINT('',(4.461420286602,-1.195433962891,3.265986323711
    ));
#754 = B_SPLINE_CURVE_WITH_KNOTS('',1,(#755,#756),.UNSPECIFIED.,.F.,.F.,
  (2,2),(5.656854249492,26.),.PIECEWISE_BEZIER_KNOTS.);
#755 = CARTESIAN_POINT('',(4.461420286602,-1.195433962891,3.265986323711
    ));
#756 = CARTESIAN_POINT('',(20.505553499465,-5.494446500535,
    15.01110699893));
#757 = ORIENTED_EDGE('',*,*,#758,.T.);
#758 = EDGE_CURVE('',#752,#696,#759,.T.);
#759 = B_SPLINE_CURVE_WITH_KNOTS('',1,(#760,#761),.UNSPECIFIED.,.F.,.F.,
  (2,2),(0.,8.),.PIECEWISE_BEZIER_KNOTS.);
#760 = CARTESIAN_POINT('',(4.461420286602,-1.195433962891,3.265986323711
    ));
#761 = CARTESIAN_POINT('',(1.195433962891,-4.461420286602,
    -3.265986323711));
#762 = B_SPLINE_SURFACE_WITH_KNOTS('',1,1,(
    (#763,#764)
    ,(#765,#766
    )),.UNSPECIFIED.,.F.,.F.,.F.,(2,2),(2,2),(-2.601414362266E-16,26.),(
    0.,26.),.PIECEWISE_BEZIER_KNOTS.);
#763 = CARTESIAN_POINT('',(5.494446500535,-20.50555349946,
    -15.01110699893));
#764 = CARTESIAN_POINT('',(-2.051670822297E-16,5.49743539969E-17,
    -1.501927282328E-16));
#765 = CARTESIAN_POINT('',(26.,-26.,-8.881784197001E-16));
#766 = CARTESIAN_POINT('',(20.505553499465,-5.494446500535,
    15.01110699893));
#767 = ADVANCED_FACE('',(#768),#777,.F.);
#768 = FACE_BOUND('',#769,.F.);
#769 = EDGE_LOOP('',(#770,#771,#772));
#770 = ORIENTED_EDGE('',*,*,#758,.T.);
#771 = ORIENTED_EDGE('',*,*,#723,.T.);
#772 = ORIENTED_EDGE('',*,*,#773,.F.);
#773 = EDGE_CURVE('',#752,#717,#774,.T.);
#774 = B_SPLINE_CURVE_WITH_KNOTS('',1,(#775,#776),.UNSPECIFIED.,.F.,.F.,
  (2,2),(0.,8.),.PIECEWISE_BEZIER_KNOTS.);
#775 = CARTESIAN_POINT('',(4.461420286602,-1.195433962891,3.265986323711
    ));
#776 = CARTESIAN_POINT('',(3.265986323711,3.265986323711,-3.265986323711
    ));
#777 = B_SPLINE_SURFACE_WITH_KNOTS('',1,1,(
    (#778,#779)
    ,(#780,#781
    )),.UNSPECIFIED.,.F.,.F.,.F.,(2,2),(2,2),(-4.,4.),(-4.618802153517,
    2.309401076759),.PIECEWISE_BEZIER_KNOTS.);
#778 = CARTESIAN_POINT('',(1.793150944336,-6.692130429902,
    4.791172441321E-17));
#779 = CARTESIAN_POINT('',(4.461420286602,-1.195433962891,3.265986323711
    ));
#780 = CARTESIAN_POINT('',(0.597716981445,-2.230710143301,
    -6.531972647422));
#781 = CARTESIAN_POINT('',(3.265986323711,3.265986323711,-3.265986323711
    ));
#782 = ADVANCED_FACE('',(#783),#800,.T.);
#783 = FACE_BOUND('',#784,.T.);
#784 = EDGE_LOOP('',(#785,#792,#797,#798,#799));
#785 = ORIENTED_EDGE('',*,*,#786,.F.);
#786 = EDGE_CURVE('',#787,#745,#789,.T.);
#787 = VERTEX_POINT('',#788);
#788 = CARTESIAN_POINT('',(35.516660498395,9.516660498395,
    8.881784197001E-16));
#789 = B_SPLINE_CURVE_WITH_KNOTS('',1,(#790,#791),.UNSPECIFIED.,.F.,.F.,
  (2,2),(0.,26.),.PIECEWISE_BEZIER_KNOTS.);
#790 = CARTESIAN_POINT('',(35.516660498395,9.516660498395,
    8.881784197001E-16));
#791 = CARTESIAN_POINT('',(20.505553499465,-5.494446500535,
    15.01110699893));
#792 = ORIENTED_EDGE('',*,*,#793,.F.);
#793 = EDGE_CURVE('',#710,#787,#794,.T.);
#794 = B_SPLINE_CURVE_WITH_KNOTS('',1,(#795,#796),.UNSPECIFIED.,.F.,.F.,
  (2,2),(0.,26.),.PIECEWISE_BEZIER_KNOTS.);
#795 = CARTESIAN_POINT('',(15.01110699893,15.01110699893,-15.01110699893
    ));
#796 = CARTESIAN_POINT('',(35.516660498395,9.516660498395,
    8.881784197001E-16));
#797 = ORIENTED_EDGE('',*,*,#716,.T.);
#798 = ORIENTED_EDGE('',*,*,#773,.F.);
#799 = ORIENTED_EDGE('',*,*,#751,.T.);
#800 = B_SPLINE_SURFACE_WITH_KNOTS('',1,1,(
    (#801,#802)
    ,(#803,#804
    )),.UNSPECIFIED.,.F.,.F.,.F.,(2,2),(2,2),(0.,26.),(
    -2.601414362266E-16,26.),.PIECEWISE_BEZIER_KNOTS.);
#801 = CARTESIAN_POINT('',(15.01110699893,15.01110699893,-15.01110699893
    ));
#802 = CARTESIAN_POINT('',(35.516660498395,9.516660498395,
    8.881784197001E-16));
#803 = CARTESIAN_POINT('',(-2.051670822297E-16,5.49743539969E-17,
    -1.501927282328E-16));
#804 = CARTESIAN_POINT('',(20.505553499465,-5.494446500535,
    15.01110699893));
#805 = ADVANCED_FACE('',(#806),#822,.F.);
#806 = FACE_BOUND('',#807,.F.);
#807 = EDGE_LOOP('',(#808,#809,#816,#821));
#808 = ORIENTED_EDGE('',*,*,#709,.F.);
#809 = ORIENTED_EDGE('',*,*,#810,.T.);
#810 = EDGE_CURVE('',#703,#811,#813,.T.);
#811 = VERTEX_POINT('',#812);
#812 = CARTESIAN_POINT('',(41.01110699893,-10.98889300107,
    -15.01110699893));
#813 = B_SPLINE_CURVE_WITH_KNOTS('',1,(#814,#815),.UNSPECIFIED.,.F.,.F.,
  (2,2),(0.,26.),.PIECEWISE_BEZIER_KNOTS.);
#814 = CARTESIAN_POINT('',(20.505553499465,-5.494446500535,
    -30.02221399786));
#815 = CARTESIAN_POINT('',(41.01110699893,-10.98889300107,
    -15.01110699893));
#816 = ORIENTED_EDGE('',*,*,#817,.T.);
#817 = EDGE_CURVE('',#811,#787,#818,.T.);
#818 = B_SPLINE_CURVE_WITH_KNOTS('',1,(#819,#820),.UNSPECIFIED.,.F.,.F.,
  (2,2),(0.,26.),.PIECEWISE_BEZIER_KNOTS.);
#819 = CARTESIAN_POINT('',(41.01110699893,-10.98889300107,
    -15.01110699893));
#820 = CARTESIAN_POINT('',(35.516660498395,9.516660498395,
    8.881784197001E-16));
#821 = ORIENTED_EDGE('',*,*,#793,.F.);
#822 = B_SPLINE_SURFACE_WITH_KNOTS('',1,1,(
    (#823,#824)
    ,(#825,#826
    )),.UNSPECIFIED.,.F.,.F.,.F.,(2,2),(2,2),(0.,26.),(0.,26.),
  .PIECEWISE_BEZIER_KNOTS.);
#823 = CARTESIAN_POINT('',(20.505553499465,-5.494446500535,
    -30.02221399786));
#824 = CARTESIAN_POINT('',(15.01110699893,15.01110699893,-15.01110699893
    ));
#825 = CARTESIAN_POINT('',(41.01110699893,-10.98889300107,
    -15.01110699893));
#826 = CARTESIAN_POINT('',(35.516660498395,9.516660498395,
    8.881784197001E-16));
#827 = ADVANCED_FACE('',(#828),#838,.F.);
#828 = FACE_BOUND('',#829,.F.);
#829 = EDGE_LOOP('',(#830,#831,#832,#833));
#830 = ORIENTED_EDGE('',*,*,#810,.F.);
#831 = ORIENTED_EDGE('',*,*,#702,.T.);
#832 = ORIENTED_EDGE('',*,*,#737,.T.);
#833 = ORIENTED_EDGE('',*,*,#834,.F.);
#834 = EDGE_CURVE('',#811,#738,#835,.T.);
#835 = B_SPLINE_CURVE_WITH_KNOTS('',1,(#836,#837),.UNSPECIFIED.,.F.,.F.,
  (2,2),(0.,26.),.PIECEWISE_BEZIER_KNOTS.);
#836 = CARTESIAN_POINT('',(41.01110699893,-10.98889300107,
    -15.01110699893));
#837 = CARTESIAN_POINT('',(26.,-26.,-8.881784197001E-16));
#838 = B_SPLINE_SURFACE_WITH_KNOTS('',1,1,(
    (#839,#840)
    ,(#841,#842
    )),.UNSPECIFIED.,.F.,.F.,.F.,(2,2),(2,2),(0.,26.),(0.,26.),
  .PIECEWISE_BEZIER_KNOTS.);
#839 = CARTESIAN_POINT('',(20.505553499465,-5.494446500535,
    -30.02221399786));
#840 = CARTESIAN_POINT('',(41.01110699893,-10.98889300107,
    -15.01110699893));
#841 = CARTESIAN_POINT('',(5.494446500535,-20.50555349946,
    -15.01110699893));
#842 = CARTESIAN_POINT('',(26.,-26.,-8.881784197001E-16));
#843 = ADVANCED_FACE('',(#844),#850,.T.);
#844 = FACE_BOUND('',#845,.T.);
#845 = EDGE_LOOP('',(#846,#847,#848,#849));
#846 = ORIENTED_EDGE('',*,*,#834,.F.);
#847 = ORIENTED_EDGE('',*,*,#817,.T.);
#848 = ORIENTED_EDGE('',*,*,#786,.T.);
#849 = ORIENTED_EDGE('',*,*,#744,.F.);
#850 = B_SPLINE_SURFACE_WITH_KNOTS('',1,1,(
    (#851,#852)
    ,(#853,#854
    )),.UNSPECIFIED.,.F.,.F.,.F.,(2,2),(2,2),(0.,26.),(-26.,0.),
  .PIECEWISE_BEZIER_KNOTS.);
#851 = CARTESIAN_POINT('',(35.516660498395,9.516660498395,
    8.881784197001E-16));
#852 = CARTESIAN_POINT('',(41.01110699893,-10.98889300107,
    -15.01110699893));
#853 = CARTESIAN_POINT('',(20.505553499465,-5.494446500535,
    15.01110699893));
#854 = CARTESIAN_POINT('',(26.,-26.,-8.881784197001E-16));
#855 = MANIFOLD_SOLID_BREP('',#856);
#856 = CLOSED_SHELL('',(#857,#900,#928,#957,#972,#995,#1011));
#857 = ADVANCED_FACE('',(#858),#895,.F.);
#858 = FACE_BOUND('',#859,.F.);
#859 = EDGE_LOOP('',(#860,#869,#876,#883,#890));
#860 = ORIENTED_EDGE('',*,*,#861,.F.);
#861 = EDGE_CURVE('',#862,#864,#866,.T.);
#862 = VERTEX_POINT('',#863);
#863 = CARTESIAN_POINT('',(-9.516660498395,-35.51666049839,
    -8.881784197001E-16));
#864 = VERTEX_POINT('',#865);
#865 = CARTESIAN_POINT('',(-15.01110699893,-15.01110699893,
    15.01110699893));
#866 = B_SPLINE_CURVE_WITH_KNOTS('',1,(#867,#868),.UNSPECIFIED.,.F.,.F.,
  (2,2),(0.,26.),.PIECEWISE_BEZIER_KNOTS.);
#867 = CARTESIAN_POINT('',(-9.516660498395,-35.51666049839,
    -8.881784197001E-16));
#868 = CARTESIAN_POINT('',(-15.01110699893,-15.01110699893,
    15.01110699893));
#869 = ORIENTED_EDGE('',*,*,#870,.F.);
#870 = EDGE_CURVE('',#871,#862,#873,.T.);
#871 = VERTEX_POINT('',#872);
#872 = CARTESIAN_POINT('',(5.494446500535,-20.50555349946,
    -15.01110699893));
#873 = B_SPLINE_CURVE_WITH_KNOTS('',1,(#874,#875),.UNSPECIFIED.,.F.,.F.,
  (2,2),(0.,26.),.PIECEWISE_BEZIER_KNOTS.);
#874 = CARTESIAN_POINT('',(5.494446500535,-20.50555349946,
    -15.01110699893));
#875 = CARTESIAN_POINT('',(-9.516660498395,-35.51666049839,
    -8.881784197001E-16));
#876 = ORIENTED_EDGE('',*,*,#877,.T.);
#877 = EDGE_CURVE('',#871,#878,#880,.T.);
#878 = VERTEX_POINT('',#879);
#879 = CARTESIAN_POINT('',(1.195433962891,-4.461420286602,
    -3.265986323711));
#880 = B_SPLINE_CURVE_WITH_KNOTS('',1,(#881,#882),.UNSPECIFIED.,.F.,.F.,
  (2,2),(0.,20.343145750508),.PIECEWISE_BEZIER_KNOTS.);
#881 = CARTESIAN_POINT('',(5.494446500535,-20.50555349946,
    -15.01110699893));
#882 = CARTESIAN_POINT('',(1.195433962891,-4.461420286602,
    -3.265986323711));
#883 = ORIENTED_EDGE('',*,*,#884,.T.);
#884 = EDGE_CURVE('',#878,#885,#887,.T.);
#885 = VERTEX_POINT('',#886);
#886 = CARTESIAN_POINT('',(-3.265986323711,-3.265986323711,
    3.265986323711));
#887 = B_SPLINE_CURVE_WITH_KNOTS('',1,(#888,#889),.UNSPECIFIED.,.F.,.F.,
  (2,2),(0.,8.),.PIECEWISE_BEZIER_KNOTS.);
#888 = CARTESIAN_POINT('',(1.195433962891,-4.461420286602,
    -3.265986323711));
#889 = CARTESIAN_POINT('',(-3.265986323711,-3.265986323711,
    3.265986323711));
#890 = ORIENTED_EDGE('',*,*,#891,.T.);
#891 = EDGE_CURVE('',#885,#864,#892,.T.);
#892 = B_SPLINE_CURVE_WITH_KNOTS('',1,(#893,#894),.UNSPECIFIED.,.F.,.F.,
  (2,2),(5.656854249492,26.),.PIECEWISE_BEZIER_KNOTS.);
#893 = CARTESIAN_POINT('',(-3.265986323711,-3.265986323711,
    3.265986323711));
#894 = CARTESIAN_POINT('',(-15.01110699893,-15.01110699893,
    15.01110699893));
#895 = B_SPLINE_SURFACE_WITH_KNOTS('',1,1,(
    (#896,#897)
    ,(#898,#899
    )),.UNSPECIFIED.,.F.,.F.,.F.,(2,2),(2,2),(0.,26.),(-26.,0.),
  .PIECEWISE_BEZIER_KNOTS.);
#896 = CARTESIAN_POINT('',(0.,0.,0.));
#897 = CARTESIAN_POINT('',(5.494446500535,-20.50555349946,
    -15.01110699893));
#898 = CARTESIAN_POINT('',(-15.01110699893,-15.01110699893,
    15.01110699893));
#899 = CARTESIAN_POINT('',(-9.516660498395,-35.51666049839,
    -8.881784197001E-16));
#900 = ADVANCED_FACE('',(#901),#923,.T.);
#901 = FACE_BOUND('',#902,.T.);
#902 = EDGE_LOOP('',(#903,#904,#911,#918));
#903 = ORIENTED_EDGE('',*,*,#861,.F.);
#904 = ORIENTED_EDGE('',*,*,#905,.T.);
#905 = EDGE_CURVE('',#862,#906,#908,.T.);
#906 = VERTEX_POINT('',#907);
#907 = CARTESIAN_POINT('',(10.98889300107,-41.01110699893,15.01110699893
    ));
#908 = B_SPLINE_CURVE_WITH_KNOTS('',1,(#909,#910),.UNSPECIFIED.,.F.,.F.,
  (2,2),(0.,26.),.PIECEWISE_BEZIER_KNOTS.);
#909 = CARTESIAN_POINT('',(-9.516660498395,-35.51666049839,
    -8.881784197001E-16));
#910 = CARTESIAN_POINT('',(10.98889300107,-41.01110699893,15.01110699893
    ));
#911 = ORIENTED_EDGE('',*,*,#912,.T.);
#912 = EDGE_CURVE('',#906,#913,#915,.T.);
#913 = VERTEX_POINT('',#914);
#914 = CARTESIAN_POINT('',(5.494446500535,-20.50555349946,
    30.022213997861));
#915 = B_SPLINE_CURVE_WITH_KNOTS('',1,(#916,#917),.UNSPECIFIED.,.F.,.F.,
  (2,2),(0.,26.),.PIECEWISE_BEZIER_KNOTS.);
#916 = CARTESIAN_POINT('',(10.98889300107,-41.01110699893,15.01110699893
    ));
#917 = CARTESIAN_POINT('',(5.494446500535,-20.50555349946,
    30.022213997861));
#918 = ORIENTED_EDGE('',*,*,#919,.F.);
#919 = EDGE_CURVE('',#864,#913,#920,.T.);
#920 = B_SPLINE_CURVE_WITH_KNOTS('',1,(#921,#922),.UNSPECIFIED.,.F.,.F.,
  (2,2),(0.,26.),.PIECEWISE_BEZIER_KNOTS.);
#921 = CARTESIAN_POINT('',(-15.01110699893,-15.01110699893,
    15.01110699893));
#922 = CARTESIAN_POINT('',(5.494446500535,-20.50555349946,
    30.022213997861));
#923 = B_SPLINE_SURFACE_WITH_KNOTS('',1,1,(
    (#924,#925)
    ,(#926,#927
    )),.UNSPECIFIED.,.F.,.F.,.F.,(2,2),(2,2),(0.,26.),(0.,26.),
  .PIECEWISE_BEZIER_KNOTS.);
#924 = CARTESIAN_POINT('',(-9.516660498395,-35.51666049839,
    -8.881784197001E-16));
#925 = CARTESIAN_POINT('',(-15.01110699893,-15.01110699893,
    15.01110699893));
#926 = CARTESIAN_POINT('',(10.98889300107,-41.01110699893,15.01110699893
    ));
#927 = CARTESIAN_POINT('',(5.494446500535,-20.50555349946,
    30.022213997861));
#928 = ADVANCED_FACE('',(#929),#952,.T.);
#929 = FACE_BOUND('',#930,.T.);
#930 = EDGE_LOOP('',(#931,#940,#945,#946,#947));
#931 = ORIENTED_EDGE('',*,*,#932,.F.);
#932 = EDGE_CURVE('',#933,#935,#937,.T.);
#933 = VERTEX_POINT('',#934);
#934 = CARTESIAN_POINT('',(4.461420286602,-1.195433962891,3.265986323711
    ));
#935 = VERTEX_POINT('',#936);
#936 = CARTESIAN_POINT('',(20.505553499465,-5.494446500535,
    15.01110699893));
#937 = B_SPLINE_CURVE_WITH_KNOTS('',1,(#938,#939),.UNSPECIFIED.,.F.,.F.,
  (2,2),(5.656854249492,26.),.PIECEWISE_BEZIER_KNOTS.);
#938 = CARTESIAN_POINT('',(4.461420286602,-1.195433962891,3.265986323711
    ));
#939 = CARTESIAN_POINT('',(20.505553499465,-5.494446500535,
    15.01110699893));
#940 = ORIENTED_EDGE('',*,*,#941,.T.);
#941 = EDGE_CURVE('',#933,#885,#942,.T.);
#942 = B_SPLINE_CURVE_WITH_KNOTS('',1,(#943,#944),.UNSPECIFIED.,.F.,.F.,
  (2,2),(0.,8.),.PIECEWISE_BEZIER_KNOTS.);
#943 = CARTESIAN_POINT('',(4.461420286602,-1.195433962891,3.265986323711
    ));
#944 = CARTESIAN_POINT('',(-3.265986323711,-3.265986323711,
    3.265986323711));
#945 = ORIENTED_EDGE('',*,*,#891,.T.);
#946 = ORIENTED_EDGE('',*,*,#919,.T.);
#947 = ORIENTED_EDGE('',*,*,#948,.F.);
#948 = EDGE_CURVE('',#935,#913,#949,.T.);
#949 = B_SPLINE_CURVE_WITH_KNOTS('',1,(#950,#951),.UNSPECIFIED.,.F.,.F.,
  (2,2),(0.,26.),.PIECEWISE_BEZIER_KNOTS.);
#950 = CARTESIAN_POINT('',(20.505553499465,-5.494446500535,
    15.01110699893));
#951 = CARTESIAN_POINT('',(5.494446500535,-20.50555349946,
    30.022213997861));
#952 = B_SPLINE_SURFACE_WITH_KNOTS('',1,1,(
    (#953,#954)
    ,(#955,#956
    )),.UNSPECIFIED.,.F.,.F.,.F.,(2,2),(2,2),(0.,26.),(
    -2.601414362266E-16,26.),.PIECEWISE_BEZIER_KNOTS.);
#953 = CARTESIAN_POINT('',(-2.051670822297E-16,5.49743539969E-17,
    -1.501927282328E-16));
#954 = CARTESIAN_POINT('',(20.505553499465,-5.494446500535,
    15.01110699893));
#955 = CARTESIAN_POINT('',(-15.01110699893,-15.01110699893,
    15.01110699893));
#956 = CARTESIAN_POINT('',(5.494446500535,-20.50555349946,
    30.022213997861));
#957 = ADVANCED_FACE('',(#958),#967,.T.);
#958 = FACE_BOUND('',#959,.T.);
#959 = EDGE_LOOP('',(#960,#965,#966));
#960 = ORIENTED_EDGE('',*,*,#961,.T.);
#961 = EDGE_CURVE('',#933,#878,#962,.T.);
#962 = B_SPLINE_CURVE_WITH_KNOTS('',1,(#963,#964),.UNSPECIFIED.,.F.,.F.,
  (2,2),(0.,8.),.PIECEWISE_BEZIER_KNOTS.);
#963 = CARTESIAN_POINT('',(4.461420286602,-1.195433962891,3.265986323711
    ));
#964 = CARTESIAN_POINT('',(1.195433962891,-4.461420286602,
    -3.265986323711));
#965 = ORIENTED_EDGE('',*,*,#884,.T.);
#966 = ORIENTED_EDGE('',*,*,#941,.F.);
#967 = B_SPLINE_SURFACE_WITH_KNOTS('',1,1,(
    (#968,#969)
    ,(#970,#971
    )),.UNSPECIFIED.,.F.,.F.,.F.,(2,2),(2,2),(-4.,4.),(-4.618802153517,
    2.309401076759),.PIECEWISE_BEZIER_KNOTS.);
#968 = CARTESIAN_POINT('',(5.059137268047,-3.426144106192,
    -3.265986323711));
#969 = CARTESIAN_POINT('',(4.461420286602,-1.195433962891,3.265986323711
    ));
#970 = CARTESIAN_POINT('',(-2.668269342266,-5.496696467012,
    -3.265986323711));
#971 = CARTESIAN_POINT('',(-3.265986323711,-3.265986323711,
    3.265986323711));
#972 = ADVANCED_FACE('',(#973),#990,.F.);
#973 = FACE_BOUND('',#974,.F.);
#974 = EDGE_LOOP('',(#975,#976,#983,#988,#989));
#975 = ORIENTED_EDGE('',*,*,#877,.F.);
#976 = ORIENTED_EDGE('',*,*,#977,.T.);
#977 = EDGE_CURVE('',#871,#978,#980,.T.);
#978 = VERTEX_POINT('',#979);
#979 = CARTESIAN_POINT('',(26.,-26.,-8.881784197001E-16));
#980 = B_SPLINE_CURVE_WITH_KNOTS('',1,(#981,#982),.UNSPECIFIED.,.F.,.F.,
  (2,2),(0.,26.),.PIECEWISE_BEZIER_KNOTS.);
#981 = CARTESIAN_POINT('',(5.494446500535,-20.50555349946,
    -15.01110699893));
#982 = CARTESIAN_POINT('',(26.,-26.,-8.881784197001E-16));
#983 = ORIENTED_EDGE('',*,*,#984,.T.);
#984 = EDGE_CURVE('',#978,#935,#985,.T.);
#985 = B_SPLINE_CURVE_WITH_KNOTS('',1,(#986,#987),.UNSPECIFIED.,.F.,.F.,
  (2,2),(0.,26.),.PIECEWISE_BEZIER_KNOTS.);
#986 = CARTESIAN_POINT('',(26.,-26.,-8.881784197001E-16));
#987 = CARTESIAN_POINT('',(20.505553499465,-5.494446500535,
    15.01110699893));
#988 = ORIENTED_EDGE('',*,*,#932,.F.);
#989 = ORIENTED_EDGE('',*,*,#961,.T.);
#990 = B_SPLINE_SURFACE_WITH_KNOTS('',1,1,(
    (#991,#992)
    ,(#993,#994
    )),.UNSPECIFIED.,.F.,.F.,.F.,(2,2),(2,2),(-2.601414362266E-16,26.),(
    0.,26.),.PIECEWISE_BEZIER_KNOTS.);
#991 = CARTESIAN_POINT('',(5.494446500535,-20.50555349946,
    -15.01110699893));
#992 = CARTESIAN_POINT('',(-2.051670822297E-16,5.49743539969E-17,
    -1.501927282328E-16));
#993 = CARTESIAN_POINT('',(26.,-26.,-8.881784197001E-16));
#994 = CARTESIAN_POINT('',(20.505553499465,-5.494446500535,
    15.01110699893));
#995 = ADVANCED_FACE('',(#996),#1006,.F.);
#996 = FACE_BOUND('',#997,.F.);
#997 = EDGE_LOOP('',(#998,#999,#1000,#1001));
#998 = ORIENTED_EDGE('',*,*,#977,.F.);
#999 = ORIENTED_EDGE('',*,*,#870,.T.);
#1000 = ORIENTED_EDGE('',*,*,#905,.T.);
#1001 = ORIENTED_EDGE('',*,*,#1002,.F.);
#1002 = EDGE_CURVE('',#978,#906,#1003,.T.);
#1003 = B_SPLINE_CURVE_WITH_KNOTS('',1,(#1004,#1005),.UNSPECIFIED.,.F.,
  .F.,(2,2),(0.,26.),.PIECEWISE_BEZIER_KNOTS.);
#1004 = CARTESIAN_POINT('',(26.,-26.,-8.881784197001E-16));
#1005 = CARTESIAN_POINT('',(10.98889300107,-41.01110699893,
    15.01110699893));
#1006 = B_SPLINE_SURFACE_WITH_KNOTS('',1,1,(
    (#1007,#1008)
    ,(#1009,#1010
    )),.UNSPECIFIED.,.F.,.F.,.F.,(2,2),(2,2),(0.,26.),(0.,26.),
  .PIECEWISE_BEZIER_KNOTS.);
#1007 = CARTESIAN_POINT('',(5.494446500535,-20.50555349946,
    -15.01110699893));
#1008 = CARTESIAN_POINT('',(26.,-26.,-8.881784197001E-16));
#1009 = CARTESIAN_POINT('',(-9.516660498395,-35.51666049839,
    -8.881784197001E-16));
#1010 = CARTESIAN_POINT('',(10.98889300107,-41.01110699893,
    15.01110699893));
#1011 = ADVANCED_FACE('',(#1012),#1018,.T.);
#1012 = FACE_BOUND('',#1013,.T.);
#1013 = EDGE_LOOP('',(#1014,#1015,#1016,#1017));
#1014 = ORIENTED_EDGE('',*,*,#1002,.F.);
#1015 = ORIENTED_EDGE('',*,*,#984,.T.);
#1016 = ORIENTED_EDGE('',*,*,#948,.T.);
#1017 = ORIENTED_EDGE('',*,*,#912,.F.);
#1018 = B_SPLINE_SURFACE_WITH_KNOTS('',1,1,(
    (#1019,#1020)
    ,(#1021,#1022
    )),.UNSPECIFIED.,.F.,.F.,.F.,(2,2),(2,2),(0.,26.),(-26.,0.),
  .PIECEWISE_BEZIER_KNOTS.);
#1019 = CARTESIAN_POINT('',(20.505553499465,-5.494446500535,
    15.01110699893));
#1020 = CARTESIAN_POINT('',(26.,-26.,-8.881784197001E-16));
#1021 = CARTESIAN_POINT('',(5.494446500535,-20.50555349946,
    30.022213997861));
#1022 = CARTESIAN_POINT('',(10.98889300107,-41.01110699893,
    15.01110699893));
#1023 = MANIFOLD_SOLID_BREP('',#1024);
#1024 = CLOSED_SHELL('',(#1025,#1068,#1103,#1118,#1141,#1163,#1179));
#1025 = ADVANCED_FACE('',(#1026),#1063,.F.);
#1026 = FACE_BOUND('',#1027,.F.);
#1027 = EDGE_LOOP('',(#1028,#1037,#1044,#1051,#1058));
#1028 = ORIENTED_EDGE('',*,*,#1029,.F.);
#1029 = EDGE_CURVE('',#1030,#1032,#1034,.T.);
#1030 = VERTEX_POINT('',#1031);
#1031 = CARTESIAN_POINT('',(15.01110699893,15.01110699893,
    -15.01110699893));
#1032 = VERTEX_POINT('',#1033);
#1033 = CARTESIAN_POINT('',(3.265986323711,3.265986323711,
    -3.265986323711));
#1034 = B_SPLINE_CURVE_WITH_KNOTS('',1,(#1035,#1036),.UNSPECIFIED.,.F.,
  .F.,(2,2),(0.,20.343145750508),.PIECEWISE_BEZIER_KNOTS.);
#1035 = CARTESIAN_POINT('',(15.01110699893,15.01110699893,
    -15.01110699893));
#1036 = CARTESIAN_POINT('',(3.265986323711,3.265986323711,
    -3.265986323711));
#1037 = ORIENTED_EDGE('',*,*,#1038,.T.);
#1038 = EDGE_CURVE('',#1030,#1039,#1041,.T.);
#1039 = VERTEX_POINT('',#1040);
#1040 = CARTESIAN_POINT('',(9.516660498395,35.516660498395,
    8.881784197001E-16));
#1041 = B_SPLINE_CURVE_WITH_KNOTS('',1,(#1042,#1043),.UNSPECIFIED.,.F.,
  .F.,(2,2),(0.,26.),.PIECEWISE_BEZIER_KNOTS.);
#1042 = CARTESIAN_POINT('',(15.01110699893,15.01110699893,
    -15.01110699893));
#1043 = CARTESIAN_POINT('',(9.516660498395,35.516660498395,
    8.881784197001E-16));
#1044 = ORIENTED_EDGE('',*,*,#1045,.T.);
#1045 = EDGE_CURVE('',#1039,#1046,#1048,.T.);
#1046 = VERTEX_POINT('',#1047);
#1047 = CARTESIAN_POINT('',(-5.494446500535,20.505553499465,
    15.01110699893));
#1048 = B_SPLINE_CURVE_WITH_KNOTS('',1,(#1049,#1050),.UNSPECIFIED.,.F.,
  .F.,(2,2),(0.,26.),.PIECEWISE_BEZIER_KNOTS.);
#1049 = CARTESIAN_POINT('',(9.516660498395,35.516660498395,
    8.881784197001E-16));
#1050 = CARTESIAN_POINT('',(-5.494446500535,20.505553499465,
    15.01110699893));
#1051 = ORIENTED_EDGE('',*,*,#1052,.F.);
#1052 = EDGE_CURVE('',#1053,#1046,#1055,.T.);
#1053 = VERTEX_POINT('',#1054);
#1054 = CARTESIAN_POINT('',(-1.195433962891,4.461420286602,
    3.265986323711));
#1055 = B_SPLINE_CURVE_WITH_KNOTS('',1,(#1056,#1057),.UNSPECIFIED.,.F.,
  .F.,(2,2),(5.656854249492,26.),.PIECEWISE_BEZIER_KNOTS.);
#1056 = CARTESIAN_POINT('',(-1.195433962891,4.461420286602,
    3.265986323711));
#1057 = CARTESIAN_POINT('',(-5.494446500535,20.505553499465,
    15.01110699893));
#1058 = ORIENTED_EDGE('',*,*,#1059,.T.);
#1059 = EDGE_CURVE('',#1053,#1032,#1060,.T.);
#1060 = B_SPLINE_CURVE_WITH_KNOTS('',1,(#1061,#1062),.UNSPECIFIED.,.F.,
  .F.,(2,2),(0.,8.),.PIECEWISE_BEZIER_KNOTS.);
#1061 = CARTESIAN_POINT('',(-1.195433962891,4.461420286602,
    3.265986323711));
#1062 = CARTESIAN_POINT('',(3.265986323711,3.265986323711,
    -3.265986323711));
#1063 = B_SPLINE_SURFACE_WITH_KNOTS('',1,1,(
    (#1064,#1065)
    ,(#1066,#1067
    )),.UNSPECIFIED.,.F.,.F.,.F.,(2,2),(2,2),(0.,26.),(-26.,
    2.601414362266E-16),.PIECEWISE_BEZIER_KNOTS.);
#1064 = CARTESIAN_POINT('',(9.516660498395,35.516660498395,
    8.881784197001E-16));
#1065 = CARTESIAN_POINT('',(15.01110699893,15.01110699893,
    -15.01110699893));
#1066 = CARTESIAN_POINT('',(-5.494446500535,20.505553499465,
    15.01110699893));
#1067 = CARTESIAN_POINT('',(5.49743539969E-17,-2.051670822297E-16,
    -1.501927282328E-16));
#1068 = ADVANCED_FACE('',(#1069),#1098,.F.);
#1069 = FACE_BOUND('',#1070,.F.);
#1070 = EDGE_LOOP('',(#1071,#1080,#1085,#1086,#1093));
#1071 = ORIENTED_EDGE('',*,*,#1072,.F.);
#1072 = EDGE_CURVE('',#1073,#1075,#1077,.T.);
#1073 = VERTEX_POINT('',#1074);
#1074 = CARTESIAN_POINT('',(35.516660498395,9.516660498395,
    8.881784197001E-16));
#1075 = VERTEX_POINT('',#1076);
#1076 = CARTESIAN_POINT('',(20.505553499465,-5.494446500535,
    15.01110699893));
#1077 = B_SPLINE_CURVE_WITH_KNOTS('',1,(#1078,#1079),.UNSPECIFIED.,.F.,
  .F.,(2,2),(0.,26.),.PIECEWISE_BEZIER_KNOTS.);
#1078 = CARTESIAN_POINT('',(35.516660498395,9.516660498395,
    8.881784197001E-16));
#1079 = CARTESIAN_POINT('',(20.505553499465,-5.494446500535,
    15.01110699893));
#1080 = ORIENTED_EDGE('',*,*,#1081,.F.);
#1081 = EDGE_CURVE('',#1030,#1073,#1082,.T.);
#1082 = B_SPLINE_CURVE_WITH_KNOTS('',1,(#1083,#1084),.UNSPECIFIED.,.F.,
  .F.,(2,2),(0.,26.),.PIECEWISE_BEZIER_KNOTS.);
#1083 = CARTESIAN_POINT('',(15.01110699893,15.01110699893,
    -15.01110699893));
#1084 = CARTESIAN_POINT('',(35.516660498395,9.516660498395,
    8.881784197001E-16));
#1085 = ORIENTED_EDGE('',*,*,#1029,.T.);
#1086 = ORIENTED_EDGE('',*,*,#1087,.F.);
#1087 = EDGE_CURVE('',#1088,#1032,#1090,.T.);
#1088 = VERTEX_POINT('',#1089);
#1089 = CARTESIAN_POINT('',(4.461420286602,-1.195433962891,
    3.265986323711));
#1090 = B_SPLINE_CURVE_WITH_KNOTS('',1,(#1091,#1092),.UNSPECIFIED.,.F.,
  .F.,(2,2),(0.,8.),.PIECEWISE_BEZIER_KNOTS.);
#1091 = CARTESIAN_POINT('',(4.461420286602,-1.195433962891,
    3.265986323711));
#1092 = CARTESIAN_POINT('',(3.265986323711,3.265986323711,
    -3.265986323711));
#1093 = ORIENTED_EDGE('',*,*,#1094,.T.);
#1094 = EDGE_CURVE('',#1088,#1075,#1095,.T.);
#1095 = B_SPLINE_CURVE_WITH_KNOTS('',1,(#1096,#1097),.UNSPECIFIED.,.F.,
  .F.,(2,2),(5.656854249492,26.),.PIECEWISE_BEZIER_KNOTS.);
#1096 = CARTESIAN_POINT('',(4.461420286602,-1.195433962891,
    3.265986323711));
#1097 = CARTESIAN_POINT('',(20.505553499465,-5.494446500535,
    15.01110699893));
#1098 = B_SPLINE_SURFACE_WITH_KNOTS('',1,1,(
    (#1099,#1100)
    ,(#1101,#1102
    )),.UNSPECIFIED.,.F.,.F.,.F.,(2,2),(2,2),(0.,26.),(
    -2.601414362266E-16,26.),.PIECEWISE_BEZIER_KNOTS.);
#1099 = CARTESIAN_POINT('',(15.01110699893,15.01110699893,
    -15.01110699893));
#1100 = CARTESIAN_POINT('',(35.516660498395,9.516660498395,
    8.881784197001E-16));
#1101 = CARTESIAN_POINT('',(-2.051670822297E-16,5.49743539969E-17,
    -1.501927282328E-16));
#1102 = CARTESIAN_POINT('',(20.505553499465,-5.494446500535,
    15.01110699893));
#1103 = ADVANCED_FACE('',(#1104),#1113,.T.);
#1104 = FACE_BOUND('',#1105,.T.);
#1105 = EDGE_LOOP('',(#1106,#1111,#1112));
#1106 = ORIENTED_EDGE('',*,*,#1107,.T.);
#1107 = EDGE_CURVE('',#1088,#1053,#1108,.T.);
#1108 = B_SPLINE_CURVE_WITH_KNOTS('',1,(#1109,#1110),.UNSPECIFIED.,.F.,
  .F.,(2,2),(0.,8.),.PIECEWISE_BEZIER_KNOTS.);
#1109 = CARTESIAN_POINT('',(4.461420286602,-1.195433962891,
    3.265986323711));
#1110 = CARTESIAN_POINT('',(-1.195433962891,4.461420286602,
    3.265986323711));
#1111 = ORIENTED_EDGE('',*,*,#1059,.T.);
#1112 = ORIENTED_EDGE('',*,*,#1087,.F.);
#1113 = B_SPLINE_SURFACE_WITH_KNOTS('',1,1,(
    (#1114,#1115)
    ,(#1116,#1117
    )),.UNSPECIFIED.,.F.,.F.,.F.,(2,2),(2,2),(-4.,4.),(-2.309401076759,
    4.618802153517),.PIECEWISE_BEZIER_KNOTS.);
#1114 = CARTESIAN_POINT('',(3.265986323711,3.265986323711,
    -3.265986323711));
#1115 = CARTESIAN_POINT('',(-1.793150944336,6.692130429902,
    5.335791651413E-16));
#1116 = CARTESIAN_POINT('',(4.461420286602,-1.195433962891,
    3.265986323711));
#1117 = CARTESIAN_POINT('',(-0.597716981445,2.230710143301,
    6.531972647422));
#1118 = ADVANCED_FACE('',(#1119),#1136,.T.);
#1119 = FACE_BOUND('',#1120,.T.);
#1120 = EDGE_LOOP('',(#1121,#1122,#1123,#1124,#1131));
#1121 = ORIENTED_EDGE('',*,*,#1052,.F.);
#1122 = ORIENTED_EDGE('',*,*,#1107,.F.);
#1123 = ORIENTED_EDGE('',*,*,#1094,.T.);
#1124 = ORIENTED_EDGE('',*,*,#1125,.T.);
#1125 = EDGE_CURVE('',#1075,#1126,#1128,.T.);
#1126 = VERTEX_POINT('',#1127);
#1127 = CARTESIAN_POINT('',(15.01110699893,15.01110699893,
    30.022213997861));
#1128 = B_SPLINE_CURVE_WITH_KNOTS('',1,(#1129,#1130),.UNSPECIFIED.,.F.,
  .F.,(2,2),(0.,26.),.PIECEWISE_BEZIER_KNOTS.);
#1129 = CARTESIAN_POINT('',(20.505553499465,-5.494446500535,
    15.01110699893));
#1130 = CARTESIAN_POINT('',(15.01110699893,15.01110699893,
    30.022213997861));
#1131 = ORIENTED_EDGE('',*,*,#1132,.F.);
#1132 = EDGE_CURVE('',#1046,#1126,#1133,.T.);
#1133 = B_SPLINE_CURVE_WITH_KNOTS('',1,(#1134,#1135),.UNSPECIFIED.,.F.,
  .F.,(2,2),(0.,26.),.PIECEWISE_BEZIER_KNOTS.);
#1134 = CARTESIAN_POINT('',(-5.494446500535,20.505553499465,
    15.01110699893));
#1135 = CARTESIAN_POINT('',(15.01110699893,15.01110699893,
    30.022213997861));
#1136 = B_SPLINE_SURFACE_WITH_KNOTS('',1,1,(
    (#1137,#1138)
    ,(#1139,#1140
    )),.UNSPECIFIED.,.F.,.F.,.F.,(2,2),(2,2),(-2.601414362266E-16,26.),(
    0.,26.),.PIECEWISE_BEZIER_KNOTS.);
#1137 = CARTESIAN_POINT('',(-2.051670822297E-16,5.49743539969E-17,
    -1.501927282328E-16));
#1138 = CARTESIAN_POINT('',(-5.494446500535,20.505553499465,
    15.01110699893));
#1139 = CARTESIAN_POINT('',(20.505553499465,-5.494446500535,
    15.01110699893));
#1140 = CARTESIAN_POINT('',(15.01110699893,15.01110699893,
    30.022213997861));
#1141 = ADVANCED_FACE('',(#1142),#1158,.T.);
#1142 = FACE_BOUND('',#1143,.T.);
#1143 = EDGE_LOOP('',(#1144,#1151,#1152,#1153));
#1144 = ORIENTED_EDGE('',*,*,#1145,.F.);
#1145 = EDGE_CURVE('',#1039,#1146,#1148,.T.);
#1146 = VERTEX_POINT('',#1147);
#1147 = CARTESIAN_POINT('',(30.022213997861,30.022213997861,
    15.01110699893));
#1148 = B_SPLINE_CURVE_WITH_KNOTS('',1,(#1149,#1150),.UNSPECIFIED.,.F.,
  .F.,(2,2),(0.,26.),.PIECEWISE_BEZIER_KNOTS.);
#1149 = CARTESIAN_POINT('',(9.516660498395,35.516660498395,
    8.881784197001E-16));
#1150 = CARTESIAN_POINT('',(30.022213997861,30.022213997861,
    15.01110699893));
#1151 = ORIENTED_EDGE('',*,*,#1045,.T.);
#1152 = ORIENTED_EDGE('',*,*,#1132,.T.);
#1153 = ORIENTED_EDGE('',*,*,#1154,.F.);
#1154 = EDGE_CURVE('',#1146,#1126,#1155,.T.);
#1155 = B_SPLINE_CURVE_WITH_KNOTS('',1,(#1156,#1157),.UNSPECIFIED.,.F.,
  .F.,(2,2),(0.,26.),.PIECEWISE_BEZIER_KNOTS.);
#1156 = CARTESIAN_POINT('',(30.022213997861,30.022213997861,
    15.01110699893));
#1157 = CARTESIAN_POINT('',(15.01110699893,15.01110699893,
    30.022213997861));
#1158 = B_SPLINE_SURFACE_WITH_KNOTS('',1,1,(
    (#1159,#1160)
    ,(#1161,#1162
    )),.UNSPECIFIED.,.F.,.F.,.F.,(2,2),(2,2),(0.,26.),(0.,26.),
  .PIECEWISE_BEZIER_KNOTS.);
#1159 = CARTESIAN_POINT('',(9.516660498395,35.516660498395,
    8.881784197001E-16));
#1160 = CARTESIAN_POINT('',(30.022213997861,30.022213997861,
    15.01110699893));
#1161 = CARTESIAN_POINT('',(-5.494446500535,20.505553499465,
    15.01110699893));
#1162 = CARTESIAN_POINT('',(15.01110699893,15.01110699893,
    30.022213997861));
#1163 = ADVANCED_FACE('',(#1164),#1174,.F.);
#1164 = FACE_BOUND('',#1165,.F.);
#1165 = EDGE_LOOP('',(#1166,#1167,#1168,#1173));
#1166 = ORIENTED_EDGE('',*,*,#1038,.F.);
#1167 = ORIENTED_EDGE('',*,*,#1081,.T.);
#1168 = ORIENTED_EDGE('',*,*,#1169,.T.);
#1169 = EDGE_CURVE('',#1073,#1146,#1170,.T.);
#1170 = B_SPLINE_CURVE_WITH_KNOTS('',1,(#1171,#1172),.UNSPECIFIED.,.F.,
  .F.,(2,2),(0.,26.),.PIECEWISE_BEZIER_KNOTS.);
#1171 = CARTESIAN_POINT('',(35.516660498395,9.516660498395,
    8.881784197001E-16));
#1172 = CARTESIAN_POINT('',(30.022213997861,30.022213997861,
    15.01110699893));
#1173 = ORIENTED_EDGE('',*,*,#1145,.F.);
#1174 = B_SPLINE_SURFACE_WITH_KNOTS('',1,1,(
    (#1175,#1176)
    ,(#1177,#1178
    )),.UNSPECIFIED.,.F.,.F.,.F.,(2,2),(2,2),(0.,26.),(0.,26.),
  .PIECEWISE_BEZIER_KNOTS.);
#1175 = CARTESIAN_POINT('',(15.01110699893,15.01110699893,
    -15.01110699893));
#1176 = CARTESIAN_POINT('',(9.516660498395,35.516660498395,
    8.881784197001E-16));
#1177 = CARTESIAN_POINT('',(35.516660498395,9.516660498395,
    8.881784197001E-16));
#1178 = CARTESIAN_POINT('',(30.022213997861,30.022213997861,
    15.01110699893));
#1179 = ADVANCED_FACE('',(#1180),#1186,.T.);
#1180 = FACE_BOUND('',#1181,.T.);
#1181 = EDGE_LOOP('',(#1182,#1183,#1184,#1185));
#1182 = ORIENTED_EDGE('',*,*,#1072,.F.);
#1183 = ORIENTED_EDGE('',*,*,#1169,.T.);
#1184 = ORIENTED_EDGE('',*,*,#1154,.T.);
#1185 = ORIENTED_EDGE('',*,*,#1125,.F.);
#1186 = B_SPLINE_SURFACE_WITH_KNOTS('',1,1,(
    (#1187,#1188)
    ,(#1189,#1190
    )),.UNSPECIFIED.,.F.,.F.,.F.,(2,2),(2,2),(0.,26.),(-26.,0.),
  .PIECEWISE_BEZIER_KNOTS.);
#1187 = CARTESIAN_POINT('',(30.022213997861,30.022213997861,
    15.01110699893));
#1188 = CARTESIAN_POINT('',(35.516660498395,9.516660498395,
    8.881784197001E-16));
#1189 = CARTESIAN_POINT('',(15.01110699893,15.01110699893,
    30.022213997861));
#1190 = CARTESIAN_POINT('',(20.505553499465,-5.494446500535,
    15.01110699893));
#1191 = MANIFOLD_SOLID_BREP('',#1192);
#1192 = CLOSED_SHELL('',(#1193,#1236,#1271,#1293,#1315,#1336,#1347));
#1193 = ADVANCED_FACE('',(#1194),#1231,.F.);
#1194 = FACE_BOUND('',#1195,.F.);
#1195 = EDGE_LOOP('',(#1196,#1205,#1212,#1219,#1226));
#1196 = ORIENTED_EDGE('',*,*,#1197,.F.);
#1197 = EDGE_CURVE('',#1198,#1200,#1202,.T.);
#1198 = VERTEX_POINT('',#1199);
#1199 = CARTESIAN_POINT('',(-3.265986323711,-3.265986323711,
    3.265986323711));
#1200 = VERTEX_POINT('',#1201);
#1201 = CARTESIAN_POINT('',(-15.01110699893,-15.01110699893,
    15.01110699893));
#1202 = B_SPLINE_CURVE_WITH_KNOTS('',1,(#1203,#1204),.UNSPECIFIED.,.F.,
  .F.,(2,2),(5.656854249492,26.),.PIECEWISE_BEZIER_KNOTS.);
#1203 = CARTESIAN_POINT('',(-3.265986323711,-3.265986323711,
    3.265986323711));
#1204 = CARTESIAN_POINT('',(-15.01110699893,-15.01110699893,
    15.01110699893));
#1205 = ORIENTED_EDGE('',*,*,#1206,.F.);
#1206 = EDGE_CURVE('',#1207,#1198,#1209,.T.);
#1207 = VERTEX_POINT('',#1208);
#1208 = CARTESIAN_POINT('',(-1.195433962891,4.461420286602,
    3.265986323711));
#1209 = B_SPLINE_CURVE_WITH_KNOTS('',1,(#1210,#1211),.UNSPECIFIED.,.F.,
  .F.,(2,2),(0.,8.),.PIECEWISE_BEZIER_KNOTS.);
#1210 = CARTESIAN_POINT('',(-1.195433962891,4.461420286602,
    3.265986323711));
#1211 = CARTESIAN_POINT('',(-3.265986323711,-3.265986323711,
    3.265986323711));
#1212 = ORIENTED_EDGE('',*,*,#1213,.T.);
#1213 = EDGE_CURVE('',#1207,#1214,#1216,.T.);
#1214 = VERTEX_POINT('',#1215);
#1215 = CARTESIAN_POINT('',(-5.494446500535,20.505553499465,
    15.01110699893));
#1216 = B_SPLINE_CURVE_WITH_KNOTS('',1,(#1217,#1218),.UNSPECIFIED.,.F.,
  .F.,(2,2),(5.656854249492,26.),.PIECEWISE_BEZIER_KNOTS.);
#1217 = CARTESIAN_POINT('',(-1.195433962891,4.461420286602,
    3.265986323711));
#1218 = CARTESIAN_POINT('',(-5.494446500535,20.505553499465,
    15.01110699893));
#1219 = ORIENTED_EDGE('',*,*,#1220,.T.);
#1220 = EDGE_CURVE('',#1214,#1221,#1223,.T.);
#1221 = VERTEX_POINT('',#1222);
#1222 = CARTESIAN_POINT('',(-20.50555349946,5.494446500535,
    30.022213997861));
#1223 = B_SPLINE_CURVE_WITH_KNOTS('',1,(#1224,#1225),.UNSPECIFIED.,.F.,
  .F.,(2,2),(0.,26.),.PIECEWISE_BEZIER_KNOTS.);
#1224 = CARTESIAN_POINT('',(-5.494446500535,20.505553499465,
    15.01110699893));
#1225 = CARTESIAN_POINT('',(-20.50555349946,5.494446500535,
    30.022213997861));
#1226 = ORIENTED_EDGE('',*,*,#1227,.F.);
#1227 = EDGE_CURVE('',#1200,#1221,#1228,.T.);
#1228 = B_SPLINE_CURVE_WITH_KNOTS('',1,(#1229,#1230),.UNSPECIFIED.,.F.,
  .F.,(2,2),(0.,26.),.PIECEWISE_BEZIER_KNOTS.);
#1229 = CARTESIAN_POINT('',(-15.01110699893,-15.01110699893,
    15.01110699893));
#1230 = CARTESIAN_POINT('',(-20.50555349946,5.494446500535,
    30.022213997861));
#1231 = B_SPLINE_SURFACE_WITH_KNOTS('',1,1,(
    (#1232,#1233)
    ,(#1234,#1235
    )),.UNSPECIFIED.,.F.,.F.,.F.,(2,2),(2,2),(0.,26.),(-26.,
    2.601414362266E-16),.PIECEWISE_BEZIER_KNOTS.);
#1232 = CARTESIAN_POINT('',(-5.494446500535,20.505553499465,
    15.01110699893));
#1233 = CARTESIAN_POINT('',(5.49743539969E-17,-2.051670822297E-16,
    -1.501927282328E-16));
#1234 = CARTESIAN_POINT('',(-20.50555349946,5.494446500535,
    30.022213997861));
#1235 = CARTESIAN_POINT('',(-15.01110699893,-15.01110699893,
    15.01110699893));
#1236 = ADVANCED_FACE('',(#1237),#1266,.F.);
#1237 = FACE_BOUND('',#1238,.F.);
#1238 = EDGE_LOOP('',(#1239,#1248,#1253,#1254,#1261));
#1239 = ORIENTED_EDGE('',*,*,#1240,.F.);
#1240 = EDGE_CURVE('',#1241,#1243,#1245,.T.);
#1241 = VERTEX_POINT('',#1242);
#1242 = CARTESIAN_POINT('',(4.461420286602,-1.195433962891,
    3.265986323711));
#1243 = VERTEX_POINT('',#1244);
#1244 = CARTESIAN_POINT('',(20.505553499465,-5.494446500535,
    15.01110699893));
#1245 = B_SPLINE_CURVE_WITH_KNOTS('',1,(#1246,#1247),.UNSPECIFIED.,.F.,
  .F.,(2,2),(5.656854249492,26.),.PIECEWISE_BEZIER_KNOTS.);
#1246 = CARTESIAN_POINT('',(4.461420286602,-1.195433962891,
    3.265986323711));
#1247 = CARTESIAN_POINT('',(20.505553499465,-5.494446500535,
    15.01110699893));
#1248 = ORIENTED_EDGE('',*,*,#1249,.T.);
#1249 = EDGE_CURVE('',#1241,#1198,#1250,.T.);
#1250 = B_SPLINE_CURVE_WITH_KNOTS('',1,(#1251,#1252),.UNSPECIFIED.,.F.,
  .F.,(2,2),(0.,8.),.PIECEWISE_BEZIER_KNOTS.);
#1251 = CARTESIAN_POINT('',(4.461420286602,-1.195433962891,
    3.265986323711));
#1252 = CARTESIAN_POINT('',(-3.265986323711,-3.265986323711,
    3.265986323711));
#1253 = ORIENTED_EDGE('',*,*,#1197,.T.);
#1254 = ORIENTED_EDGE('',*,*,#1255,.T.);
#1255 = EDGE_CURVE('',#1200,#1256,#1258,.T.);
#1256 = VERTEX_POINT('',#1257);
#1257 = CARTESIAN_POINT('',(5.494446500535,-20.50555349946,
    30.022213997861));
#1258 = B_SPLINE_CURVE_WITH_KNOTS('',1,(#1259,#1260),.UNSPECIFIED.,.F.,
  .F.,(2,2),(0.,26.),.PIECEWISE_BEZIER_KNOTS.);
#1259 = CARTESIAN_POINT('',(-15.01110699893,-15.01110699893,
    15.01110699893));
#1260 = CARTESIAN_POINT('',(5.494446500535,-20.50555349946,
    30.022213997861));
#1261 = ORIENTED_EDGE('',*,*,#1262,.F.);
#1262 = EDGE_CURVE('',#1243,#1256,#1263,.T.);
#1263 = B_SPLINE_CURVE_WITH_KNOTS('',1,(#1264,#1265),.UNSPECIFIED.,.F.,
  .F.,(2,2),(0.,26.),.PIECEWISE_BEZIER_KNOTS.);
#1264 = CARTESIAN_POINT('',(20.505553499465,-5.494446500535,
    15.01110699893));
#1265 = CARTESIAN_POINT('',(5.494446500535,-20.50555349946,
    30.022213997861));
#1266 = B_SPLINE_SURFACE_WITH_KNOTS('',1,1,(
    (#1267,#1268)
    ,(#1269,#1270
    )),.UNSPECIFIED.,.F.,.F.,.F.,(2,2),(2,2),(0.,26.),(
    -2.601414362266E-16,26.),.PIECEWISE_BEZIER_KNOTS.);
#1267 = CARTESIAN_POINT('',(-2.051670822297E-16,5.49743539969E-17,
    -1.501927282328E-16));
#1268 = CARTESIAN_POINT('',(20.505553499465,-5.494446500535,
    15.01110699893));
#1269 = CARTESIAN_POINT('',(-15.01110699893,-15.01110699893,
    15.01110699893));
#1270 = CARTESIAN_POINT('',(5.494446500535,-20.50555349946,
    30.022213997861));
#1271 = ADVANCED_FACE('',(#1272),#1288,.T.);
#1272 = FACE_BOUND('',#1273,.T.);
#1273 = EDGE_LOOP('',(#1274,#1275,#1276,#1283));
#1274 = ORIENTED_EDGE('',*,*,#1227,.F.);
#1275 = ORIENTED_EDGE('',*,*,#1255,.T.);
#1276 = ORIENTED_EDGE('',*,*,#1277,.T.);
#1277 = EDGE_CURVE('',#1256,#1278,#1280,.T.);
#1278 = VERTEX_POINT('',#1279);
#1279 = CARTESIAN_POINT('',(8.881784197001E-16,-8.881784197001E-16,
    45.033320996791));
#1280 = B_SPLINE_CURVE_WITH_KNOTS('',1,(#1281,#1282),.UNSPECIFIED.,.F.,
  .F.,(2,2),(0.,26.),.PIECEWISE_BEZIER_KNOTS.);
#1281 = CARTESIAN_POINT('',(5.494446500535,-20.50555349946,
    30.022213997861));
#1282 = CARTESIAN_POINT('',(8.881784197001E-16,-8.881784197001E-16,
    45.033320996791));
#1283 = ORIENTED_EDGE('',*,*,#1284,.F.);
#1284 = EDGE_CURVE('',#1221,#1278,#1285,.T.);
#1285 = B_SPLINE_CURVE_WITH_KNOTS('',1,(#1286,#1287),.UNSPECIFIED.,.F.,
  .F.,(2,2),(0.,26.),.PIECEWISE_BEZIER_KNOTS.);
#1286 = CARTESIAN_POINT('',(-20.50555349946,5.494446500535,
    30.022213997861));
#1287 = CARTESIAN_POINT('',(8.881784197001E-16,-8.881784197001E-16,
    45.033320996791));
#1288 = B_SPLINE_SURFACE_WITH_KNOTS('',1,1,(
    (#1289,#1290)
    ,(#1291,#1292
    )),.UNSPECIFIED.,.F.,.F.,.F.,(2,2),(2,2),(0.,26.),(0.,26.),
  .PIECEWISE_BEZIER_KNOTS.);
#1289 = CARTESIAN_POINT('',(-15.01110699893,-15.01110699893,
    15.01110699893));
#1290 = CARTESIAN_POINT('',(-20.50555349946,5.494446500535,
    30.022213997861));
#1291 = CARTESIAN_POINT('',(5.494446500535,-20.50555349946,
    30.022213997861));
#1292 = CARTESIAN_POINT('',(8.881784197001E-16,-8.881784197001E-16,
    45.033320996791));
#1293 = ADVANCED_FACE('',(#1294),#1310,.T.);
#1294 = FACE_BOUND('',#1295,.T.);
#1295 = EDGE_LOOP('',(#1296,#1303,#1304,#1305));
#1296 = ORIENTED_EDGE('',*,*,#1297,.F.);
#1297 = EDGE_CURVE('',#1214,#1298,#1300,.T.);
#1298 = VERTEX_POINT('',#1299);
#1299 = CARTESIAN_POINT('',(15.01110699893,15.01110699893,
    30.022213997861));
#1300 = B_SPLINE_CURVE_WITH_KNOTS('',1,(#1301,#1302),.UNSPECIFIED.,.F.,
  .F.,(2,2),(0.,26.),.PIECEWISE_BEZIER_KNOTS.);
#1301 = CARTESIAN_POINT('',(-5.494446500535,20.505553499465,
    15.01110699893));
#1302 = CARTESIAN_POINT('',(15.01110699893,15.01110699893,
    30.022213997861));
#1303 = ORIENTED_EDGE('',*,*,#1220,.T.);
#1304 = ORIENTED_EDGE('',*,*,#1284,.T.);
#1305 = ORIENTED_EDGE('',*,*,#1306,.F.);
#1306 = EDGE_CURVE('',#1298,#1278,#1307,.T.);
#1307 = B_SPLINE_CURVE_WITH_KNOTS('',1,(#1308,#1309),.UNSPECIFIED.,.F.,
  .F.,(2,2),(0.,26.),.PIECEWISE_BEZIER_KNOTS.);
#1308 = CARTESIAN_POINT('',(15.01110699893,15.01110699893,
    30.022213997861));
#1309 = CARTESIAN_POINT('',(8.881784197001E-16,-8.881784197001E-16,
    45.033320996791));
#1310 = B_SPLINE_SURFACE_WITH_KNOTS('',1,1,(
    (#1311,#1312)
    ,(#1313,#1314
    )),.UNSPECIFIED.,.F.,.F.,.F.,(2,2),(2,2),(0.,26.),(0.,26.),
  .PIECEWISE_BEZIER_KNOTS.);
#1311 = CARTESIAN_POINT('',(-5.494446500535,20.505553499465,
    15.01110699893));
#1312 = CARTESIAN_POINT('',(15.01110699893,15.01110699893,
    30.022213997861));
#1313 = CARTESIAN_POINT('',(-20.50555349946,5.494446500535,
    30.022213997861));
#1314 = CARTESIAN_POINT('',(8.881784197001E-16,-8.881784197001E-16,
    45.033320996791));
#1315 = ADVANCED_FACE('',(#1316),#1331,.F.);
#1316 = FACE_BOUND('',#1317,.F.);
#1317 = EDGE_LOOP('',(#1318,#1319,#1324,#1325,#1330));
#1318 = ORIENTED_EDGE('',*,*,#1213,.F.);
#1319 = ORIENTED_EDGE('',*,*,#1320,.F.);
#1320 = EDGE_CURVE('',#1241,#1207,#1321,.T.);
#1321 = B_SPLINE_CURVE_WITH_KNOTS('',1,(#1322,#1323),.UNSPECIFIED.,.F.,
  .F.,(2,2),(0.,8.),.PIECEWISE_BEZIER_KNOTS.);
#1322 = CARTESIAN_POINT('',(4.461420286602,-1.195433962891,
    3.265986323711));
#1323 = CARTESIAN_POINT('',(-1.195433962891,4.461420286602,
    3.265986323711));
#1324 = ORIENTED_EDGE('',*,*,#1240,.T.);
#1325 = ORIENTED_EDGE('',*,*,#1326,.T.);
#1326 = EDGE_CURVE('',#1243,#1298,#1327,.T.);
#1327 = B_SPLINE_CURVE_WITH_KNOTS('',1,(#1328,#1329),.UNSPECIFIED.,.F.,
  .F.,(2,2),(0.,26.),.PIECEWISE_BEZIER_KNOTS.);
#1328 = CARTESIAN_POINT('',(20.505553499465,-5.494446500535,
    15.01110699893));
#1329 = CARTESIAN_POINT('',(15.01110699893,15.01110699893,
    30.022213997861));
#1330 = ORIENTED_EDGE('',*,*,#1297,.F.);
#1331 = B_SPLINE_SURFACE_WITH_KNOTS('',1,1,(
    (#1332,#1333)
    ,(#1334,#1335
    )),.UNSPECIFIED.,.F.,.F.,.F.,(2,2),(2,2),(-2.601414362266E-16,26.),(
    0.,26.),.PIECEWISE_BEZIER_KNOTS.);
#1332 = CARTESIAN_POINT('',(-2.051670822297E-16,5.49743539969E-17,
    -1.501927282328E-16));
#1333 = CARTESIAN_POINT('',(-5.494446500535,20.505553499465,
    15.01110699893));
#1334 = CARTESIAN_POINT('',(20.505553499465,-5.494446500535,
    15.01110699893));
#1335 = CARTESIAN_POINT('',(15.01110699893,15.01110699893,
    30.022213997861));
#1336 = ADVANCED_FACE('',(#1337),#1342,.F.);
#1337 = FACE_BOUND('',#1338,.F.);
#1338 = EDGE_LOOP('',(#1339,#1340,#1341));
#1339 = ORIENTED_EDGE('',*,*,#1320,.T.);
#1340 = ORIENTED_EDGE('',*,*,#1206,.T.);
#1341 = ORIENTED_EDGE('',*,*,#1249,.F.);
#1342 = B_SPLINE_SURFACE_WITH_KNOTS('',1,1,(
    (#1343,#1344)
    ,(#1345,#1346
    )),.UNSPECIFIED.,.F.,.F.,.F.,(2,2),(2,2),(-4.,4.),(-2.309401076759,
    4.618802153517),.PIECEWISE_BEZIER_KNOTS.);
#1343 = CARTESIAN_POINT('',(-3.265986323711,-3.265986323711,
    3.265986323711));
#1344 = CARTESIAN_POINT('',(-5.059137268047,3.426144106192,
    3.265986323711));
#1345 = CARTESIAN_POINT('',(4.461420286602,-1.195433962891,
    3.265986323711));
#1346 = CARTESIAN_POINT('',(2.668269342266,5.496696467012,3.265986323711
    ));
#1347 = ADVANCED_FACE('',(#1348),#1354,.T.);
#1348 = FACE_BOUND('',#1349,.T.);
#1349 = EDGE_LOOP('',(#1350,#1351,#1352,#1353));
#1350 = ORIENTED_EDGE('',*,*,#1262,.F.);
#1351 = ORIENTED_EDGE('',*,*,#1326,.T.);
#1352 = ORIENTED_EDGE('',*,*,#1306,.T.);
#1353 = ORIENTED_EDGE('',*,*,#1277,.F.);
#1354 = B_SPLINE_SURFACE_WITH_KNOTS('',1,1,(
    (#1355,#1356)
    ,(#1357,#1358
    )),.UNSPECIFIED.,.F.,.F.,.F.,(2,2),(2,2),(0.,26.),(-26.,0.),
  .PIECEWISE_BEZIER_KNOTS.);
#1355 = CARTESIAN_POINT('',(15.01110699893,15.01110699893,
    30.022213997861));
#1356 = CARTESIAN_POINT('',(20.505553499465,-5.494446500535,
    15.01110699893));
#1357 = CARTESIAN_POINT('',(8.881784197001E-16,-8.881784197001E-16,
    45.033320996791));
#1358 = CARTESIAN_POINT('',(5.494446500535,-20.50555349946,
    30.022213997861));
#1359 = MANIFOLD_SOLID_BREP('',#1360);
#1360 = CLOSED_SHELL('',(#1361,#1451,#1489,#1521,#1577,#1593,#1613));
#1361 = ADVANCED_FACE('',(#1362),#1446,.F.);
#1362 = FACE_BOUND('',#1363,.F.);
#1363 = EDGE_LOOP('',(#1364,#1373,#1380,#1441));
#1364 = ORIENTED_EDGE('',*,*,#1365,.F.);
#1365 = EDGE_CURVE('',#1366,#1368,#1370,.T.);
#1366 = VERTEX_POINT('',#1367);
#1367 = CARTESIAN_POINT('',(11.133230568367,-40.86676943163,
    15.083275782579));
#1368 = VERTEX_POINT('',#1369);
#1369 = CARTESIAN_POINT('',(41.01110699893,-10.98889300107,
    -14.79460064798));
#1370 = B_SPLINE_CURVE_WITH_KNOTS('',1,(#1371,#1372),.UNSPECIFIED.,.F.,
  .F.,(2,2),(0.,1.),.PIECEWISE_BEZIER_KNOTS.);
#1371 = CARTESIAN_POINT('',(10.98889300107,-41.01110699893,
    15.227613349876));
#1372 = CARTESIAN_POINT('',(41.155444566228,-10.84455543377,
    -14.93893821528));
#1373 = ORIENTED_EDGE('',*,*,#1374,.T.);
#1374 = EDGE_CURVE('',#1366,#1375,#1377,.T.);
#1375 = VERTEX_POINT('',#1376);
#1376 = CARTESIAN_POINT('',(16.646546404403,-61.44274424989,
    22.614605273691));
#1377 = B_SPLINE_CURVE_WITH_KNOTS('',1,(#1378,#1379),.UNSPECIFIED.,.F.,
  .F.,(2,2),(0.,1.),.PIECEWISE_BEZIER_KNOTS.);
#1378 = CARTESIAN_POINT('',(-13.42994197137,50.804238481746,
    -18.47064190424));
#1379 = CARTESIAN_POINT('',(17.826060464898,-65.8447506519,
    24.225851444448));
#1380 = ORIENTED_EDGE('',*,*,#1381,.F.);
#1381 = EDGE_CURVE('',#1382,#1375,#1384,.T.);
#1382 = VERTEX_POINT('',#1383);
#1383 = CARTESIAN_POINT('',(61.488734551006,-16.47585676655,
    -22.28993254128));
#1384 = B_SPLINE_CURVE_WITH_KNOTS('',7,(#1385,#1386,#1387,#1388,#1389,
    #1390,#1391,#1392,#1393,#1394,#1395,#1396,#1397,#1398,#1399,#1400,
    #1401,#1402,#1403,#1404,#1405,#1406,#1407,#1408,#1409,#1410,#1411,
    #1412,#1413,#1414,#1415,#1416,#1417,#1418,#1419,#1420,#1421,#1422,
    #1423,#1424,#1425,#1426,#1427,#1428,#1429,#1430,#1431,#1432,#1433,
    #1434,#1435,#1436,#1437,#1438,#1439,#1440),.UNSPECIFIED.,.F.,.F.,(8,
    6,6,6,6,6,6,6,6,8),(0.,0.100565772041,0.175337232784,0.367382421083,
    0.53547375026,0.601943266842,0.68729352002,0.801374124107,
    0.890797397311,1.),.UNSPECIFIED.);
#1385 = CARTESIAN_POINT('',(63.657822208242,-7.105427357601E-15,
    -31.61240475317));
#1386 = CARTESIAN_POINT('',(63.657822208242,-2.114143877568,
    -30.55533281439));
#1387 = CARTESIAN_POINT('',(63.575907114749,-4.20587935837,
    -29.46850752724));
#1388 = CARTESIAN_POINT('',(63.415202415919,-6.272653218223,
    -28.3547682479));
#1389 = CARTESIAN_POINT('',(63.178714065427,-8.312242673786,
    -27.21672934487));
#1390 = CARTESIAN_POINT('',(62.86930773395,-10.32274713431,
    -26.05677394887));
#1391 = CARTESIAN_POINT('',(62.489673264501,-12.30257448335,
    -24.87704303962));
#1392 = CARTESIAN_POINT('',(61.709629624915,-15.69866211148,
    -22.78897740576));
#1393 = CARTESIAN_POINT('',(61.339533346623,-17.1291860336,
    -21.88866730556));
#1394 = CARTESIAN_POINT('',(60.933005860552,-18.54143728745,
    -20.9792779356));
#1395 = CARTESIAN_POINT('',(60.491015490995,-19.93489926349,
    -20.0615517628));
#1396 = CARTESIAN_POINT('',(60.014477156716,-21.3090942579,
    -19.13618509846));
#1397 = CARTESIAN_POINT('',(59.504251004926,-22.66358261861,
    -18.20382784221));
#1398 = CARTESIAN_POINT('',(57.566201673551,-27.42522031507,
    -14.85398432829));
#1399 = CARTESIAN_POINT('',(55.954569461693,-30.71924066958,
    -12.4011580451));
#1400 = CARTESIAN_POINT('',(54.139675215157,-33.87402545667,
    -9.9163185283));
#1401 = CARTESIAN_POINT('',(52.13292050204,-36.88311186192,
    -7.408397969108));
#1402 = CARTESIAN_POINT('',(49.944360608983,-39.74006856459,
    -4.885639671251));
#1403 = CARTESIAN_POINT('',(47.582619070888,-42.43842233378,
    -2.355592017604));
#1404 = CARTESIAN_POINT('',(42.841609524221,-47.18820006735,
    2.389801622514));
#1405 = CARTESIAN_POINT('',(40.501747880686,-49.27785727481,
    4.604561048009));
#1406 = CARTESIAN_POINT('',(38.039587623216,-51.23560365543,
    6.814514367064));
#1407 = CARTESIAN_POINT('',(35.459574777785,-53.05579386138,
    9.014615892737));
#1408 = CARTESIAN_POINT('',(32.766049493223,-54.73197866422,
    11.19947093645));
#1409 = CARTESIAN_POINT('',(29.963269827457,-56.25692919613,
    13.363336035283));
#1410 = CARTESIAN_POINT('',(25.905228779498,-58.16228498277,
    16.345034452586));
#1411 = CARTESIAN_POINT('',(24.73884437898,-58.67725574786,
    17.185712035386));
#1412 = CARTESIAN_POINT('',(23.5563060392,-59.16673972014,
    18.021723191418));
#1413 = CARTESIAN_POINT('',(22.357898202243,-59.63018398067,
    18.852649240161));
#1414 = CARTESIAN_POINT('',(21.143921384592,-60.0670035671,
    19.678047442204));
#1415 = CARTESIAN_POINT('',(19.914692409608,-60.47658178578,
    20.497451039032));
#1416 = CARTESIAN_POINT('',(17.072995378549,-61.34837835205,
    22.354197837697));
#1417 = CARTESIAN_POINT('',(15.450874061514,-61.79249421442,
    23.387316427401));
#1418 = CARTESIAN_POINT('',(13.804869700002,-62.18925333008,
    24.408698165987));
#1419 = CARTESIAN_POINT('',(12.135774370024,-62.53718111156,
    25.417209721714));
#1420 = CARTESIAN_POINT('',(10.444489708377,-62.83470728451,
    26.411615139016));
#1421 = CARTESIAN_POINT('',(8.732030469782,-63.08017343537,
    27.390577833743));
#1422 = CARTESIAN_POINT('',(4.683828979863,-63.52801074838,
    29.638597235209));
#1423 = CARTESIAN_POINT('',(2.332474064516,-63.68804438223,
    30.894291509807));
#1424 = CARTESIAN_POINT('',(-5.195225404765E-02,-63.74780134177,
    32.116383148857));
#1425 = CARTESIAN_POINT('',(-2.466090309129,-63.70279920168,
    33.300951106352));
#1426 = CARTESIAN_POINT('',(-4.905766608909,-63.5483692475,
    34.443574279152));
#1427 = CARTESIAN_POINT('',(-7.365952331321,-63.27981906532,
    35.53939204927));
#1428 = CARTESIAN_POINT('',(-11.78059573331,-62.58906560607,
    37.401337020639));
#1429 = CARTESIAN_POINT('',(-13.72931689422,-62.21263678543,
    38.187483190772));
#1430 = CARTESIAN_POINT('',(-15.68392434762,-61.76114658087,
    38.939041815199));
#1431 = CARTESIAN_POINT('',(-17.64092672521,-61.23254724401,
    39.653243335561));
#1432 = CARTESIAN_POINT('',(-19.5963014248,-60.6250164219,
    40.327165274301));
#1433 = CARTESIAN_POINT('',(-21.54549534903,-59.93710984451,
    40.957808947718));
#1434 = CARTESIAN_POINT('',(-25.8500057746,-58.22867398391,
    42.255846230206));
#1435 = CARTESIAN_POINT('',(-28.20013238796,-57.16809197047,
    42.900618530165));
#1436 = CARTESIAN_POINT('',(-30.52389934048,-55.98481898254,
    43.470865512461));
#1437 = CARTESIAN_POINT('',(-32.81059495055,-54.67880324249,
    43.961205447472));
#1438 = CARTESIAN_POINT('',(-35.04884902751,-53.2517167344,
    44.366789231906));
#1439 = CARTESIAN_POINT('',(-37.22679830815,-51.70740108388,
    44.683606046964));
#1440 = CARTESIAN_POINT('',(-39.33242591823,-50.05275816259,
    44.909098391358));
#1441 = ORIENTED_EDGE('',*,*,#1442,.T.);
#1442 = EDGE_CURVE('',#1382,#1368,#1443,.T.);
#1443 = B_SPLINE_CURVE_WITH_KNOTS('',1,(#1444,#1445),.UNSPECIFIED.,.F.,
  .F.,(2,2),(0.,1.),.PIECEWISE_BEZIER_KNOTS.);
#1444 = CARTESIAN_POINT('',(65.863186195355,-17.64798755198,
    -23.89109297073));
#1445 = CARTESIAN_POINT('',(7.199732959282,-1.929162632159,
    -2.418778812615));
#1446 = B_SPLINE_SURFACE_WITH_KNOTS('',1,1,(
    (#1447,#1448)
    ,(#1449,#1450
    )),.UNSPECIFIED.,.F.,.F.,.F.,(2,2),(2,2),(0.,509.26257766593),(0.,
    509.26257766593),.PIECEWISE_BEZIER_KNOTS.);
#1447 = CARTESIAN_POINT('',(-207.8334079456,-207.8334079456,
    208.04991429663));
#1448 = CARTESIAN_POINT('',(-254.5591200493,254.70345761661,
    0.144337567297));
#1449 = CARTESIAN_POINT('',(254.70345761661,-254.5591200493,
    0.144337567297));
#1450 = CARTESIAN_POINT('',(207.97774551298,207.97774551298,
    -207.761239162));
#1451 = ADVANCED_FACE('',(#1452),#1484,.F.);
#1452 = FACE_BOUND('',#1453,.F.);
#1453 = EDGE_LOOP('',(#1454,#1464,#1465,#1472,#1479));
#1454 = ORIENTED_EDGE('',*,*,#1455,.F.);
#1455 = EDGE_CURVE('',#1375,#1456,#1458,.T.);
#1456 = VERTEX_POINT('',#1457);
#1457 = CARTESIAN_POINT('',(16.646546404697,-61.44274425098,48.));
#1458 = B_SPLINE_CURVE_WITH_KNOTS('',4,(#1459,#1460,#1461,#1462,#1463),
  .UNSPECIFIED.,.F.,.F.,(5,5),(0.,1.),.PIECEWISE_BEZIER_KNOTS.);
#1459 = CARTESIAN_POINT('',(16.646546404697,-61.44274425098,
    -31.61240535317));
#1460 = CARTESIAN_POINT('',(16.646546404697,-61.44274425098,
    -11.70930386488));
#1461 = CARTESIAN_POINT('',(16.646546404697,-61.44274425098,
    8.193797623413));
#1462 = CARTESIAN_POINT('',(16.646546404697,-61.44274425098,
    28.096899111706));
#1463 = CARTESIAN_POINT('',(16.646546404697,-61.44274425098,48.0000006)
  );
#1464 = ORIENTED_EDGE('',*,*,#1374,.F.);
#1465 = ORIENTED_EDGE('',*,*,#1466,.F.);
#1466 = EDGE_CURVE('',#1467,#1366,#1469,.T.);
#1467 = VERTEX_POINT('',#1468);
#1468 = CARTESIAN_POINT('',(0.197168783649,-5.283121635133E-02,
    44.961152213142));
#1469 = B_SPLINE_CURVE_WITH_KNOTS('',1,(#1470,#1471),.UNSPECIFIED.,.F.,
  .F.,(2,2),(0.,1.),.PIECEWISE_BEZIER_KNOTS.);
#1470 = CARTESIAN_POINT('',(0.197168656854,-5.283074314625E-02,
    44.961152559552));
#1471 = CARTESIAN_POINT('',(11.133230695162,-40.86676990483,
    15.083275436169));
#1472 = ORIENTED_EDGE('',*,*,#1473,.F.);
#1473 = EDGE_CURVE('',#1474,#1467,#1476,.T.);
#1474 = VERTEX_POINT('',#1475);
#1475 = CARTESIAN_POINT('',(0.197168783649,-5.283121635134E-02,48.));
#1476 = B_SPLINE_CURVE_WITH_KNOTS('',1,(#1477,#1478),.UNSPECIFIED.,.F.,
  .F.,(2,2),(0.,1.),.PIECEWISE_BEZIER_KNOTS.);
#1477 = CARTESIAN_POINT('',(0.197168783649,-5.283121635131E-02,
    111.55551553073));
#1478 = CARTESIAN_POINT('',(0.197168783649,-5.283121635133E-02,
    -18.53042912778));
#1479 = ORIENTED_EDGE('',*,*,#1480,.F.);
#1480 = EDGE_CURVE('',#1456,#1474,#1481,.T.);
#1481 = B_SPLINE_CURVE_WITH_KNOTS('',1,(#1482,#1483),.UNSPECIFIED.,.F.,
  .F.,(2,2),(0.,1.),.PIECEWISE_BEZIER_KNOTS.);
#1482 = CARTESIAN_POINT('',(17.240074754515,-63.65782220824,48.));
#1483 = CARTESIAN_POINT('',(-11.84461138784,44.887704197238,48.));
#1484 = B_SPLINE_SURFACE_WITH_KNOTS('',1,1,(
    (#1485,#1486)
    ,(#1487,#1488
    )),.UNSPECIFIED.,.F.,.F.,.F.,(2,2),(2,2),(0.,509.26257766593),(0.,
    509.26257766593),.PIECEWISE_BEZIER_KNOTS.);
#1485 = CARTESIAN_POINT('',(46.771513331092,-173.8706513966,
    311.858365094));
#1486 = CARTESIAN_POINT('',(-80.54413108539,301.27780216406,
    180.05151103606));
#1487 = CARTESIAN_POINT('',(80.885637436337,-301.1862958131,
    -180.051511036));
#1488 = CARTESIAN_POINT('',(-46.43000698014,173.96215774757,
    -311.858365094));
#1489 = ADVANCED_FACE('',(#1490),#1516,.T.);
#1490 = FACE_BOUND('',#1491,.T.);
#1491 = EDGE_LOOP('',(#1492,#1493,#1502,#1511));
#1492 = ORIENTED_EDGE('',*,*,#1480,.F.);
#1493 = ORIENTED_EDGE('',*,*,#1494,.T.);
#1494 = EDGE_CURVE('',#1456,#1495,#1497,.T.);
#1495 = VERTEX_POINT('',#1496);
#1496 = CARTESIAN_POINT('',(63.657822208242,-1.55916696416E-14,48.));
#1497 = CIRCLE('',#1498,63.657822208242);
#1498 = AXIS2_PLACEMENT_3D('',#1499,#1500,#1501);
#1499 = CARTESIAN_POINT('',(0.,0.,48.));
#1500 = DIRECTION('',(0.,0.,1.));
#1501 = DIRECTION('',(1.,0.,0.));
#1502 = ORIENTED_EDGE('',*,*,#1503,.T.);
#1503 = EDGE_CURVE('',#1495,#1504,#1506,.T.);
#1504 = VERTEX_POINT('',#1505);
#1505 = CARTESIAN_POINT('',(45.137704197238,44.887704197238,48.));
#1506 = CIRCLE('',#1507,63.657822208242);
#1507 = AXIS2_PLACEMENT_3D('',#1508,#1509,#1510);
#1508 = CARTESIAN_POINT('',(0.,0.,48.));
#1509 = DIRECTION('',(0.,0.,1.));
#1510 = DIRECTION('',(1.,0.,0.));
#1511 = ORIENTED_EDGE('',*,*,#1512,.T.);
#1512 = EDGE_CURVE('',#1504,#1474,#1513,.T.);
#1513 = B_SPLINE_CURVE_WITH_KNOTS('',1,(#1514,#1515),.UNSPECIFIED.,.F.,
  .F.,(2,2),(0.,1.),.PIECEWISE_BEZIER_KNOTS.);
#1514 = CARTESIAN_POINT('',(63.657822208242,63.407822208242,48.));
#1515 = CARTESIAN_POINT('',(-63.40782220824,-63.65782220824,48.));
#1516 = PLANE('',#1517);
#1517 = AXIS2_PLACEMENT_3D('',#1518,#1519,#1520);
#1518 = CARTESIAN_POINT('',(0.,0.,48.));
#1519 = DIRECTION('',(0.,0.,1.));
#1520 = DIRECTION('',(1.,0.,0.));
#1521 = ADVANCED_FACE('',(#1522),#1572,.F.);
#1522 = FACE_BOUND('',#1523,.F.);
#1523 = EDGE_LOOP('',(#1524,#1538,#1559,#1566,#1571));
#1524 = ORIENTED_EDGE('',*,*,#1525,.F.);
#1525 = EDGE_CURVE('',#1526,#1382,#1528,.T.);
#1526 = VERTEX_POINT('',#1527);
#1527 = CARTESIAN_POINT('',(63.657822208242,-1.55916696416E-14,
    -11.43368368795));
#1528 = B_SPLINE_CURVE_WITH_KNOTS('',8,(#1529,#1530,#1531,#1532,#1533,
    #1534,#1535,#1536,#1537),.UNSPECIFIED.,.F.,.F.,(9,9),(0.,1.),
  .PIECEWISE_BEZIER_KNOTS.);
#1529 = CARTESIAN_POINT('',(63.657822208242,-1.7763568394E-14,
    -11.43368368795));
#1530 = CARTESIAN_POINT('',(63.657822208242,-3.982628216634,
    -14.15386934683));
#1531 = CARTESIAN_POINT('',(63.373061197784,-7.99472559497,
    -16.84206793555));
#1532 = CARTESIAN_POINT('',(62.796168617488,-12.02558577615,
    -19.48961796901));
#1533 = CARTESIAN_POINT('',(61.916831725908,-16.06080639775,
    -22.08479508812));
#1534 = CARTESIAN_POINT('',(60.723391243199,-20.082338911,
    -24.61313810844));
#1535 = CARTESIAN_POINT('',(59.203243224191,-24.0684497881,
    -27.05749607242));
#1536 = CARTESIAN_POINT('',(57.343527775715,-27.99374099066,
    -29.39816827342));
#1537 = CARTESIAN_POINT('',(55.129290581931,-31.82891214335,
    -31.61240535317));
#1538 = ORIENTED_EDGE('',*,*,#1539,.F.);
#1539 = EDGE_CURVE('',#1540,#1526,#1542,.T.);
#1540 = VERTEX_POINT('',#1541);
#1541 = CARTESIAN_POINT('',(45.137704197238,44.887704197238,
    22.614605274092));
#1542 = B_SPLINE_CURVE_WITH_KNOTS('',8,(#1543,#1544,#1545,#1546,#1547,
    #1548,#1549,#1550,#1551,#1552,#1553,#1554,#1555,#1556,#1557,#1558),
  .UNSPECIFIED.,.F.,.F.,(9,7,9),(0.,0.664863399414,1.),.UNSPECIFIED.);
#1543 = CARTESIAN_POINT('',(45.137704197238,44.887704197238,
    22.614605274092));
#1544 = CARTESIAN_POINT('',(48.1827378025,41.825711417634,
    19.965945485069));
#1545 = CARTESIAN_POINT('',(50.940158403261,38.578148782731,
    17.243175960837));
#1546 = CARTESIAN_POINT('',(53.41333919268,35.169025816219,
    14.462078173876));
#1547 = CARTESIAN_POINT('',(55.603146667436,31.619311695497,
    11.636815758723));
#1548 = CARTESIAN_POINT('',(57.509843964023,27.947869467093,
    8.780224258554));
#1549 = CARTESIAN_POINT('',(59.132878269567,24.171390254445,
    5.903805094344));
#1550 = CARTESIAN_POINT('',(60.470801281643,20.304411382504,3.0177525015
    ));
#1551 = CARTESIAN_POINT('',(62.048837234477,14.36994662726,
    -1.324362928674));
#1552 = CARTESIAN_POINT('',(62.504216790502,12.36153453679,
    -2.779474140034));
#1553 = CARTESIAN_POINT('',(62.885651788654,10.335313310138,
    -4.233216424289));
#1554 = CARTESIAN_POINT('',(63.192529941873,8.293053134981,
    -5.684268664462));
#1555 = CARTESIAN_POINT('',(63.424112384872,6.236551668487,
    -7.131267816141));
#1556 = CARTESIAN_POINT('',(63.579539334147,4.167635433997,
    -8.572808989383));
#1557 = CARTESIAN_POINT('',(63.657822208242,2.088158722656,
    -10.00744475681));
#1558 = CARTESIAN_POINT('',(63.657822208242,1.293853018487E-15,
    -11.43368368795));
#1559 = ORIENTED_EDGE('',*,*,#1560,.F.);
#1560 = EDGE_CURVE('',#1561,#1540,#1563,.T.);
#1561 = VERTEX_POINT('',#1562);
#1562 = CARTESIAN_POINT('',(30.075045214212,29.825045214212,
    15.083275782579));
#1563 = B_SPLINE_CURVE_WITH_KNOTS('',1,(#1564,#1565),.UNSPECIFIED.,.F.,
  .F.,(2,2),(0.,1.),.PIECEWISE_BEZIER_KNOTS.);
#1564 = CARTESIAN_POINT('',(3.461013878281,3.211013878281,1.776260114613
    ));
#1565 = CARTESIAN_POINT('',(58.399231580298,58.149231580298,
    29.245368965622));
#1566 = ORIENTED_EDGE('',*,*,#1567,.F.);
#1567 = EDGE_CURVE('',#1368,#1561,#1568,.T.);
#1568 = B_SPLINE_CURVE_WITH_KNOTS('',1,(#1569,#1570),.UNSPECIFIED.,.F.,
  .F.,(2,2),(0.,1.),.PIECEWISE_BEZIER_KNOTS.);
#1569 = CARTESIAN_POINT('',(41.01110725252,-10.98889394748,
    -14.7946013408));
#1570 = CARTESIAN_POINT('',(30.075044960622,29.825046160622,
    15.083276475399));
#1571 = ORIENTED_EDGE('',*,*,#1442,.F.);
#1572 = B_SPLINE_SURFACE_WITH_KNOTS('',1,1,(
    (#1573,#1574)
    ,(#1575,#1576
    )),.UNSPECIFIED.,.F.,.F.,.F.,(2,2),(2,2),(0.,509.26257766593),(0.,
    509.26257766593),.PIECEWISE_BEZIER_KNOTS.);
#1573 = CARTESIAN_POINT('',(-263.1562720447,-222.815618353,
    -103.8084507973));
#1574 = CARTESIAN_POINT('',(-239.7934159929,199.25559351759,
    180.19584860335));
#1575 = CARTESIAN_POINT('',(239.84624720925,-199.4527623012,
    -179.9071734687));
#1576 = CARTESIAN_POINT('',(263.20910326106,222.6184495694,
    104.09712593196));
#1577 = ADVANCED_FACE('',(#1578),#1588,.F.);
#1578 = FACE_BOUND('',#1579,.F.);
#1579 = EDGE_LOOP('',(#1580,#1585,#1586,#1587));
#1580 = ORIENTED_EDGE('',*,*,#1581,.T.);
#1581 = EDGE_CURVE('',#1561,#1467,#1582,.T.);
#1582 = B_SPLINE_CURVE_WITH_KNOTS('',1,(#1583,#1584),.UNSPECIFIED.,.F.,
  .F.,(2,2),(0.,1.),.PIECEWISE_BEZIER_KNOTS.);
#1583 = CARTESIAN_POINT('',(30.219382781509,29.969382781509,
    14.938938215282));
#1584 = CARTESIAN_POINT('',(5.283121635131E-02,-0.197168783649,
    45.10548978044));
#1585 = ORIENTED_EDGE('',*,*,#1466,.T.);
#1586 = ORIENTED_EDGE('',*,*,#1365,.T.);
#1587 = ORIENTED_EDGE('',*,*,#1567,.T.);
#1588 = B_SPLINE_SURFACE_WITH_KNOTS('',1,1,(
    (#1589,#1590)
    ,(#1591,#1592
    )),.UNSPECIFIED.,.F.,.F.,.F.,(2,2),(2,2),(0.,52.25),(-52.25,0.),
  .PIECEWISE_BEZIER_KNOTS.);
#1589 = CARTESIAN_POINT('',(30.166551565158,30.166551565158,
    15.083275782579));
#1590 = CARTESIAN_POINT('',(41.208275782579,-11.04172421742,
    -15.08327578257));
#1591 = CARTESIAN_POINT('',(4.996003610813E-16,4.996003610813E-16,
    45.249827347737));
#1592 = CARTESIAN_POINT('',(11.041724217421,-41.20827578257,
    15.083275782579));
#1593 = ADVANCED_FACE('',(#1594),#1608,.F.);
#1594 = FACE_BOUND('',#1595,.F.);
#1595 = EDGE_LOOP('',(#1596,#1604,#1605,#1606,#1607));
#1596 = ORIENTED_EDGE('',*,*,#1597,.T.);
#1597 = EDGE_CURVE('',#1540,#1504,#1598,.T.);
#1598 = B_SPLINE_CURVE_WITH_KNOTS('',4,(#1599,#1600,#1601,#1602,#1603),
  .UNSPECIFIED.,.F.,.F.,(5,5),(0.,1.),.PIECEWISE_BEZIER_KNOTS.);
#1599 = CARTESIAN_POINT('',(45.137704197238,44.887704197238,-48.0000006)
  );
#1600 = CARTESIAN_POINT('',(45.137704197238,44.887704197238,-24.0000003)
  );
#1601 = CARTESIAN_POINT('',(45.137704197238,44.887704197238,
    7.105427357601E-14));
#1602 = CARTESIAN_POINT('',(45.137704197238,44.887704197238,24.0000003)
  );
#1603 = CARTESIAN_POINT('',(45.137704197238,44.887704197238,48.0000006)
  );
#1604 = ORIENTED_EDGE('',*,*,#1512,.T.);
#1605 = ORIENTED_EDGE('',*,*,#1473,.T.);
#1606 = ORIENTED_EDGE('',*,*,#1581,.F.);
#1607 = ORIENTED_EDGE('',*,*,#1560,.T.);
#1608 = B_SPLINE_SURFACE_WITH_KNOTS('',1,1,(
    (#1609,#1610)
    ,(#1611,#1612
    )),.UNSPECIFIED.,.F.,.F.,.F.,(2,2),(2,2),(0.,509.26257766593),(0.,
    509.26257766593),.PIECEWISE_BEZIER_KNOTS.);
#1609 = CARTESIAN_POINT('',(-254.5062888329,-254.7562888329,
    -8.526512829121E-14));
#1610 = CARTESIAN_POINT('',(0.125,-0.125,360.10302207212));
#1611 = CARTESIAN_POINT('',(0.125,-0.125,-360.1030220721));
#1612 = CARTESIAN_POINT('',(254.75628883296,254.50628883296,
    2.84217094304E-14));
#1613 = ADVANCED_FACE('',(#1614),#1623,.T.);
#1614 = FACE_BOUND('',#1615,.T.);
#1615 = EDGE_LOOP('',(#1616,#1617,#1618,#1619,#1620,#1621,#1622));
#1616 = ORIENTED_EDGE('',*,*,#1539,.F.);
#1617 = ORIENTED_EDGE('',*,*,#1597,.T.);
#1618 = ORIENTED_EDGE('',*,*,#1503,.F.);
#1619 = ORIENTED_EDGE('',*,*,#1494,.F.);
#1620 = ORIENTED_EDGE('',*,*,#1455,.F.);
#1621 = ORIENTED_EDGE('',*,*,#1381,.F.);
#1622 = ORIENTED_EDGE('',*,*,#1525,.F.);
#1623 = CYLINDRICAL_SURFACE('',#1624,63.657822208242);
#1624 = AXIS2_PLACEMENT_3D('',#1625,#1626,#1627);
#1625 = CARTESIAN_POINT('',(0.,0.,-48.));
#1626 = DIRECTION('',(0.,0.,1.));
#1627 = DIRECTION('',(1.,0.,0.));
#1628 = MANIFOLD_SOLID_BREP('',#1629);
#1629 = CLOSED_SHELL('',(#1630,#1865,#1900,#1915,#1938,#1960,#1976));
#1630 = ADVANCED_FACE('',(#1631),#1860,.T.);
#1631 = FACE_BOUND('',#1632,.T.);
#1632 = EDGE_LOOP('',(#1633,#1647,#1690,#1841,#1853));
#1633 = ORIENTED_EDGE('',*,*,#1634,.F.);
#1634 = EDGE_CURVE('',#1635,#1637,#1639,.T.);
#1635 = VERTEX_POINT('',#1636);
#1636 = CARTESIAN_POINT('',(-45.13770419723,-44.88770419723,
    -22.61460527409));
#1637 = VERTEX_POINT('',#1638);
#1638 = CARTESIAN_POINT('',(-45.13770419723,-44.88770419723,-48.));
#1639 = B_SPLINE_CURVE_WITH_KNOTS('',6,(#1640,#1641,#1642,#1643,#1644,
    #1645,#1646),.UNSPECIFIED.,.F.,.F.,(7,7),(0.,1.),
  .PIECEWISE_BEZIER_KNOTS.);
#1640 = CARTESIAN_POINT('',(-45.13770419723,-44.88770419723,
    44.797340961699));
#1641 = CARTESIAN_POINT('',(-45.13770419723,-44.88770419723,
    33.361360528048));
#1642 = CARTESIAN_POINT('',(-45.13770419723,-44.88770419723,
    17.510707771648));
#1643 = CARTESIAN_POINT('',(-45.13770419723,-44.88770419723,
    -1.730806635355));
#1644 = CARTESIAN_POINT('',(-45.13770419723,-44.88770419723,
    -22.33723389587));
#1645 = CARTESIAN_POINT('',(-45.13770419723,-44.88770419723,
    -40.19247200879));
#1646 = CARTESIAN_POINT('',(-45.13770419723,-44.88770419723,-48.0000006)
  );
#1647 = ORIENTED_EDGE('',*,*,#1648,.F.);
#1648 = EDGE_CURVE('',#1649,#1635,#1651,.T.);
#1649 = VERTEX_POINT('',#1650);
#1650 = CARTESIAN_POINT('',(-61.48873451472,16.475856756831,
    22.289932527998));
#1651 = B_SPLINE_CURVE_WITH_KNOTS('',7,(#1652,#1653,#1654,#1655,#1656,
    #1657,#1658,#1659,#1660,#1661,#1662,#1663,#1664,#1665,#1666,#1667,
    #1668,#1669,#1670,#1671,#1672,#1673,#1674,#1675,#1676,#1677,#1678,
    #1679,#1680,#1681,#1682,#1683,#1684,#1685,#1686,#1687,#1688,#1689),
  .UNSPECIFIED.,.F.,.F.,(8,6,6,6,6,6,8),(0.,0.173187488375,
    0.300608839335,0.395246370126,0.644340943055,0.897723979452,1.),
  .UNSPECIFIED.);
#1652 = CARTESIAN_POINT('',(-47.93512791562,41.887251521303,
    37.165755760845));
#1653 = CARTESIAN_POINT('',(-49.7042157064,39.862734598728,
    36.106750524006));
#1654 = CARTESIAN_POINT('',(-51.34884240694,37.779320582487,
    34.984739863683));
#1655 = CARTESIAN_POINT('',(-52.86959668012,35.646461695391,
    33.806287500901));
#1656 = CARTESIAN_POINT('',(-54.26799205874,33.472709492573,
    32.577511252165));
#1657 = CARTESIAN_POINT('',(-55.54619581704,31.265627063641,
    31.303973442458));
#1658 = CARTESIAN_POINT('',(-56.7067758919,29.031709761933,
    29.990580445677));
#1659 = CARTESIAN_POINT('',(-58.52182413055,25.116924865819,
    27.648909518674));
#1660 = CARTESIAN_POINT('',(-59.22894372189,23.446009116838,
    26.637064705301));
#1661 = CARTESIAN_POINT('',(-59.87489921235,21.765759928143,
    25.60765122669));
#1662 = CARTESIAN_POINT('',(-60.46075138136,20.078193362744,
    24.562240215593));
#1663 = CARTESIAN_POINT('',(-60.98754448669,18.385148752541,
    23.502279071498));
#1664 = CARTESIAN_POINT('',(-61.45629446621,16.688287570631,
    22.429088531171));
#1665 = CARTESIAN_POINT('',(-62.17372350569,13.727075570459,
    20.537841748989));
#1666 = CARTESIAN_POINT('',(-62.44799010468,12.463789634982,
    19.725195680257));
#1667 = CARTESIAN_POINT('',(-62.69116265432,11.199850597145,
    18.906412928331));
#1668 = CARTESIAN_POINT('',(-62.90361778428,9.935844752958,
    18.08196286885));
#1669 = CARTESIAN_POINT('',(-63.08571350423,8.672327589296,
    17.252290426722));
#1670 = CARTESIAN_POINT('',(-63.23778875351,7.409823826507,
    16.417816022812));
#1671 = CARTESIAN_POINT('',(-63.68226294804,2.829770544547,
    13.370925879153));
#1672 = CARTESIAN_POINT('',(-63.79856038828,-0.478470517755,
    11.132639121437));
#1673 = CARTESIAN_POINT('',(-63.71500064869,-3.767387699683,
    8.870974417007));
#1674 = CARTESIAN_POINT('',(-63.43625907522,-7.028800645524,
    6.592374700376));
#1675 = CARTESIAN_POINT('',(-62.96619534063,-10.25491423339,
    4.302870507998));
#1676 = CARTESIAN_POINT('',(-62.3078105581,-13.43830808207,
    2.008079296284));
#1677 = CARTESIAN_POINT('',(-60.6034975141,-19.75938435483,
    -2.621207022697));
#1678 = CARTESIAN_POINT('',(-59.5512700399,-22.89467756692,
    -4.955223103768));
#1679 = CARTESIAN_POINT('',(-58.30828828013,-25.97035071694,
    -7.283428382352));
#1680 = CARTESIAN_POINT('',(-56.87566613822,-28.9780431576,-9.5999085717
    ));
#1681 = CARTESIAN_POINT('',(-55.25393641311,-31.90855241875,
    -11.8982807588));
#1682 = CARTESIAN_POINT('',(-53.44310899725,-34.75185356153,
    -14.17169597266));
#1683 = CARTESIAN_POINT('',(-50.63455944052,-38.60491826575,
    -17.31738834963));
#1684 = CARTESIAN_POINT('',(-49.79598082756,-39.6968756271,
    -18.21667963507));
#1685 = CARTESIAN_POINT('',(-48.9264308386,-40.7720233034,
    -19.11015784729));
#1686 = CARTESIAN_POINT('',(-48.02586836998,-41.82955906036,
    -19.99728257261));
#1687 = CARTESIAN_POINT('',(-47.09425261301,-42.8686292941,
    -20.87747825722));
#1688 = CARTESIAN_POINT('',(-46.13154384093,-43.8883294095,
    -21.75013432167));
#1689 = CARTESIAN_POINT('',(-45.1377041959,-44.88770419858,
    -22.61460527525));
#1690 = ORIENTED_EDGE('',*,*,#1691,.F.);
#1691 = EDGE_CURVE('',#1692,#1649,#1694,.T.);
#1692 = VERTEX_POINT('',#1693);
#1693 = CARTESIAN_POINT('',(-16.64654640428,61.442744249441,
    -22.61460527352));
#1694 = B_SPLINE_CURVE_WITH_KNOTS('',7,(#1695,#1696,#1697,#1698,#1699,
    #1700,#1701,#1702,#1703,#1704,#1705,#1706,#1707,#1708,#1709,#1710,
    #1711,#1712,#1713,#1714,#1715,#1716,#1717,#1718,#1719,#1720,#1721,
    #1722,#1723,#1724,#1725,#1726,#1727,#1728,#1729,#1730,#1731,#1732,
    #1733,#1734,#1735,#1736,#1737,#1738,#1739,#1740,#1741,#1742,#1743,
    #1744,#1745,#1746,#1747,#1748,#1749,#1750,#1751,#1752,#1753,#1754,
    #1755,#1756,#1757,#1758,#1759,#1760,#1761,#1762,#1763,#1764,#1765,
    #1766,#1767,#1768,#1769,#1770,#1771,#1772,#1773,#1774,#1775,#1776,
    #1777,#1778,#1779,#1780,#1781,#1782,#1783,#1784,#1785,#1786,#1787,
    #1788,#1789,#1790,#1791,#1792,#1793,#1794,#1795,#1796,#1797,#1798,
    #1799,#1800,#1801,#1802,#1803,#1804,#1805,#1806,#1807,#1808,#1809,
    #1810,#1811,#1812,#1813,#1814,#1815,#1816,#1817,#1818,#1819,#1820,
    #1821,#1822,#1823,#1824,#1825,#1826,#1827,#1828,#1829,#1830,#1831,
    #1832,#1833,#1834,#1835,#1836,#1837,#1838,#1839,#1840),
  .UNSPECIFIED.,.F.,.F.,(8,6,6,6,6,6,6,6,6,6,6,6,6,6,6,6,6,6,6,6,6,6,6,6
    ,8),(0.,5.821445886485E-02,7.81375183413E-02,0.114909923347,
    0.162104343727,0.198251314437,0.225338324713,0.295373608143,
    0.365637156616,0.392759774617,0.428928965002,0.475403483261,
    0.512114124846,0.531952801702,0.572301198609,0.612934928636,
    0.632828873294,0.669584897992,0.715964072871,0.752092023215,
    0.779158944318,0.849109722217,0.928217589479,0.958926118104,1.),
  .UNSPECIFIED.);
#1695 = CARTESIAN_POINT('',(50.052758162592,39.332425918232,
    -44.90909839135));
#1696 = CARTESIAN_POINT('',(47.899782863225,42.072209937994,
    -45.20250275155));
#1697 = CARTESIAN_POINT('',(45.558232716672,44.691821577618,
    -45.34153349809));
#1698 = CARTESIAN_POINT('',(43.044850548756,47.161763451729,
    -45.31981335119));
#1699 = CARTESIAN_POINT('',(40.380720808399,49.45978210186,
    -45.13675780607));
#1700 = CARTESIAN_POINT('',(37.589878057205,51.569255454452,
    -44.79607310677));
#1701 = CARTESIAN_POINT('',(34.698910231505,53.478770643539,
    -44.30534678846));
#1702 = CARTESIAN_POINT('',(30.723297475261,55.765264741156,
    -43.46078745915));
#1703 = CARTESIAN_POINT('',(29.701020175067,56.324296573109,
    -43.22916472503));
#1704 = CARTESIAN_POINT('',(28.67115425776,56.859183120016,
    -42.98167503983));
#1705 = CARTESIAN_POINT('',(27.634675527258,57.369831388643,
    -42.71875980889));
#1706 = CARTESIAN_POINT('',(26.592523147035,57.856224425026,
    -42.44088013697));
#1707 = CARTESIAN_POINT('',(25.545596777177,58.318410474658,
    -42.14850997686));
#1708 = CARTESIAN_POINT('',(22.55519082168,59.565068583506,
    -41.27663605353));
#1709 = CARTESIAN_POINT('',(20.602318246777,60.291515297189,
    -40.66342312293));
#1710 = CARTESIAN_POINT('',(18.641445542006,60.936522566842,
    -40.00549040537));
#1711 = CARTESIAN_POINT('',(16.677346175927,61.50141508913,
    -39.30588698347));
#1712 = CARTESIAN_POINT('',(14.714250916182,61.987941855166,
    -38.56760273662));
#1713 = CARTESIAN_POINT('',(12.755843853007,62.398112332765,
    -37.79348444383));
#1714 = CARTESIAN_POINT('',(8.301845135289,63.165265046462,
    -35.95006144182));
#1715 = CARTESIAN_POINT('',(5.811530622057,63.47418749234,
    -34.85936540814));
#1716 = CARTESIAN_POINT('',(3.34066896356,63.6654792101,-33.71958043777)
  );
#1717 = CARTESIAN_POINT('',(0.894651915081,63.74396586729,
    -32.53581524213));
#1718 = CARTESIAN_POINT('',(-1.522044117059,63.714479859392,
    -31.31272422211));
#1719 = CARTESIAN_POINT('',(-3.905813971254,63.581680461621,
    -30.05443959613));
#1720 = CARTESIAN_POINT('',(-8.052301543735,63.172340537682,
    -27.77652584792));
#1721 = CARTESIAN_POINT('',(-9.829690856608,62.936732744429,
    -26.77002729485));
#1722 = CARTESIAN_POINT('',(-11.58475994762,62.645008022508,
    -25.74663038838));
#1723 = CARTESIAN_POINT('',(-13.31635623047,62.29901961737,
    -24.70783804439));
#1724 = CARTESIAN_POINT('',(-15.02346144377,61.900521159694,
    -23.6550362089));
#1725 = CARTESIAN_POINT('',(-16.70518720624,61.451157084649,
    -22.58949129015));
#1726 = CARTESIAN_POINT('',(-19.60138855853,60.578731403593,
    -20.70517777347));
#1727 = CARTESIAN_POINT('',(-20.82731124153,60.177312267527,
    -19.89150686394));
#1728 = CARTESIAN_POINT('',(-22.03820354919,59.748830193193,
    -19.07181967294));
#1729 = CARTESIAN_POINT('',(-23.23375073354,59.293896810421,
    -18.24657938938));
#1730 = CARTESIAN_POINT('',(-24.41365462352,58.813092522175,
    -17.41622530027));
#1731 = CARTESIAN_POINT('',(-25.57763338269,58.306966171156,
    -16.58117274517));
#1732 = CARTESIAN_POINT('',(-29.69310389346,56.403275762646,
    -13.57159228553));
#1733 = CARTESIAN_POINT('',(-32.55224667908,54.864829610241,
    -11.37279781652));
#1734 = CARTESIAN_POINT('',(-35.29868771708,53.169500428399,
    -9.151912706607));
#1735 = CARTESIAN_POINT('',(-37.92794326467,51.32493588914,
    -6.915002663172));
#1736 = CARTESIAN_POINT('',(-40.4354525568,49.33794875705,
    -4.667754451073));
#1737 = CARTESIAN_POINT('',(-42.81655041751,47.214488499607,
    -2.415475391991));
#1738 = CARTESIAN_POINT('',(-47.32332717602,42.69700069055,
    2.096656891793));
#1739 = CARTESIAN_POINT('',(-49.44773201837,40.30253111693,
    4.356094099772));
#1740 = CARTESIAN_POINT('',(-51.43456228521,37.781004339745,
    6.610272621792));
#1741 = CARTESIAN_POINT('',(-53.27778641643,35.137118167607,
    8.853827773462));
#1742 = CARTESIAN_POINT('',(-54.97049247084,32.375472906501,
    11.081003431226));
#1743 = CARTESIAN_POINT('',(-56.50491803292,29.500599950589,
    13.285652690222));
#1744 = CARTESIAN_POINT('',(-58.39987785984,25.364893221338,
    16.300985968308));
#1745 = CARTESIAN_POINT('',(-58.90269709912,24.196876680523,
    17.136403858354));
#1746 = CARTESIAN_POINT('',(-59.38005618397,23.012929849427,
    17.967056816326));
#1747 = CARTESIAN_POINT('',(-59.83140091408,21.813337012029,
    18.792525600083));
#1748 = CARTESIAN_POINT('',(-60.25614522428,20.598399298872,
    19.612366611759));
#1749 = CARTESIAN_POINT('',(-60.65367154154,19.368434942761,
    20.426111948447));
#1750 = CARTESIAN_POINT('',(-61.51628829217,16.463977430356,
    22.309649079961));
#1751 = CARTESIAN_POINT('',(-61.95967969466,14.778080206727,
    23.374293393021));
#1752 = CARTESIAN_POINT('',(-62.35197618449,13.066861940419,
    24.426050771092));
#1753 = CARTESIAN_POINT('',(-62.69152123117,11.331221201142,
    25.463643664071));
#1754 = CARTESIAN_POINT('',(-62.97654886665,9.572189106763,26.485673529)
  );
#1755 = CARTESIAN_POINT('',(-63.20519363478,7.790933899079,
    27.490623516906));
#1756 = CARTESIAN_POINT('',(-63.59431307053,3.673115267909,
    29.744092550366));
#1757 = CARTESIAN_POINT('',(-63.7167890501,1.323089631819,
    30.980343358198));
#1758 = CARTESIAN_POINT('',(-63.73878718105,-1.058636132624,
    32.182205305896));
#1759 = CARTESIAN_POINT('',(-63.65584907417,-3.468590827135,
    33.345713599711));
#1760 = CARTESIAN_POINT('',(-63.46335631966,-5.902469847627,
    34.466406732701));
#1761 = CARTESIAN_POINT('',(-63.15670293583,-8.355093868057,
    35.539392050998));
#1762 = CARTESIAN_POINT('',(-62.39558400411,-12.76770877617,
    37.365140039201));
#1763 = CARTESIAN_POINT('',(-61.98572743384,-14.72283079609,
    38.137772764025));
#1764 = CARTESIAN_POINT('',(-61.49976456743,-16.68261078023,
    38.874681322889));
#1765 = CARTESIAN_POINT('',(-60.93569684864,-18.64338186818,
    39.57303300747));
#1766 = CARTESIAN_POINT('',(-60.29178474145,-20.60093411501,
    40.229853077287));
#1767 = CARTESIAN_POINT('',(-59.56671022117,-22.55051844681,
    40.842107983049));
#1768 = CARTESIAN_POINT('',(-58.32371738508,-25.53326152445,
    41.711983103825));
#1769 = CARTESIAN_POINT('',(-57.8637500318,-26.57579076611,
    42.003264048013));
#1770 = CARTESIAN_POINT('',(-57.37978148498,-27.61359479295,
    42.280181788026));
#1771 = CARTESIAN_POINT('',(-56.87176359747,-28.64578574904,
    42.542268322311));
#1772 = CARTESIAN_POINT('',(-56.33971226301,-29.67143687655,
    42.789068218837));
#1773 = CARTESIAN_POINT('',(-55.78371802908,-30.68958531137,
    43.020145319283));
#1774 = CARTESIAN_POINT('',(-54.02482364558,-33.75268540748,
    43.672248175588));
#1775 = CARTESIAN_POINT('',(-52.7471658473,-35.77135502555,
    44.042754085483));
#1776 = CARTESIAN_POINT('',(-51.3727012222,-37.74631684763,
    44.343002683971));
#1777 = CARTESIAN_POINT('',(-49.90439143478,-39.66882196869,
    44.570100350795));
#1778 = CARTESIAN_POINT('',(-48.3465275809,-41.53035414483,
    44.721934511919));
#1779 = CARTESIAN_POINT('',(-46.70493151773,-43.32276190755,
    44.797340361699));
#1780 = CARTESIAN_POINT('',(-43.25746735681,-46.76630733326,
    44.795380994091));
#1781 = CARTESIAN_POINT('',(-41.45002258413,-48.41685280995,
    44.716931346098));
#1782 = CARTESIAN_POINT('',(-39.57270098769,-49.98228593336,
    44.560987109583));
#1783 = CARTESIAN_POINT('',(-37.63384671947,-51.45669794566,
    44.328765981623));
#1784 = CARTESIAN_POINT('',(-35.64216744825,-52.83575752812,
    44.022456137248));
#1785 = CARTESIAN_POINT('',(-33.60659672723,-54.11649941279,
    43.64504171907));
#1786 = CARTESIAN_POINT('',(-30.52260553275,-55.87531210317,
    42.982452467017));
#1787 = CARTESIAN_POINT('',(-29.5005426965,-56.42947084369,
    42.748500419152));
#1788 = CARTESIAN_POINT('',(-28.47105038076,-56.959540621,
    42.498789149937));
#1789 = CARTESIAN_POINT('',(-27.43509631801,-57.46543741594,
    42.233760516034));
#1790 = CARTESIAN_POINT('',(-26.39361121099,-57.94715205599,
    41.953875282545));
#1791 = CARTESIAN_POINT('',(-25.34748595179,-58.40473946307,
    41.659606356491));
#1792 = CARTESIAN_POINT('',(-22.35774343568,-59.63936835015,
    40.782049541973));
#1793 = CARTESIAN_POINT('',(-20.40500843247,-60.35842314853,
    40.165209439557));
#1794 = CARTESIAN_POINT('',(-18.44463283716,-60.99620011663,
    39.503910125953));
#1795 = CARTESIAN_POINT('',(-16.48135034063,-61.5540497602,
    38.801193699474));
#1796 = CARTESIAN_POINT('',(-14.51935360376,-62.0337380126,
    38.060039457236));
#1797 = CARTESIAN_POINT('',(-12.56229095506,-62.43728441518,
    37.283281334176));
#1798 = CARTESIAN_POINT('',(-8.153962757069,-63.1826900036,
    35.451820029393));
#1799 = CARTESIAN_POINT('',(-5.707637142313,-63.48070627005,
    34.37766535524));
#1800 = CARTESIAN_POINT('',(-3.280288897265,-63.66529562243,
    33.256285908903));
#1801 = CARTESIAN_POINT('',(-0.877017879951,-63.74103767531,
    32.092521426688));
#1802 = CARTESIAN_POINT('',(1.497935697583,-63.71251699215,
    30.890784296338));
#1803 = CARTESIAN_POINT('',(3.841150671544,-63.58415546563,
    29.654996046099));
#1804 = CARTESIAN_POINT('',(7.948494962078,-63.18547990701,
    27.401986121521));
#1805 = CARTESIAN_POINT('',(9.726050511582,-62.95282165925,
    26.396879222888));
#1806 = CARTESIAN_POINT('',(11.481358918507,-62.6640272624,
    25.374827821002));
#1807 = CARTESIAN_POINT('',(13.213264029764,-62.32095055353,
    24.337336910942));
#1808 = CARTESIAN_POINT('',(14.920744734549,-61.92534610458,
    23.28579433407));
#1809 = CARTESIAN_POINT('',(16.602910483812,-61.47885952961,
    22.221468171955));
#1810 = CARTESIAN_POINT('',(19.499724215815,-60.61152118829,
    20.339392135294));
#1811 = CARTESIAN_POINT('',(20.725797965448,-60.2123304666,
    19.526759899634));
#1812 = CARTESIAN_POINT('',(21.936882582695,-59.78608034929,
    18.708092532356));
#1813 = CARTESIAN_POINT('',(23.132663040278,-59.33338265175,
    17.883853454791));
#1814 = CARTESIAN_POINT('',(24.312841034823,-58.85481800232,
    17.054482132807));
#1815 = CARTESIAN_POINT('',(25.47713474034,-58.35093550063,
    16.220394029203));
#1816 = CARTESIAN_POINT('',(29.592500180148,-56.45594271298,
    13.215214915472));
#1817 = CARTESIAN_POINT('',(32.451557053413,-54.92412920162,
    11.01977972316));
#1818 = CARTESIAN_POINT('',(35.198295043888,-53.23560954985,
    8.802150902033));
#1819 = CARTESIAN_POINT('',(37.828245100495,-51.3980265679,
    6.568384382758));
#1820 = CARTESIAN_POINT('',(40.336866578526,-49.41818851982,4.3241546197
    ));
#1821 = CARTESIAN_POINT('',(42.719519771892,-47.30204054406,
    2.074754035138));
#1822 = CARTESIAN_POINT('',(47.517797511869,-42.51262052372,
    -2.719094845017));
#1823 = CARTESIAN_POINT('',(49.896257453639,-39.80332984907,
    -5.262970153222));
#1824 = CARTESIAN_POINT('',(52.099820973624,-36.93359845868,
    -7.799617608438));
#1825 = CARTESIAN_POINT('',(54.11973976405,-33.91000949858,
    -10.32137148366));
#1826 = CARTESIAN_POINT('',(55.94580621673,-30.73910100381,
    -12.8198589574));
#1827 = CARTESIAN_POINT('',(57.566442026483,-27.42744187063,
    -15.28600642886));
#1828 = CARTESIAN_POINT('',(59.51205544188,-22.64330654579,
    -18.65088079898));
#1829 = CARTESIAN_POINT('',(60.023067597535,-21.28529168127,
    -19.58539430907));
#1830 = CARTESIAN_POINT('',(60.500219762548,-19.90747999501,
    -20.51287623471));
#1831 = CARTESIAN_POINT('',(60.942645048984,-18.51031460098,
    -21.43267157494));
#1832 = CARTESIAN_POINT('',(61.349421242716,-17.09427713914,
    -22.34407840273));
#1833 = CARTESIAN_POINT('',(61.719572194103,-15.6598886442,
    -23.24634812589));
#1834 = CARTESIAN_POINT('',(62.496797227841,-12.26536410945,
    -25.33222291014));
#1835 = CARTESIAN_POINT('',(62.874145969663,-10.29125910009,
    -26.50794978572));
#1836 = CARTESIAN_POINT('',(63.181672327967,-8.28668888171,
    -27.66399807407));
#1837 = CARTESIAN_POINT('',(63.416710077589,-6.253233096404,
    -28.79824484153));
#1838 = CARTESIAN_POINT('',(63.576419450615,-4.192776416827,
    -29.90832786784));
#1839 = CARTESIAN_POINT('',(63.657822208242,-2.107522069833,
    -30.99165642015));
#1840 = CARTESIAN_POINT('',(63.657822208242,-2.13162820728E-14,
    -32.04541745506));
#1841 = ORIENTED_EDGE('',*,*,#1842,.T.);
#1842 = EDGE_CURVE('',#1692,#1843,#1845,.T.);
#1843 = VERTEX_POINT('',#1844);
#1844 = CARTESIAN_POINT('',(-16.64654640469,61.442744250989,-48.));
#1845 = B_SPLINE_CURVE_WITH_KNOTS('',6,(#1846,#1847,#1848,#1849,#1850,
    #1851,#1852),.UNSPECIFIED.,.F.,.F.,(7,7),(0.,1.),
  .PIECEWISE_BEZIER_KNOTS.);
#1846 = CARTESIAN_POINT('',(-16.64654640469,61.442744250989,
    22.289933127998));
#1847 = CARTESIAN_POINT('',(-16.64654640469,61.442744250989,
    9.699944132853));
#1848 = CARTESIAN_POINT('',(-16.64654640469,61.442744250989,
    -0.987607161404));
#1849 = CARTESIAN_POINT('',(-16.64654640469,61.442744250988,
    -13.71170417708));
#1850 = CARTESIAN_POINT('',(-16.64654640469,61.442744250989,
    -29.07209323394));
#1851 = CARTESIAN_POINT('',(-16.64654640469,61.442744250989,
    -43.42984286365));
#1852 = CARTESIAN_POINT('',(-16.64654640469,61.442744250989,-48.0000006)
  );
#1853 = ORIENTED_EDGE('',*,*,#1854,.T.);
#1854 = EDGE_CURVE('',#1843,#1637,#1855,.T.);
#1855 = CIRCLE('',#1856,63.657822208242);
#1856 = AXIS2_PLACEMENT_3D('',#1857,#1858,#1859);
#1857 = CARTESIAN_POINT('',(0.,0.,-48.));
#1858 = DIRECTION('',(0.,0.,1.));
#1859 = DIRECTION('',(1.,0.,0.));
#1860 = CYLINDRICAL_SURFACE('',#1861,63.657822208242);
#1861 = AXIS2_PLACEMENT_3D('',#1862,#1863,#1864);
#1862 = CARTESIAN_POINT('',(0.,0.,-48.));
#1863 = DIRECTION('',(0.,0.,1.));
#1864 = DIRECTION('',(1.,0.,0.));
#1865 = ADVANCED_FACE('',(#1866),#1895,.F.);
#1866 = FACE_BOUND('',#1867,.F.);
#1867 = EDGE_LOOP('',(#1868,#1869,#1876,#1883,#1890));
#1868 = ORIENTED_EDGE('',*,*,#1634,.F.);
#1869 = ORIENTED_EDGE('',*,*,#1870,.T.);
#1870 = EDGE_CURVE('',#1635,#1871,#1873,.T.);
#1871 = VERTEX_POINT('',#1872);
#1872 = CARTESIAN_POINT('',(-30.07504521421,-29.82504521421,
    -15.08327578257));
#1873 = B_SPLINE_CURVE_WITH_KNOTS('',1,(#1874,#1875),.UNSPECIFIED.,.F.,
  .F.,(2,2),(0.,1.),.PIECEWISE_BEZIER_KNOTS.);
#1874 = CARTESIAN_POINT('',(-58.39923158029,-58.14923158029,
    -29.24536896562));
#1875 = CARTESIAN_POINT('',(9.558674067174,9.808674067174,4.733583858114
    ));
#1876 = ORIENTED_EDGE('',*,*,#1877,.T.);
#1877 = EDGE_CURVE('',#1871,#1878,#1880,.T.);
#1878 = VERTEX_POINT('',#1879);
#1879 = CARTESIAN_POINT('',(-0.197168783649,5.283121635134E-02,
    -44.96115221314));
#1880 = B_SPLINE_CURVE_WITH_KNOTS('',1,(#1881,#1882),.UNSPECIFIED.,.F.,
  .F.,(2,2),(0.,1.),.PIECEWISE_BEZIER_KNOTS.);
#1881 = CARTESIAN_POINT('',(-30.2193827815,-29.9693827815,
    -14.93893821528));
#1882 = CARTESIAN_POINT('',(-5.28312163513E-02,0.197168783649,
    -45.10548978043));
#1883 = ORIENTED_EDGE('',*,*,#1884,.T.);
#1884 = EDGE_CURVE('',#1878,#1885,#1887,.T.);
#1885 = VERTEX_POINT('',#1886);
#1886 = CARTESIAN_POINT('',(-0.197168783649,5.283121635134E-02,-48.));
#1887 = B_SPLINE_CURVE_WITH_KNOTS('',1,(#1888,#1889),.UNSPECIFIED.,.F.,
  .F.,(2,2),(0.,1.),.PIECEWISE_BEZIER_KNOTS.);
#1888 = CARTESIAN_POINT('',(-0.197168783649,5.283121635133E-02,
    18.530429130128));
#1889 = CARTESIAN_POINT('',(-0.197168783649,5.283121635136E-02,
    -111.5555155307));
#1890 = ORIENTED_EDGE('',*,*,#1891,.T.);
#1891 = EDGE_CURVE('',#1885,#1637,#1892,.T.);
#1892 = B_SPLINE_CURVE_WITH_KNOTS('',1,(#1893,#1894),.UNSPECIFIED.,.F.,
  .F.,(2,2),(0.,1.),.PIECEWISE_BEZIER_KNOTS.);
#1893 = CARTESIAN_POINT('',(63.407822208242,63.657822208242,-48.));
#1894 = CARTESIAN_POINT('',(-63.65782220824,-63.40782220824,-48.));
#1895 = B_SPLINE_SURFACE_WITH_KNOTS('',1,1,(
    (#1896,#1897)
    ,(#1898,#1899
    )),.UNSPECIFIED.,.F.,.F.,.F.,(2,2),(2,2),(0.,509.26257766593),(0.,
    509.26257766593),.PIECEWISE_BEZIER_KNOTS.);
#1896 = CARTESIAN_POINT('',(-254.7562888329,-254.5062888329,
    2.84217094304E-14));
#1897 = CARTESIAN_POINT('',(-0.125,0.125,-360.1030220721));
#1898 = CARTESIAN_POINT('',(-0.125,0.125,360.10302207212));
#1899 = CARTESIAN_POINT('',(254.50628883296,254.75628883296,
    -8.526512829121E-14));
#1900 = ADVANCED_FACE('',(#1901),#1910,.F.);
#1901 = FACE_BOUND('',#1902,.F.);
#1902 = EDGE_LOOP('',(#1903,#1904,#1909));
#1903 = ORIENTED_EDGE('',*,*,#1891,.F.);
#1904 = ORIENTED_EDGE('',*,*,#1905,.T.);
#1905 = EDGE_CURVE('',#1885,#1843,#1906,.T.);
#1906 = B_SPLINE_CURVE_WITH_KNOTS('',1,(#1907,#1908),.UNSPECIFIED.,.F.,
  .F.,(2,2),(0.,1.),.PIECEWISE_BEZIER_KNOTS.);
#1907 = CARTESIAN_POINT('',(11.844611387845,-44.88770419723,-48.));
#1908 = CARTESIAN_POINT('',(-17.24007475451,63.657822208242,-48.));
#1909 = ORIENTED_EDGE('',*,*,#1854,.T.);
#1910 = PLANE('',#1911);
#1911 = AXIS2_PLACEMENT_3D('',#1912,#1913,#1914);
#1912 = CARTESIAN_POINT('',(0.,0.,-48.));
#1913 = DIRECTION('',(0.,0.,1.));
#1914 = DIRECTION('',(1.,0.,0.));
#1915 = ADVANCED_FACE('',(#1916),#1933,.F.);
#1916 = FACE_BOUND('',#1917,.F.);
#1917 = EDGE_LOOP('',(#1918,#1925,#1926,#1927,#1928));
#1918 = ORIENTED_EDGE('',*,*,#1919,.F.);
#1919 = EDGE_CURVE('',#1692,#1920,#1922,.T.);
#1920 = VERTEX_POINT('',#1921);
#1921 = CARTESIAN_POINT('',(-11.13323056836,40.866769431633,
    -15.08327578257));
#1922 = B_SPLINE_CURVE_WITH_KNOTS('',1,(#1923,#1924),.UNSPECIFIED.,.F.,
  .F.,(2,2),(0.,1.),.PIECEWISE_BEZIER_KNOTS.);
#1923 = CARTESIAN_POINT('',(-17.83083018313,65.862551482693,
    -24.23236700072));
#1924 = CARTESIAN_POINT('',(-2.073500199456,7.055395391982,
    -2.707453947209));
#1925 = ORIENTED_EDGE('',*,*,#1842,.T.);
#1926 = ORIENTED_EDGE('',*,*,#1905,.F.);
#1927 = ORIENTED_EDGE('',*,*,#1884,.F.);
#1928 = ORIENTED_EDGE('',*,*,#1929,.T.);
#1929 = EDGE_CURVE('',#1878,#1920,#1930,.T.);
#1930 = B_SPLINE_CURVE_WITH_KNOTS('',1,(#1931,#1932),.UNSPECIFIED.,.F.,
  .F.,(2,2),(0.,1.),.PIECEWISE_BEZIER_KNOTS.);
#1931 = CARTESIAN_POINT('',(-0.197168530059,5.283026994118E-02,
    -44.96115290596));
#1932 = CARTESIAN_POINT('',(-11.13323082195,40.866770378043,
    -15.08327508975));
#1933 = B_SPLINE_SURFACE_WITH_KNOTS('',1,1,(
    (#1934,#1935)
    ,(#1936,#1937
    )),.UNSPECIFIED.,.F.,.F.,.F.,(2,2),(2,2),(0.,509.26257766593),(0.,
    509.26257766593),.PIECEWISE_BEZIER_KNOTS.);
#1934 = CARTESIAN_POINT('',(46.430006980146,-173.9621577475,
    -311.858365094));
#1935 = CARTESIAN_POINT('',(-80.88563743633,301.18629581311,
    -180.051511036));
#1936 = CARTESIAN_POINT('',(80.544131085391,-301.277802164,
    180.05151103606));
#1937 = CARTESIAN_POINT('',(-46.77151333109,173.87065139663,
    311.858365094));
#1938 = ADVANCED_FACE('',(#1939),#1955,.F.);
#1939 = FACE_BOUND('',#1940,.F.);
#1940 = EDGE_LOOP('',(#1941,#1942,#1943,#1950));
#1941 = ORIENTED_EDGE('',*,*,#1691,.F.);
#1942 = ORIENTED_EDGE('',*,*,#1919,.T.);
#1943 = ORIENTED_EDGE('',*,*,#1944,.T.);
#1944 = EDGE_CURVE('',#1920,#1945,#1947,.T.);
#1945 = VERTEX_POINT('',#1946);
#1946 = CARTESIAN_POINT('',(-41.01110699893,10.98889300107,
    14.794600647984));
#1947 = B_SPLINE_CURVE_WITH_KNOTS('',1,(#1948,#1949),.UNSPECIFIED.,.F.,
  .F.,(2,2),(0.,1.),.PIECEWISE_BEZIER_KNOTS.);
#1948 = CARTESIAN_POINT('',(-10.98889300107,41.01110699893,
    -15.22761334987));
#1949 = CARTESIAN_POINT('',(-41.15544456622,10.844555433772,
    14.938938215282));
#1950 = ORIENTED_EDGE('',*,*,#1951,.T.);
#1951 = EDGE_CURVE('',#1945,#1649,#1952,.T.);
#1952 = B_SPLINE_CURVE_WITH_KNOTS('',1,(#1953,#1954),.UNSPECIFIED.,.F.,
  .F.,(2,2),(0.,1.),.PIECEWISE_BEZIER_KNOTS.);
#1953 = CARTESIAN_POINT('',(50.823240893045,-13.61804635402,
    -18.81910362045));
#1954 = CARTESIAN_POINT('',(-65.84185888529,17.642272916478,
    23.883286633462));
#1955 = B_SPLINE_SURFACE_WITH_KNOTS('',1,1,(
    (#1956,#1957)
    ,(#1958,#1959
    )),.UNSPECIFIED.,.F.,.F.,.F.,(2,2),(2,2),(0.,509.26257766593),(0.,
    509.26257766593),.PIECEWISE_BEZIER_KNOTS.);
#1956 = CARTESIAN_POINT('',(207.83340794568,207.83340794568,
    -208.0499142966));
#1957 = CARTESIAN_POINT('',(-254.7034576166,254.55912004931,
    -0.144337567297));
#1958 = CARTESIAN_POINT('',(254.55912004931,-254.7034576166,
    -0.144337567297));
#1959 = CARTESIAN_POINT('',(-207.9777455129,-207.9777455129,
    207.76123916204));
#1960 = ADVANCED_FACE('',(#1961),#1971,.F.);
#1961 = FACE_BOUND('',#1962,.F.);
#1962 = EDGE_LOOP('',(#1963,#1964,#1965,#1970));
#1963 = ORIENTED_EDGE('',*,*,#1648,.F.);
#1964 = ORIENTED_EDGE('',*,*,#1951,.F.);
#1965 = ORIENTED_EDGE('',*,*,#1966,.T.);
#1966 = EDGE_CURVE('',#1945,#1871,#1967,.T.);
#1967 = B_SPLINE_CURVE_WITH_KNOTS('',1,(#1968,#1969),.UNSPECIFIED.,.F.,
  .F.,(2,2),(0.,1.),.PIECEWISE_BEZIER_KNOTS.);
#1968 = CARTESIAN_POINT('',(-41.01110712572,10.988893474275,
    14.794600994394));
#1969 = CARTESIAN_POINT('',(-30.07504508741,-29.82504568741,
    -15.08327612898));
#1970 = ORIENTED_EDGE('',*,*,#1870,.F.);
#1971 = B_SPLINE_SURFACE_WITH_KNOTS('',1,1,(
    (#1972,#1973)
    ,(#1974,#1975
    )),.UNSPECIFIED.,.F.,.F.,.F.,(2,2),(2,2),(0.,509.26257766593),(0.,
    509.26257766593),.PIECEWISE_BEZIER_KNOTS.);
#1972 = CARTESIAN_POINT('',(-339.3078259324,61.385849831325,
    103.80845079737));
#1973 = CARTESIAN_POINT('',(-108.0393931513,-292.4571138288,
    -180.1958486033));
#1974 = CARTESIAN_POINT('',(107.98656193495,292.65428261247,
    179.90717346876));
#1975 = CARTESIAN_POINT('',(339.2549947161,-61.18868104767,
    -104.0971259319));
#1976 = ADVANCED_FACE('',(#1977),#1983,.T.);
#1977 = FACE_BOUND('',#1978,.T.);
#1978 = EDGE_LOOP('',(#1979,#1980,#1981,#1982));
#1979 = ORIENTED_EDGE('',*,*,#1944,.T.);
#1980 = ORIENTED_EDGE('',*,*,#1966,.T.);
#1981 = ORIENTED_EDGE('',*,*,#1877,.T.);
#1982 = ORIENTED_EDGE('',*,*,#1929,.T.);
#1983 = B_SPLINE_SURFACE_WITH_KNOTS('',1,1,(
    (#1984,#1985)
    ,(#1986,#1987
    )),.UNSPECIFIED.,.F.,.F.,.F.,(2,2),(2,2),(0.,52.25),(-52.25,0.),
  .PIECEWISE_BEZIER_KNOTS.);
#1984 = CARTESIAN_POINT('',(-11.04172421742,41.208275782579,
    -15.08327578257));
#1985 = CARTESIAN_POINT('',(-4.996003610813E-16,-4.996003610813E-16,
    -45.24982734773));
#1986 = CARTESIAN_POINT('',(-41.20827578257,11.041724217421,
    15.083275782579));
#1987 = CARTESIAN_POINT('',(-30.16655156515,-30.16655156515,
    -15.08327578257));
#1988 = MANIFOLD_SOLID_BREP('',#1989);
#1989 = CLOSED_SHELL('',(#1990,#2161,#2182,#2211,#2233,#2255,#2272));
#1990 = ADVANCED_FACE('',(#1991),#2156,.T.);
#1991 = FACE_BOUND('',#1992,.T.);
#1992 = EDGE_LOOP('',(#1993,#2004,#2014,#2069,#2148));
#1993 = ORIENTED_EDGE('',*,*,#1994,.F.);
#1994 = EDGE_CURVE('',#1995,#1997,#1999,.T.);
#1995 = VERTEX_POINT('',#1996);
#1996 = CARTESIAN_POINT('',(44.887704197238,45.137704197238,48.));
#1997 = VERTEX_POINT('',#1998);
#1998 = CARTESIAN_POINT('',(-61.44274425098,16.646546404697,48.));
#1999 = CIRCLE('',#2000,63.657822208242);
#2000 = AXIS2_PLACEMENT_3D('',#2001,#2002,#2003);
#2001 = CARTESIAN_POINT('',(0.,0.,48.));
#2002 = DIRECTION('',(0.,0.,1.));
#2003 = DIRECTION('',(1.,0.,0.));
#2004 = ORIENTED_EDGE('',*,*,#2005,.T.);
#2005 = EDGE_CURVE('',#1995,#2006,#2008,.T.);
#2006 = VERTEX_POINT('',#2007);
#2007 = CARTESIAN_POINT('',(44.887704197238,45.137704197238,
    22.614605274092));
#2008 = B_SPLINE_CURVE_WITH_KNOTS('',4,(#2009,#2010,#2011,#2012,#2013),
  .UNSPECIFIED.,.F.,.F.,(5,5),(0.,1.),.PIECEWISE_BEZIER_KNOTS.);
#2009 = CARTESIAN_POINT('',(44.887704197238,45.137704197238,48.0000006)
  );
#2010 = CARTESIAN_POINT('',(44.887704197238,45.137704197238,24.0000003)
  );
#2011 = CARTESIAN_POINT('',(44.887704197238,45.137704197238,
    1.136868377216E-13));
#2012 = CARTESIAN_POINT('',(44.887704197238,45.137704197238,-24.0000003)
  );
#2013 = CARTESIAN_POINT('',(44.887704197238,45.137704197238,-48.0000006)
  );
#2014 = ORIENTED_EDGE('',*,*,#2015,.F.);
#2015 = EDGE_CURVE('',#2016,#2006,#2018,.T.);
#2016 = VERTEX_POINT('',#2017);
#2017 = CARTESIAN_POINT('',(-16.47585675683,61.48873451472,
    -22.28993252799));
#2018 = B_SPLINE_CURVE_WITH_KNOTS('',7,(#2019,#2020,#2021,#2022,#2023,
    #2024,#2025,#2026,#2027,#2028,#2029,#2030,#2031,#2032,#2033,#2034,
    #2035,#2036,#2037,#2038,#2039,#2040,#2041,#2042,#2043,#2044,#2045,
    #2046,#2047,#2048,#2049,#2050,#2051,#2052,#2053,#2054,#2055,#2056,
    #2057,#2058,#2059,#2060,#2061,#2062,#2063,#2064,#2065,#2066,#2067,
    #2068),.UNSPECIFIED.,.F.,.F.,(8,6,6,6,6,6,6,6,8),(0.,0.156626778753,
    0.25571191605,0.379106232252,0.473511445873,0.545646571791,
    0.728729143738,0.920505149935,1.),.UNSPECIFIED.);
#2019 = CARTESIAN_POINT('',(-61.44274425185,16.646546401512,
    -44.79619784629));
#2020 = CARTESIAN_POINT('',(-60.50892957319,20.093275536503,
    -44.78918577125));
#2021 = CARTESIAN_POINT('',(-59.34927811039,23.479854208909,
    -44.61691600539));
#2022 = CARTESIAN_POINT('',(-57.97292776462,26.771677948099,
    -44.27929679364));
#2023 = CARTESIAN_POINT('',(-56.39582438486,29.941972768996,
    -43.78231937403));
#2024 = CARTESIAN_POINT('',(-54.63745485588,32.969795471038,
    -43.13546066467));
#2025 = CARTESIAN_POINT('',(-52.71971940243,35.839325695619,
    -42.35078347066));
#2026 = CARTESIAN_POINT('',(-49.3667294287,40.247358174712,
    -40.86737466331));
#2027 = CARTESIAN_POINT('',(-48.01247117116,41.888325036783,
    -40.24271685091));
#2028 = CARTESIAN_POINT('',(-46.60845934717,43.459984434309,
    -39.57139257432));
#2029 = CARTESIAN_POINT('',(-45.15980077061,44.961011514436,
    -38.85664738736));
#2030 = CARTESIAN_POINT('',(-43.67132243967,46.390775243435,
    -38.10166270395));
#2031 = CARTESIAN_POINT('',(-42.14747709458,47.749183410169,
    -37.3094629264));
#2032 = CARTESIAN_POINT('',(-38.65553109269,50.639802334551,
    -35.45343943228));
#2033 = CARTESIAN_POINT('',(-36.67030444092,52.132768901043,
    -34.37073625816));
#2034 = CARTESIAN_POINT('',(-34.64417322849,53.516301103855,
    -33.24006687096));
#2035 = CARTESIAN_POINT('',(-32.58400144767,54.791851977172,
    -32.0663853883));
#2036 = CARTESIAN_POINT('',(-30.49588837558,55.961320769691,
    -30.85420528058));
#2037 = CARTESIAN_POINT('',(-28.38511848341,57.026881436859,
    -29.60753377018));
#2038 = CARTESIAN_POINT('',(-24.62727839505,58.728293574131,
    -27.35226129043));
#2039 = CARTESIAN_POINT('',(-22.98785291165,59.406248082313,
    -26.35658714777));
#2040 = CARTESIAN_POINT('',(-21.33986354469,60.025692643152,
    -25.3443557003));
#2041 = CARTESIAN_POINT('',(-19.68517640218,60.587623722492,
    -24.31702388941));
#2042 = CARTESIAN_POINT('',(-18.02549800654,61.09301965561,
    -23.27593633938));
#2043 = CARTESIAN_POINT('',(-16.36237439233,61.542830626656,
    -22.22232290721));
#2044 = CARTESIAN_POINT('',(-13.42481958575,62.239879717882,
    -20.34350449935));
#2045 = CARTESIAN_POINT('',(-12.15126350217,62.509869383324,
    -19.52306105584));
#2046 = CARTESIAN_POINT('',(-10.87714783282,62.748331662569,
    -18.69646549603));
#2047 = CARTESIAN_POINT('',(-9.603068110766,62.955649738161,
    -17.8641947038));
#2048 = CARTESIAN_POINT('',(-8.329588673867,63.132187403959,
    -17.026700708));
#2049 = CARTESIAN_POINT('',(-7.057242710407,63.278288629584,
    -16.18441063381));
#2050 = CARTESIAN_POINT('',(-2.561405484238,63.688661750399,
    -13.18880019632));
#2051 = CARTESIAN_POINT('',(0.652873840904,63.789040290398,
    -11.01177713764));
#2052 = CARTESIAN_POINT('',(3.848508884853,63.700800638768,
    -8.812968834954));
#2053 = CARTESIAN_POINT('',(7.018000418846,63.428217069162,
    -6.598279603129));
#2054 = CARTESIAN_POINT('',(10.154195363144,62.974829064697,
    -4.373242856864));
#2055 = CARTESIAN_POINT('',(13.250277713837,62.343403623191,
    -2.143020409141));
#2056 = CARTESIAN_POINT('',(19.493948029175,60.689565256437,
    2.424159150654));
#2057 = CARTESIAN_POINT('',(22.636377083527,59.650175807491,
    4.760699580942));
#2058 = CARTESIAN_POINT('',(25.719565610405,58.41959192182,
    7.091768988951));
#2059 = CARTESIAN_POINT('',(28.735146212216,56.998976236785,
    9.411439558434));
#2060 = CARTESIAN_POINT('',(31.673935427308,55.388899872466,
    11.713334346214));
#2061 = CARTESIAN_POINT('',(34.525948539651,53.589391758982,
    13.990628369833));
#2062 = CARTESIAN_POINT('',(38.421890733369,50.774604827553,
    17.166748135552));
#2063 = CARTESIAN_POINT('',(39.546724365972,49.917066766076,
    18.091964151742));
#2064 = CARTESIAN_POINT('',(40.653891686286,49.026809297751,
    19.011101919294));
#2065 = CARTESIAN_POINT('',(41.742525689654,48.103788068012,
    19.923577380465));
#2066 = CARTESIAN_POINT('',(42.811702300313,47.147958762844,
    20.828767489797));
#2067 = CARTESIAN_POINT('',(43.860440790111,46.159277996168,
    21.726010337711));
#2068 = CARTESIAN_POINT('',(44.887704197238,45.137704197238,
    22.614605274092));
#2069 = ORIENTED_EDGE('',*,*,#2070,.F.);
#2070 = EDGE_CURVE('',#2071,#2016,#2073,.T.);
#2071 = VERTEX_POINT('',#2072);
#2072 = CARTESIAN_POINT('',(-61.44274424944,16.646546404282,
    22.614605273526));
#2073 = B_SPLINE_CURVE_WITH_KNOTS('',7,(#2074,#2075,#2076,#2077,#2078,
    #2079,#2080,#2081,#2082,#2083,#2084,#2085,#2086,#2087,#2088,#2089,
    #2090,#2091,#2092,#2093,#2094,#2095,#2096,#2097,#2098,#2099,#2100,
    #2101,#2102,#2103,#2104,#2105,#2106,#2107,#2108,#2109,#2110,#2111,
    #2112,#2113,#2114,#2115,#2116,#2117,#2118,#2119,#2120,#2121,#2122,
    #2123,#2124,#2125,#2126,#2127,#2128,#2129,#2130,#2131,#2132,#2133,
    #2134,#2135,#2136,#2137,#2138,#2139,#2140,#2141,#2142,#2143,#2144,
    #2145,#2146,#2147),.UNSPECIFIED.,.F.,.F.,(8,6,6,6,6,6,6,6,6,6,6,6,8)
  ,(0.,0.107799865685,0.174261583023,0.25955984477,0.324891164534,
    0.373847691043,0.500428076803,0.627421024285,0.676441907491,
    0.741813386656,0.825810511554,0.892160598906,1.),.UNSPECIFIED.);
#2074 = CARTESIAN_POINT('',(-45.13770419723,-44.88770419723,
    45.229210548184));
#2075 = CARTESIAN_POINT('',(-47.66880216458,-42.3425093964,
    45.222162131439));
#2076 = CARTESIAN_POINT('',(-50.03323268399,-39.63003137301,
    45.048138379451));
#2077 = CARTESIAN_POINT('',(-52.20509040335,-36.77596321291,
    44.707033159085));
#2078 = CARTESIAN_POINT('',(-54.16898903131,-33.80797060215,
    44.204986167679));
#2079 = CARTESIAN_POINT('',(-55.91651348954,-30.75380826385,
    43.551667227647));
#2080 = CARTESIAN_POINT('',(-57.44499380633,-27.64069437293,
    42.759350440583));
#2081 = CARTESIAN_POINT('',(-59.5650685835,-22.55519082167,
    41.276636053539));
#2082 = CARTESIAN_POINT('',(-60.29151529718,-20.60231824677,
    40.663423122929));
#2083 = CARTESIAN_POINT('',(-60.93652256684,-18.641445542,40.00549040537
    ));
#2084 = CARTESIAN_POINT('',(-61.50141508913,-16.67734617592,
    39.305886983474));
#2085 = CARTESIAN_POINT('',(-61.98794185516,-14.71425091618,
    38.56760273662));
#2086 = CARTESIAN_POINT('',(-62.39811233276,-12.755843853,
    37.793484443832));
#2087 = CARTESIAN_POINT('',(-63.16526504647,-8.301845135216,
    35.950061441791));
#2088 = CARTESIAN_POINT('',(-63.47418749235,-5.81153062191,
    34.859365408081));
#2089 = CARTESIAN_POINT('',(-63.66547921011,-3.340668963343,
    33.719580437676));
#2090 = CARTESIAN_POINT('',(-63.7439658673,-0.894651914795,
    32.535815241993));
#2091 = CARTESIAN_POINT('',(-63.71447985938,1.522044117414,
    31.312724221933));
#2092 = CARTESIAN_POINT('',(-63.58168046159,3.905813971673,
    30.054439595908));
#2093 = CARTESIAN_POINT('',(-63.17234053762,8.052301544217,
    27.776525847648));
#2094 = CARTESIAN_POINT('',(-62.93673274435,9.829690857088,
    26.770027294578));
#2095 = CARTESIAN_POINT('',(-62.64500802242,11.584759948105,
    25.746630388104));
#2096 = CARTESIAN_POINT('',(-62.29901961726,13.316356230951,
    24.707838044105));
#2097 = CARTESIAN_POINT('',(-61.90052115957,15.023461444256,
    23.655036208607));
#2098 = CARTESIAN_POINT('',(-61.45115708452,16.705187206716,
    22.589491289848));
#2099 = CARTESIAN_POINT('',(-60.57873140344,19.601388559006,
    20.705177773163));
#2100 = CARTESIAN_POINT('',(-60.17731226736,20.827311242006,
    19.891506863625));
#2101 = CARTESIAN_POINT('',(-59.74883019302,22.03820354966,
    19.071819672626));
#2102 = CARTESIAN_POINT('',(-59.29389681023,23.233750734013,
    18.246579389058));
#2103 = CARTESIAN_POINT('',(-58.81309252198,24.41365462399,
    17.416225299942));
#2104 = CARTESIAN_POINT('',(-58.30696617095,25.577633383159,
    16.581172744842));
#2105 = CARTESIAN_POINT('',(-56.40327576239,29.693103893932,
    13.57159228518));
#2106 = CARTESIAN_POINT('',(-54.86482960997,32.552246679543,
    11.372797816163));
#2107 = CARTESIAN_POINT('',(-53.16950042808,35.298687717571,
    9.151912706194));
#2108 = CARTESIAN_POINT('',(-51.32493588881,37.927943265122,
    6.915002662799));
#2109 = CARTESIAN_POINT('',(-49.33794875666,40.435452557268,
    4.667754450643));
#2110 = CARTESIAN_POINT('',(-47.2144884992,42.816550417963,
    2.415475391567));
#2111 = CARTESIAN_POINT('',(-42.6970006901,47.323327176432,
    -2.096656892219));
#2112 = CARTESIAN_POINT('',(-40.30253111647,49.447732018746,
    -4.35609410019));
#2113 = CARTESIAN_POINT('',(-37.78100433928,51.434562285543,
    -6.610272622188));
#2114 = CARTESIAN_POINT('',(-35.13711816714,53.277786416742,
    -8.853827773849));
#2115 = CARTESIAN_POINT('',(-32.37547290603,54.970492471116,
    -11.08100343159));
#2116 = CARTESIAN_POINT('',(-29.50059995012,56.504918033167,
    -13.28565269057));
#2117 = CARTESIAN_POINT('',(-25.36489322087,58.399877860048,
    -16.30098596864));
#2118 = CARTESIAN_POINT('',(-24.19687668005,58.902697099316,
    -17.13640385868));
#2119 = CARTESIAN_POINT('',(-23.01292984896,59.380056184152,
    -17.96705681665));
#2120 = CARTESIAN_POINT('',(-21.81333701156,59.831400914258,
    -18.7925256004));
#2121 = CARTESIAN_POINT('',(-20.5983992984,60.256145224443,
    -19.61236661207));
#2122 = CARTESIAN_POINT('',(-19.36843494229,60.653671541697,
    -20.42611194875));
#2123 = CARTESIAN_POINT('',(-16.46397742988,61.516288292297,
    -22.30964908026));
#2124 = CARTESIAN_POINT('',(-14.77808020625,61.959679694773,
    -23.37429339331));
#2125 = CARTESIAN_POINT('',(-13.06686193994,62.351976184597,
    -24.42605077138));
#2126 = CARTESIAN_POINT('',(-11.33122120066,62.691521231264,
    -25.46364366435));
#2127 = CARTESIAN_POINT('',(-9.572189106284,62.976548866727,
    -26.48567352927));
#2128 = CARTESIAN_POINT('',(-7.7909338986,63.205193634842,
    -27.49062351717));
#2129 = CARTESIAN_POINT('',(-3.673115267308,63.594313070573,
    -29.74409255068));
#2130 = CARTESIAN_POINT('',(-1.323089631095,63.71678905013,
    -30.98034335857));
#2131 = CARTESIAN_POINT('',(1.058636133475,63.738787181055,
    -32.18220530631));
#2132 = CARTESIAN_POINT('',(3.468590828115,63.655849074136,
    -33.34571360017));
#2133 = CARTESIAN_POINT('',(5.902469848735,63.463356319574,
    -34.4664067332));
#2134 = CARTESIAN_POINT('',(8.355093869294,63.156702935673,
    -35.53939205153));
#2135 = CARTESIAN_POINT('',(12.767708777556,62.395584003835,
    -37.36514003974));
#2136 = CARTESIAN_POINT('',(14.722830797483,61.985727433516,
    -38.13777276455));
#2137 = CARTESIAN_POINT('',(16.682610781633,61.499764567055,
    -38.87468132339));
#2138 = CARTESIAN_POINT('',(18.643381869583,60.935696848222,
    -39.57303300795));
#2139 = CARTESIAN_POINT('',(20.600934116414,60.291784740975,
    -40.22985307774));
#2140 = CARTESIAN_POINT('',(22.550518448214,59.566710220648,
    -40.84210798348));
#2141 = CARTESIAN_POINT('',(27.633995775657,57.448282405585,
    -42.32463273967));
#2142 = CARTESIAN_POINT('',(30.748332569418,55.919646295702,
    -43.11748308161));
#2143 = CARTESIAN_POINT('',(33.803713802209,54.171805503787,
    -43.77125330204));
#2144 = CARTESIAN_POINT('',(36.772893230446,52.207426478294,
    -44.27365350343));
#2145 = CARTESIAN_POINT('',(39.628086235342,50.034928141585,
    -44.61500083751));
#2146 = CARTESIAN_POINT('',(42.341596613265,47.669709892173,
    -44.78914690177));
#2147 = CARTESIAN_POINT('',(44.887704197238,45.137704197238,
    -44.79619784629));
#2148 = ORIENTED_EDGE('',*,*,#2149,.F.);
#2149 = EDGE_CURVE('',#1997,#2071,#2150,.T.);
#2150 = B_SPLINE_CURVE_WITH_KNOTS('',4,(#2151,#2152,#2153,#2154,#2155),
  .UNSPECIFIED.,.F.,.F.,(5,5),(0.,1.),.PIECEWISE_BEZIER_KNOTS.);
#2151 = CARTESIAN_POINT('',(-61.44274425098,16.646546404697,48.0000006)
  );
#2152 = CARTESIAN_POINT('',(-61.44274425098,16.646546404697,
    24.800950838427));
#2153 = CARTESIAN_POINT('',(-61.44274425098,16.646546404697,
    1.601901076854));
#2154 = CARTESIAN_POINT('',(-61.44274425098,16.646546404697,
    -21.59714868471));
#2155 = CARTESIAN_POINT('',(-61.44274425098,16.646546404697,
    -44.79619844629));
#2156 = CYLINDRICAL_SURFACE('',#2157,63.657822208242);
#2157 = AXIS2_PLACEMENT_3D('',#2158,#2159,#2160);
#2158 = CARTESIAN_POINT('',(0.,0.,-48.));
#2159 = DIRECTION('',(0.,0.,1.));
#2160 = DIRECTION('',(1.,0.,0.));
#2161 = ADVANCED_FACE('',(#2162),#2177,.T.);
#2162 = FACE_BOUND('',#2163,.T.);
#2163 = EDGE_LOOP('',(#2164,#2171,#2176));
#2164 = ORIENTED_EDGE('',*,*,#2165,.F.);
#2165 = EDGE_CURVE('',#2166,#1997,#2168,.T.);
#2166 = VERTEX_POINT('',#2167);
#2167 = CARTESIAN_POINT('',(-5.28312163513E-02,0.197168783649,48.));
#2168 = B_SPLINE_CURVE_WITH_KNOTS('',1,(#2169,#2170),.UNSPECIFIED.,.F.,
  .F.,(2,2),(0.,1.),.PIECEWISE_BEZIER_KNOTS.);
#2169 = CARTESIAN_POINT('',(44.887704197238,-11.84461138784,48.));
#2170 = CARTESIAN_POINT('',(-63.65782220824,17.240074754515,48.));
#2171 = ORIENTED_EDGE('',*,*,#2172,.T.);
#2172 = EDGE_CURVE('',#2166,#1995,#2173,.T.);
#2173 = B_SPLINE_CURVE_WITH_KNOTS('',1,(#2174,#2175),.UNSPECIFIED.,.F.,
  .F.,(2,2),(0.,1.),.PIECEWISE_BEZIER_KNOTS.);
#2174 = CARTESIAN_POINT('',(-63.65782220824,-63.40782220824,48.));
#2175 = CARTESIAN_POINT('',(63.407822208242,63.657822208242,48.));
#2176 = ORIENTED_EDGE('',*,*,#1994,.T.);
#2177 = PLANE('',#2178);
#2178 = AXIS2_PLACEMENT_3D('',#2179,#2180,#2181);
#2179 = CARTESIAN_POINT('',(0.,0.,48.));
#2180 = DIRECTION('',(0.,0.,1.));
#2181 = DIRECTION('',(1.,0.,0.));
#2182 = ADVANCED_FACE('',(#2183),#2206,.F.);
#2183 = FACE_BOUND('',#2184,.F.);
#2184 = EDGE_LOOP('',(#2185,#2186,#2187,#2194,#2201));
#2185 = ORIENTED_EDGE('',*,*,#2149,.F.);
#2186 = ORIENTED_EDGE('',*,*,#2165,.F.);
#2187 = ORIENTED_EDGE('',*,*,#2188,.F.);
#2188 = EDGE_CURVE('',#2189,#2166,#2191,.T.);
#2189 = VERTEX_POINT('',#2190);
#2190 = CARTESIAN_POINT('',(-5.28312163513E-02,0.197168783649,
    44.961152213142));
#2191 = B_SPLINE_CURVE_WITH_KNOTS('',1,(#2192,#2193),.UNSPECIFIED.,.F.,
  .F.,(2,2),(0.,1.),.PIECEWISE_BEZIER_KNOTS.);
#2192 = CARTESIAN_POINT('',(-5.28312163513E-02,0.197168783649,
    -18.53042912778));
#2193 = CARTESIAN_POINT('',(-5.28312163513E-02,0.197168783649,
    111.55551553073));
#2194 = ORIENTED_EDGE('',*,*,#2195,.F.);
#2195 = EDGE_CURVE('',#2196,#2189,#2198,.T.);
#2196 = VERTEX_POINT('',#2197);
#2197 = CARTESIAN_POINT('',(-40.86676943163,11.133230568367,
    15.083275782579));
#2198 = B_SPLINE_CURVE_WITH_KNOTS('',1,(#2199,#2200),.UNSPECIFIED.,.F.,
  .F.,(2,2),(0.,1.),.PIECEWISE_BEZIER_KNOTS.);
#2199 = CARTESIAN_POINT('',(-40.86676990483,11.133230695162,
    15.083275436169));
#2200 = CARTESIAN_POINT('',(-5.28307431462E-02,0.197168656854,
    44.961152559552));
#2201 = ORIENTED_EDGE('',*,*,#2202,.F.);
#2202 = EDGE_CURVE('',#2071,#2196,#2203,.T.);
#2203 = B_SPLINE_CURVE_WITH_KNOTS('',1,(#2204,#2205),.UNSPECIFIED.,.F.,
  .F.,(2,2),(0.,1.),.PIECEWISE_BEZIER_KNOTS.);
#2204 = CARTESIAN_POINT('',(-65.86255148269,17.830830183134,
    24.232367000727));
#2205 = CARTESIAN_POINT('',(50.804238481746,-13.42994197137,
    -18.47064190424));
#2206 = B_SPLINE_SURFACE_WITH_KNOTS('',1,1,(
    (#2207,#2208)
    ,(#2209,#2210
    )),.UNSPECIFIED.,.F.,.F.,.F.,(2,2),(2,2),(0.,509.26257766593),(0.,
    509.26257766593),.PIECEWISE_BEZIER_KNOTS.);
#2207 = CARTESIAN_POINT('',(-173.8706513966,46.771513331092,
    311.858365094));
#2208 = CARTESIAN_POINT('',(-301.1862958131,80.885637436337,
    -180.051511036));
#2209 = CARTESIAN_POINT('',(301.27780216405,-80.54413108539,
    180.05151103606));
#2210 = CARTESIAN_POINT('',(173.96215774757,-46.43000698014,
    -311.858365094));
#2211 = ADVANCED_FACE('',(#2212),#2228,.F.);
#2212 = FACE_BOUND('',#2213,.F.);
#2213 = EDGE_LOOP('',(#2214,#2215,#2216,#2223));
#2214 = ORIENTED_EDGE('',*,*,#2070,.F.);
#2215 = ORIENTED_EDGE('',*,*,#2202,.T.);
#2216 = ORIENTED_EDGE('',*,*,#2217,.F.);
#2217 = EDGE_CURVE('',#2218,#2196,#2220,.T.);
#2218 = VERTEX_POINT('',#2219);
#2219 = CARTESIAN_POINT('',(-10.98889300107,41.01110699893,
    -14.79460064798));
#2220 = B_SPLINE_CURVE_WITH_KNOTS('',1,(#2221,#2222),.UNSPECIFIED.,.F.,
  .F.,(2,2),(0.,1.),.PIECEWISE_BEZIER_KNOTS.);
#2221 = CARTESIAN_POINT('',(-10.84455543377,41.155444566228,
    -14.93893821528));
#2222 = CARTESIAN_POINT('',(-41.01110699893,10.98889300107,
    15.227613349876));
#2223 = ORIENTED_EDGE('',*,*,#2224,.T.);
#2224 = EDGE_CURVE('',#2218,#2016,#2225,.T.);
#2225 = B_SPLINE_CURVE_WITH_KNOTS('',1,(#2226,#2227),.UNSPECIFIED.,.F.,
  .F.,(2,2),(0.,1.),.PIECEWISE_BEZIER_KNOTS.);
#2226 = CARTESIAN_POINT('',(-1.929162632159,7.19973295928,
    -2.418778812614));
#2227 = CARTESIAN_POINT('',(-17.64227291648,65.841858885311,
    -23.88328663346));
#2228 = B_SPLINE_SURFACE_WITH_KNOTS('',1,1,(
    (#2229,#2230)
    ,(#2231,#2232
    )),.UNSPECIFIED.,.F.,.F.,.F.,(2,2),(2,2),(0.,509.26257766593),(0.,
    509.26257766593),.PIECEWISE_BEZIER_KNOTS.);
#2229 = CARTESIAN_POINT('',(-207.8334079456,-207.8334079456,
    208.04991429663));
#2230 = CARTESIAN_POINT('',(-254.5591200493,254.70345761661,
    0.144337567297));
#2231 = CARTESIAN_POINT('',(254.70345761661,-254.5591200493,
    0.144337567297));
#2232 = CARTESIAN_POINT('',(207.97774551298,207.97774551298,
    -207.761239162));
#2233 = ADVANCED_FACE('',(#2234),#2250,.F.);
#2234 = FACE_BOUND('',#2235,.F.);
#2235 = EDGE_LOOP('',(#2236,#2237,#2238,#2245));
#2236 = ORIENTED_EDGE('',*,*,#2015,.F.);
#2237 = ORIENTED_EDGE('',*,*,#2224,.F.);
#2238 = ORIENTED_EDGE('',*,*,#2239,.F.);
#2239 = EDGE_CURVE('',#2240,#2218,#2242,.T.);
#2240 = VERTEX_POINT('',#2241);
#2241 = CARTESIAN_POINT('',(29.825045214212,30.075045214212,
    15.083275782579));
#2242 = B_SPLINE_CURVE_WITH_KNOTS('',1,(#2243,#2244),.UNSPECIFIED.,.F.,
  .F.,(2,2),(0.,1.),.PIECEWISE_BEZIER_KNOTS.);
#2243 = CARTESIAN_POINT('',(29.825046160622,30.075044960622,
    15.083276475399));
#2244 = CARTESIAN_POINT('',(-10.98889394748,41.01110725252,
    -14.7946013408));
#2245 = ORIENTED_EDGE('',*,*,#2246,.F.);
#2246 = EDGE_CURVE('',#2006,#2240,#2247,.T.);
#2247 = B_SPLINE_CURVE_WITH_KNOTS('',1,(#2248,#2249),.UNSPECIFIED.,.F.,
  .F.,(2,2),(0.,1.),.PIECEWISE_BEZIER_KNOTS.);
#2248 = CARTESIAN_POINT('',(58.149231580298,58.399231580298,
    29.245368965622));
#2249 = CARTESIAN_POINT('',(3.211013877313,3.461013877313,1.776260114129
    ));
#2250 = B_SPLINE_SURFACE_WITH_KNOTS('',1,1,(
    (#2251,#2252)
    ,(#2253,#2254
    )),.UNSPECIFIED.,.F.,.F.,.F.,(2,2),(2,2),(0.,509.26257766593),(0.,
    509.26257766593),.PIECEWISE_BEZIER_KNOTS.);
#2251 = CARTESIAN_POINT('',(-222.815618353,-263.1562720447,
    -103.8084507973));
#2252 = CARTESIAN_POINT('',(-199.4527623012,239.84624720925,
    -179.9071734687));
#2253 = CARTESIAN_POINT('',(199.25559351759,-239.7934159929,
    180.19584860335));
#2254 = CARTESIAN_POINT('',(222.6184495694,263.20910326106,
    104.09712593196));
#2255 = ADVANCED_FACE('',(#2256),#2267,.F.);
#2256 = FACE_BOUND('',#2257,.F.);
#2257 = EDGE_LOOP('',(#2258,#2263,#2264,#2265,#2266));
#2258 = ORIENTED_EDGE('',*,*,#2259,.F.);
#2259 = EDGE_CURVE('',#2189,#2240,#2260,.T.);
#2260 = B_SPLINE_CURVE_WITH_KNOTS('',1,(#2261,#2262),.UNSPECIFIED.,.F.,
  .F.,(2,2),(0.,1.),.PIECEWISE_BEZIER_KNOTS.);
#2261 = CARTESIAN_POINT('',(-0.197168783649,5.28312163513E-02,
    45.105489780439));
#2262 = CARTESIAN_POINT('',(29.969382781509,30.219382781509,
    14.938938215282));
#2263 = ORIENTED_EDGE('',*,*,#2188,.T.);
#2264 = ORIENTED_EDGE('',*,*,#2172,.T.);
#2265 = ORIENTED_EDGE('',*,*,#2005,.T.);
#2266 = ORIENTED_EDGE('',*,*,#2246,.T.);
#2267 = B_SPLINE_SURFACE_WITH_KNOTS('',1,1,(
    (#2268,#2269)
    ,(#2270,#2271
    )),.UNSPECIFIED.,.F.,.F.,.F.,(2,2),(2,2),(0.,509.26257766593),(0.,
    509.26257766593),.PIECEWISE_BEZIER_KNOTS.);
#2268 = CARTESIAN_POINT('',(-254.7562888329,-254.5062888329,
    2.84217094304E-14));
#2269 = CARTESIAN_POINT('',(-0.125,0.125,-360.1030220721));
#2270 = CARTESIAN_POINT('',(-0.125,0.125,360.10302207212));
#2271 = CARTESIAN_POINT('',(254.50628883296,254.75628883296,
    -8.526512829121E-14));
#2272 = ADVANCED_FACE('',(#2273),#2279,.F.);
#2273 = FACE_BOUND('',#2274,.F.);
#2274 = EDGE_LOOP('',(#2275,#2276,#2277,#2278));
#2275 = ORIENTED_EDGE('',*,*,#2239,.T.);
#2276 = ORIENTED_EDGE('',*,*,#2217,.T.);
#2277 = ORIENTED_EDGE('',*,*,#2195,.T.);
#2278 = ORIENTED_EDGE('',*,*,#2259,.T.);
#2279 = B_SPLINE_SURFACE_WITH_KNOTS('',1,1,(
    (#2280,#2281)
    ,(#2282,#2283
    )),.UNSPECIFIED.,.F.,.F.,.F.,(2,2),(2,2),(0.,52.25),(0.,52.25),
  .PIECEWISE_BEZIER_KNOTS.);
#2280 = CARTESIAN_POINT('',(-11.04172421742,41.208275782579,
    -15.08327578257));
#2281 = CARTESIAN_POINT('',(30.166551565158,30.166551565158,
    15.083275782579));
#2282 = CARTESIAN_POINT('',(-41.20827578257,11.041724217421,
    15.083275782579));
#2283 = CARTESIAN_POINT('',(4.996003610813E-16,4.996003610813E-16,
    45.249827347737));
#2284 = MANIFOLD_SOLID_BREP('',#2285);
#2285 = CLOSED_SHELL('',(#2286,#2527,#2562,#2585,#2607,#2628,#2639));
#2286 = ADVANCED_FACE('',(#2287),#2522,.T.);
#2287 = FACE_BOUND('',#2288,.T.);
#2288 = EDGE_LOOP('',(#2289,#2301,#2310,#2322,#2473,#2510));
#2289 = ORIENTED_EDGE('',*,*,#2290,.F.);
#2290 = EDGE_CURVE('',#2291,#2293,#2295,.T.);
#2291 = VERTEX_POINT('',#2292);
#2292 = CARTESIAN_POINT('',(-44.88770419723,-45.13770419723,-48.));
#2293 = VERTEX_POINT('',#2294);
#2294 = CARTESIAN_POINT('',(-44.88770419723,-45.13770419723,
    -22.61460527409));
#2295 = B_SPLINE_CURVE_WITH_KNOTS('',4,(#2296,#2297,#2298,#2299,#2300),
  .UNSPECIFIED.,.F.,.F.,(5,5),(0.,1.),.PIECEWISE_BEZIER_KNOTS.);
#2296 = CARTESIAN_POINT('',(-44.88770419723,-45.13770419723,-48.0000006)
  );
#2297 = CARTESIAN_POINT('',(-44.88770419723,-45.13770419723,
    -24.80066520957));
#2298 = CARTESIAN_POINT('',(-44.88770419723,-45.13770419723,
    -1.601329819151));
#2299 = CARTESIAN_POINT('',(-44.88770419723,-45.13770419723,
    21.598005571274));
#2300 = CARTESIAN_POINT('',(-44.88770419723,-45.13770419723,
    44.797340961699));
#2301 = ORIENTED_EDGE('',*,*,#2302,.T.);
#2302 = EDGE_CURVE('',#2291,#2303,#2305,.T.);
#2303 = VERTEX_POINT('',#2304);
#2304 = CARTESIAN_POINT('',(61.442744250989,-16.64654640469,-48.));
#2305 = CIRCLE('',#2306,63.657822208242);
#2306 = AXIS2_PLACEMENT_3D('',#2307,#2308,#2309);
#2307 = CARTESIAN_POINT('',(0.,0.,-48.));
#2308 = DIRECTION('',(0.,0.,1.));
#2309 = DIRECTION('',(1.,0.,0.));
#2310 = ORIENTED_EDGE('',*,*,#2311,.T.);
#2311 = EDGE_CURVE('',#2303,#2312,#2314,.T.);
#2312 = VERTEX_POINT('',#2313);
#2313 = CARTESIAN_POINT('',(61.442744282689,-16.64654641319,
    -22.61460528569));
#2314 = B_SPLINE_CURVE_WITH_KNOTS('',6,(#2315,#2316,#2317,#2318,#2319,
    #2320,#2321),.UNSPECIFIED.,.F.,.F.,(7,7),(0.,1.),
  .PIECEWISE_BEZIER_KNOTS.);
#2315 = CARTESIAN_POINT('',(61.442744250989,-16.64654640469,-48.0000006)
  );
#2316 = CARTESIAN_POINT('',(61.442744250989,-16.64654640469,
    -43.14682842612));
#2317 = CARTESIAN_POINT('',(61.442744250989,-16.64654640469,
    -28.51206556647));
#2318 = CARTESIAN_POINT('',(61.442744250989,-16.64654640469,
    -12.79801878832));
#2319 = CARTESIAN_POINT('',(61.442744250989,-16.64654640469,
    0.326555416851));
#2320 = CARTESIAN_POINT('',(61.442744250989,-16.64654640469,
    11.056317573875));
#2321 = CARTESIAN_POINT('',(61.442744250989,-16.64654640469,
    22.28993312919));
#2322 = ORIENTED_EDGE('',*,*,#2323,.F.);
#2323 = EDGE_CURVE('',#2324,#2312,#2326,.T.);
#2324 = VERTEX_POINT('',#2325);
#2325 = CARTESIAN_POINT('',(16.475856756837,-61.48873451474,
    22.289932528006));
#2326 = B_SPLINE_CURVE_WITH_KNOTS('',7,(#2327,#2328,#2329,#2330,#2331,
    #2332,#2333,#2334,#2335,#2336,#2337,#2338,#2339,#2340,#2341,#2342,
    #2343,#2344,#2345,#2346,#2347,#2348,#2349,#2350,#2351,#2352,#2353,
    #2354,#2355,#2356,#2357,#2358,#2359,#2360,#2361,#2362,#2363,#2364,
    #2365,#2366,#2367,#2368,#2369,#2370,#2371,#2372,#2373,#2374,#2375,
    #2376,#2377,#2378,#2379,#2380,#2381,#2382,#2383,#2384,#2385,#2386,
    #2387,#2388,#2389,#2390,#2391,#2392,#2393,#2394,#2395,#2396,#2397,
    #2398,#2399,#2400,#2401,#2402,#2403,#2404,#2405,#2406,#2407,#2408,
    #2409,#2410,#2411,#2412,#2413,#2414,#2415,#2416,#2417,#2418,#2419,
    #2420,#2421,#2422,#2423,#2424,#2425,#2426,#2427,#2428,#2429,#2430,
    #2431,#2432,#2433,#2434,#2435,#2436,#2437,#2438,#2439,#2440,#2441,
    #2442,#2443,#2444,#2445,#2446,#2447,#2448,#2449,#2450,#2451,#2452,
    #2453,#2454,#2455,#2456,#2457,#2458,#2459,#2460,#2461,#2462,#2463,
    #2464,#2465,#2466,#2467,#2468,#2469,#2470,#2471,#2472),
  .UNSPECIFIED.,.F.,.F.,(8,6,6,6,6,6,6,6,6,6,6,6,6,6,6,6,6,6,6,6,6,6,6,6
    ,8),(0.,5.821445886485E-02,7.81375183413E-02,0.114909923347,
    0.162104343727,0.198251314437,0.225338324713,0.295373608143,
    0.365637156616,0.392759774617,0.428928965002,0.475403483261,
    0.512114124846,0.531952801702,0.572301198609,0.612934928636,
    0.632828873294,0.669584897992,0.715964072871,0.752092023215,
    0.779158944318,0.849109722217,0.928217589479,0.958926118104,1.),
  .UNSPECIFIED.);
#2327 = CARTESIAN_POINT('',(50.052758162592,39.332425918232,
    -44.90909839135));
#2328 = CARTESIAN_POINT('',(47.899782863225,42.072209937994,
    -45.20250275155));
#2329 = CARTESIAN_POINT('',(45.558232716672,44.691821577618,
    -45.34153349809));
#2330 = CARTESIAN_POINT('',(43.044850548756,47.161763451729,
    -45.31981335119));
#2331 = CARTESIAN_POINT('',(40.380720808399,49.45978210186,
    -45.13675780607));
#2332 = CARTESIAN_POINT('',(37.589878057205,51.569255454452,
    -44.79607310677));
#2333 = CARTESIAN_POINT('',(34.698910231505,53.478770643539,
    -44.30534678846));
#2334 = CARTESIAN_POINT('',(30.723297475261,55.765264741156,
    -43.46078745915));
#2335 = CARTESIAN_POINT('',(29.701020175067,56.324296573109,
    -43.22916472503));
#2336 = CARTESIAN_POINT('',(28.67115425776,56.859183120016,
    -42.98167503983));
#2337 = CARTESIAN_POINT('',(27.634675527258,57.369831388643,
    -42.71875980889));
#2338 = CARTESIAN_POINT('',(26.592523147035,57.856224425026,
    -42.44088013697));
#2339 = CARTESIAN_POINT('',(25.545596777177,58.318410474658,
    -42.14850997686));
#2340 = CARTESIAN_POINT('',(22.55519082168,59.565068583506,
    -41.27663605353));
#2341 = CARTESIAN_POINT('',(20.602318246777,60.291515297189,
    -40.66342312293));
#2342 = CARTESIAN_POINT('',(18.641445542006,60.936522566842,
    -40.00549040537));
#2343 = CARTESIAN_POINT('',(16.677346175927,61.50141508913,
    -39.30588698347));
#2344 = CARTESIAN_POINT('',(14.714250916182,61.987941855166,
    -38.56760273662));
#2345 = CARTESIAN_POINT('',(12.755843853007,62.398112332765,
    -37.79348444383));
#2346 = CARTESIAN_POINT('',(8.301845135289,63.165265046462,
    -35.95006144182));
#2347 = CARTESIAN_POINT('',(5.811530622057,63.47418749234,
    -34.85936540814));
#2348 = CARTESIAN_POINT('',(3.34066896356,63.6654792101,-33.71958043777)
  );
#2349 = CARTESIAN_POINT('',(0.894651915081,63.74396586729,
    -32.53581524213));
#2350 = CARTESIAN_POINT('',(-1.522044117059,63.714479859392,
    -31.31272422211));
#2351 = CARTESIAN_POINT('',(-3.905813971254,63.581680461621,
    -30.05443959613));
#2352 = CARTESIAN_POINT('',(-8.052301543735,63.172340537682,
    -27.77652584792));
#2353 = CARTESIAN_POINT('',(-9.829690856608,62.936732744429,
    -26.77002729485));
#2354 = CARTESIAN_POINT('',(-11.58475994762,62.645008022508,
    -25.74663038838));
#2355 = CARTESIAN_POINT('',(-13.31635623047,62.29901961737,
    -24.70783804439));
#2356 = CARTESIAN_POINT('',(-15.02346144377,61.900521159694,
    -23.6550362089));
#2357 = CARTESIAN_POINT('',(-16.70518720624,61.451157084649,
    -22.58949129015));
#2358 = CARTESIAN_POINT('',(-19.60138855853,60.578731403593,
    -20.70517777347));
#2359 = CARTESIAN_POINT('',(-20.82731124153,60.177312267527,
    -19.89150686394));
#2360 = CARTESIAN_POINT('',(-22.03820354919,59.748830193193,
    -19.07181967294));
#2361 = CARTESIAN_POINT('',(-23.23375073354,59.293896810421,
    -18.24657938938));
#2362 = CARTESIAN_POINT('',(-24.41365462352,58.813092522175,
    -17.41622530027));
#2363 = CARTESIAN_POINT('',(-25.57763338269,58.306966171156,
    -16.58117274517));
#2364 = CARTESIAN_POINT('',(-29.69310389346,56.403275762646,
    -13.57159228553));
#2365 = CARTESIAN_POINT('',(-32.55224667908,54.864829610241,
    -11.37279781652));
#2366 = CARTESIAN_POINT('',(-35.29868771708,53.169500428399,
    -9.151912706607));
#2367 = CARTESIAN_POINT('',(-37.92794326467,51.32493588914,
    -6.915002663172));
#2368 = CARTESIAN_POINT('',(-40.4354525568,49.33794875705,
    -4.667754451073));
#2369 = CARTESIAN_POINT('',(-42.81655041751,47.214488499607,
    -2.415475391991));
#2370 = CARTESIAN_POINT('',(-47.32332717602,42.69700069055,
    2.096656891793));
#2371 = CARTESIAN_POINT('',(-49.44773201837,40.30253111693,
    4.356094099772));
#2372 = CARTESIAN_POINT('',(-51.43456228521,37.781004339745,
    6.610272621792));
#2373 = CARTESIAN_POINT('',(-53.27778641643,35.137118167607,
    8.853827773462));
#2374 = CARTESIAN_POINT('',(-54.97049247084,32.375472906501,
    11.081003431226));
#2375 = CARTESIAN_POINT('',(-56.50491803292,29.500599950589,
    13.285652690222));
#2376 = CARTESIAN_POINT('',(-58.39987785984,25.364893221338,
    16.300985968308));
#2377 = CARTESIAN_POINT('',(-58.90269709912,24.196876680523,
    17.136403858354));
#2378 = CARTESIAN_POINT('',(-59.38005618397,23.012929849427,
    17.967056816326));
#2379 = CARTESIAN_POINT('',(-59.83140091408,21.813337012029,
    18.792525600083));
#2380 = CARTESIAN_POINT('',(-60.25614522428,20.598399298872,
    19.612366611759));
#2381 = CARTESIAN_POINT('',(-60.65367154154,19.368434942761,
    20.426111948447));
#2382 = CARTESIAN_POINT('',(-61.51628829217,16.463977430356,
    22.309649079961));
#2383 = CARTESIAN_POINT('',(-61.95967969466,14.778080206727,
    23.374293393021));
#2384 = CARTESIAN_POINT('',(-62.35197618449,13.066861940419,
    24.426050771092));
#2385 = CARTESIAN_POINT('',(-62.69152123117,11.331221201142,
    25.463643664071));
#2386 = CARTESIAN_POINT('',(-62.97654886665,9.572189106763,26.485673529)
  );
#2387 = CARTESIAN_POINT('',(-63.20519363478,7.790933899079,
    27.490623516906));
#2388 = CARTESIAN_POINT('',(-63.59431307053,3.673115267909,
    29.744092550366));
#2389 = CARTESIAN_POINT('',(-63.7167890501,1.323089631819,
    30.980343358198));
#2390 = CARTESIAN_POINT('',(-63.73878718105,-1.058636132624,
    32.182205305896));
#2391 = CARTESIAN_POINT('',(-63.65584907417,-3.468590827135,
    33.345713599711));
#2392 = CARTESIAN_POINT('',(-63.46335631966,-5.902469847627,
    34.466406732701));
#2393 = CARTESIAN_POINT('',(-63.15670293583,-8.355093868057,
    35.539392050998));
#2394 = CARTESIAN_POINT('',(-62.39558400411,-12.76770877617,
    37.365140039201));
#2395 = CARTESIAN_POINT('',(-61.98572743384,-14.72283079609,
    38.137772764025));
#2396 = CARTESIAN_POINT('',(-61.49976456743,-16.68261078023,
    38.874681322889));
#2397 = CARTESIAN_POINT('',(-60.93569684864,-18.64338186818,
    39.57303300747));
#2398 = CARTESIAN_POINT('',(-60.29178474145,-20.60093411501,
    40.229853077287));
#2399 = CARTESIAN_POINT('',(-59.56671022117,-22.55051844681,
    40.842107983049));
#2400 = CARTESIAN_POINT('',(-58.32371738508,-25.53326152445,
    41.711983103825));
#2401 = CARTESIAN_POINT('',(-57.8637500318,-26.57579076611,
    42.003264048013));
#2402 = CARTESIAN_POINT('',(-57.37978148498,-27.61359479295,
    42.280181788026));
#2403 = CARTESIAN_POINT('',(-56.87176359747,-28.64578574904,
    42.542268322311));
#2404 = CARTESIAN_POINT('',(-56.33971226301,-29.67143687655,
    42.789068218837));
#2405 = CARTESIAN_POINT('',(-55.78371802908,-30.68958531137,
    43.020145319283));
#2406 = CARTESIAN_POINT('',(-54.02482364558,-33.75268540748,
    43.672248175588));
#2407 = CARTESIAN_POINT('',(-52.7471658473,-35.77135502555,
    44.042754085483));
#2408 = CARTESIAN_POINT('',(-51.3727012222,-37.74631684763,
    44.343002683971));
#2409 = CARTESIAN_POINT('',(-49.90439143478,-39.66882196869,
    44.570100350795));
#2410 = CARTESIAN_POINT('',(-48.3465275809,-41.53035414483,
    44.721934511919));
#2411 = CARTESIAN_POINT('',(-46.70493151773,-43.32276190755,
    44.797340361699));
#2412 = CARTESIAN_POINT('',(-43.25746735681,-46.76630733326,
    44.795380994091));
#2413 = CARTESIAN_POINT('',(-41.45002258413,-48.41685280995,
    44.716931346098));
#2414 = CARTESIAN_POINT('',(-39.57270098769,-49.98228593336,
    44.560987109583));
#2415 = CARTESIAN_POINT('',(-37.63384671947,-51.45669794566,
    44.328765981623));
#2416 = CARTESIAN_POINT('',(-35.64216744825,-52.83575752812,
    44.022456137248));
#2417 = CARTESIAN_POINT('',(-33.60659672723,-54.11649941279,
    43.64504171907));
#2418 = CARTESIAN_POINT('',(-30.52260553275,-55.87531210317,
    42.982452467017));
#2419 = CARTESIAN_POINT('',(-29.5005426965,-56.42947084369,
    42.748500419152));
#2420 = CARTESIAN_POINT('',(-28.47105038076,-56.959540621,
    42.498789149937));
#2421 = CARTESIAN_POINT('',(-27.43509631801,-57.46543741594,
    42.233760516034));
#2422 = CARTESIAN_POINT('',(-26.39361121099,-57.94715205599,
    41.953875282545));
#2423 = CARTESIAN_POINT('',(-25.34748595179,-58.40473946307,
    41.659606356491));
#2424 = CARTESIAN_POINT('',(-22.35774343568,-59.63936835015,
    40.782049541973));
#2425 = CARTESIAN_POINT('',(-20.40500843247,-60.35842314853,
    40.165209439557));
#2426 = CARTESIAN_POINT('',(-18.44463283716,-60.99620011663,
    39.503910125953));
#2427 = CARTESIAN_POINT('',(-16.48135034063,-61.5540497602,
    38.801193699474));
#2428 = CARTESIAN_POINT('',(-14.51935360376,-62.0337380126,
    38.060039457236));
#2429 = CARTESIAN_POINT('',(-12.56229095506,-62.43728441518,
    37.283281334176));
#2430 = CARTESIAN_POINT('',(-8.153962757069,-63.1826900036,
    35.451820029393));
#2431 = CARTESIAN_POINT('',(-5.707637142313,-63.48070627005,
    34.37766535524));
#2432 = CARTESIAN_POINT('',(-3.280288897265,-63.66529562243,
    33.256285908903));
#2433 = CARTESIAN_POINT('',(-0.877017879951,-63.74103767531,
    32.092521426688));
#2434 = CARTESIAN_POINT('',(1.497935697583,-63.71251699215,
    30.890784296338));
#2435 = CARTESIAN_POINT('',(3.841150671544,-63.58415546563,
    29.654996046099));
#2436 = CARTESIAN_POINT('',(7.948494962078,-63.18547990701,
    27.401986121521));
#2437 = CARTESIAN_POINT('',(9.726050511582,-62.95282165925,
    26.396879222888));
#2438 = CARTESIAN_POINT('',(11.481358918507,-62.6640272624,
    25.374827821002));
#2439 = CARTESIAN_POINT('',(13.213264029764,-62.32095055353,
    24.337336910942));
#2440 = CARTESIAN_POINT('',(14.920744734549,-61.92534610458,
    23.28579433407));
#2441 = CARTESIAN_POINT('',(16.602910483812,-61.47885952961,
    22.221468171955));
#2442 = CARTESIAN_POINT('',(19.499724215815,-60.61152118829,
    20.339392135294));
#2443 = CARTESIAN_POINT('',(20.725797965448,-60.2123304666,
    19.526759899634));
#2444 = CARTESIAN_POINT('',(21.936882582695,-59.78608034929,
    18.708092532356));
#2445 = CARTESIAN_POINT('',(23.132663040278,-59.33338265175,
    17.883853454791));
#2446 = CARTESIAN_POINT('',(24.312841034823,-58.85481800232,
    17.054482132807));
#2447 = CARTESIAN_POINT('',(25.47713474034,-58.35093550063,
    16.220394029203));
#2448 = CARTESIAN_POINT('',(29.592500180148,-56.45594271298,
    13.215214915472));
#2449 = CARTESIAN_POINT('',(32.451557053413,-54.92412920162,
    11.01977972316));
#2450 = CARTESIAN_POINT('',(35.198295043888,-53.23560954985,
    8.802150902033));
#2451 = CARTESIAN_POINT('',(37.828245100495,-51.3980265679,
    6.568384382758));
#2452 = CARTESIAN_POINT('',(40.336866578526,-49.41818851982,4.3241546197
    ));
#2453 = CARTESIAN_POINT('',(42.719519771892,-47.30204054406,
    2.074754035138));
#2454 = CARTESIAN_POINT('',(47.517797511869,-42.51262052372,
    -2.719094845017));
#2455 = CARTESIAN_POINT('',(49.896257453639,-39.80332984907,
    -5.262970153222));
#2456 = CARTESIAN_POINT('',(52.099820973624,-36.93359845868,
    -7.799617608438));
#2457 = CARTESIAN_POINT('',(54.11973976405,-33.91000949858,
    -10.32137148366));
#2458 = CARTESIAN_POINT('',(55.94580621673,-30.73910100381,
    -12.8198589574));
#2459 = CARTESIAN_POINT('',(57.566442026483,-27.42744187063,
    -15.28600642886));
#2460 = CARTESIAN_POINT('',(59.51205544188,-22.64330654579,
    -18.65088079898));
#2461 = CARTESIAN_POINT('',(60.023067597535,-21.28529168127,
    -19.58539430907));
#2462 = CARTESIAN_POINT('',(60.500219762548,-19.90747999501,
    -20.51287623471));
#2463 = CARTESIAN_POINT('',(60.942645048984,-18.51031460098,
    -21.43267157494));
#2464 = CARTESIAN_POINT('',(61.349421242716,-17.09427713914,
    -22.34407840273));
#2465 = CARTESIAN_POINT('',(61.719572194103,-15.6598886442,
    -23.24634812589));
#2466 = CARTESIAN_POINT('',(62.496797227841,-12.26536410945,
    -25.33222291014));
#2467 = CARTESIAN_POINT('',(62.874145969663,-10.29125910009,
    -26.50794978572));
#2468 = CARTESIAN_POINT('',(63.181672327967,-8.28668888171,
    -27.66399807407));
#2469 = CARTESIAN_POINT('',(63.416710077589,-6.253233096404,
    -28.79824484153));
#2470 = CARTESIAN_POINT('',(63.576419450615,-4.192776416827,
    -29.90832786784));
#2471 = CARTESIAN_POINT('',(63.657822208242,-2.107522069833,
    -30.99165642015));
#2472 = CARTESIAN_POINT('',(63.657822208242,-2.13162820728E-14,
    -32.04541745506));
#2473 = ORIENTED_EDGE('',*,*,#2474,.F.);
#2474 = EDGE_CURVE('',#2475,#2324,#2477,.T.);
#2475 = VERTEX_POINT('',#2476);
#2476 = CARTESIAN_POINT('',(-18.10915358411,-61.02767310624,
    -1.416448924044));
#2477 = B_SPLINE_CURVE_WITH_KNOTS('',7,(#2478,#2479,#2480,#2481,#2482,
    #2483,#2484,#2485,#2486,#2487,#2488,#2489,#2490,#2491,#2492,#2493,
    #2494,#2495,#2496,#2497,#2498,#2499,#2500,#2501,#2502,#2503,#2504,
    #2505,#2506,#2507,#2508,#2509),.UNSPECIFIED.,.F.,.F.,(8,6,6,6,6,8),(
    0.,0.22363983317,0.490640109182,0.658742431861,0.789407029467,1.),
  .UNSPECIFIED.);
#2478 = CARTESIAN_POINT('',(-18.10915358411,-61.02767310624,
    -1.416448924044));
#2479 = CARTESIAN_POINT('',(-15.35908138457,-61.84372060231,
    0.611232376488));
#2480 = CARTESIAN_POINT('',(-12.56791281267,-62.51465207393,
    2.640424945624));
#2481 = CARTESIAN_POINT('',(-9.740693771517,-63.03934289097,
    4.667476545852));
#2482 = CARTESIAN_POINT('',(-6.882565166583,-63.41598746692,
    6.688545428161));
#2483 = CARTESIAN_POINT('',(-3.998797643188,-63.64226871338,
    8.699607618247));
#2484 = CARTESIAN_POINT('',(-1.094793790555,-63.71534959511,
    10.696453865561));
#2485 = CARTESIAN_POINT('',(5.308577731562,-63.53180299983,
    15.036446591777));
#2486 = CARTESIAN_POINT('',(8.813289518033,-63.20852937596,
    17.371046079052));
#2487 = CARTESIAN_POINT('',(12.329337595926,-62.65602021278,
    19.671435381945));
#2488 = CARTESIAN_POINT('',(15.845737063645,-61.86682642899,
    21.928748396634));
#2489 = CARTESIAN_POINT('',(19.34924952538,-60.83257947529,
    24.132411579818));
#2490 = CARTESIAN_POINT('',(22.824392217205,-59.54437877933,
    26.270221089274));
#2491 = CARTESIAN_POINT('',(28.412242938191,-57.01472344877,
    29.623835051084));
#2492 = CARTESIAN_POINT('',(30.552362221332,-55.93289908126,
    30.887576104563));
#2493 = CARTESIAN_POINT('',(32.669127983536,-54.74420230549,
    32.115807398414));
#2494 = CARTESIAN_POINT('',(34.757021202288,-53.44636554174,
    33.304344374267));
#2495 = CARTESIAN_POINT('',(36.809656591539,-52.037416174,34.44846478686
    ));
#2496 = CARTESIAN_POINT('',(38.819837841498,-50.51586278611,
    35.542980517097));
#2497 = CARTESIAN_POINT('',(42.302936761777,-47.61003509231,
    37.390177944119));
#2498 = CARTESIAN_POINT('',(43.79571310846,-46.27073196136,
    38.164653665339));
#2499 = CARTESIAN_POINT('',(45.254123336469,-44.86268834011,
    38.903076508132));
#2500 = CARTESIAN_POINT('',(46.673939113829,-43.3860173014,
    39.602579161815));
#2501 = CARTESIAN_POINT('',(48.050586910702,-41.84133748244,
    40.260151065886));
#2502 = CARTESIAN_POINT('',(49.379234964315,-40.2299146956,
    40.872723724738));
#2503 = CARTESIAN_POINT('',(52.710913785366,-35.85250727019,
    42.347181517933));
#2504 = CARTESIAN_POINT('',(54.630741453274,-32.98135761979,
    43.132991345504));
#2505 = CARTESIAN_POINT('',(56.391020598635,-29.95163548697,
    43.780806727143));
#2506 = CARTESIAN_POINT('',(57.969810924549,-26.77915720794,
    44.278536751841));
#2507 = CARTESIAN_POINT('',(59.347572005449,-23.48488938793,
    44.616672215761));
#2508 = CARTESIAN_POINT('',(60.508298489534,-20.09567046741,
    44.789193035869));
#2509 = CARTESIAN_POINT('',(61.44282414511,-16.64625151105,
    44.796198445709));
#2510 = ORIENTED_EDGE('',*,*,#2511,.F.);
#2511 = EDGE_CURVE('',#2293,#2475,#2512,.T.);
#2512 = B_SPLINE_CURVE_WITH_KNOTS('',8,(#2513,#2514,#2515,#2516,#2517,
    #2518,#2519,#2520,#2521),.UNSPECIFIED.,.F.,.F.,(9,9),(0.,1.),
  .PIECEWISE_BEZIER_KNOTS.);
#2513 = CARTESIAN_POINT('',(-44.88770419787,-45.1377041966,
    -22.61460527464));
#2514 = CARTESIAN_POINT('',(-41.9962989257,-48.01309511166,
    -20.11350568707));
#2515 = CARTESIAN_POINT('',(-38.93923056715,-50.6322195349,
    -17.54615613034));
#2516 = CARTESIAN_POINT('',(-35.73686327567,-52.99767339403,
    -14.92599049217));
#2517 = CARTESIAN_POINT('',(-32.40711168644,-55.11024911164,
    -12.26509967255));
#2518 = CARTESIAN_POINT('',(-28.96610523093,-56.97026177469,
    -9.574442613134));
#2519 = CARTESIAN_POINT('',(-25.42815408271,-58.5774254553,
    -6.863845672643));
#2520 = CARTESIAN_POINT('',(-21.8057431493,-59.93075912008,
    -4.142015743103));
#2521 = CARTESIAN_POINT('',(-18.10915358411,-61.02767310624,
    -1.416448924044));
#2522 = CYLINDRICAL_SURFACE('',#2523,63.657822208242);
#2523 = AXIS2_PLACEMENT_3D('',#2524,#2525,#2526);
#2524 = CARTESIAN_POINT('',(0.,0.,-48.));
#2525 = DIRECTION('',(0.,0.,1.));
#2526 = DIRECTION('',(1.,0.,0.));
#2527 = ADVANCED_FACE('',(#2528),#2557,.F.);
#2528 = FACE_BOUND('',#2529,.F.);
#2529 = EDGE_LOOP('',(#2530,#2531,#2538,#2545,#2552));
#2530 = ORIENTED_EDGE('',*,*,#2290,.F.);
#2531 = ORIENTED_EDGE('',*,*,#2532,.T.);
#2532 = EDGE_CURVE('',#2291,#2533,#2535,.T.);
#2533 = VERTEX_POINT('',#2534);
#2534 = CARTESIAN_POINT('',(5.283121635132E-02,-0.197168783649,-48.));
#2535 = B_SPLINE_CURVE_WITH_KNOTS('',1,(#2536,#2537),.UNSPECIFIED.,.F.,
  .F.,(2,2),(0.,1.),.PIECEWISE_BEZIER_KNOTS.);
#2536 = CARTESIAN_POINT('',(-63.40782220824,-63.65782220824,-48.));
#2537 = CARTESIAN_POINT('',(63.657822208242,63.407822208242,-48.));
#2538 = ORIENTED_EDGE('',*,*,#2539,.T.);
#2539 = EDGE_CURVE('',#2533,#2540,#2542,.T.);
#2540 = VERTEX_POINT('',#2541);
#2541 = CARTESIAN_POINT('',(5.283121635132E-02,-0.197168783649,
    -44.96115221314));
#2542 = B_SPLINE_CURVE_WITH_KNOTS('',1,(#2543,#2544),.UNSPECIFIED.,.F.,
  .F.,(2,2),(0.,1.),.PIECEWISE_BEZIER_KNOTS.);
#2543 = CARTESIAN_POINT('',(5.283121635133E-02,-0.197168783649,
    -111.5555155307));
#2544 = CARTESIAN_POINT('',(5.283121635132E-02,-0.197168783649,
    18.530429131299));
#2545 = ORIENTED_EDGE('',*,*,#2546,.T.);
#2546 = EDGE_CURVE('',#2540,#2547,#2549,.T.);
#2547 = VERTEX_POINT('',#2548);
#2548 = CARTESIAN_POINT('',(-29.82504521421,-30.07504521421,
    -15.08327578257));
#2549 = B_SPLINE_CURVE_WITH_KNOTS('',1,(#2550,#2551),.UNSPECIFIED.,.F.,
  .F.,(2,2),(0.,1.),.PIECEWISE_BEZIER_KNOTS.);
#2550 = CARTESIAN_POINT('',(0.197168783649,-5.283121635131E-02,
    -45.10548978043));
#2551 = CARTESIAN_POINT('',(-29.9693827815,-30.2193827815,
    -14.93893821528));
#2552 = ORIENTED_EDGE('',*,*,#2553,.T.);
#2553 = EDGE_CURVE('',#2547,#2293,#2554,.T.);
#2554 = B_SPLINE_CURVE_WITH_KNOTS('',1,(#2555,#2556),.UNSPECIFIED.,.F.,
  .F.,(2,2),(0.,1.),.PIECEWISE_BEZIER_KNOTS.);
#2555 = CARTESIAN_POINT('',(9.808674067786,9.558674067786,4.73358385842)
  );
#2556 = CARTESIAN_POINT('',(-58.14923158029,-58.39923158029,
    -29.24536896562));
#2557 = B_SPLINE_SURFACE_WITH_KNOTS('',1,1,(
    (#2558,#2559)
    ,(#2560,#2561
    )),.UNSPECIFIED.,.F.,.F.,.F.,(2,2),(2,2),(0.,509.26257766593),(0.,
    509.26257766593),.PIECEWISE_BEZIER_KNOTS.);
#2558 = CARTESIAN_POINT('',(-254.5062888329,-254.7562888329,
    -8.526512829121E-14));
#2559 = CARTESIAN_POINT('',(0.125,-0.125,360.10302207212));
#2560 = CARTESIAN_POINT('',(0.125,-0.125,-360.1030220721));
#2561 = CARTESIAN_POINT('',(254.75628883296,254.50628883296,
    2.84217094304E-14));
#2562 = ADVANCED_FACE('',(#2563),#2580,.F.);
#2563 = FACE_BOUND('',#2564,.F.);
#2564 = EDGE_LOOP('',(#2565,#2566,#2567,#2568,#2575));
#2565 = ORIENTED_EDGE('',*,*,#2474,.F.);
#2566 = ORIENTED_EDGE('',*,*,#2511,.F.);
#2567 = ORIENTED_EDGE('',*,*,#2553,.F.);
#2568 = ORIENTED_EDGE('',*,*,#2569,.T.);
#2569 = EDGE_CURVE('',#2547,#2570,#2572,.T.);
#2570 = VERTEX_POINT('',#2571);
#2571 = CARTESIAN_POINT('',(10.98889300107,-41.01110699893,
    14.794600647984));
#2572 = B_SPLINE_CURVE_WITH_KNOTS('',1,(#2573,#2574),.UNSPECIFIED.,.F.,
  .F.,(2,2),(0.,1.),.PIECEWISE_BEZIER_KNOTS.);
#2573 = CARTESIAN_POINT('',(-29.82504568741,-30.07504508741,
    -15.08327612898));
#2574 = CARTESIAN_POINT('',(10.988893474275,-41.01110712572,
    14.794600994394));
#2575 = ORIENTED_EDGE('',*,*,#2576,.F.);
#2576 = EDGE_CURVE('',#2324,#2570,#2577,.T.);
#2577 = B_SPLINE_CURVE_WITH_KNOTS('',1,(#2578,#2579),.UNSPECIFIED.,.F.,
  .F.,(2,2),(0.,1.),.PIECEWISE_BEZIER_KNOTS.);
#2578 = CARTESIAN_POINT('',(17.641630633286,-65.83946185178,
    23.882409258304));
#2579 = CARTESIAN_POINT('',(-13.61804635419,50.823240893679,
    -18.81910362068));
#2580 = B_SPLINE_SURFACE_WITH_KNOTS('',1,1,(
    (#2581,#2582)
    ,(#2583,#2584
    )),.UNSPECIFIED.,.F.,.F.,.F.,(2,2),(2,2),(0.,509.26257766593),(0.,
    509.26257766593),.PIECEWISE_BEZIER_KNOTS.);
#2581 = CARTESIAN_POINT('',(61.385849831325,-339.3078259324,
    103.80845079737));
#2582 = CARTESIAN_POINT('',(292.65428261247,107.98656193495,
    179.90717346876));
#2583 = CARTESIAN_POINT('',(-292.4571138288,-108.0393931513,
    -180.1958486033));
#2584 = CARTESIAN_POINT('',(-61.18868104767,339.2549947161,
    -104.0971259319));
#2585 = ADVANCED_FACE('',(#2586),#2602,.F.);
#2586 = FACE_BOUND('',#2587,.F.);
#2587 = EDGE_LOOP('',(#2588,#2595,#2596,#2597));
#2588 = ORIENTED_EDGE('',*,*,#2589,.T.);
#2589 = EDGE_CURVE('',#2590,#2312,#2592,.T.);
#2590 = VERTEX_POINT('',#2591);
#2591 = CARTESIAN_POINT('',(40.866769431633,-11.13323056836,
    -15.08327578257));
#2592 = B_SPLINE_CURVE_WITH_KNOTS('',1,(#2593,#2594),.UNSPECIFIED.,.F.,
  .F.,(2,2),(0.,1.),.PIECEWISE_BEZIER_KNOTS.);
#2593 = CARTESIAN_POINT('',(7.055395391984,-2.073500199457,
    -2.70745394721));
#2594 = CARTESIAN_POINT('',(65.880830358652,-17.83572799318,
    -24.23905753368));
#2595 = ORIENTED_EDGE('',*,*,#2323,.F.);
#2596 = ORIENTED_EDGE('',*,*,#2576,.T.);
#2597 = ORIENTED_EDGE('',*,*,#2598,.T.);
#2598 = EDGE_CURVE('',#2570,#2590,#2599,.T.);
#2599 = B_SPLINE_CURVE_WITH_KNOTS('',1,(#2600,#2601),.UNSPECIFIED.,.F.,
  .F.,(2,2),(0.,1.),.PIECEWISE_BEZIER_KNOTS.);
#2600 = CARTESIAN_POINT('',(10.844555433772,-41.15544456622,
    14.938938215282));
#2601 = CARTESIAN_POINT('',(41.01110699893,-10.98889300107,
    -15.22761334987));
#2602 = B_SPLINE_SURFACE_WITH_KNOTS('',1,1,(
    (#2603,#2604)
    ,(#2605,#2606
    )),.UNSPECIFIED.,.F.,.F.,.F.,(2,2),(2,2),(0.,509.26257766593),(0.,
    509.26257766593),.PIECEWISE_BEZIER_KNOTS.);
#2603 = CARTESIAN_POINT('',(207.83340794568,207.83340794568,
    -208.0499142966));
#2604 = CARTESIAN_POINT('',(-254.7034576166,254.55912004931,
    -0.144337567297));
#2605 = CARTESIAN_POINT('',(254.55912004931,-254.7034576166,
    -0.144337567297));
#2606 = CARTESIAN_POINT('',(-207.9777455129,-207.9777455129,
    207.76123916204));
#2607 = ADVANCED_FACE('',(#2608),#2623,.F.);
#2608 = FACE_BOUND('',#2609,.F.);
#2609 = EDGE_LOOP('',(#2610,#2615,#2616,#2617,#2622));
#2610 = ORIENTED_EDGE('',*,*,#2611,.F.);
#2611 = EDGE_CURVE('',#2303,#2533,#2612,.T.);
#2612 = B_SPLINE_CURVE_WITH_KNOTS('',1,(#2613,#2614),.UNSPECIFIED.,.F.,
  .F.,(2,2),(0.,1.),.PIECEWISE_BEZIER_KNOTS.);
#2613 = CARTESIAN_POINT('',(63.657822208242,-17.24007475451,-48.));
#2614 = CARTESIAN_POINT('',(-44.88770419723,11.844611387845,-48.));
#2615 = ORIENTED_EDGE('',*,*,#2311,.T.);
#2616 = ORIENTED_EDGE('',*,*,#2589,.F.);
#2617 = ORIENTED_EDGE('',*,*,#2618,.T.);
#2618 = EDGE_CURVE('',#2590,#2540,#2619,.T.);
#2619 = B_SPLINE_CURVE_WITH_KNOTS('',1,(#2620,#2621),.UNSPECIFIED.,.F.,
  .F.,(2,2),(0.,1.),.PIECEWISE_BEZIER_KNOTS.);
#2620 = CARTESIAN_POINT('',(40.866770378043,-11.13323082195,
    -15.08327508975));
#2621 = CARTESIAN_POINT('',(5.283026994115E-02,-0.197168530059,
    -44.96115290596));
#2622 = ORIENTED_EDGE('',*,*,#2539,.F.);
#2623 = B_SPLINE_SURFACE_WITH_KNOTS('',1,1,(
    (#2624,#2625)
    ,(#2626,#2627
    )),.UNSPECIFIED.,.F.,.F.,.F.,(2,2),(2,2),(0.,509.26257766593),(0.,
    509.26257766593),.PIECEWISE_BEZIER_KNOTS.);
#2624 = CARTESIAN_POINT('',(-173.9621577475,46.430006980146,
    -311.858365094));
#2625 = CARTESIAN_POINT('',(-301.277802164,80.544131085391,
    180.05151103606));
#2626 = CARTESIAN_POINT('',(301.18629581311,-80.88563743633,
    -180.051511036));
#2627 = CARTESIAN_POINT('',(173.87065139663,-46.77151333109,
    311.858365094));
#2628 = ADVANCED_FACE('',(#2629),#2634,.F.);
#2629 = FACE_BOUND('',#2630,.F.);
#2630 = EDGE_LOOP('',(#2631,#2632,#2633));
#2631 = ORIENTED_EDGE('',*,*,#2532,.F.);
#2632 = ORIENTED_EDGE('',*,*,#2302,.T.);
#2633 = ORIENTED_EDGE('',*,*,#2611,.T.);
#2634 = PLANE('',#2635);
#2635 = AXIS2_PLACEMENT_3D('',#2636,#2637,#2638);
#2636 = CARTESIAN_POINT('',(0.,0.,-48.));
#2637 = DIRECTION('',(0.,0.,1.));
#2638 = DIRECTION('',(1.,0.,0.));
#2639 = ADVANCED_FACE('',(#2640),#2646,.T.);
#2640 = FACE_BOUND('',#2641,.T.);
#2641 = EDGE_LOOP('',(#2642,#2643,#2644,#2645));
#2642 = ORIENTED_EDGE('',*,*,#2618,.T.);
#2643 = ORIENTED_EDGE('',*,*,#2546,.T.);
#2644 = ORIENTED_EDGE('',*,*,#2569,.T.);
#2645 = ORIENTED_EDGE('',*,*,#2598,.T.);
#2646 = B_SPLINE_SURFACE_WITH_KNOTS('',1,1,(
    (#2647,#2648)
    ,(#2649,#2650
    )),.UNSPECIFIED.,.F.,.F.,.F.,(2,2),(2,2),(0.,52.25),(0.,52.25),
  .PIECEWISE_BEZIER_KNOTS.);
#2647 = CARTESIAN_POINT('',(-4.996003610813E-16,-4.996003610813E-16,
    -45.24982734773));
#2648 = CARTESIAN_POINT('',(41.208275782579,-11.04172421742,
    -15.08327578257));
#2649 = CARTESIAN_POINT('',(-30.16655156515,-30.16655156515,
    -15.08327578257));
#2650 = CARTESIAN_POINT('',(11.041724217421,-41.20827578257,
    15.083275782579));
#2651 = MANIFOLD_SOLID_BREP('',#2652);
#2652 = CLOSED_SHELL('',(#2653,#2808,#2829,#2858,#2881,#2903,#2920));
#2653 = ADVANCED_FACE('',(#2654),#2803,.T.);
#2654 = FACE_BOUND('',#2655,.T.);
#2655 = EDGE_LOOP('',(#2656,#2667,#2677,#2744,#2781,#2795));
#2656 = ORIENTED_EDGE('',*,*,#2657,.F.);
#2657 = EDGE_CURVE('',#2658,#2660,#2662,.T.);
#2658 = VERTEX_POINT('',#2659);
#2659 = CARTESIAN_POINT('',(-61.53425060193,16.305040053751,48.));
#2660 = VERTEX_POINT('',#2661);
#2661 = CARTESIAN_POINT('',(16.305040053751,-61.53425060193,48.));
#2662 = CIRCLE('',#2663,63.657822208242);
#2663 = AXIS2_PLACEMENT_3D('',#2664,#2665,#2666);
#2664 = CARTESIAN_POINT('',(0.,0.,48.));
#2665 = DIRECTION('',(0.,0.,1.));
#2666 = DIRECTION('',(1.,0.,0.));
#2667 = ORIENTED_EDGE('',*,*,#2668,.F.);
#2668 = EDGE_CURVE('',#2669,#2658,#2671,.T.);
#2669 = VERTEX_POINT('',#2670);
#2670 = CARTESIAN_POINT('',(-61.53425060055,16.305040053379,
    22.614605273585));
#2671 = B_SPLINE_CURVE_WITH_KNOTS('',4,(#2672,#2673,#2674,#2675,#2676),
  .UNSPECIFIED.,.F.,.F.,(5,5),(0.,1.),.PIECEWISE_BEZIER_KNOTS.);
#2672 = CARTESIAN_POINT('',(-61.53425060193,16.30504005375,
    -44.79619844629));
#2673 = CARTESIAN_POINT('',(-61.53425060193,16.30504005375,
    -21.59714868471));
#2674 = CARTESIAN_POINT('',(-61.53425060193,16.305040053751,
    1.601901076854));
#2675 = CARTESIAN_POINT('',(-61.53425060193,16.305040053751,
    24.800950838427));
#2676 = CARTESIAN_POINT('',(-61.53425060193,16.305040053751,48.0000006)
  );
#2677 = ORIENTED_EDGE('',*,*,#2678,.F.);
#2678 = EDGE_CURVE('',#2679,#2669,#2681,.T.);
#2679 = VERTEX_POINT('',#2680);
#2680 = CARTESIAN_POINT('',(-45.01287775788,-45.01287775788,
    -22.28993252799));
#2681 = B_SPLINE_CURVE_WITH_KNOTS('',7,(#2682,#2683,#2684,#2685,#2686,
    #2687,#2688,#2689,#2690,#2691,#2692,#2693,#2694,#2695,#2696,#2697,
    #2698,#2699,#2700,#2701,#2702,#2703,#2704,#2705,#2706,#2707,#2708,
    #2709,#2710,#2711,#2712,#2713,#2714,#2715,#2716,#2717,#2718,#2719,
    #2720,#2721,#2722,#2723,#2724,#2725,#2726,#2727,#2728,#2729,#2730,
    #2731,#2732,#2733,#2734,#2735,#2736,#2737,#2738,#2739,#2740,#2741,
    #2742,#2743),.UNSPECIFIED.,.F.,.F.,(8,6,6,6,6,6,6,6,6,6,8),(0.,
    0.107638605103,0.186832873732,0.245651509536,0.40046749896,
    0.552312667047,0.61157520553,0.689068914587,0.790137016526,
    0.871235414983,1.),.UNSPECIFIED.);
#2682 = CARTESIAN_POINT('',(-20.56941274793,-60.24298786996,
    -37.16575576084));
#2683 = CARTESIAN_POINT('',(-23.11374617756,-59.37424868001,
    -36.106750524));
#2684 = CARTESIAN_POINT('',(-25.57974168809,-58.39227256562,
    -34.98473986368));
#2685 = CARTESIAN_POINT('',(-27.96318296512,-57.30553972329,
    -33.8062875009));
#2686 = CARTESIAN_POINT('',(-30.26110498895,-56.12221278343,
    -32.57751125216));
#2687 = CARTESIAN_POINT('',(-32.47160312932,-54.84992521088,
    -31.30397344245));
#2688 = CARTESIAN_POINT('',(-34.59365360813,-53.49558611508,
    -29.99058044567));
#2689 = CARTESIAN_POINT('',(-38.12292393995,-51.01280706402,
    -27.64890951867));
#2690 = CARTESIAN_POINT('',(-39.57076534405,-49.91931137349,
    -26.6370647053));
#2691 = CARTESIAN_POINT('',(-40.97030380286,-48.78715063662,
    -25.60765122668));
#2692 = CARTESIAN_POINT('',(-42.32144994678,-47.61860120491,
    -24.56224021559));
#2693 = CARTESIAN_POINT('',(-43.62418846363,-46.4157781154,
    -23.5022790715));
#2694 = CARTESIAN_POINT('',(-44.87856844488,-45.18062821493,
    -22.42908853117));
#2695 = CARTESIAN_POINT('',(-46.98048621857,-42.97485791653,
    -20.53784174899));
#2696 = CARTESIAN_POINT('',(-47.84965102844,-42.01795350366,
    -19.72519568025));
#2697 = CARTESIAN_POINT('',(-48.69221415285,-41.04493646287,
    -18.90641292833));
#2698 = CARTESIAN_POINT('',(-49.50820861465,-40.05650285626,
    -18.08196286885));
#2699 = CARTESIAN_POINT('',(-50.29766671588,-39.05331275439,
    -17.25229042672));
#2700 = CARTESIAN_POINT('',(-51.06061962644,-38.03599004808,
    -16.41781602281));
#2701 = CARTESIAN_POINT('',(-53.73557221121,-34.29178465248,
    -13.37092587915));
#2702 = CARTESIAN_POINT('',(-55.49040928001,-31.48491257079,
    -11.13263912142));
#2703 = CARTESIAN_POINT('',(-57.06250301373,-28.59484687054,
    -8.870974417022));
#2704 = CARTESIAN_POINT('',(-58.45181220296,-25.63100962042,
    -6.592374700363));
#2705 = CARTESIAN_POINT('',(-59.65778186133,-22.60208143058,
    -4.302870508005));
#2706 = CARTESIAN_POINT('',(-60.67930083854,-19.51598909609,
    -2.008079296282));
#2707 = CARTESIAN_POINT('',(-62.33345860215,-13.30379467185,
    2.537660283772));
#2708 = CARTESIAN_POINT('',(-62.97302883634,-10.18017791513,
    4.788179681065));
#2709 = CARTESIAN_POINT('',(-63.43135666929,-7.015646171467,
    7.033474872585));
#2710 = CARTESIAN_POINT('',(-63.70560086812,-3.817195233937,
    9.268247661111));
#2711 = CARTESIAN_POINT('',(-63.79211927392,-0.592177965915,
    11.486809386195));
#2712 = CARTESIAN_POINT('',(-63.68651188232,2.65168699468,
    13.683082863431));
#2713 = CARTESIAN_POINT('',(-63.26485706087,7.176609305125,
    16.696494088401));
#2714 = CARTESIAN_POINT('',(-63.1163831532,8.448453415673,
    17.538007159729));
#2715 = CARTESIAN_POINT('',(-62.93747864869,9.721394626022,
    18.374700378407));
#2716 = CARTESIAN_POINT('',(-62.72779896564,10.994899055513,
    19.206146034339));
#2717 = CARTESIAN_POINT('',(-62.48697978384,12.268401506131,
    20.031891414873));
#2718 = CARTESIAN_POINT('',(-62.21463749181,13.541305417383,
    20.851458855843));
#2719 = CARTESIAN_POINT('',(-61.51249864444,16.475871405883,
    22.727304372968));
#2720 = CARTESIAN_POINT('',(-61.06004473735,18.136633329739,
    23.778821049763));
#2721 = CARTESIAN_POINT('',(-60.55210553477,19.793885599826,
    24.81778607461));
#2722 = CARTESIAN_POINT('',(-59.98773301643,21.446082898487,
    25.842970476173));
#2723 = CARTESIAN_POINT('',(-59.36595165991,23.091519404029,
    26.853030623573));
#2724 = CARTESIAN_POINT('',(-58.68576854241,24.72832971573,
    27.846510706938));
#2725 = CARTESIAN_POINT('',(-56.98159033591,28.475342595091,
    30.093881839617));
#2726 = CARTESIAN_POINT('',(-55.91601516525,30.577938365878,
    31.334967666957));
#2727 = CARTESIAN_POINT('',(-54.74719252906,32.657882661218,
    32.541686651222));
#2728 = CARTESIAN_POINT('',(-53.47297546559,34.709929814068,
    33.710063013917));
#2729 = CARTESIAN_POINT('',(-52.09149143787,36.728028748421,
    34.835621095221));
#2730 = CARTESIAN_POINT('',(-50.60131205925,38.705372781916,
    35.913450431723));
#2731 = CARTESIAN_POINT('',(-47.71802102794,42.182371912375,
    37.760606120314));
#2732 = CARTESIAN_POINT('',(-46.36398445324,43.699123408338,
    38.548760765673));
#2733 = CARTESIAN_POINT('',(-44.93919399677,45.18073819292,
    39.299967731787));
#2734 = CARTESIAN_POINT('',(-43.44374667578,46.622815569935,
    40.011239042646));
#2735 = CARTESIAN_POINT('',(-41.87827046604,48.020587450352,
    40.679432960426));
#2736 = CARTESIAN_POINT('',(-40.24407619721,49.369010948551,
    41.301345028672));
#2737 = CARTESIAN_POINT('',(-35.84301503673,52.717253685471,
    42.782787252834));
#2738 = CARTESIAN_POINT('',(-32.97303888856,54.635571245659,
    43.567780423468));
#2739 = CARTESIAN_POINT('',(-29.94468928746,56.39447297196,
    44.214906201121));
#2740 = CARTESIAN_POINT('',(-26.77379347644,57.972043158952,
    44.712092467195));
#2741 = CARTESIAN_POINT('',(-23.48130552128,59.348781074665,
    45.049854834166));
#2742 = CARTESIAN_POINT('',(-20.0940144898,60.508729370029,
    45.222196969675));
#2743 = CARTESIAN_POINT('',(-16.64654640469,61.442744250989,
    45.229210548184));
#2744 = ORIENTED_EDGE('',*,*,#2745,.F.);
#2745 = EDGE_CURVE('',#2746,#2679,#2748,.T.);
#2746 = VERTEX_POINT('',#2747);
#2747 = CARTESIAN_POINT('',(-14.83084950824,-61.90609203592,
    1.416448924044));
#2748 = B_SPLINE_CURVE_WITH_KNOTS('',7,(#2749,#2750,#2751,#2752,#2753,
    #2754,#2755,#2756,#2757,#2758,#2759,#2760,#2761,#2762,#2763,#2764,
    #2765,#2766,#2767,#2768,#2769,#2770,#2771,#2772,#2773,#2774,#2775,
    #2776,#2777,#2778,#2779,#2780),.UNSPECIFIED.,.F.,.F.,(8,6,6,6,6,8),(
    0.,0.223640407521,0.490641369241,0.658744123641,0.789409056819,1.),
  .UNSPECIFIED.);
#2749 = CARTESIAN_POINT('',(-14.83084950824,-61.90609203592,
    1.416448924044));
#2750 = CARTESIAN_POINT('',(-17.62050564331,-61.23777379843,
    -0.611232376488));
#2751 = CARTESIAN_POINT('',(-20.37319426864,-60.42323321111,
    -2.640424945624));
#2752 = CARTESIAN_POINT('',(-23.08398318886,-59.46401926721,
    -4.667476545852));
#2753 = CARTESIAN_POINT('',(-25.74751745599,-58.36113873572,
    -6.688545428161));
#2754 = CARTESIAN_POINT('',(-28.35807401309,-57.11522028186,
    -8.699607618247));
#2755 = CARTESIAN_POINT('',(-30.90955556303,-55.72650825565,
    -10.69645386556));
#2756 = CARTESIAN_POINT('',(-36.36326467341,-52.3658664803,
    -15.03644659177));
#2757 = CARTESIAN_POINT('',(-39.23679730151,-50.33354741642,
    -17.37104607906));
#2758 = CARTESIAN_POINT('',(-42.00552967628,-48.09703640635,
    -19.67143538192));
#2759 = CARTESIAN_POINT('',(-44.65622405331,-45.65537480719,
    -21.92874839665));
#2760 = CARTESIAN_POINT('',(-47.17323137078,-43.00793444066,
    -24.1324115798));
#2761 = CARTESIAN_POINT('',(-49.5386928757,-40.15474856685,
    -26.27022108927));
#2762 = CARTESIAN_POINT('',(-53.11308588735,-35.17007742729,
    -29.62383505108));
#2763 = CARTESIAN_POINT('',(-54.42557136993,-33.16313040102,
    -30.88757610456));
#2764 = CARTESIAN_POINT('',(-55.66439590597,-31.0753059147,
    -32.11580739841));
#2765 = CARTESIAN_POINT('',(-56.82364609192,-28.90739969795,
    -33.30434437426));
#2766 = CARTESIAN_POINT('',(-57.89680579985,-26.66089605822,
    -34.44846478686));
#2767 = CARTESIAN_POINT('',(-58.87689713458,-24.33810154611,
    -35.54298051709));
#2768 = CARTESIAN_POINT('',(-60.44043543654,-20.08003148412,
    -37.39017794411));
#2769 = CARTESIAN_POINT('',(-61.06356610946,-18.17377277601,
    -38.16465366533));
#2770 = CARTESIAN_POINT('',(-61.62256460543,-16.22516611636,
    -38.90307650813));
#2771 = CARTESIAN_POINT('',(-62.11382561796,-14.23642359512,
    -39.60257916181));
#2772 = CARTESIAN_POINT('',(-62.53369767264,-12.21036773276,
    -40.26015106588));
#2773 = CARTESIAN_POINT('',(-62.87862924634,-10.15051063632,
    -40.87272372473));
#2774 = CARTESIAN_POINT('',(-63.57523878742,-4.693766258597,
    -42.34717042166));
#2775 = CARTESIAN_POINT('',(-63.80228318445,-1.247406990592,
    -43.13297215004));
#2776 = CARTESIAN_POINT('',(-63.81187377263,2.256504666351,
    -43.78078298312));
#2777 = CARTESIAN_POINT('',(-63.59291822195,5.793302215984,
    -44.27851243646));
#2778 = CARTESIAN_POINT('',(-63.13897742831,9.3350589385,-44.61665157573
    ));
#2779 = CARTESIAN_POINT('',(-62.44960935853,12.850530593928,
    -44.78918039388));
#2780 = CARTESIAN_POINT('',(-61.53425060116,16.305040056649,
    -44.79619784629));
#2781 = ORIENTED_EDGE('',*,*,#2782,.F.);
#2782 = EDGE_CURVE('',#2783,#2746,#2785,.T.);
#2783 = VERTEX_POINT('',#2784);
#2784 = CARTESIAN_POINT('',(16.305040053751,-61.53425060193,
    22.614605274092));
#2785 = B_SPLINE_CURVE_WITH_KNOTS('',8,(#2786,#2787,#2788,#2789,#2790,
    #2791,#2792,#2793,#2794),.UNSPECIFIED.,.F.,.F.,(9,9),(0.,1.),
  .PIECEWISE_BEZIER_KNOTS.);
#2786 = CARTESIAN_POINT('',(16.305040053751,-61.53425060193,
    22.614605274092));
#2787 = CARTESIAN_POINT('',(12.363314177995,-62.57870954401,
    20.113505686578));
#2788 = CARTESIAN_POINT('',(8.406253106882,-63.31840365086,
    17.546156129913));
#2789 = CARTESIAN_POINT('',(4.450194750751,-63.76576313857,
    14.925990491816));
#2790 = CARTESIAN_POINT('',(0.510257427482,-63.93043158276,
    12.265099672245));
#2791 = CARTESIAN_POINT('',(-3.399747908957,-63.82074657258,
    9.574442612926));
#2792 = CARTESIAN_POINT('',(-7.267285320904,-63.44361557389,
    6.863845672484));
#2793 = CARTESIAN_POINT('',(-11.08105204444,-62.8044314407,
    4.142015743031));
#2794 = CARTESIAN_POINT('',(-14.83084950824,-61.90609203592,
    1.416448924044));
#2795 = ORIENTED_EDGE('',*,*,#2796,.F.);
#2796 = EDGE_CURVE('',#2660,#2783,#2797,.T.);
#2797 = B_SPLINE_CURVE_WITH_KNOTS('',4,(#2798,#2799,#2800,#2801,#2802),
  .UNSPECIFIED.,.F.,.F.,(5,5),(0.,1.),.PIECEWISE_BEZIER_KNOTS.);
#2798 = CARTESIAN_POINT('',(16.305040053751,-61.53425060193,48.0000006)
  );
#2799 = CARTESIAN_POINT('',(16.305040053751,-61.53425060193,24.0000003)
  );
#2800 = CARTESIAN_POINT('',(16.305040053751,-61.53425060193,
    -9.237055564881E-14));
#2801 = CARTESIAN_POINT('',(16.305040053751,-61.53425060193,-24.0000003)
  );
#2802 = CARTESIAN_POINT('',(16.305040053751,-61.53425060193,-48.0000006)
  );
#2803 = CYLINDRICAL_SURFACE('',#2804,63.657822208242);
#2804 = AXIS2_PLACEMENT_3D('',#2805,#2806,#2807);
#2805 = CARTESIAN_POINT('',(0.,0.,-48.));
#2806 = DIRECTION('',(0.,0.,1.));
#2807 = DIRECTION('',(1.,0.,0.));
#2808 = ADVANCED_FACE('',(#2809),#2824,.T.);
#2809 = FACE_BOUND('',#2810,.T.);
#2810 = EDGE_LOOP('',(#2811,#2812,#2819));
#2811 = ORIENTED_EDGE('',*,*,#2657,.T.);
#2812 = ORIENTED_EDGE('',*,*,#2813,.T.);
#2813 = EDGE_CURVE('',#2660,#2814,#2816,.T.);
#2814 = VERTEX_POINT('',#2815);
#2815 = CARTESIAN_POINT('',(-0.144337567297,-0.144337567297,48.));
#2816 = B_SPLINE_CURVE_WITH_KNOTS('',1,(#2817,#2818),.UNSPECIFIED.,.F.,
  .F.,(2,2),(0.,1.),.PIECEWISE_BEZIER_KNOTS.);
#2817 = CARTESIAN_POINT('',(16.87404935073,-63.65782220824,48.));
#2818 = CARTESIAN_POINT('',(-17.24007475451,63.657822208242,48.));
#2819 = ORIENTED_EDGE('',*,*,#2820,.T.);
#2820 = EDGE_CURVE('',#2814,#2658,#2821,.T.);
#2821 = B_SPLINE_CURVE_WITH_KNOTS('',1,(#2822,#2823),.UNSPECIFIED.,.F.,
  .F.,(2,2),(0.,1.),.PIECEWISE_BEZIER_KNOTS.);
#2822 = CARTESIAN_POINT('',(16.305040053751,-4.551935016852,48.));
#2823 = CARTESIAN_POINT('',(-63.65782220824,16.87404935073,48.));
#2824 = PLANE('',#2825);
#2825 = AXIS2_PLACEMENT_3D('',#2826,#2827,#2828);
#2826 = CARTESIAN_POINT('',(0.,0.,48.));
#2827 = DIRECTION('',(0.,0.,1.));
#2828 = DIRECTION('',(1.,0.,0.));
#2829 = ADVANCED_FACE('',(#2830),#2853,.F.);
#2830 = FACE_BOUND('',#2831,.F.);
#2831 = EDGE_LOOP('',(#2832,#2833,#2834,#2841,#2848));
#2832 = ORIENTED_EDGE('',*,*,#2796,.F.);
#2833 = ORIENTED_EDGE('',*,*,#2813,.T.);
#2834 = ORIENTED_EDGE('',*,*,#2835,.T.);
#2835 = EDGE_CURVE('',#2814,#2836,#2838,.T.);
#2836 = VERTEX_POINT('',#2837);
#2837 = CARTESIAN_POINT('',(-0.144337567297,-0.144337567297,
    44.961152213142));
#2838 = B_SPLINE_CURVE_WITH_KNOTS('',1,(#2839,#2840),.UNSPECIFIED.,.F.,
  .F.,(2,2),(0.,1.),.PIECEWISE_BEZIER_KNOTS.);
#2839 = CARTESIAN_POINT('',(-0.144337567297,-0.144337567297,
    65.029649454807));
#2840 = CARTESIAN_POINT('',(-0.144337567297,-0.144337567297,
    -27.76654963381));
#2841 = ORIENTED_EDGE('',*,*,#2842,.F.);
#2842 = EDGE_CURVE('',#2843,#2836,#2845,.T.);
#2843 = VERTEX_POINT('',#2844);
#2844 = CARTESIAN_POINT('',(10.791724217421,-40.95827578257,
    15.083275782579));
#2845 = B_SPLINE_CURVE_WITH_KNOTS('',1,(#2846,#2847),.UNSPECIFIED.,.F.,
  .F.,(2,2),(0.,1.),.PIECEWISE_BEZIER_KNOTS.);
#2846 = CARTESIAN_POINT('',(10.844555433772,-41.15544456622,
    14.938938215282));
#2847 = CARTESIAN_POINT('',(-0.197168783649,5.283121635129E-02,
    45.10548978044));
#2848 = ORIENTED_EDGE('',*,*,#2849,.T.);
#2849 = EDGE_CURVE('',#2843,#2783,#2850,.T.);
#2850 = B_SPLINE_CURVE_WITH_KNOTS('',1,(#2851,#2852),.UNSPECIFIED.,.F.,
  .F.,(2,2),(0.,1.),.PIECEWISE_BEZIER_KNOTS.);
#2851 = CARTESIAN_POINT('',(-3.810451796465,13.537787002308,
    -4.863667602921));
#2852 = CARTESIAN_POINT('',(21.469229378137,-80.80726754044,
    29.669019081156));
#2853 = B_SPLINE_SURFACE_WITH_KNOTS('',1,1,(
    (#2854,#2855)
    ,(#2856,#2857
    )),.UNSPECIFIED.,.F.,.F.,.F.,(2,2),(2,2),(0.,509.26257766593),(0.,
    509.26257766593),.PIECEWISE_BEZIER_KNOTS.);
#2854 = CARTESIAN_POINT('',(46.430006980146,-173.9621577475,
    -311.858365094));
#2855 = CARTESIAN_POINT('',(-80.88563743633,301.18629581311,
    -180.051511036));
#2856 = CARTESIAN_POINT('',(80.544131085391,-301.277802164,
    180.05151103606));
#2857 = CARTESIAN_POINT('',(-46.77151333109,173.87065139663,
    311.858365094));
#2858 = ADVANCED_FACE('',(#2859),#2876,.F.);
#2859 = FACE_BOUND('',#2860,.F.);
#2860 = EDGE_LOOP('',(#2861,#2862,#2863,#2864,#2871));
#2861 = ORIENTED_EDGE('',*,*,#2745,.F.);
#2862 = ORIENTED_EDGE('',*,*,#2782,.F.);
#2863 = ORIENTED_EDGE('',*,*,#2849,.F.);
#2864 = ORIENTED_EDGE('',*,*,#2865,.F.);
#2865 = EDGE_CURVE('',#2866,#2843,#2868,.T.);
#2866 = VERTEX_POINT('',#2867);
#2867 = CARTESIAN_POINT('',(-30.02221399786,-30.02221399786,
    -14.79460064798));
#2868 = B_SPLINE_CURVE_WITH_KNOTS('',1,(#2869,#2870),.UNSPECIFIED.,.F.,
  .F.,(2,2),(0.,1.),.PIECEWISE_BEZIER_KNOTS.);
#2869 = CARTESIAN_POINT('',(-30.02221494427,-30.02221374427,
    -14.7946013408));
#2870 = CARTESIAN_POINT('',(10.791725163831,-40.95827603616,
    15.083276475399));
#2871 = ORIENTED_EDGE('',*,*,#2872,.F.);
#2872 = EDGE_CURVE('',#2679,#2866,#2873,.T.);
#2873 = B_SPLINE_CURVE_WITH_KNOTS('',1,(#2874,#2875),.UNSPECIFIED.,.F.,
  .F.,(2,2),(0.,1.),.PIECEWISE_BEZIER_KNOTS.);
#2874 = CARTESIAN_POINT('',(-66.92523233321,-66.92523233321,
    -33.24610981566));
#2875 = CARTESIAN_POINT('',(20.096528814065,20.096528814065,
    10.264770757979));
#2876 = B_SPLINE_SURFACE_WITH_KNOTS('',1,1,(
    (#2877,#2878)
    ,(#2879,#2880
    )),.UNSPECIFIED.,.F.,.F.,.F.,(2,2),(2,2),(0.,509.26257766593),(0.,
    509.26257766593),.PIECEWISE_BEZIER_KNOTS.);
#2877 = CARTESIAN_POINT('',(-222.815618353,-263.1562720447,
    -103.8084507973));
#2878 = CARTESIAN_POINT('',(-199.4527623012,239.84624720925,
    -179.9071734687));
#2879 = CARTESIAN_POINT('',(199.25559351759,-239.7934159929,
    180.19584860335));
#2880 = CARTESIAN_POINT('',(222.6184495694,263.20910326106,
    104.09712593196));
#2881 = ADVANCED_FACE('',(#2882),#2898,.F.);
#2882 = FACE_BOUND('',#2883,.F.);
#2883 = EDGE_LOOP('',(#2884,#2885,#2886,#2893));
#2884 = ORIENTED_EDGE('',*,*,#2678,.F.);
#2885 = ORIENTED_EDGE('',*,*,#2872,.T.);
#2886 = ORIENTED_EDGE('',*,*,#2887,.F.);
#2887 = EDGE_CURVE('',#2888,#2866,#2890,.T.);
#2888 = VERTEX_POINT('',#2889);
#2889 = CARTESIAN_POINT('',(-40.95827578257,10.791724217421,
    15.083275782579));
#2890 = B_SPLINE_CURVE_WITH_KNOTS('',1,(#2891,#2892),.UNSPECIFIED.,.F.,
  .F.,(2,2),(0.,1.),.PIECEWISE_BEZIER_KNOTS.);
#2891 = CARTESIAN_POINT('',(-41.01110699893,10.98889300107,
    15.227613349876));
#2892 = CARTESIAN_POINT('',(-29.9693827815,-30.2193827815,
    -14.93893821528));
#2893 = ORIENTED_EDGE('',*,*,#2894,.T.);
#2894 = EDGE_CURVE('',#2888,#2669,#2895,.T.);
#2895 = B_SPLINE_CURVE_WITH_KNOTS('',1,(#2896,#2897),.UNSPECIFIED.,.F.,
  .F.,(2,2),(0.,1.),.PIECEWISE_BEZIER_KNOTS.);
#2896 = CARTESIAN_POINT('',(19.41307810365,-5.384731302368,
    -7.014173400641));
#2897 = CARTESIAN_POINT('',(-62.91035011909,16.673764808079,
    23.118292655509));
#2898 = B_SPLINE_SURFACE_WITH_KNOTS('',1,1,(
    (#2899,#2900)
    ,(#2901,#2902
    )),.UNSPECIFIED.,.F.,.F.,.F.,(2,2),(2,2),(0.,509.26257766593),(0.,
    509.26257766593),.PIECEWISE_BEZIER_KNOTS.);
#2899 = CARTESIAN_POINT('',(-263.1562720447,-222.815618353,
    -103.8084507973));
#2900 = CARTESIAN_POINT('',(-239.7934159929,199.25559351759,
    180.19584860335));
#2901 = CARTESIAN_POINT('',(239.84624720925,-199.4527623012,
    -179.9071734687));
#2902 = CARTESIAN_POINT('',(263.20910326106,222.6184495694,
    104.09712593196));
#2903 = ADVANCED_FACE('',(#2904),#2915,.F.);
#2904 = FACE_BOUND('',#2905,.F.);
#2905 = EDGE_LOOP('',(#2906,#2907,#2908,#2913,#2914));
#2906 = ORIENTED_EDGE('',*,*,#2668,.F.);
#2907 = ORIENTED_EDGE('',*,*,#2894,.F.);
#2908 = ORIENTED_EDGE('',*,*,#2909,.F.);
#2909 = EDGE_CURVE('',#2836,#2888,#2910,.T.);
#2910 = B_SPLINE_CURVE_WITH_KNOTS('',1,(#2911,#2912),.UNSPECIFIED.,.F.,
  .F.,(2,2),(0.,1.),.PIECEWISE_BEZIER_KNOTS.);
#2911 = CARTESIAN_POINT('',(-0.144337094092,-0.144337694092,
    44.961152559552));
#2912 = CARTESIAN_POINT('',(-40.95827625578,10.791724344216,
    15.083275436169));
#2913 = ORIENTED_EDGE('',*,*,#2835,.F.);
#2914 = ORIENTED_EDGE('',*,*,#2820,.T.);
#2915 = B_SPLINE_SURFACE_WITH_KNOTS('',1,1,(
    (#2916,#2917)
    ,(#2918,#2919
    )),.UNSPECIFIED.,.F.,.F.,.F.,(2,2),(2,2),(0.,509.26257766593),(0.,
    509.26257766593),.PIECEWISE_BEZIER_KNOTS.);
#2916 = CARTESIAN_POINT('',(-173.9621577475,46.430006980146,
    -311.858365094));
#2917 = CARTESIAN_POINT('',(-301.277802164,80.544131085391,
    180.05151103606));
#2918 = CARTESIAN_POINT('',(301.18629581311,-80.88563743633,
    -180.051511036));
#2919 = CARTESIAN_POINT('',(173.87065139663,-46.77151333109,
    311.858365094));
#2920 = ADVANCED_FACE('',(#2921),#2927,.F.);
#2921 = FACE_BOUND('',#2922,.F.);
#2922 = EDGE_LOOP('',(#2923,#2924,#2925,#2926));
#2923 = ORIENTED_EDGE('',*,*,#2842,.T.);
#2924 = ORIENTED_EDGE('',*,*,#2909,.T.);
#2925 = ORIENTED_EDGE('',*,*,#2887,.T.);
#2926 = ORIENTED_EDGE('',*,*,#2865,.T.);
#2927 = B_SPLINE_SURFACE_WITH_KNOTS('',1,1,(
    (#2928,#2929)
    ,(#2930,#2931
    )),.UNSPECIFIED.,.F.,.F.,.F.,(2,2),(2,2),(0.,52.25),(0.,52.25),
  .PIECEWISE_BEZIER_KNOTS.);
#2928 = CARTESIAN_POINT('',(-30.16655156515,-30.16655156515,
    -15.08327578257));
#2929 = CARTESIAN_POINT('',(-41.20827578257,11.041724217421,
    15.083275782579));
#2930 = CARTESIAN_POINT('',(11.041724217421,-41.20827578257,
    15.083275782579));
#2931 = CARTESIAN_POINT('',(4.996003610813E-16,4.996003610813E-16,
    45.249827347737));
#2932 = MANIFOLD_SOLID_BREP('',#2933);
#2933 = CLOSED_SHELL('',(#2934,#2974,#3012,#3222,#3254,#3270,#3328));
#2934 = ADVANCED_FACE('',(#2935),#2969,.F.);
#2935 = FACE_BOUND('',#2936,.F.);
#2936 = EDGE_LOOP('',(#2937,#2946,#2955,#2964));
#2937 = ORIENTED_EDGE('',*,*,#2938,.F.);
#2938 = EDGE_CURVE('',#2939,#2941,#2943,.T.);
#2939 = VERTEX_POINT('',#2940);
#2940 = CARTESIAN_POINT('',(61.534250601935,-16.30504005375,-48.));
#2941 = VERTEX_POINT('',#2942);
#2942 = CARTESIAN_POINT('',(0.144337567297,0.144337567297,-48.));
#2943 = B_SPLINE_CURVE_WITH_KNOTS('',1,(#2944,#2945),.UNSPECIFIED.,.F.,
  .F.,(2,2),(0.,1.),.PIECEWISE_BEZIER_KNOTS.);
#2944 = CARTESIAN_POINT('',(63.657822208242,-16.87404935073,-48.));
#2945 = CARTESIAN_POINT('',(-16.30504005375,4.551935016852,-48.));
#2946 = ORIENTED_EDGE('',*,*,#2947,.T.);
#2947 = EDGE_CURVE('',#2939,#2948,#2950,.T.);
#2948 = VERTEX_POINT('',#2949);
#2949 = CARTESIAN_POINT('',(63.657822208242,-1.55916696416E-14,-48.));
#2950 = CIRCLE('',#2951,63.657822208242);
#2951 = AXIS2_PLACEMENT_3D('',#2952,#2953,#2954);
#2952 = CARTESIAN_POINT('',(0.,0.,-48.));
#2953 = DIRECTION('',(0.,0.,1.));
#2954 = DIRECTION('',(1.,0.,0.));
#2955 = ORIENTED_EDGE('',*,*,#2956,.T.);
#2956 = EDGE_CURVE('',#2948,#2957,#2959,.T.);
#2957 = VERTEX_POINT('',#2958);
#2958 = CARTESIAN_POINT('',(-16.30504005375,61.534250601935,-48.));
#2959 = CIRCLE('',#2960,63.657822208242);
#2960 = AXIS2_PLACEMENT_3D('',#2961,#2962,#2963);
#2961 = CARTESIAN_POINT('',(0.,0.,-48.));
#2962 = DIRECTION('',(0.,0.,1.));
#2963 = DIRECTION('',(1.,0.,0.));
#2964 = ORIENTED_EDGE('',*,*,#2965,.F.);
#2965 = EDGE_CURVE('',#2941,#2957,#2966,.T.);
#2966 = B_SPLINE_CURVE_WITH_KNOTS('',1,(#2967,#2968),.UNSPECIFIED.,.F.,
  .F.,(2,2),(0.,1.),.PIECEWISE_BEZIER_KNOTS.);
#2967 = CARTESIAN_POINT('',(17.240074754515,-63.65782220824,-48.));
#2968 = CARTESIAN_POINT('',(-16.87404935073,63.657822208242,-48.));
#2969 = PLANE('',#2970);
#2970 = AXIS2_PLACEMENT_3D('',#2971,#2972,#2973);
#2971 = CARTESIAN_POINT('',(0.,0.,-48.));
#2972 = DIRECTION('',(0.,0.,1.));
#2973 = DIRECTION('',(1.,0.,0.));
#2974 = ADVANCED_FACE('',(#2975),#3007,.F.);
#2975 = FACE_BOUND('',#2976,.F.);
#2976 = EDGE_LOOP('',(#2977,#2986,#2994,#2995,#3002));
#2977 = ORIENTED_EDGE('',*,*,#2978,.F.);
#2978 = EDGE_CURVE('',#2979,#2981,#2983,.T.);
#2979 = VERTEX_POINT('',#2980);
#2980 = CARTESIAN_POINT('',(61.534250607664,-16.30504005528,
    -22.61460527618));
#2981 = VERTEX_POINT('',#2982);
#2982 = CARTESIAN_POINT('',(40.958275782579,-10.79172421742,
    -15.08327578257));
#2983 = B_SPLINE_CURVE_WITH_KNOTS('',1,(#2984,#2985),.UNSPECIFIED.,.F.,
  .F.,(2,2),(0.,1.),.PIECEWISE_BEZIER_KNOTS.);
#2984 = CARTESIAN_POINT('',(91.583977345507,-24.35684006746,
    -33.61356863902));
#2985 = CARTESIAN_POINT('',(-27.46090524818,7.541140086571,
    9.959882580807));
#2986 = ORIENTED_EDGE('',*,*,#2987,.T.);
#2987 = EDGE_CURVE('',#2979,#2939,#2988,.T.);
#2988 = B_SPLINE_CURVE_WITH_KNOTS('',4,(#2989,#2990,#2991,#2992,#2993),
  .UNSPECIFIED.,.F.,.F.,(5,5),(0.,1.),.PIECEWISE_BEZIER_KNOTS.);
#2989 = CARTESIAN_POINT('',(61.534250601935,-16.30504005375,
    -11.86669578985));
#2990 = CARTESIAN_POINT('',(61.534250601935,-16.30504005375,
    -20.90002199238));
#2991 = CARTESIAN_POINT('',(61.534250601935,-16.30504005375,
    -29.93334819492));
#2992 = CARTESIAN_POINT('',(61.534250601935,-16.30504005375,
    -38.96667439746));
#2993 = CARTESIAN_POINT('',(61.534250601935,-16.30504005375,-48.0000006)
  );
#2994 = ORIENTED_EDGE('',*,*,#2938,.T.);
#2995 = ORIENTED_EDGE('',*,*,#2996,.F.);
#2996 = EDGE_CURVE('',#2997,#2941,#2999,.T.);
#2997 = VERTEX_POINT('',#2998);
#2998 = CARTESIAN_POINT('',(0.144337567297,0.144337567297,
    -44.96115221314));
#2999 = B_SPLINE_CURVE_WITH_KNOTS('',1,(#3000,#3001),.UNSPECIFIED.,.F.,
  .F.,(2,2),(0.,1.),.PIECEWISE_BEZIER_KNOTS.);
#3000 = CARTESIAN_POINT('',(0.144337567297,0.144337567297,
    -3.761430888199));
#3001 = CARTESIAN_POINT('',(0.144337567297,0.144337567297,
    -65.08434435467));
#3002 = ORIENTED_EDGE('',*,*,#3003,.T.);
#3003 = EDGE_CURVE('',#2997,#2981,#3004,.T.);
#3004 = B_SPLINE_CURVE_WITH_KNOTS('',1,(#3005,#3006),.UNSPECIFIED.,.F.,
  .F.,(2,2),(0.,1.),.PIECEWISE_BEZIER_KNOTS.);
#3005 = CARTESIAN_POINT('',(0.144336620887,0.144337820887,
    -44.96115290596));
#3006 = CARTESIAN_POINT('',(40.958276728989,-10.79172447101,
    -15.08327508975));
#3007 = B_SPLINE_SURFACE_WITH_KNOTS('',1,1,(
    (#3008,#3009)
    ,(#3010,#3011
    )),.UNSPECIFIED.,.F.,.F.,.F.,(2,2),(2,2),(0.,509.26257766593),(0.,
    509.26257766593),.PIECEWISE_BEZIER_KNOTS.);
#3008 = CARTESIAN_POINT('',(-173.8706513966,46.771513331092,
    311.858365094));
#3009 = CARTESIAN_POINT('',(-301.1862958131,80.885637436337,
    -180.051511036));
#3010 = CARTESIAN_POINT('',(301.27780216405,-80.54413108539,
    180.05151103606));
#3011 = CARTESIAN_POINT('',(173.96215774757,-46.43000698014,
    -311.858365094));
#3012 = ADVANCED_FACE('',(#3013),#3217,.F.);
#3013 = FACE_BOUND('',#3014,.F.);
#3014 = EDGE_LOOP('',(#3015,#3134,#3135,#3142,#3149));
#3015 = ORIENTED_EDGE('',*,*,#3016,.F.);
#3016 = EDGE_CURVE('',#2979,#3017,#3019,.T.);
#3017 = VERTEX_POINT('',#3018);
#3018 = CARTESIAN_POINT('',(63.657822208242,-1.55916696416E-14,
    -11.86669638985));
#3019 = B_SPLINE_CURVE_WITH_KNOTS('',8,(#3020,#3021,#3022,#3023,#3024,
    #3025,#3026,#3027,#3028,#3029,#3030,#3031,#3032,#3033,#3034,#3035,
    #3036,#3037,#3038,#3039,#3040,#3041,#3042,#3043,#3044,#3045,#3046,
    #3047,#3048,#3049,#3050,#3051,#3052,#3053,#3054,#3055,#3056,#3057,
    #3058,#3059,#3060,#3061,#3062,#3063,#3064,#3065,#3066,#3067,#3068,
    #3069,#3070,#3071,#3072,#3073,#3074,#3075,#3076,#3077,#3078,#3079,
    #3080,#3081,#3082,#3083,#3084,#3085,#3086,#3087,#3088,#3089,#3090,
    #3091,#3092,#3093,#3094,#3095,#3096,#3097,#3098,#3099,#3100,#3101,
    #3102,#3103,#3104,#3105,#3106,#3107,#3108,#3109,#3110,#3111,#3112,
    #3113,#3114,#3115,#3116,#3117,#3118,#3119,#3120,#3121,#3122,#3123,
    #3124,#3125,#3126,#3127,#3128,#3129,#3130,#3131,#3132,#3133),
  .UNSPECIFIED.,.F.,.F.,(9,7,7,7,7,7,7,7,7,7,7,7,7,7,7,7,9),(0.,
    7.228398775116E-02,0.12546637095,0.164965633747,0.268931279461,
    0.37090188991,0.410699252592,0.462739636346,0.530611246496,
    0.585072335388,0.632924809571,0.672795369963,0.729375016578,
    0.758127741703,0.809505258877,0.872565501811,1.),.UNSPECIFIED.);
#3020 = CARTESIAN_POINT('',(-47.93512791562,41.887251521303,
    37.165755760845));
#3021 = CARTESIAN_POINT('',(-49.48307973255,40.115799214049,
    36.239126178611));
#3022 = CARTESIAN_POINT('',(-50.9376857318,38.300174086549,
    35.265242528764));
#3023 = CARTESIAN_POINT('',(-52.29931382767,36.446283778052,
    34.248207136944));
#3024 = CARTESIAN_POINT('',(-53.56879436943,34.55958559398,
    33.191899376532));
#3025 = CARTESIAN_POINT('',(-54.7473184681,32.645053581724,
    32.099934573525));
#3026 = CARTESIAN_POINT('',(-55.83634083576,30.707147738216,
    30.975625193263));
#3027 = CARTESIAN_POINT('',(-56.83748713713,28.749785349302,
    29.821944309034));
#3028 = CARTESIAN_POINT('',(-58.42565434595,25.324348565202,
    27.772982247906));
#3029 = CARTESIAN_POINT('',(-59.05216382405,23.863738054085,
    26.890025908646));
#3030 = CARTESIAN_POINT('',(-59.63266590343,22.395853373904,
    25.993681281169));
#3031 = CARTESIAN_POINT('',(-60.16782529685,20.921976645442,
    25.08494572114));
#3032 = CARTESIAN_POINT('',(-60.65829879586,19.443301633917,
    24.164754786557));
#3033 = CARTESIAN_POINT('',(-61.10473198157,17.960933457065,
    23.233981436418));
#3034 = CARTESIAN_POINT('',(-61.50775366518,16.47588803128,
    22.293434634958));
#3035 = CARTESIAN_POINT('',(-62.13550407473,13.88482753113,
    20.63859370055));
#3036 = CARTESIAN_POINT('',(-62.37942345494,12.779611118851,
    19.92835719744));
#3037 = CARTESIAN_POINT('',(-62.5999729482,11.673827736334,
    19.213456460303));
#3038 = CARTESIAN_POINT('',(-62.7973902193,10.567847675051,
    18.49418789859));
#3039 = CARTESIAN_POINT('',(-62.97190367926,9.462025816585,
    17.770835703052));
#3040 = CARTESIAN_POINT('',(-63.12373231655,8.356701648599,
    17.043671825745));
#3041 = CARTESIAN_POINT('',(-63.25308552817,7.25219928082,
    16.312955960039));
#3042 = CARTESIAN_POINT('',(-63.64200044839,3.244652659102,
    13.646927084335));
#3043 = CARTESIAN_POINT('',(-63.76948602822,0.348589747825,
    11.69221081087));
#3044 = CARTESIAN_POINT('',(-63.74633555104,-2.534043756464,
    9.719098681166));
#3045 = CARTESIAN_POINT('',(-63.57562986195,-5.398094172605,
    7.731674558691));
#3046 = CARTESIAN_POINT('',(-63.25998517475,-8.238593240971,
    5.733810628238));
#3047 = CARTESIAN_POINT('',(-62.801599145,-11.05076269556,3.729172705068
    ));
#3048 = CARTESIAN_POINT('',(-62.20220009856,-13.83000359382,
    1.721218230938));
#3049 = CARTESIAN_POINT('',(-60.73783985246,-19.26112602699,
    -2.256303901634));
#3050 = CARTESIAN_POINT('',(-59.87831276007,-21.91399258367,
    -4.225549831799));
#3051 = CARTESIAN_POINT('',(-58.88549272978,-24.52630222719,
    -6.191489175837));
#3052 = CARTESIAN_POINT('',(-57.76012784492,-27.09348145836,
    -8.150861266948));
#3053 = CARTESIAN_POINT('',(-56.50267327077,-29.61058967218,
    -10.10020830814));
#3054 = CARTESIAN_POINT('',(-55.11333704425,-32.07233491673,
    -12.03587775565));
#3055 = CARTESIAN_POINT('',(-53.59204450852,-34.47305801568,
    -13.95401798329));
#3056 = CARTESIAN_POINT('',(-51.29287268403,-37.71744449344,
    -16.59075280516));
#3057 = CARTESIAN_POINT('',(-50.62729055543,-38.61796376861,
    -17.32762889209));
#3058 = CARTESIAN_POINT('',(-49.94153546581,-39.50785884089,
    -18.06094042159));
#3059 = CARTESIAN_POINT('',(-49.23558797324,-40.38673770405,
    -18.79042320656));
#3060 = CARTESIAN_POINT('',(-48.50942786685,-41.25418983334,
    -19.51580055223));
#3061 = CARTESIAN_POINT('',(-47.76303432054,-42.10978625471,
    -20.2367832753));
#3062 = CARTESIAN_POINT('',(-46.99638604672,-42.95307961402,
    -20.95306972313));
#3063 = CARTESIAN_POINT('',(-45.18045210779,-44.86962647652,
    -22.59443455061));
#3064 = CARTESIAN_POINT('',(-44.11678761854,-45.93379880603,
    -23.51594188075));
#3065 = CARTESIAN_POINT('',(-43.01841174112,-46.97509067474,
    -24.42817419048));
#3066 = CARTESIAN_POINT('',(-41.88528905189,-47.99238982341,
    -25.33037827557));
#3067 = CARTESIAN_POINT('',(-40.71741049451,-48.98450628612,
    -26.22174303163));
#3068 = CARTESIAN_POINT('',(-39.51479730135,-49.95017518412,
    -27.10140064459));
#3069 = CARTESIAN_POINT('',(-38.27750328651,-50.88805832096,
    -27.96842726064));
#3070 = CARTESIAN_POINT('',(-35.34680623479,-52.98186265471,
    -29.93487700173));
#3071 = CARTESIAN_POINT('',(-33.62924869147,-54.11725056149,
    -31.0246962103));
#3072 = CARTESIAN_POINT('',(-31.8530940263,-55.19982480308,
    -32.08916703229));
#3073 = CARTESIAN_POINT('',(-30.01875422345,-56.22616049932,
    -33.12587483274));
#3074 = CARTESIAN_POINT('',(-28.12694661299,-57.19253731451,
    -34.13214729457));
#3075 = CARTESIAN_POINT('',(-26.17873922795,-58.09498676508,
    -35.10507842951));
#3076 = CARTESIAN_POINT('',(-24.17559701123,-58.92934090674,
    -36.0415533755));
#3077 = CARTESIAN_POINT('',(-20.46953202197,-60.30267445945,
    -37.65781460301));
#3078 = CARTESIAN_POINT('',(-18.78557810744,-60.86741146163,
    -38.35172210449));
#3079 = CARTESIAN_POINT('',(-17.06863157593,-61.38324373011,
    -39.01826511964));
#3080 = CARTESIAN_POINT('',(-15.32004750067,-61.8478400264,
    -39.65560338736));
#3081 = CARTESIAN_POINT('',(-13.54149493133,-62.2588289621,
    -40.26181176195));
#3082 = CARTESIAN_POINT('',(-11.73498598937,-62.61385183728,
    -40.83491097762));
#3083 = CARTESIAN_POINT('',(-9.902910708028,-62.91062690589,
    -41.37290516639));
#3084 = CARTESIAN_POINT('',(-6.418320401037,-63.35473734851,
    -42.31396252682));
#3085 = CARTESIAN_POINT('',(-4.770963010703,-63.51584090184,
    -42.72548562705));
#3086 = CARTESIAN_POINT('',(-3.10800208691,-63.6288767884,
    -43.10703354515));
#3087 = CARTESIAN_POINT('',(-1.431650199826,-63.69250090453,
    -43.45728331278));
#3088 = CARTESIAN_POINT('',(0.255657189888,-63.70551678602,
    -43.77497200948));
#3089 = CARTESIAN_POINT('',(1.951252893046,-63.66691904417,
    -44.05892481249));
#3090 = CARTESIAN_POINT('',(3.652227277227,-63.57594743443,
    -44.30808996542));
#3091 = CARTESIAN_POINT('',(6.774507938625,-63.31234119711,
    -44.69946057694));
#3092 = CARTESIAN_POINT('',(8.19520890689,-63.15585336324,-44.8525837215
    ));
#3093 = CARTESIAN_POINT('',(9.615660763262,-62.96242375509,
    -44.98042957435));
#3094 = CARTESIAN_POINT('',(11.033982804941,-62.73193405125,
    -45.08257312798));
#3095 = CARTESIAN_POINT('',(12.448272045444,-62.46441634227,
    -45.15868802993));
#3096 = CARTESIAN_POINT('',(13.85660422578,-62.16006087182,
    -45.20855205521));
#3097 = CARTESIAN_POINT('',(15.257035234595,-61.81922708696,
    -45.23205491364));
#3098 = CARTESIAN_POINT('',(18.620934348706,-60.90779127208,
    -45.22516894089));
#3099 = CARTESIAN_POINT('',(20.574705421908,-60.30067588703,
    -45.16806634437));
#3100 = CARTESIAN_POINT('',(22.503134906649,-59.62267097495,
    -45.05790746789));
#3101 = CARTESIAN_POINT('',(24.401003078124,-58.87594097724,
    -44.89521537646));
#3102 = CARTESIAN_POINT('',(26.263599813784,-58.06315085806,
    -44.68094826222));
#3103 = CARTESIAN_POINT('',(28.086684697216,-57.18738635968,
    -44.41643767626));
#3104 = CARTESIAN_POINT('',(29.86645914909,-56.2520992988,
    -44.10334606496));
#3105 = CARTESIAN_POINT('',(32.480275451089,-54.75745924493,
    -43.56084950708));
#3106 = CARTESIAN_POINT('',(33.349002290492,-54.23941402781,
    -43.36600608972));
#3107 = CARTESIAN_POINT('',(34.205320377012,-53.7074165205,
    -43.15936212155));
#3108 = CARTESIAN_POINT('',(35.048863531855,-53.16194860905,
    -42.94117972148));
#3109 = CARTESIAN_POINT('',(35.879307296623,-52.60349693555,
    -42.71173189225));
#3110 = CARTESIAN_POINT('',(36.696366106115,-52.03255003599,
    -42.47130004807));
#3111 = CARTESIAN_POINT('',(37.49979046114,-51.44959547811,
    -42.2201715424));
#3112 = CARTESIAN_POINT('',(39.700233265284,-49.7928584439,
    -41.49130808728));
#3113 = CARTESIAN_POINT('',(41.066863980725,-48.69381579571,
    -40.99075877837));
#3114 = CARTESIAN_POINT('',(42.388061883216,-47.56072532045,
    -40.45863958924));
#3115 = CARTESIAN_POINT('',(43.662987603201,-46.39626611664,
    -39.89662676293));
#3116 = CARTESIAN_POINT('',(44.891101083201,-45.20302454003,
    -39.30638797588));
#3117 = CARTESIAN_POINT('',(46.072113823541,-43.98346395818,
    -38.68955294034));
#3118 = CARTESIAN_POINT('',(47.205949056604,-42.73989983568,
    -38.04768909855));
#3119 = CARTESIAN_POINT('',(49.626589012841,-39.9213168749,
    -36.5655689937));
#3120 = CARTESIAN_POINT('',(50.889489564506,-38.33529957458,
    -35.71342587434));
#3121 = CARTESIAN_POINT('',(52.081683913483,-36.72032198398,
    -34.82856237568));
#3122 = CARTESIAN_POINT('',(53.203716144599,-35.08000941982,
    -33.91355420951));
#3123 = CARTESIAN_POINT('',(54.256347201816,-33.41770065608,
    -32.97082106329));
#3124 = CARTESIAN_POINT('',(55.24050281199,-31.73643096214,
    -32.00260548432));
#3125 = CARTESIAN_POINT('',(56.157224149174,-30.03891630302,
    -31.01095305929));
#3126 = CARTESIAN_POINT('',(58.726135495471,-24.86912281802,
    -27.95006184928));
#3127 = CARTESIAN_POINT('',(60.172996961584,-21.35570053318,
    -25.81514382779));
#3128 = CARTESIAN_POINT('',(61.358489760254,-17.80562831057,
    -23.60735964734));
#3129 = CARTESIAN_POINT('',(62.291578665235,-14.23510867538,
    -21.33941650563));
#3130 = CARTESIAN_POINT('',(62.980772847306,-10.65826580624,
    -19.02251868284));
#3131 = CARTESIAN_POINT('',(63.433887706066,-7.087149664821,
    -16.66632677283));
#3132 = CARTESIAN_POINT('',(63.657822208242,-3.531752243497,
    -14.27892803209));
#3133 = CARTESIAN_POINT('',(63.657822208242,-1.42108547152E-14,
    -11.86669638985));
#3134 = ORIENTED_EDGE('',*,*,#2978,.T.);
#3135 = ORIENTED_EDGE('',*,*,#3136,.T.);
#3136 = EDGE_CURVE('',#2981,#3137,#3139,.T.);
#3137 = VERTEX_POINT('',#3138);
#3138 = CARTESIAN_POINT('',(30.022213997861,30.02221399786,
    14.794600647984));
#3139 = B_SPLINE_CURVE_WITH_KNOTS('',1,(#3140,#3141),.UNSPECIFIED.,.F.,
  .F.,(2,2),(0.,1.),.PIECEWISE_BEZIER_KNOTS.);
#3140 = CARTESIAN_POINT('',(41.01110699893,-10.98889300107,
    -15.22761334987));
#3141 = CARTESIAN_POINT('',(29.969382781509,30.219382781509,
    14.938938215282));
#3142 = ORIENTED_EDGE('',*,*,#3143,.T.);
#3143 = EDGE_CURVE('',#3137,#3144,#3146,.T.);
#3144 = VERTEX_POINT('',#3145);
#3145 = CARTESIAN_POINT('',(45.012877758024,45.012877758024,
    22.289932528066));
#3146 = B_SPLINE_CURVE_WITH_KNOTS('',1,(#3147,#3148),.UNSPECIFIED.,.F.,
  .F.,(2,2),(0.,1.),.PIECEWISE_BEZIER_KNOTS.);
#3147 = CARTESIAN_POINT('',(-14.21866699955,-14.21866699955,
    -7.325839850722));
#3148 = CARTESIAN_POINT('',(46.181710335219,46.181710335219,
    22.874348816663));
#3149 = ORIENTED_EDGE('',*,*,#3150,.F.);
#3150 = EDGE_CURVE('',#3017,#3144,#3151,.T.);
#3151 = B_SPLINE_CURVE_WITH_KNOTS('',8,(#3152,#3153,#3154,#3155,#3156,
    #3157,#3158,#3159,#3160,#3161,#3162,#3163,#3164,#3165,#3166,#3167,
    #3168,#3169,#3170,#3171,#3172,#3173,#3174,#3175,#3176,#3177,#3178,
    #3179,#3180,#3181,#3182,#3183,#3184,#3185,#3186,#3187,#3188,#3189,
    #3190,#3191,#3192,#3193,#3194,#3195,#3196,#3197,#3198,#3199,#3200,
    #3201,#3202,#3203,#3204,#3205,#3206,#3207,#3208,#3209,#3210,#3211,
    #3212,#3213,#3214,#3215,#3216),.UNSPECIFIED.,.F.,.F.,(9,7,7,7,7,7,7,
    7,7,9),(0.,0.124344540196,0.356426705375,0.441119631809,
    0.551707606135,0.640453761405,0.717931216429,0.779663065144,
    0.872113005184,1.),.UNSPECIFIED.);
#3152 = CARTESIAN_POINT('',(63.657822208242,-1.163579833152E-14,
    -11.86669638985));
#3153 = CARTESIAN_POINT('',(63.657822208242,2.118892824111,
    -10.41946567703));
#3154 = CARTESIAN_POINT('',(63.577218003921,4.228843728896,
    -8.963590815481));
#3155 = CARTESIAN_POINT('',(63.417199723791,6.327892441836,
    -7.500628504854));
#3156 = CARTESIAN_POINT('',(63.178797787931,8.414103162245,
    -6.032089501573));
#3157 = CARTESIAN_POINT('',(62.8629062608,10.485568507392,
    -4.559440197423));
#3158 = CARTESIAN_POINT('',(62.470291448092,12.540410718212,
    -3.084103369371));
#3159 = CARTESIAN_POINT('',(62.001585737614,14.576780124598,
    -1.607458100599));
#3160 = CARTESIAN_POINT('',(60.441325459399,20.355734733711,
    2.625188750255));
#3161 = CARTESIAN_POINT('',(59.162348093585,24.046529236312,
    5.380117378993));
#3162 = CARTESIAN_POINT('',(57.623433109834,27.654736846965,
    8.126209997251));
#3163 = CARTESIAN_POINT('',(55.825915679686,31.167709394008,
    10.85458338994));
#3164 = CARTESIAN_POINT('',(53.770339271817,34.571032776488,
    13.555293081103));
#3165 = CARTESIAN_POINT('',(51.456541260331,37.848531419015,
    16.217320710135));
#3166 = CARTESIAN_POINT('',(48.883770894849,40.982298891473,
    18.828573354527));
#3167 = CARTESIAN_POINT('',(45.014918907836,45.035761499713,
    22.305188857964));
#3168 = CARTESIAN_POINT('',(43.945839765305,46.097494055653,
    23.226020742095));
#3169 = CARTESIAN_POINT('',(42.84200129613,47.136187611842,
    24.137478095042));
#3170 = CARTESIAN_POINT('',(41.703369496851,48.150721051922,
    25.038801403158));
#3171 = CARTESIAN_POINT('',(40.529937698832,49.13989481475,
    25.929172571389));
#3172 = CARTESIAN_POINT('',(39.321730588736,50.102433776538,
    26.80771615602));
#3173 = CARTESIAN_POINT('',(38.078806604609,51.036988930435,
    27.673500073333));
#3174 = CARTESIAN_POINT('',(35.133097740777,53.124038066914,
    29.638083281179));
#3175 = CARTESIAN_POINT('',(33.405999092805,54.255733413879,
    30.727126567828));
#3176 = CARTESIAN_POINT('',(31.620127313731,55.334104303534,
    31.790504802334));
#3177 = CARTESIAN_POINT('',(29.775915247998,56.355686090037,
    32.825772371549));
#3178 = CARTESIAN_POINT('',(27.874109403945,57.316716246664,
    33.830222801422));
#3179 = CARTESIAN_POINT('',(25.91581648373,58.213183284616,
    34.800913653596));
#3180 = CARTESIAN_POINT('',(23.902551073629,59.040877426587,
    35.734692408173));
#3181 = CARTESIAN_POINT('',(20.178118534482,60.400977199717,
    37.345276291066));
#3182 = CARTESIAN_POINT('',(18.485904810691,60.959386347391,
    38.036373437549));
#3183 = CARTESIAN_POINT('',(16.760743226586,61.468399714397,
    38.699762515356));
#3184 = CARTESIAN_POINT('',(15.004030188127,61.925667587212,
    39.333583080274));
#3185 = CARTESIAN_POINT('',(13.217482191731,62.328803736297,
    39.935891166571));
#3186 = CARTESIAN_POINT('',(11.403165296656,62.675439744411,
    40.504691000102));
#3187 = CARTESIAN_POINT('',(9.563530482053,62.963291229429,
    41.037973758544));
#3188 = CARTESIAN_POINT('',(6.075819641701,63.388363984625,
    41.966599233882));
#3189 = CARTESIAN_POINT('',(4.433048732326,63.54007502728,
    42.370867745748));
#3190 = CARTESIAN_POINT('',(2.77514743059,63.643942784758,
    42.745227740123));
#3191 = CARTESIAN_POINT('',(1.104331774552,63.698658982286,
    43.088380085609));
#3192 = CARTESIAN_POINT('',(-0.576964893677,63.703065427738,
    43.399088389759));
#3193 = CARTESIAN_POINT('',(-2.266083635113,63.656196463792,
    43.676206476746));
#3194 = CARTESIAN_POINT('',(-3.960129864296,63.557331819714,
    43.918712646606));
#3195 = CARTESIAN_POINT('',(-7.00715234545,63.28553063839,
    44.290712804374));
#3196 = CARTESIAN_POINT('',(-8.359536364664,63.131725670777,
    44.433165511233));
#3197 = CARTESIAN_POINT('',(-9.711507114687,62.944433472046,
    44.552670380375));
#3198 = CARTESIAN_POINT('',(-11.06143947453,62.723562989059,
    44.648867803569));
#3199 = CARTESIAN_POINT('',(-12.40769017575,62.469147248498,
    44.72147959946));
#3200 = CARTESIAN_POINT('',(-13.74859859409,62.181349470474,
    44.770313334124));
#3201 = CARTESIAN_POINT('',(-15.08248784508,61.860471650706,
    44.795268383315));
#3202 = CARTESIAN_POINT('',(-18.39226020576,60.977553114601,
    44.797954190795));
#3203 = CARTESIAN_POINT('',(-20.35760744307,60.374883611857,
    44.746006773434));
#3204 = CARTESIAN_POINT('',(-22.2978350798,59.70048723138,
    44.640471781543));
#3205 = CARTESIAN_POINT('',(-24.20762951937,58.956515229686,
    44.481846094977));
#3206 = CARTESIAN_POINT('',(-26.08218515665,58.145635128663,
    44.271072178293));
#3207 = CARTESIAN_POINT('',(-27.91716547034,57.270951379287,
    44.009476772459));
#3208 = CARTESIAN_POINT('',(-29.70867643524,56.335951551833,
    43.698729276197));
#3209 = CARTESIAN_POINT('',(-33.86654271902,53.972962114305,
    42.845719818628));
#3210 = CARTESIAN_POINT('',(-36.1903203227,52.493209519554,
    42.260310818603));
#3211 = CARTESIAN_POINT('',(-38.416129119,50.914912774029,
    41.589665375759));
#3212 = CARTESIAN_POINT('',(-40.53816839954,49.248144369472,
    40.839601526587));
#3213 = CARTESIAN_POINT('',(-42.5526441798,47.502845365471,
    40.016214793697));
#3214 = CARTESIAN_POINT('',(-44.45736819716,45.688515541873,
    39.125593167532));
#3215 = CARTESIAN_POINT('',(-46.2514750261,43.813998053807,
    38.173618251512));
#3216 = CARTESIAN_POINT('',(-47.93512791562,41.887251521303,
    37.165755760845));
#3217 = B_SPLINE_SURFACE_WITH_KNOTS('',1,1,(
    (#3218,#3219)
    ,(#3220,#3221
    )),.UNSPECIFIED.,.F.,.F.,.F.,(2,2),(2,2),(0.,509.26257766593),(0.,
    509.26257766593),.PIECEWISE_BEZIER_KNOTS.);
#3218 = CARTESIAN_POINT('',(-339.3078259324,61.385849831325,
    103.80845079737));
#3219 = CARTESIAN_POINT('',(-108.0393931513,-292.4571138288,
    -180.1958486033));
#3220 = CARTESIAN_POINT('',(107.98656193495,292.65428261247,
    179.90717346876));
#3221 = CARTESIAN_POINT('',(339.2549947161,-61.18868104767,
    -104.0971259319));
#3222 = ADVANCED_FACE('',(#3223),#3249,.F.);
#3223 = FACE_BOUND('',#3224,.F.);
#3224 = EDGE_LOOP('',(#3225,#3226,#3227,#3237,#3244));
#3225 = ORIENTED_EDGE('',*,*,#2996,.T.);
#3226 = ORIENTED_EDGE('',*,*,#2965,.T.);
#3227 = ORIENTED_EDGE('',*,*,#3228,.T.);
#3228 = EDGE_CURVE('',#2957,#3229,#3231,.T.);
#3229 = VERTEX_POINT('',#3230);
#3230 = CARTESIAN_POINT('',(-16.30504005375,61.534250601935,
    -22.61460527409));
#3231 = B_SPLINE_CURVE_WITH_KNOTS('',4,(#3232,#3233,#3234,#3235,#3236),
  .UNSPECIFIED.,.F.,.F.,(5,5),(0.,1.),.PIECEWISE_BEZIER_KNOTS.);
#3232 = CARTESIAN_POINT('',(-16.30504005375,61.534250601935,-48.0000006)
  );
#3233 = CARTESIAN_POINT('',(-16.30504005375,61.534250601935,
    -24.8005117523));
#3234 = CARTESIAN_POINT('',(-16.30504005375,61.534250601935,
    -1.601022904602));
#3235 = CARTESIAN_POINT('',(-16.30504005375,61.534250601935,
    21.598465943096));
#3236 = CARTESIAN_POINT('',(-16.30504005375,61.534250601935,
    44.797954790795));
#3237 = ORIENTED_EDGE('',*,*,#3238,.T.);
#3238 = EDGE_CURVE('',#3229,#3239,#3241,.T.);
#3239 = VERTEX_POINT('',#3240);
#3240 = CARTESIAN_POINT('',(-10.79172421742,40.958275782579,
    -15.08327578257));
#3241 = B_SPLINE_CURVE_WITH_KNOTS('',1,(#3242,#3243),.UNSPECIFIED.,.F.,
  .F.,(2,2),(0.,1.),.PIECEWISE_BEZIER_KNOTS.);
#3242 = CARTESIAN_POINT('',(-17.91318022197,67.535911415422,
    -24.81136559672));
#3243 = CARTESIAN_POINT('',(12.362422389919,-45.45417576191,
    16.545876685997));
#3244 = ORIENTED_EDGE('',*,*,#3245,.T.);
#3245 = EDGE_CURVE('',#3239,#2997,#3246,.T.);
#3246 = B_SPLINE_CURVE_WITH_KNOTS('',1,(#3247,#3248),.UNSPECIFIED.,.F.,
  .F.,(2,2),(0.,1.),.PIECEWISE_BEZIER_KNOTS.);
#3247 = CARTESIAN_POINT('',(-10.84455543377,41.155444566228,
    -14.93893821528));
#3248 = CARTESIAN_POINT('',(0.197168783649,-5.283121635129E-02,
    -45.10548978044));
#3249 = B_SPLINE_SURFACE_WITH_KNOTS('',1,1,(
    (#3250,#3251)
    ,(#3252,#3253
    )),.UNSPECIFIED.,.F.,.F.,.F.,(2,2),(2,2),(0.,509.26257766593),(0.,
    509.26257766593),.PIECEWISE_BEZIER_KNOTS.);
#3250 = CARTESIAN_POINT('',(46.771513331092,-173.8706513966,
    311.858365094));
#3251 = CARTESIAN_POINT('',(-80.54413108539,301.27780216406,
    180.05151103606));
#3252 = CARTESIAN_POINT('',(80.885637436337,-301.1862958131,
    -180.051511036));
#3253 = CARTESIAN_POINT('',(-46.43000698014,173.96215774757,
    -311.858365094));
#3254 = ADVANCED_FACE('',(#3255),#3265,.T.);
#3255 = FACE_BOUND('',#3256,.T.);
#3256 = EDGE_LOOP('',(#3257,#3258,#3263,#3264));
#3257 = ORIENTED_EDGE('',*,*,#3136,.T.);
#3258 = ORIENTED_EDGE('',*,*,#3259,.T.);
#3259 = EDGE_CURVE('',#3137,#3239,#3260,.T.);
#3260 = B_SPLINE_CURVE_WITH_KNOTS('',1,(#3261,#3262),.UNSPECIFIED.,.F.,
  .F.,(2,2),(0.,1.),.PIECEWISE_BEZIER_KNOTS.);
#3261 = CARTESIAN_POINT('',(30.022214471066,30.022213871066,
    14.794600994394));
#3262 = CARTESIAN_POINT('',(-10.79172469062,40.958275909374,
    -15.08327612898));
#3263 = ORIENTED_EDGE('',*,*,#3245,.T.);
#3264 = ORIENTED_EDGE('',*,*,#3003,.T.);
#3265 = B_SPLINE_SURFACE_WITH_KNOTS('',1,1,(
    (#3266,#3267)
    ,(#3268,#3269
    )),.UNSPECIFIED.,.F.,.F.,.F.,(2,2),(2,2),(0.,52.25),(0.,52.25),
  .PIECEWISE_BEZIER_KNOTS.);
#3266 = CARTESIAN_POINT('',(-4.996003610813E-16,-4.996003610813E-16,
    -45.24982734773));
#3267 = CARTESIAN_POINT('',(-11.04172421742,41.208275782579,
    -15.08327578257));
#3268 = CARTESIAN_POINT('',(41.208275782579,-11.04172421742,
    -15.08327578257));
#3269 = CARTESIAN_POINT('',(30.166551565158,30.166551565158,
    15.083275782579));
#3270 = ADVANCED_FACE('',(#3271),#3323,.F.);
#3271 = FACE_BOUND('',#3272,.F.);
#3272 = EDGE_LOOP('',(#3273,#3320,#3321,#3322));
#3273 = ORIENTED_EDGE('',*,*,#3274,.F.);
#3274 = EDGE_CURVE('',#3144,#3229,#3275,.T.);
#3275 = B_SPLINE_CURVE_WITH_KNOTS('',8,(#3276,#3277,#3278,#3279,#3280,
    #3281,#3282,#3283,#3284,#3285,#3286,#3287,#3288,#3289,#3290,#3291,
    #3292,#3293,#3294,#3295,#3296,#3297,#3298,#3299,#3300,#3301,#3302,
    #3303,#3304,#3305,#3306,#3307,#3308,#3309,#3310,#3311,#3312,#3313,
    #3314,#3315,#3316,#3317,#3318,#3319),.UNSPECIFIED.,.F.,.F.,(9,7,7,7,
    7,7,9),(0.,0.199808732458,0.330631347494,0.43149163879,
    0.697182520698,0.911260536993,1.),.UNSPECIFIED.);
#3276 = CARTESIAN_POINT('',(63.657822208242,-2.359340039766E-15,
    43.262594792079));
#3277 = CARTESIAN_POINT('',(63.657822208242,3.484597384279,
    42.624869209776));
#3278 = CARTESIAN_POINT('',(63.439827502886,6.929392565149,
    41.845534783561));
#3279 = CARTESIAN_POINT('',(63.012555413773,10.310990492289,
    40.934827146157));
#3280 = CARTESIAN_POINT('',(62.388587751426,13.611204527674,
    39.904668219792));
#3281 = CARTESIAN_POINT('',(61.581993629744,16.815958858148,
    38.767243440467));
#3282 = CARTESIAN_POINT('',(60.607344778721,19.914811553091,
    37.534416490878));
#3283 = CARTESIAN_POINT('',(59.478760758496,22.900503424483,
    36.217159733508));
#3284 = CARTESIAN_POINT('',(57.377815311947,27.646372310137,
    33.913633019943));
#3285 = CARTESIAN_POINT('',(56.486000134731,29.473872590055,
    32.970056162228));
#3286 = CARTESIAN_POINT('',(55.537202751389,31.249910929974,
    31.99697792263));
#3287 = CARTESIAN_POINT('',(54.534804318913,32.97362341731,
    30.996865781299));
#3288 = CARTESIAN_POINT('',(53.482002178794,34.644396929514,
    29.9720157723));
#3289 = CARTESIAN_POINT('',(52.381784284616,36.261842277175,
    28.92453993249));
#3290 = CARTESIAN_POINT('',(51.236902007961,37.825765523536,
    27.856352976494));
#3291 = CARTESIAN_POINT('',(49.134653329497,40.500588714557,
    25.930963807295));
#3292 = CARTESIAN_POINT('',(48.194427264637,41.63316791215,
    25.081501083286));
#3293 = CARTESIAN_POINT('',(47.230319895357,42.733847000506,
    24.221565250204));
#3294 = CARTESIAN_POINT('',(46.243429616748,43.802616150412,
    23.351908324717));
#3295 = CARTESIAN_POINT('',(45.234796637019,44.839483956775,
    22.473239209267));
#3296 = CARTESIAN_POINT('',(44.205402246441,45.844476294801,
    21.586223402082));
#3297 = CARTESIAN_POINT('',(43.156167169876,46.817633851676,
    20.691482323668));
#3298 = CARTESIAN_POINT('',(39.273998902166,50.238820885758,
    17.413791403152));
#3299 = CARTESIAN_POINT('',(36.329086765661,52.497407417758,
    14.989028984282));
#3300 = CARTESIAN_POINT('',(33.268188607511,54.536650662824,
    12.525189246983));
#3301 = CARTESIAN_POINT('',(30.104723829384,56.357086649974,
    10.031339712881));
#3302 = CARTESIAN_POINT('',(26.85092663962,57.958712282912,
    7.515837068412));
#3303 = CARTESIAN_POINT('',(23.517848592143,59.340960188604,
    4.986333501666));
#3304 = CARTESIAN_POINT('',(20.115346915019,60.502627767781,
    2.449781715619));
#3305 = CARTESIAN_POINT('',(13.861195458379,62.197632251504,
    -2.132090519109));
#3306 = CARTESIAN_POINT('',(11.031689828566,62.808986916261,
    -4.176564473359));
#3307 = CARTESIAN_POINT('',(8.168028092386,63.274179479366,
    -6.217617960965));
#3308 = CARTESIAN_POINT('',(5.275060142567,63.591384002546,
    -8.251604273699));
#3309 = CARTESIAN_POINT('',(2.357832405118,63.758269857117,
    -10.27465010384));
#3310 = CARTESIAN_POINT('',(-0.578400247653,63.77205879478,
    -12.28265785213));
#3311 = CARTESIAN_POINT('',(-3.528179443138,63.629473966483,
    -14.27129967575));
#3312 = CARTESIAN_POINT('',(-7.711885523154,63.200981310982,
    -17.05040447076));
#3313 = CARTESIAN_POINT('',(-8.939208671472,63.047868317222,
    -17.8606601477));
#3314 = CARTESIAN_POINT('',(-10.16741190425,62.866933882732,
    -18.66642525647));
#3315 = CARTESIAN_POINT('',(-11.39604597278,62.657886745734,
    -19.46733964989));
#3316 = CARTESIAN_POINT('',(-12.62463691584,62.420421271996,
    -20.26302367148));
#3317 = CARTESIAN_POINT('',(-13.8526860293,62.154217821533,
    -21.0530782018));
#3318 = CARTESIAN_POINT('',(-15.07966983568,61.858943115306,
    -21.83708470478));
#3319 = CARTESIAN_POINT('',(-16.3050400538,61.534250601921,
    -22.61460527412));
#3320 = ORIENTED_EDGE('',*,*,#3143,.F.);
#3321 = ORIENTED_EDGE('',*,*,#3259,.T.);
#3322 = ORIENTED_EDGE('',*,*,#3238,.F.);
#3323 = B_SPLINE_SURFACE_WITH_KNOTS('',1,1,(
    (#3324,#3325)
    ,(#3326,#3327
    )),.UNSPECIFIED.,.F.,.F.,.F.,(2,2),(2,2),(0.,509.26257766593),(0.,
    509.26257766593),.PIECEWISE_BEZIER_KNOTS.);
#3324 = CARTESIAN_POINT('',(61.385849831325,-339.3078259324,
    103.80845079737));
#3325 = CARTESIAN_POINT('',(292.65428261247,107.98656193495,
    179.90717346876));
#3326 = CARTESIAN_POINT('',(-292.4571138288,-108.0393931513,
    -180.1958486033));
#3327 = CARTESIAN_POINT('',(-61.18868104767,339.2549947161,
    -104.0971259319));
#3328 = ADVANCED_FACE('',(#3329),#3338,.T.);
#3329 = FACE_BOUND('',#3330,.T.);
#3330 = EDGE_LOOP('',(#3331,#3332,#3333,#3334,#3335,#3336,#3337));
#3331 = ORIENTED_EDGE('',*,*,#2956,.T.);
#3332 = ORIENTED_EDGE('',*,*,#3228,.T.);
#3333 = ORIENTED_EDGE('',*,*,#3274,.F.);
#3334 = ORIENTED_EDGE('',*,*,#3150,.F.);
#3335 = ORIENTED_EDGE('',*,*,#3016,.F.);
#3336 = ORIENTED_EDGE('',*,*,#2987,.T.);
#3337 = ORIENTED_EDGE('',*,*,#2947,.T.);
#3338 = CYLINDRICAL_SURFACE('',#3339,63.657822208242);
#3339 = AXIS2_PLACEMENT_3D('',#3340,#3341,#3342);
#3340 = CARTESIAN_POINT('',(0.,0.,-48.));
#3341 = DIRECTION('',(0.,0.,1.));
#3342 = DIRECTION('',(1.,0.,0.));
#3343 = MANIFOLD_SOLID_BREP('',#3344);
#3344 = CLOSED_SHELL('',(#3345,#3388,#3409,#3430,#3451,#3488,#3503,#3518
    ,#3533,#3607,#3635,#3657,#3679,#3695,#3723,#3745,#3767,#3783,#3795)
  );
#3345 = ADVANCED_FACE('',(#3346,#3369),#3383,.T.);
#3346 = FACE_BOUND('',#3347,.T.);
#3347 = EDGE_LOOP('',(#3348,#3357,#3364));
#3348 = ORIENTED_EDGE('',*,*,#3349,.T.);
#3349 = EDGE_CURVE('',#3350,#3352,#3354,.T.);
#3350 = VERTEX_POINT('',#3351);
#3351 = CARTESIAN_POINT('',(-4.37219188087,1.171525283633,
    -3.200666597237));
#3352 = VERTEX_POINT('',#3353);
#3353 = CARTESIAN_POINT('',(3.200666597237,3.200666597237,
    -3.200666597237));
#3354 = B_SPLINE_CURVE_WITH_KNOTS('',1,(#3355,#3356),.UNSPECIFIED.,.F.,
  .F.,(2,2),(0.,12.88),.PIECEWISE_BEZIER_KNOTS.);
#3355 = CARTESIAN_POINT('',(-4.37219188087,1.171525283633,
    -3.200666597237));
#3356 = CARTESIAN_POINT('',(3.200666597237,3.200666597237,
    -3.200666597237));
#3357 = ORIENTED_EDGE('',*,*,#3358,.T.);
#3358 = EDGE_CURVE('',#3352,#3359,#3361,.T.);
#3359 = VERTEX_POINT('',#3360);
#3360 = CARTESIAN_POINT('',(1.171525283633,-4.37219188087,
    -3.200666597237));
#3361 = B_SPLINE_CURVE_WITH_KNOTS('',1,(#3362,#3363),.UNSPECIFIED.,.F.,
  .F.,(2,2),(0.,12.88),.PIECEWISE_BEZIER_KNOTS.);
#3362 = CARTESIAN_POINT('',(3.200666597237,3.200666597237,
    -3.200666597237));
#3363 = CARTESIAN_POINT('',(1.171525283633,-4.37219188087,
    -3.200666597237));
#3364 = ORIENTED_EDGE('',*,*,#3365,.T.);
#3365 = EDGE_CURVE('',#3359,#3350,#3366,.T.);
#3366 = B_SPLINE_CURVE_WITH_KNOTS('',1,(#3367,#3368),.UNSPECIFIED.,.F.,
  .F.,(2,2),(0.,12.88),.PIECEWISE_BEZIER_KNOTS.);
#3367 = CARTESIAN_POINT('',(1.171525283633,-4.37219188087,
    -3.200666597237));
#3368 = CARTESIAN_POINT('',(-4.37219188087,1.171525283633,
    -3.200666597237));
#3369 = FACE_BOUND('',#3370,.T.);
#3370 = EDGE_LOOP('',(#3371));
#3371 = ORIENTED_EDGE('',*,*,#3372,.T.);
#3372 = EDGE_CURVE('',#3373,#3373,#3375,.T.);
#3373 = VERTEX_POINT('',#3374);
#3374 = CARTESIAN_POINT('',(-0.40960927138,1.52868261204,-3.200666597237
    ));
#3375 = ( BOUNDED_CURVE() B_SPLINE_CURVE(2,(#3376,#3377,#3378,#3379,
#3380,#3381,#3382),.UNSPECIFIED.,.T.,.F.) B_SPLINE_CURVE_WITH_KNOTS((1,2
    ,2,2,2,1),(-2.094395102393,0.,2.094395102393,4.188790204786,
6.28318530718,8.377580409573),.UNSPECIFIED.) CURVE() 
GEOMETRIC_REPRESENTATION_ITEM() RATIONAL_B_SPLINE_CURVE((1.,0.5,1.,0.5,
1.,0.5,1.)) REPRESENTATION_ITEM('') );
#3376 = CARTESIAN_POINT('',(-0.40960927138,1.52868261204,-3.200666597237
    ));
#3377 = CARTESIAN_POINT('',(-3.05736522408,0.819218542759,
    -3.200666597237));
#3378 = CARTESIAN_POINT('',(-1.11907334066,-1.11907334066,
    -3.200666597237));
#3379 = CARTESIAN_POINT('',(0.819218542759,-3.05736522408,
    -3.200666597237));
#3380 = CARTESIAN_POINT('',(1.52868261204,-0.40960927138,-3.200666597237
    ));
#3381 = CARTESIAN_POINT('',(2.238146681321,2.238146681321,
    -3.200666597237));
#3382 = CARTESIAN_POINT('',(-0.40960927138,1.52868261204,-3.200666597237
    ));
#3383 = B_SPLINE_SURFACE_WITH_KNOTS('',1,1,(
    (#3384,#3385)
    ,(#3386,#3387
    )),.UNSPECIFIED.,.F.,.F.,.F.,(2,2),(2,2),(-3.718135733581,
    7.436271467162),(-6.44,6.44),.PIECEWISE_BEZIER_KNOTS.);
#3384 = CARTESIAN_POINT('',(3.200666597237,3.200666597237,
    -3.200666597237));
#3385 = CARTESIAN_POINT('',(-4.37219188087,1.171525283633,
    -3.200666597237));
#3386 = CARTESIAN_POINT('',(4.957954522686,-3.357621224068,
    -3.200666597237));
#3387 = CARTESIAN_POINT('',(-2.61490395542,-5.386762537671,
    -3.200666597237));
#3388 = ADVANCED_FACE('',(#3389),#3404,.T.);
#3389 = FACE_BOUND('',#3390,.T.);
#3390 = EDGE_LOOP('',(#3391,#3392,#3399));
#3391 = ORIENTED_EDGE('',*,*,#3349,.F.);
#3392 = ORIENTED_EDGE('',*,*,#3393,.T.);
#3393 = EDGE_CURVE('',#3350,#3394,#3396,.T.);
#3394 = VERTEX_POINT('',#3395);
#3395 = CARTESIAN_POINT('',(-1.171525283633,4.37219188087,3.200666597237
    ));
#3396 = B_SPLINE_CURVE_WITH_KNOTS('',1,(#3397,#3398),.UNSPECIFIED.,.F.,
  .F.,(2,2),(0.,12.88),.PIECEWISE_BEZIER_KNOTS.);
#3397 = CARTESIAN_POINT('',(-4.37219188087,1.171525283633,
    -3.200666597237));
#3398 = CARTESIAN_POINT('',(-1.171525283633,4.37219188087,3.200666597237
    ));
#3399 = ORIENTED_EDGE('',*,*,#3400,.T.);
#3400 = EDGE_CURVE('',#3394,#3352,#3401,.T.);
#3401 = B_SPLINE_CURVE_WITH_KNOTS('',1,(#3402,#3403),.UNSPECIFIED.,.F.,
  .F.,(2,2),(0.,12.88),.PIECEWISE_BEZIER_KNOTS.);
#3402 = CARTESIAN_POINT('',(-1.171525283633,4.37219188087,3.200666597237
    ));
#3403 = CARTESIAN_POINT('',(3.200666597237,3.200666597237,
    -3.200666597237));
#3404 = B_SPLINE_SURFACE_WITH_KNOTS('',1,1,(
    (#3405,#3406)
    ,(#3407,#3408
    )),.UNSPECIFIED.,.F.,.F.,.F.,(2,2),(2,2),(-3.718135733581,
    7.436271467162),(-6.44,6.44),.PIECEWISE_BEZIER_KNOTS.);
#3405 = CARTESIAN_POINT('',(-4.37219188087,1.171525283633,
    -3.200666597237));
#3406 = CARTESIAN_POINT('',(3.200666597237,3.200666597237,
    -3.200666597237));
#3407 = CARTESIAN_POINT('',(-4.957954522686,3.357621224068,
    3.200666597237));
#3408 = CARTESIAN_POINT('',(2.61490395542,5.386762537671,3.200666597237)
  );
#3409 = ADVANCED_FACE('',(#3410),#3425,.T.);
#3410 = FACE_BOUND('',#3411,.T.);
#3411 = EDGE_LOOP('',(#3412,#3413,#3420));
#3412 = ORIENTED_EDGE('',*,*,#3365,.F.);
#3413 = ORIENTED_EDGE('',*,*,#3414,.T.);
#3414 = EDGE_CURVE('',#3359,#3415,#3417,.T.);
#3415 = VERTEX_POINT('',#3416);
#3416 = CARTESIAN_POINT('',(-3.200666597237,-3.200666597237,
    3.200666597237));
#3417 = B_SPLINE_CURVE_WITH_KNOTS('',1,(#3418,#3419),.UNSPECIFIED.,.F.,
  .F.,(2,2),(0.,12.88),.PIECEWISE_BEZIER_KNOTS.);
#3418 = CARTESIAN_POINT('',(1.171525283633,-4.37219188087,
    -3.200666597237));
#3419 = CARTESIAN_POINT('',(-3.200666597237,-3.200666597237,
    3.200666597237));
#3420 = ORIENTED_EDGE('',*,*,#3421,.T.);
#3421 = EDGE_CURVE('',#3415,#3350,#3422,.T.);
#3422 = B_SPLINE_CURVE_WITH_KNOTS('',1,(#3423,#3424),.UNSPECIFIED.,.F.,
  .F.,(2,2),(0.,12.88),.PIECEWISE_BEZIER_KNOTS.);
#3423 = CARTESIAN_POINT('',(-3.200666597237,-3.200666597237,
    3.200666597237));
#3424 = CARTESIAN_POINT('',(-4.37219188087,1.171525283633,
    -3.200666597237));
#3425 = B_SPLINE_SURFACE_WITH_KNOTS('',1,1,(
    (#3426,#3427)
    ,(#3428,#3429
    )),.UNSPECIFIED.,.F.,.F.,.F.,(2,2),(2,2),(-6.44,6.44),(
    -7.436271467162,3.718135733581),.PIECEWISE_BEZIER_KNOTS.);
#3426 = CARTESIAN_POINT('',(-0.428808014985,-5.972525179488,
    3.200666597237));
#3427 = CARTESIAN_POINT('',(1.171525283633,-4.37219188087,
    -3.200666597237));
#3428 = CARTESIAN_POINT('',(-5.972525179488,-0.428808014985,
    3.200666597237));
#3429 = CARTESIAN_POINT('',(-4.37219188087,1.171525283633,
    -3.200666597237));
#3430 = ADVANCED_FACE('',(#3431),#3446,.T.);
#3431 = FACE_BOUND('',#3432,.T.);
#3432 = EDGE_LOOP('',(#3433,#3434,#3441));
#3433 = ORIENTED_EDGE('',*,*,#3358,.F.);
#3434 = ORIENTED_EDGE('',*,*,#3435,.T.);
#3435 = EDGE_CURVE('',#3352,#3436,#3438,.T.);
#3436 = VERTEX_POINT('',#3437);
#3437 = CARTESIAN_POINT('',(4.37219188087,-1.171525283633,3.200666597237
    ));
#3438 = B_SPLINE_CURVE_WITH_KNOTS('',1,(#3439,#3440),.UNSPECIFIED.,.F.,
  .F.,(2,2),(0.,12.88),.PIECEWISE_BEZIER_KNOTS.);
#3439 = CARTESIAN_POINT('',(3.200666597237,3.200666597237,
    -3.200666597237));
#3440 = CARTESIAN_POINT('',(4.37219188087,-1.171525283633,3.200666597237
    ));
#3441 = ORIENTED_EDGE('',*,*,#3442,.T.);
#3442 = EDGE_CURVE('',#3436,#3359,#3443,.T.);
#3443 = B_SPLINE_CURVE_WITH_KNOTS('',1,(#3444,#3445),.UNSPECIFIED.,.F.,
  .F.,(2,2),(0.,12.88),.PIECEWISE_BEZIER_KNOTS.);
#3444 = CARTESIAN_POINT('',(4.37219188087,-1.171525283633,3.200666597237
    ));
#3445 = CARTESIAN_POINT('',(1.171525283633,-4.37219188087,
    -3.200666597237));
#3446 = B_SPLINE_SURFACE_WITH_KNOTS('',1,1,(
    (#3447,#3448)
    ,(#3449,#3450
    )),.UNSPECIFIED.,.F.,.F.,.F.,(2,2),(2,2),(-6.44,6.44),(
    -7.436271467162,3.718135733581),.PIECEWISE_BEZIER_KNOTS.);
#3447 = CARTESIAN_POINT('',(5.386762537671,2.61490395542,3.200666597237)
  );
#3448 = CARTESIAN_POINT('',(3.200666597237,3.200666597237,
    -3.200666597237));
#3449 = CARTESIAN_POINT('',(3.357621224068,-4.957954522686,
    3.200666597237));
#3450 = CARTESIAN_POINT('',(1.171525283633,-4.37219188087,
    -3.200666597237));
#3451 = ADVANCED_FACE('',(#3452),#3473,.F.);
#3452 = FACE_BOUND('',#3453,.F.);
#3453 = EDGE_LOOP('',(#3454,#3466,#3471,#3472));
#3454 = ORIENTED_EDGE('',*,*,#3455,.F.);
#3455 = EDGE_CURVE('',#3456,#3456,#3458,.T.);
#3456 = VERTEX_POINT('',#3457);
#3457 = CARTESIAN_POINT('',(-0.40960927138,1.52868261204,3.200666597237)
  );
#3458 = ( BOUNDED_CURVE() B_SPLINE_CURVE(2,(#3459,#3460,#3461,#3462,
#3463,#3464,#3465),.UNSPECIFIED.,.T.,.F.) B_SPLINE_CURVE_WITH_KNOTS((1,2
    ,2,2,2,1),(-2.094395102393,0.,2.094395102393,4.188790204786,
6.28318530718,8.377580409573),.UNSPECIFIED.) CURVE() 
GEOMETRIC_REPRESENTATION_ITEM() RATIONAL_B_SPLINE_CURVE((1.,0.5,1.,0.5,
1.,0.5,1.)) REPRESENTATION_ITEM('') );
#3459 = CARTESIAN_POINT('',(-0.40960927138,1.52868261204,3.200666597237)
  );
#3460 = CARTESIAN_POINT('',(-3.05736522408,0.819218542759,3.200666597237
    ));
#3461 = CARTESIAN_POINT('',(-1.11907334066,-1.11907334066,3.200666597237
    ));
#3462 = CARTESIAN_POINT('',(0.819218542759,-3.05736522408,3.200666597237
    ));
#3463 = CARTESIAN_POINT('',(1.52868261204,-0.40960927138,3.200666597237)
  );
#3464 = CARTESIAN_POINT('',(2.238146681321,2.238146681321,3.200666597237
    ));
#3465 = CARTESIAN_POINT('',(-0.40960927138,1.52868261204,3.200666597237)
  );
#3466 = ORIENTED_EDGE('',*,*,#3467,.F.);
#3467 = EDGE_CURVE('',#3373,#3456,#3468,.T.);
#3468 = B_SPLINE_CURVE_WITH_KNOTS('',1,(#3469,#3470),.UNSPECIFIED.,.F.,
  .F.,(2,2),(0.6,11.116475962349),.PIECEWISE_BEZIER_KNOTS.);
#3469 = CARTESIAN_POINT('',(-0.40960927138,1.52868261204,-3.200666597237
    ));
#3470 = CARTESIAN_POINT('',(-0.40960927138,1.52868261204,3.200666597237)
  );
#3471 = ORIENTED_EDGE('',*,*,#3372,.T.);
#3472 = ORIENTED_EDGE('',*,*,#3467,.T.);
#3473 = ( BOUNDED_SURFACE() B_SPLINE_SURFACE(2,1,(
    (#3474,#3475)
    ,(#3476,#3477)
    ,(#3478,#3479)
    ,(#3480,#3481)
    ,(#3482,#3483)
    ,(#3484,#3485)
    ,(#3486,#3487
)),.UNSPECIFIED.,.T.,.F.,.F.) B_SPLINE_SURFACE_WITH_KNOTS((1,2,2,2,2,1),
  (2,2),(-2.094395102393,0.,2.094395102393,4.188790204786,6.28318530718,
    8.377580409573),(0.6,11.116475962349),.UNSPECIFIED.) 
GEOMETRIC_REPRESENTATION_ITEM() RATIONAL_B_SPLINE_SURFACE((
    (1.,1.)
    ,(0.5,0.5)
    ,(1.,1.)
    ,(0.5,0.5)
    ,(1.,1.)
    ,(0.5,0.5)
,(1.,1.))) REPRESENTATION_ITEM('') SURFACE() );
#3474 = CARTESIAN_POINT('',(-0.40960927138,1.52868261204,-3.200666597237
    ));
#3475 = CARTESIAN_POINT('',(-0.40960927138,1.52868261204,3.200666597237)
  );
#3476 = CARTESIAN_POINT('',(-3.05736522408,0.819218542759,
    -3.200666597237));
#3477 = CARTESIAN_POINT('',(-3.05736522408,0.819218542759,3.200666597237
    ));
#3478 = CARTESIAN_POINT('',(-1.11907334066,-1.11907334066,
    -3.200666597237));
#3479 = CARTESIAN_POINT('',(-1.11907334066,-1.11907334066,3.200666597237
    ));
#3480 = CARTESIAN_POINT('',(0.819218542759,-3.05736522408,
    -3.200666597237));
#3481 = CARTESIAN_POINT('',(0.819218542759,-3.05736522408,3.200666597237
    ));
#3482 = CARTESIAN_POINT('',(1.52868261204,-0.40960927138,-3.200666597237
    ));
#3483 = CARTESIAN_POINT('',(1.52868261204,-0.40960927138,3.200666597237)
  );
#3484 = CARTESIAN_POINT('',(2.238146681321,2.238146681321,
    -3.200666597237));
#3485 = CARTESIAN_POINT('',(2.238146681321,2.238146681321,3.200666597237
    ));
#3486 = CARTESIAN_POINT('',(-0.40960927138,1.52868261204,-3.200666597237
    ));
#3487 = CARTESIAN_POINT('',(-0.40960927138,1.52868261204,3.200666597237)
  );
#3488 = ADVANCED_FACE('',(#3489),#3498,.F.);
#3489 = FACE_BOUND('',#3490,.F.);
#3490 = EDGE_LOOP('',(#3491,#3496,#3497));
#3491 = ORIENTED_EDGE('',*,*,#3492,.T.);
#3492 = EDGE_CURVE('',#3394,#3415,#3493,.T.);
#3493 = B_SPLINE_CURVE_WITH_KNOTS('',1,(#3494,#3495),.UNSPECIFIED.,.F.,
  .F.,(2,2),(0.,12.88),.PIECEWISE_BEZIER_KNOTS.);
#3494 = CARTESIAN_POINT('',(-1.171525283633,4.37219188087,3.200666597237
    ));
#3495 = CARTESIAN_POINT('',(-3.200666597237,-3.200666597237,
    3.200666597237));
#3496 = ORIENTED_EDGE('',*,*,#3421,.T.);
#3497 = ORIENTED_EDGE('',*,*,#3393,.T.);
#3498 = B_SPLINE_SURFACE_WITH_KNOTS('',1,1,(
    (#3499,#3500)
    ,(#3501,#3502
    )),.UNSPECIFIED.,.F.,.F.,.F.,(2,2),(2,2),(-6.44,6.44),(
    -3.718135733581,7.436271467162),.PIECEWISE_BEZIER_KNOTS.);
#3499 = CARTESIAN_POINT('',(-1.171525283633,4.37219188087,3.200666597237
    ));
#3500 = CARTESIAN_POINT('',(-3.357621224068,4.957954522686,
    -3.200666597237));
#3501 = CARTESIAN_POINT('',(-3.200666597237,-3.200666597237,
    3.200666597237));
#3502 = CARTESIAN_POINT('',(-5.386762537671,-2.61490395542,
    -3.200666597237));
#3503 = ADVANCED_FACE('',(#3504),#3513,.F.);
#3504 = FACE_BOUND('',#3505,.F.);
#3505 = EDGE_LOOP('',(#3506,#3511,#3512));
#3506 = ORIENTED_EDGE('',*,*,#3507,.T.);
#3507 = EDGE_CURVE('',#3436,#3394,#3508,.T.);
#3508 = B_SPLINE_CURVE_WITH_KNOTS('',1,(#3509,#3510),.UNSPECIFIED.,.F.,
  .F.,(2,2),(0.,12.88),.PIECEWISE_BEZIER_KNOTS.);
#3509 = CARTESIAN_POINT('',(4.37219188087,-1.171525283633,3.200666597237
    ));
#3510 = CARTESIAN_POINT('',(-1.171525283633,4.37219188087,3.200666597237
    ));
#3511 = ORIENTED_EDGE('',*,*,#3400,.T.);
#3512 = ORIENTED_EDGE('',*,*,#3435,.T.);
#3513 = B_SPLINE_SURFACE_WITH_KNOTS('',1,1,(
    (#3514,#3515)
    ,(#3516,#3517
    )),.UNSPECIFIED.,.F.,.F.,.F.,(2,2),(2,2),(-6.44,6.44),(
    -3.718135733581,7.436271467162),.PIECEWISE_BEZIER_KNOTS.);
#3514 = CARTESIAN_POINT('',(4.37219188087,-1.171525283633,3.200666597237
    ));
#3515 = CARTESIAN_POINT('',(5.972525179488,0.428808014985,
    -3.200666597237));
#3516 = CARTESIAN_POINT('',(-1.171525283633,4.37219188087,3.200666597237
    ));
#3517 = CARTESIAN_POINT('',(0.428808014985,5.972525179488,
    -3.200666597237));
#3518 = ADVANCED_FACE('',(#3519),#3528,.F.);
#3519 = FACE_BOUND('',#3520,.F.);
#3520 = EDGE_LOOP('',(#3521,#3526,#3527));
#3521 = ORIENTED_EDGE('',*,*,#3522,.T.);
#3522 = EDGE_CURVE('',#3415,#3436,#3523,.T.);
#3523 = B_SPLINE_CURVE_WITH_KNOTS('',1,(#3524,#3525),.UNSPECIFIED.,.F.,
  .F.,(2,2),(0.,12.88),.PIECEWISE_BEZIER_KNOTS.);
#3524 = CARTESIAN_POINT('',(-3.200666597237,-3.200666597237,
    3.200666597237));
#3525 = CARTESIAN_POINT('',(4.37219188087,-1.171525283633,3.200666597237
    ));
#3526 = ORIENTED_EDGE('',*,*,#3442,.T.);
#3527 = ORIENTED_EDGE('',*,*,#3414,.T.);
#3528 = B_SPLINE_SURFACE_WITH_KNOTS('',1,1,(
    (#3529,#3530)
    ,(#3531,#3532
    )),.UNSPECIFIED.,.F.,.F.,.F.,(2,2),(2,2),(-7.436271467162,
    3.718135733581),(-6.44,6.44),.PIECEWISE_BEZIER_KNOTS.);
#3529 = CARTESIAN_POINT('',(-2.61490395542,-5.386762537671,
    -3.200666597237));
#3530 = CARTESIAN_POINT('',(4.957954522686,-3.357621224068,
    -3.200666597237));
#3531 = CARTESIAN_POINT('',(-3.200666597237,-3.200666597237,
    3.200666597237));
#3532 = CARTESIAN_POINT('',(4.37219188087,-1.171525283633,3.200666597237
    ));
#3533 = ADVANCED_FACE('',(#3534,#3539,#3542,#3572),#3602,.T.);
#3534 = FACE_BOUND('',#3535,.T.);
#3535 = EDGE_LOOP('',(#3536,#3537,#3538));
#3536 = ORIENTED_EDGE('',*,*,#3492,.T.);
#3537 = ORIENTED_EDGE('',*,*,#3522,.T.);
#3538 = ORIENTED_EDGE('',*,*,#3507,.T.);
#3539 = FACE_BOUND('',#3540,.T.);
#3540 = EDGE_LOOP('',(#3541));
#3541 = ORIENTED_EDGE('',*,*,#3455,.F.);
#3542 = FACE_BOUND('',#3543,.T.);
#3543 = EDGE_LOOP('',(#3544,#3553,#3560,#3567));
#3544 = ORIENTED_EDGE('',*,*,#3545,.T.);
#3545 = EDGE_CURVE('',#3546,#3548,#3550,.T.);
#3546 = VERTEX_POINT('',#3547);
#3547 = CARTESIAN_POINT('',(-0.913263591081,3.972782779372,
    3.200666597237));
#3548 = VERTEX_POINT('',#3549);
#3549 = CARTESIAN_POINT('',(-0.287405150486,1.637047280723,
    3.200666597237));
#3550 = B_SPLINE_CURVE_WITH_KNOTS('',1,(#3551,#3552),.UNSPECIFIED.,.F.,
  .F.,(2,2),(-5.332644320446,-1.36),.PIECEWISE_BEZIER_KNOTS.);
#3551 = CARTESIAN_POINT('',(-0.913263591081,3.972782779372,
    3.200666597237));
#3552 = CARTESIAN_POINT('',(-0.287405150486,1.637047280723,
    3.200666597237));
#3553 = ORIENTED_EDGE('',*,*,#3554,.T.);
#3554 = EDGE_CURVE('',#3548,#3555,#3557,.T.);
#3555 = VERTEX_POINT('',#3556);
#3556 = CARTESIAN_POINT('',(-0.569623478862,1.561427107545,
    3.200666597237));
#3557 = B_SPLINE_CURVE_WITH_KNOTS('',1,(#3558,#3559),.UNSPECIFIED.,.F.,
  .F.,(2,2),(-0.12,0.36),.PIECEWISE_BEZIER_KNOTS.);
#3558 = CARTESIAN_POINT('',(-0.287405150486,1.637047280723,
    3.200666597237));
#3559 = CARTESIAN_POINT('',(-0.569623478862,1.561427107545,
    3.200666597237));
#3560 = ORIENTED_EDGE('',*,*,#3561,.F.);
#3561 = EDGE_CURVE('',#3562,#3555,#3564,.T.);
#3562 = VERTEX_POINT('',#3563);
#3563 = CARTESIAN_POINT('',(-1.195481919458,3.897162606194,
    3.200666597237));
#3564 = B_SPLINE_CURVE_WITH_KNOTS('',1,(#3565,#3566),.UNSPECIFIED.,.F.,
  .F.,(2,2),(-5.332644320446,-1.36),.PIECEWISE_BEZIER_KNOTS.);
#3565 = CARTESIAN_POINT('',(-1.195481919458,3.897162606194,
    3.200666597237));
#3566 = CARTESIAN_POINT('',(-0.569623478862,1.561427107545,
    3.200666597237));
#3567 = ORIENTED_EDGE('',*,*,#3568,.F.);
#3568 = EDGE_CURVE('',#3546,#3562,#3569,.T.);
#3569 = B_SPLINE_CURVE_WITH_KNOTS('',1,(#3570,#3571),.UNSPECIFIED.,.F.,
  .F.,(2,2),(-0.12,0.36),.PIECEWISE_BEZIER_KNOTS.);
#3570 = CARTESIAN_POINT('',(-0.913263591081,3.972782779372,
    3.200666597237));
#3571 = CARTESIAN_POINT('',(-1.195481919458,3.897162606194,
    3.200666597237));
#3572 = FACE_BOUND('',#3573,.T.);
#3573 = EDGE_LOOP('',(#3574,#3583,#3590,#3597));
#3574 = ORIENTED_EDGE('',*,*,#3575,.T.);
#3575 = EDGE_CURVE('',#3576,#3578,#3580,.T.);
#3576 = VERTEX_POINT('',#3577);
#3577 = CARTESIAN_POINT('',(-2.983899015112,-2.777300859914,
    3.200666597237));
#3578 = VERTEX_POINT('',#3579);
#3579 = CARTESIAN_POINT('',(-1.27402195706,-1.067423801861,
    3.200666597237));
#3580 = B_SPLINE_CURVE_WITH_KNOTS('',1,(#3581,#3582),.UNSPECIFIED.,.F.,
  .F.,(2,2),(-5.332644320446,-1.36),.PIECEWISE_BEZIER_KNOTS.);
#3581 = CARTESIAN_POINT('',(-2.983899015112,-2.777300859914,
    3.200666597237));
#3582 = CARTESIAN_POINT('',(-1.27402195706,-1.067423801861,
    3.200666597237));
#3583 = ORIENTED_EDGE('',*,*,#3584,.T.);
#3584 = EDGE_CURVE('',#3578,#3585,#3587,.T.);
#3585 = VERTEX_POINT('',#3586);
#3586 = CARTESIAN_POINT('',(-1.067423801861,-1.27402195706,
    3.200666597237));
#3587 = B_SPLINE_CURVE_WITH_KNOTS('',1,(#3588,#3589),.UNSPECIFIED.,.F.,
  .F.,(2,2),(-0.12,0.36),.PIECEWISE_BEZIER_KNOTS.);
#3588 = CARTESIAN_POINT('',(-1.27402195706,-1.067423801861,
    3.200666597237));
#3589 = CARTESIAN_POINT('',(-1.067423801861,-1.27402195706,
    3.200666597237));
#3590 = ORIENTED_EDGE('',*,*,#3591,.F.);
#3591 = EDGE_CURVE('',#3592,#3585,#3594,.T.);
#3592 = VERTEX_POINT('',#3593);
#3593 = CARTESIAN_POINT('',(-2.777300859914,-2.983899015112,
    3.200666597237));
#3594 = B_SPLINE_CURVE_WITH_KNOTS('',1,(#3595,#3596),.UNSPECIFIED.,.F.,
  .F.,(2,2),(-5.332644320446,-1.36),.PIECEWISE_BEZIER_KNOTS.);
#3595 = CARTESIAN_POINT('',(-2.777300859914,-2.983899015112,
    3.200666597237));
#3596 = CARTESIAN_POINT('',(-1.067423801861,-1.27402195706,
    3.200666597237));
#3597 = ORIENTED_EDGE('',*,*,#3598,.F.);
#3598 = EDGE_CURVE('',#3576,#3592,#3599,.T.);
#3599 = B_SPLINE_CURVE_WITH_KNOTS('',1,(#3600,#3601),.UNSPECIFIED.,.F.,
  .F.,(2,2),(-0.12,0.36),.PIECEWISE_BEZIER_KNOTS.);
#3600 = CARTESIAN_POINT('',(-2.983899015112,-2.777300859914,
    3.200666597237));
#3601 = CARTESIAN_POINT('',(-2.777300859914,-2.983899015112,
    3.200666597237));
#3602 = B_SPLINE_SURFACE_WITH_KNOTS('',1,1,(
    (#3603,#3604)
    ,(#3605,#3606
    )),.UNSPECIFIED.,.F.,.F.,.F.,(2,2),(2,2),(-3.718135733581,
    7.436271467162),(-6.44,6.44),.PIECEWISE_BEZIER_KNOTS.);
#3603 = CARTESIAN_POINT('',(4.37219188087,-1.171525283633,3.200666597237
    ));
#3604 = CARTESIAN_POINT('',(-3.200666597237,-3.200666597237,
    3.200666597237));
#3605 = CARTESIAN_POINT('',(2.61490395542,5.386762537671,3.200666597237)
  );
#3606 = CARTESIAN_POINT('',(-4.957954522686,3.357621224068,
    3.200666597237));
#3607 = ADVANCED_FACE('',(#3608),#3630,.T.);
#3608 = FACE_BOUND('',#3609,.T.);
#3609 = EDGE_LOOP('',(#3610,#3617,#3624,#3629));
#3610 = ORIENTED_EDGE('',*,*,#3611,.F.);
#3611 = EDGE_CURVE('',#3612,#3546,#3614,.T.);
#3612 = VERTEX_POINT('',#3613);
#3613 = CARTESIAN_POINT('',(-0.913263591081,3.972782779372,
    2.926753553758));
#3614 = B_SPLINE_CURVE_WITH_KNOTS('',1,(#3615,#3616),.UNSPECIFIED.,.F.,
  .F.,(2,2),(0.,0.45),.PIECEWISE_BEZIER_KNOTS.);
#3615 = CARTESIAN_POINT('',(-0.913263591081,3.972782779372,
    2.926753553758));
#3616 = CARTESIAN_POINT('',(-0.913263591081,3.972782779372,
    3.200666597237));
#3617 = ORIENTED_EDGE('',*,*,#3618,.F.);
#3618 = EDGE_CURVE('',#3619,#3612,#3621,.T.);
#3619 = VERTEX_POINT('',#3620);
#3620 = CARTESIAN_POINT('',(-0.287405150486,1.637047280723,
    2.926753553758));
#3621 = B_SPLINE_CURVE_WITH_KNOTS('',1,(#3622,#3623),.UNSPECIFIED.,.F.,
  .F.,(2,2),(0.,3.972644320446),.PIECEWISE_BEZIER_KNOTS.);
#3622 = CARTESIAN_POINT('',(-0.287405150486,1.637047280723,
    2.926753553758));
#3623 = CARTESIAN_POINT('',(-0.913263591081,3.972782779372,
    2.926753553758));
#3624 = ORIENTED_EDGE('',*,*,#3625,.T.);
#3625 = EDGE_CURVE('',#3619,#3548,#3626,.T.);
#3626 = B_SPLINE_CURVE_WITH_KNOTS('',1,(#3627,#3628),.UNSPECIFIED.,.F.,
  .F.,(2,2),(0.,0.45),.PIECEWISE_BEZIER_KNOTS.);
#3627 = CARTESIAN_POINT('',(-0.287405150486,1.637047280723,
    2.926753553758));
#3628 = CARTESIAN_POINT('',(-0.287405150486,1.637047280723,
    3.200666597237));
#3629 = ORIENTED_EDGE('',*,*,#3545,.F.);
#3630 = B_SPLINE_SURFACE_WITH_KNOTS('',1,1,(
    (#3631,#3632)
    ,(#3633,#3634
    )),.UNSPECIFIED.,.F.,.F.,.F.,(2,2),(2,2),(0.,0.45),(0.,
    3.972644320446),.PIECEWISE_BEZIER_KNOTS.);
#3631 = CARTESIAN_POINT('',(-0.287405150486,1.637047280723,
    2.926753553758));
#3632 = CARTESIAN_POINT('',(-0.913263591081,3.972782779372,
    2.926753553758));
#3633 = CARTESIAN_POINT('',(-0.287405150486,1.637047280723,
    3.200666597237));
#3634 = CARTESIAN_POINT('',(-0.913263591081,3.972782779372,
    3.200666597237));
#3635 = ADVANCED_FACE('',(#3636),#3652,.F.);
#3636 = FACE_BOUND('',#3637,.F.);
#3637 = EDGE_LOOP('',(#3638,#3639,#3646,#3651));
#3638 = ORIENTED_EDGE('',*,*,#3611,.F.);
#3639 = ORIENTED_EDGE('',*,*,#3640,.T.);
#3640 = EDGE_CURVE('',#3612,#3641,#3643,.T.);
#3641 = VERTEX_POINT('',#3642);
#3642 = CARTESIAN_POINT('',(-1.195481919458,3.897162606194,
    2.926753553758));
#3643 = B_SPLINE_CURVE_WITH_KNOTS('',1,(#3644,#3645),.UNSPECIFIED.,.F.,
  .F.,(2,2),(0.,0.48),.PIECEWISE_BEZIER_KNOTS.);
#3644 = CARTESIAN_POINT('',(-0.913263591081,3.972782779372,
    2.926753553758));
#3645 = CARTESIAN_POINT('',(-1.195481919458,3.897162606194,
    2.926753553758));
#3646 = ORIENTED_EDGE('',*,*,#3647,.T.);
#3647 = EDGE_CURVE('',#3641,#3562,#3648,.T.);
#3648 = B_SPLINE_CURVE_WITH_KNOTS('',1,(#3649,#3650),.UNSPECIFIED.,.F.,
  .F.,(2,2),(0.,0.45),.PIECEWISE_BEZIER_KNOTS.);
#3649 = CARTESIAN_POINT('',(-1.195481919458,3.897162606194,
    2.926753553758));
#3650 = CARTESIAN_POINT('',(-1.195481919458,3.897162606194,
    3.200666597237));
#3651 = ORIENTED_EDGE('',*,*,#3568,.F.);
#3652 = B_SPLINE_SURFACE_WITH_KNOTS('',1,1,(
    (#3653,#3654)
    ,(#3655,#3656
    )),.UNSPECIFIED.,.F.,.F.,.F.,(2,2),(2,2),(0.,0.45),(-0.48,0.),
  .PIECEWISE_BEZIER_KNOTS.);
#3653 = CARTESIAN_POINT('',(-1.195481919458,3.897162606194,
    2.926753553758));
#3654 = CARTESIAN_POINT('',(-0.913263591081,3.972782779372,
    2.926753553758));
#3655 = CARTESIAN_POINT('',(-1.195481919458,3.897162606194,
    3.200666597237));
#3656 = CARTESIAN_POINT('',(-0.913263591081,3.972782779372,
    3.200666597237));
#3657 = ADVANCED_FACE('',(#3658),#3674,.T.);
#3658 = FACE_BOUND('',#3659,.T.);
#3659 = EDGE_LOOP('',(#3660,#3661,#3668,#3673));
#3660 = ORIENTED_EDGE('',*,*,#3625,.F.);
#3661 = ORIENTED_EDGE('',*,*,#3662,.T.);
#3662 = EDGE_CURVE('',#3619,#3663,#3665,.T.);
#3663 = VERTEX_POINT('',#3664);
#3664 = CARTESIAN_POINT('',(-0.569623478862,1.561427107545,
    2.926753553758));
#3665 = B_SPLINE_CURVE_WITH_KNOTS('',1,(#3666,#3667),.UNSPECIFIED.,.F.,
  .F.,(2,2),(0.,0.48),.PIECEWISE_BEZIER_KNOTS.);
#3666 = CARTESIAN_POINT('',(-0.287405150486,1.637047280723,
    2.926753553758));
#3667 = CARTESIAN_POINT('',(-0.569623478862,1.561427107545,
    2.926753553758));
#3668 = ORIENTED_EDGE('',*,*,#3669,.T.);
#3669 = EDGE_CURVE('',#3663,#3555,#3670,.T.);
#3670 = B_SPLINE_CURVE_WITH_KNOTS('',1,(#3671,#3672),.UNSPECIFIED.,.F.,
  .F.,(2,2),(0.,0.45),.PIECEWISE_BEZIER_KNOTS.);
#3671 = CARTESIAN_POINT('',(-0.569623478862,1.561427107545,
    2.926753553758));
#3672 = CARTESIAN_POINT('',(-0.569623478862,1.561427107545,
    3.200666597237));
#3673 = ORIENTED_EDGE('',*,*,#3554,.F.);
#3674 = B_SPLINE_SURFACE_WITH_KNOTS('',1,1,(
    (#3675,#3676)
    ,(#3677,#3678
    )),.UNSPECIFIED.,.F.,.F.,.F.,(2,2),(2,2),(0.,0.45),(-0.48,0.),
  .PIECEWISE_BEZIER_KNOTS.);
#3675 = CARTESIAN_POINT('',(-0.569623478862,1.561427107545,
    2.926753553758));
#3676 = CARTESIAN_POINT('',(-0.287405150486,1.637047280723,
    2.926753553758));
#3677 = CARTESIAN_POINT('',(-0.569623478862,1.561427107545,
    3.200666597237));
#3678 = CARTESIAN_POINT('',(-0.287405150486,1.637047280723,
    3.200666597237));
#3679 = ADVANCED_FACE('',(#3680),#3690,.F.);
#3680 = FACE_BOUND('',#3681,.F.);
#3681 = EDGE_LOOP('',(#3682,#3683,#3688,#3689));
#3682 = ORIENTED_EDGE('',*,*,#3647,.F.);
#3683 = ORIENTED_EDGE('',*,*,#3684,.F.);
#3684 = EDGE_CURVE('',#3663,#3641,#3685,.T.);
#3685 = B_SPLINE_CURVE_WITH_KNOTS('',1,(#3686,#3687),.UNSPECIFIED.,.F.,
  .F.,(2,2),(0.,3.972644320446),.PIECEWISE_BEZIER_KNOTS.);
#3686 = CARTESIAN_POINT('',(-0.569623478862,1.561427107545,
    2.926753553758));
#3687 = CARTESIAN_POINT('',(-1.195481919458,3.897162606194,
    2.926753553758));
#3688 = ORIENTED_EDGE('',*,*,#3669,.T.);
#3689 = ORIENTED_EDGE('',*,*,#3561,.F.);
#3690 = B_SPLINE_SURFACE_WITH_KNOTS('',1,1,(
    (#3691,#3692)
    ,(#3693,#3694
    )),.UNSPECIFIED.,.F.,.F.,.F.,(2,2),(2,2),(0.,0.45),(0.,
    3.972644320446),.PIECEWISE_BEZIER_KNOTS.);
#3691 = CARTESIAN_POINT('',(-0.569623478862,1.561427107545,
    2.926753553758));
#3692 = CARTESIAN_POINT('',(-1.195481919458,3.897162606194,
    2.926753553758));
#3693 = CARTESIAN_POINT('',(-0.569623478862,1.561427107545,
    3.200666597237));
#3694 = CARTESIAN_POINT('',(-1.195481919458,3.897162606194,
    3.200666597237));
#3695 = ADVANCED_FACE('',(#3696),#3718,.T.);
#3696 = FACE_BOUND('',#3697,.T.);
#3697 = EDGE_LOOP('',(#3698,#3705,#3712,#3717));
#3698 = ORIENTED_EDGE('',*,*,#3699,.F.);
#3699 = EDGE_CURVE('',#3700,#3576,#3702,.T.);
#3700 = VERTEX_POINT('',#3701);
#3701 = CARTESIAN_POINT('',(-2.983899015112,-2.777300859914,
    2.926753553758));
#3702 = B_SPLINE_CURVE_WITH_KNOTS('',1,(#3703,#3704),.UNSPECIFIED.,.F.,
  .F.,(2,2),(0.,0.45),.PIECEWISE_BEZIER_KNOTS.);
#3703 = CARTESIAN_POINT('',(-2.983899015112,-2.777300859914,
    2.926753553758));
#3704 = CARTESIAN_POINT('',(-2.983899015112,-2.777300859914,
    3.200666597237));
#3705 = ORIENTED_EDGE('',*,*,#3706,.F.);
#3706 = EDGE_CURVE('',#3707,#3700,#3709,.T.);
#3707 = VERTEX_POINT('',#3708);
#3708 = CARTESIAN_POINT('',(-1.27402195706,-1.067423801861,
    2.926753553758));
#3709 = B_SPLINE_CURVE_WITH_KNOTS('',1,(#3710,#3711),.UNSPECIFIED.,.F.,
  .F.,(2,2),(0.,3.972644320446),.PIECEWISE_BEZIER_KNOTS.);
#3710 = CARTESIAN_POINT('',(-1.27402195706,-1.067423801861,
    2.926753553758));
#3711 = CARTESIAN_POINT('',(-2.983899015112,-2.777300859914,
    2.926753553758));
#3712 = ORIENTED_EDGE('',*,*,#3713,.T.);
#3713 = EDGE_CURVE('',#3707,#3578,#3714,.T.);
#3714 = B_SPLINE_CURVE_WITH_KNOTS('',1,(#3715,#3716),.UNSPECIFIED.,.F.,
  .F.,(2,2),(0.,0.45),.PIECEWISE_BEZIER_KNOTS.);
#3715 = CARTESIAN_POINT('',(-1.27402195706,-1.067423801861,
    2.926753553758));
#3716 = CARTESIAN_POINT('',(-1.27402195706,-1.067423801861,
    3.200666597237));
#3717 = ORIENTED_EDGE('',*,*,#3575,.F.);
#3718 = B_SPLINE_SURFACE_WITH_KNOTS('',1,1,(
    (#3719,#3720)
    ,(#3721,#3722
    )),.UNSPECIFIED.,.F.,.F.,.F.,(2,2),(2,2),(0.,0.45),(0.,
    3.972644320446),.PIECEWISE_BEZIER_KNOTS.);
#3719 = CARTESIAN_POINT('',(-1.27402195706,-1.067423801861,
    2.926753553758));
#3720 = CARTESIAN_POINT('',(-2.983899015112,-2.777300859914,
    2.926753553758));
#3721 = CARTESIAN_POINT('',(-1.27402195706,-1.067423801861,
    3.200666597237));
#3722 = CARTESIAN_POINT('',(-2.983899015112,-2.777300859914,
    3.200666597237));
#3723 = ADVANCED_FACE('',(#3724),#3740,.F.);
#3724 = FACE_BOUND('',#3725,.F.);
#3725 = EDGE_LOOP('',(#3726,#3727,#3734,#3739));
#3726 = ORIENTED_EDGE('',*,*,#3699,.F.);
#3727 = ORIENTED_EDGE('',*,*,#3728,.T.);
#3728 = EDGE_CURVE('',#3700,#3729,#3731,.T.);
#3729 = VERTEX_POINT('',#3730);
#3730 = CARTESIAN_POINT('',(-2.777300859914,-2.983899015112,
    2.926753553758));
#3731 = B_SPLINE_CURVE_WITH_KNOTS('',1,(#3732,#3733),.UNSPECIFIED.,.F.,
  .F.,(2,2),(0.,0.48),.PIECEWISE_BEZIER_KNOTS.);
#3732 = CARTESIAN_POINT('',(-2.983899015112,-2.777300859914,
    2.926753553758));
#3733 = CARTESIAN_POINT('',(-2.777300859914,-2.983899015112,
    2.926753553758));
#3734 = ORIENTED_EDGE('',*,*,#3735,.T.);
#3735 = EDGE_CURVE('',#3729,#3592,#3736,.T.);
#3736 = B_SPLINE_CURVE_WITH_KNOTS('',1,(#3737,#3738),.UNSPECIFIED.,.F.,
  .F.,(2,2),(0.,0.45),.PIECEWISE_BEZIER_KNOTS.);
#3737 = CARTESIAN_POINT('',(-2.777300859914,-2.983899015112,
    2.926753553758));
#3738 = CARTESIAN_POINT('',(-2.777300859914,-2.983899015112,
    3.200666597237));
#3739 = ORIENTED_EDGE('',*,*,#3598,.F.);
#3740 = B_SPLINE_SURFACE_WITH_KNOTS('',1,1,(
    (#3741,#3742)
    ,(#3743,#3744
    )),.UNSPECIFIED.,.F.,.F.,.F.,(2,2),(2,2),(0.,0.45),(-0.48,0.),
  .PIECEWISE_BEZIER_KNOTS.);
#3741 = CARTESIAN_POINT('',(-2.777300859914,-2.983899015112,
    2.926753553758));
#3742 = CARTESIAN_POINT('',(-2.983899015112,-2.777300859914,
    2.926753553758));
#3743 = CARTESIAN_POINT('',(-2.777300859914,-2.983899015112,
    3.200666597237));
#3744 = CARTESIAN_POINT('',(-2.983899015112,-2.777300859914,
    3.200666597237));
#3745 = ADVANCED_FACE('',(#3746),#3762,.F.);
#3746 = FACE_BOUND('',#3747,.F.);
#3747 = EDGE_LOOP('',(#3748,#3749,#3756,#3761));
#3748 = ORIENTED_EDGE('',*,*,#3735,.F.);
#3749 = ORIENTED_EDGE('',*,*,#3750,.F.);
#3750 = EDGE_CURVE('',#3751,#3729,#3753,.T.);
#3751 = VERTEX_POINT('',#3752);
#3752 = CARTESIAN_POINT('',(-1.067423801861,-1.27402195706,
    2.926753553758));
#3753 = B_SPLINE_CURVE_WITH_KNOTS('',1,(#3754,#3755),.UNSPECIFIED.,.F.,
  .F.,(2,2),(0.,3.972644320446),.PIECEWISE_BEZIER_KNOTS.);
#3754 = CARTESIAN_POINT('',(-1.067423801861,-1.27402195706,
    2.926753553758));
#3755 = CARTESIAN_POINT('',(-2.777300859914,-2.983899015112,
    2.926753553758));
#3756 = ORIENTED_EDGE('',*,*,#3757,.T.);
#3757 = EDGE_CURVE('',#3751,#3585,#3758,.T.);
#3758 = B_SPLINE_CURVE_WITH_KNOTS('',1,(#3759,#3760),.UNSPECIFIED.,.F.,
  .F.,(2,2),(0.,0.45),.PIECEWISE_BEZIER_KNOTS.);
#3759 = CARTESIAN_POINT('',(-1.067423801861,-1.27402195706,
    2.926753553758));
#3760 = CARTESIAN_POINT('',(-1.067423801861,-1.27402195706,
    3.200666597237));
#3761 = ORIENTED_EDGE('',*,*,#3591,.F.);
#3762 = B_SPLINE_SURFACE_WITH_KNOTS('',1,1,(
    (#3763,#3764)
    ,(#3765,#3766
    )),.UNSPECIFIED.,.F.,.F.,.F.,(2,2),(2,2),(0.,0.45),(0.,
    3.972644320446),.PIECEWISE_BEZIER_KNOTS.);
#3763 = CARTESIAN_POINT('',(-1.067423801861,-1.27402195706,
    2.926753553758));
#3764 = CARTESIAN_POINT('',(-2.777300859914,-2.983899015112,
    2.926753553758));
#3765 = CARTESIAN_POINT('',(-1.067423801861,-1.27402195706,
    3.200666597237));
#3766 = CARTESIAN_POINT('',(-2.777300859914,-2.983899015112,
    3.200666597237));
#3767 = ADVANCED_FACE('',(#3768),#3778,.T.);
#3768 = FACE_BOUND('',#3769,.T.);
#3769 = EDGE_LOOP('',(#3770,#3771,#3776,#3777));
#3770 = ORIENTED_EDGE('',*,*,#3713,.F.);
#3771 = ORIENTED_EDGE('',*,*,#3772,.T.);
#3772 = EDGE_CURVE('',#3707,#3751,#3773,.T.);
#3773 = B_SPLINE_CURVE_WITH_KNOTS('',1,(#3774,#3775),.UNSPECIFIED.,.F.,
  .F.,(2,2),(0.,0.48),.PIECEWISE_BEZIER_KNOTS.);
#3774 = CARTESIAN_POINT('',(-1.27402195706,-1.067423801861,
    2.926753553758));
#3775 = CARTESIAN_POINT('',(-1.067423801861,-1.27402195706,
    2.926753553758));
#3776 = ORIENTED_EDGE('',*,*,#3757,.T.);
#3777 = ORIENTED_EDGE('',*,*,#3584,.F.);
#3778 = B_SPLINE_SURFACE_WITH_KNOTS('',1,1,(
    (#3779,#3780)
    ,(#3781,#3782
    )),.UNSPECIFIED.,.F.,.F.,.F.,(2,2),(2,2),(0.,0.45),(-0.48,0.),
  .PIECEWISE_BEZIER_KNOTS.);
#3779 = CARTESIAN_POINT('',(-1.067423801861,-1.27402195706,
    2.926753553758));
#3780 = CARTESIAN_POINT('',(-1.27402195706,-1.067423801861,
    2.926753553758));
#3781 = CARTESIAN_POINT('',(-1.067423801861,-1.27402195706,
    3.200666597237));
#3782 = CARTESIAN_POINT('',(-1.27402195706,-1.067423801861,
    3.200666597237));
#3783 = ADVANCED_FACE('',(#3784),#3790,.T.);
#3784 = FACE_BOUND('',#3785,.T.);
#3785 = EDGE_LOOP('',(#3786,#3787,#3788,#3789));
#3786 = ORIENTED_EDGE('',*,*,#3662,.F.);
#3787 = ORIENTED_EDGE('',*,*,#3618,.T.);
#3788 = ORIENTED_EDGE('',*,*,#3640,.T.);
#3789 = ORIENTED_EDGE('',*,*,#3684,.F.);
#3790 = B_SPLINE_SURFACE_WITH_KNOTS('',1,1,(
    (#3791,#3792)
    ,(#3793,#3794
    )),.UNSPECIFIED.,.F.,.F.,.F.,(2,2),(2,2),(0.,3.972644320446),(0.,
    0.48),.PIECEWISE_BEZIER_KNOTS.);
#3791 = CARTESIAN_POINT('',(-0.287405150486,1.637047280723,
    2.926753553758));
#3792 = CARTESIAN_POINT('',(-0.569623478862,1.561427107545,
    2.926753553758));
#3793 = CARTESIAN_POINT('',(-0.913263591081,3.972782779372,
    2.926753553758));
#3794 = CARTESIAN_POINT('',(-1.195481919458,3.897162606194,
    2.926753553758));
#3795 = ADVANCED_FACE('',(#3796),#3802,.T.);
#3796 = FACE_BOUND('',#3797,.T.);
#3797 = EDGE_LOOP('',(#3798,#3799,#3800,#3801));
#3798 = ORIENTED_EDGE('',*,*,#3772,.F.);
#3799 = ORIENTED_EDGE('',*,*,#3706,.T.);
#3800 = ORIENTED_EDGE('',*,*,#3728,.T.);
#3801 = ORIENTED_EDGE('',*,*,#3750,.F.);
#3802 = B_SPLINE_SURFACE_WITH_KNOTS('',1,1,(
    (#3803,#3804)
    ,(#3805,#3806
    )),.UNSPECIFIED.,.F.,.F.,.F.,(2,2),(2,2),(0.,3.972644320446),(0.,
    0.48),.PIECEWISE_BEZIER_KNOTS.);
#3803 = CARTESIAN_POINT('',(-1.27402195706,-1.067423801861,
    2.926753553758));
#3804 = CARTESIAN_POINT('',(-1.067423801861,-1.27402195706,
    2.926753553758));
#3805 = CARTESIAN_POINT('',(-2.983899015112,-2.777300859914,
    2.926753553758));
#3806 = CARTESIAN_POINT('',(-2.777300859914,-2.983899015112,
    2.926753553758));
#3807 = MANIFOLD_SOLID_BREP('',#3808);
#3808 = CLOSED_SHELL('',(#3809,#3857,#3880,#3903));
#3809 = ADVANCED_FACE('',(#3810),#3842,.T.);
#3810 = FACE_BOUND('',#3811,.T.);
#3811 = EDGE_LOOP('',(#3812,#3824,#3831,#3841));
#3812 = ORIENTED_EDGE('',*,*,#3813,.F.);
#3813 = EDGE_CURVE('',#3814,#3814,#3816,.T.);
#3814 = VERTEX_POINT('',#3815);
#3815 = CARTESIAN_POINT('',(-0.385977967262,1.440489384422,
    1.886956521739));
#3816 = ( BOUNDED_CURVE() B_SPLINE_CURVE(2,(#3817,#3818,#3819,#3820,
#3821,#3822,#3823),.UNSPECIFIED.,.T.,.F.) B_SPLINE_CURVE_WITH_KNOTS((1,2
    ,2,2,2,1),(-2.094395102393,0.,2.094395102393,4.188790204786,
6.28318530718,8.377580409573),.UNSPECIFIED.) CURVE() 
GEOMETRIC_REPRESENTATION_ITEM() RATIONAL_B_SPLINE_CURVE((1.,0.5,1.,0.5,
1.,0.5,1.)) REPRESENTATION_ITEM('') );
#3817 = CARTESIAN_POINT('',(-0.385977967262,1.440489384422,
    1.886956521739));
#3818 = CARTESIAN_POINT('',(-2.880978768845,0.771955934523,
    1.886956521739));
#3819 = CARTESIAN_POINT('',(-1.054511417161,-1.054511417161,
    1.886956521739));
#3820 = CARTESIAN_POINT('',(0.771955934523,-2.880978768845,
    1.886956521739));
#3821 = CARTESIAN_POINT('',(1.440489384422,-0.385977967262,
    1.886956521739));
#3822 = CARTESIAN_POINT('',(2.109022834322,2.109022834322,1.886956521739
    ));
#3823 = CARTESIAN_POINT('',(-0.385977967262,1.440489384422,
    1.886956521739));
#3824 = ORIENTED_EDGE('',*,*,#3825,.F.);
#3825 = EDGE_CURVE('',#3826,#3814,#3828,.T.);
#3826 = VERTEX_POINT('',#3827);
#3827 = CARTESIAN_POINT('',(-0.385977967262,1.440489384422,
    -1.886956521739));
#3828 = B_SPLINE_CURVE_WITH_KNOTS('',1,(#3829,#3830),.UNSPECIFIED.,.F.,
  .F.,(2,2),(0.,6.2),.PIECEWISE_BEZIER_KNOTS.);
#3829 = CARTESIAN_POINT('',(-0.385977967262,1.440489384422,
    -1.886956521739));
#3830 = CARTESIAN_POINT('',(-0.385977967262,1.440489384422,
    1.886956521739));
#3831 = ORIENTED_EDGE('',*,*,#3832,.T.);
#3832 = EDGE_CURVE('',#3826,#3826,#3833,.T.);
#3833 = ( BOUNDED_CURVE() B_SPLINE_CURVE(2,(#3834,#3835,#3836,#3837,
#3838,#3839,#3840),.UNSPECIFIED.,.T.,.F.) B_SPLINE_CURVE_WITH_KNOTS((1,2
    ,2,2,2,1),(-2.094395102393,0.,2.094395102393,4.188790204786,
6.28318530718,8.377580409573),.UNSPECIFIED.) CURVE() 
GEOMETRIC_REPRESENTATION_ITEM() RATIONAL_B_SPLINE_CURVE((1.,0.5,1.,0.5,
1.,0.5,1.)) REPRESENTATION_ITEM('') );
#3834 = CARTESIAN_POINT('',(-0.385977967262,1.440489384422,
    -1.886956521739));
#3835 = CARTESIAN_POINT('',(-2.880978768845,0.771955934523,
    -1.886956521739));
#3836 = CARTESIAN_POINT('',(-1.054511417161,-1.054511417161,
    -1.886956521739));
#3837 = CARTESIAN_POINT('',(0.771955934523,-2.880978768845,
    -1.886956521739));
#3838 = CARTESIAN_POINT('',(1.440489384422,-0.385977967262,
    -1.886956521739));
#3839 = CARTESIAN_POINT('',(2.109022834322,2.109022834322,
    -1.886956521739));
#3840 = CARTESIAN_POINT('',(-0.385977967262,1.440489384422,
    -1.886956521739));
#3841 = ORIENTED_EDGE('',*,*,#3825,.T.);
#3842 = ( BOUNDED_SURFACE() B_SPLINE_SURFACE(2,1,(
    (#3843,#3844)
    ,(#3845,#3846)
    ,(#3847,#3848)
    ,(#3849,#3850)
    ,(#3851,#3852)
    ,(#3853,#3854)
    ,(#3855,#3856
)),.UNSPECIFIED.,.T.,.F.,.F.) B_SPLINE_SURFACE_WITH_KNOTS((1,2,2,2,2,1),
  (2,2),(-2.094395102393,0.,2.094395102393,4.188790204786,6.28318530718,
    8.377580409573),(0.,6.2),.UNSPECIFIED.) 
GEOMETRIC_REPRESENTATION_ITEM() RATIONAL_B_SPLINE_SURFACE((
    (1.,1.)
    ,(0.5,0.5)
    ,(1.,1.)
    ,(0.5,0.5)
    ,(1.,1.)
    ,(0.5,0.5)
,(1.,1.))) REPRESENTATION_ITEM('') SURFACE() );
#3843 = CARTESIAN_POINT('',(-0.385977967262,1.440489384422,
    -1.886956521739));
#3844 = CARTESIAN_POINT('',(-0.385977967262,1.440489384422,
    1.886956521739));
#3845 = CARTESIAN_POINT('',(-2.880978768845,0.771955934523,
    -1.886956521739));
#3846 = CARTESIAN_POINT('',(-2.880978768845,0.771955934523,
    1.886956521739));
#3847 = CARTESIAN_POINT('',(-1.054511417161,-1.054511417161,
    -1.886956521739));
#3848 = CARTESIAN_POINT('',(-1.054511417161,-1.054511417161,
    1.886956521739));
#3849 = CARTESIAN_POINT('',(0.771955934523,-2.880978768845,
    -1.886956521739));
#3850 = CARTESIAN_POINT('',(0.771955934523,-2.880978768845,
    1.886956521739));
#3851 = CARTESIAN_POINT('',(1.440489384422,-0.385977967262,
    -1.886956521739));
#3852 = CARTESIAN_POINT('',(1.440489384422,-0.385977967262,
    1.886956521739));
#3853 = CARTESIAN_POINT('',(2.109022834322,2.109022834322,
    -1.886956521739));
#3854 = CARTESIAN_POINT('',(2.109022834322,2.109022834322,1.886956521739
    ));
#3855 = CARTESIAN_POINT('',(-0.385977967262,1.440489384422,
    -1.886956521739));
#3856 = CARTESIAN_POINT('',(-0.385977967262,1.440489384422,
    1.886956521739));
#3857 = ADVANCED_FACE('',(#3858,#3861),#3875,.T.);
#3858 = FACE_BOUND('',#3859,.T.);
#3859 = EDGE_LOOP('',(#3860));
#3860 = ORIENTED_EDGE('',*,*,#3813,.T.);
#3861 = FACE_BOUND('',#3862,.T.);
#3862 = EDGE_LOOP('',(#3863));
#3863 = ORIENTED_EDGE('',*,*,#3864,.F.);
#3864 = EDGE_CURVE('',#3865,#3865,#3867,.T.);
#3865 = VERTEX_POINT('',#3866);
#3866 = CARTESIAN_POINT('',(-0.307206953535,1.14651195903,1.886956521739
    ));
#3867 = ( BOUNDED_CURVE() B_SPLINE_CURVE(2,(#3868,#3869,#3870,#3871,
#3872,#3873,#3874),.UNSPECIFIED.,.T.,.F.) B_SPLINE_CURVE_WITH_KNOTS((1,2
    ,2,2,2,1),(-2.094395102393,0.,2.094395102393,4.188790204786,
6.28318530718,8.377580409573),.UNSPECIFIED.) CURVE() 
GEOMETRIC_REPRESENTATION_ITEM() RATIONAL_B_SPLINE_CURVE((1.,0.5,1.,0.5,
1.,0.5,1.)) REPRESENTATION_ITEM('') );
#3868 = CARTESIAN_POINT('',(-0.307206953535,1.14651195903,1.886956521739
    ));
#3869 = CARTESIAN_POINT('',(-2.29302391806,0.614413907069,1.886956521739
    ));
#3870 = CARTESIAN_POINT('',(-0.839305005495,-0.839305005495,
    1.886956521739));
#3871 = CARTESIAN_POINT('',(0.614413907069,-2.29302391806,1.886956521739
    ));
#3872 = CARTESIAN_POINT('',(1.14651195903,-0.307206953535,1.886956521739
    ));
#3873 = CARTESIAN_POINT('',(1.678610010991,1.678610010991,1.886956521739
    ));
#3874 = CARTESIAN_POINT('',(-0.307206953535,1.14651195903,1.886956521739
    ));
#3875 = B_SPLINE_SURFACE_WITH_KNOTS('',1,1,(
    (#3876,#3877)
    ,(#3878,#3879
    )),.UNSPECIFIED.,.F.,.F.,.F.,(2,2),(2,2),(-2.45,2.45),(-2.45,2.45),
  .PIECEWISE_BEZIER_KNOTS.);
#3876 = CARTESIAN_POINT('',(1.826467351684,-1.054511417161,
    1.886956521739));
#3877 = CARTESIAN_POINT('',(-1.054511417161,-1.826467351684,
    1.886956521739));
#3878 = CARTESIAN_POINT('',(1.054511417161,1.826467351684,1.886956521739
    ));
#3879 = CARTESIAN_POINT('',(-1.826467351684,1.054511417161,
    1.886956521739));
#3880 = ADVANCED_FACE('',(#3881,#3884),#3898,.F.);
#3881 = FACE_BOUND('',#3882,.F.);
#3882 = EDGE_LOOP('',(#3883));
#3883 = ORIENTED_EDGE('',*,*,#3832,.T.);
#3884 = FACE_BOUND('',#3885,.F.);
#3885 = EDGE_LOOP('',(#3886));
#3886 = ORIENTED_EDGE('',*,*,#3887,.F.);
#3887 = EDGE_CURVE('',#3888,#3888,#3890,.T.);
#3888 = VERTEX_POINT('',#3889);
#3889 = CARTESIAN_POINT('',(-0.307206953535,1.14651195903,
    -1.886956521739));
#3890 = ( BOUNDED_CURVE() B_SPLINE_CURVE(2,(#3891,#3892,#3893,#3894,
#3895,#3896,#3897),.UNSPECIFIED.,.T.,.F.) B_SPLINE_CURVE_WITH_KNOTS((1,2
    ,2,2,2,1),(-2.094395102393,0.,2.094395102393,4.188790204786,
6.28318530718,8.377580409573),.UNSPECIFIED.) CURVE() 
GEOMETRIC_REPRESENTATION_ITEM() RATIONAL_B_SPLINE_CURVE((1.,0.5,1.,0.5,
1.,0.5,1.)) REPRESENTATION_ITEM('') );
#3891 = CARTESIAN_POINT('',(-0.307206953535,1.14651195903,
    -1.886956521739));
#3892 = CARTESIAN_POINT('',(-2.29302391806,0.614413907069,
    -1.886956521739));
#3893 = CARTESIAN_POINT('',(-0.839305005495,-0.839305005495,
    -1.886956521739));
#3894 = CARTESIAN_POINT('',(0.614413907069,-2.29302391806,
    -1.886956521739));
#3895 = CARTESIAN_POINT('',(1.14651195903,-0.307206953535,
    -1.886956521739));
#3896 = CARTESIAN_POINT('',(1.678610010991,1.678610010991,
    -1.886956521739));
#3897 = CARTESIAN_POINT('',(-0.307206953535,1.14651195903,
    -1.886956521739));
#3898 = B_SPLINE_SURFACE_WITH_KNOTS('',1,1,(
    (#3899,#3900)
    ,(#3901,#3902
    )),.UNSPECIFIED.,.F.,.F.,.F.,(2,2),(2,2),(-2.45,2.45),(-2.45,2.45),
  .PIECEWISE_BEZIER_KNOTS.);
#3899 = CARTESIAN_POINT('',(1.826467351684,-1.054511417161,
    -1.886956521739));
#3900 = CARTESIAN_POINT('',(-1.054511417161,-1.826467351684,
    -1.886956521739));
#3901 = CARTESIAN_POINT('',(1.054511417161,1.826467351684,
    -1.886956521739));
#3902 = CARTESIAN_POINT('',(-1.826467351684,1.054511417161,
    -1.886956521739));
#3903 = ADVANCED_FACE('',(#3904),#3914,.F.);
#3904 = FACE_BOUND('',#3905,.F.);
#3905 = EDGE_LOOP('',(#3906,#3907,#3912,#3913));
#3906 = ORIENTED_EDGE('',*,*,#3864,.F.);
#3907 = ORIENTED_EDGE('',*,*,#3908,.F.);
#3908 = EDGE_CURVE('',#3888,#3865,#3909,.T.);
#3909 = B_SPLINE_CURVE_WITH_KNOTS('',1,(#3910,#3911),.UNSPECIFIED.,.F.,
  .F.,(2,2),(0.2,6.4),.PIECEWISE_BEZIER_KNOTS.);
#3910 = CARTESIAN_POINT('',(-0.307206953535,1.14651195903,
    -1.886956521739));
#3911 = CARTESIAN_POINT('',(-0.307206953535,1.14651195903,1.886956521739
    ));
#3912 = ORIENTED_EDGE('',*,*,#3887,.T.);
#3913 = ORIENTED_EDGE('',*,*,#3908,.T.);
#3914 = ( BOUNDED_SURFACE() B_SPLINE_SURFACE(2,1,(
    (#3915,#3916)
    ,(#3917,#3918)
    ,(#3919,#3920)
    ,(#3921,#3922)
    ,(#3923,#3924)
    ,(#3925,#3926)
    ,(#3927,#3928
)),.UNSPECIFIED.,.T.,.F.,.F.) B_SPLINE_SURFACE_WITH_KNOTS((1,2,2,2,2,1),
  (2,2),(-2.094395102393,0.,2.094395102393,4.188790204786,6.28318530718,
    8.377580409573),(0.2,6.4),.UNSPECIFIED.) 
GEOMETRIC_REPRESENTATION_ITEM() RATIONAL_B_SPLINE_SURFACE((
    (1.,1.)
    ,(0.5,0.5)
    ,(1.,1.)
    ,(0.5,0.5)
    ,(1.,1.)
    ,(0.5,0.5)
,(1.,1.))) REPRESENTATION_ITEM('') SURFACE() );
#3915 = CARTESIAN_POINT('',(-0.307206953535,1.14651195903,
    -1.886956521739));
#3916 = CARTESIAN_POINT('',(-0.307206953535,1.14651195903,1.886956521739
    ));
#3917 = CARTESIAN_POINT('',(-2.29302391806,0.614413907069,
    -1.886956521739));
#3918 = CARTESIAN_POINT('',(-2.29302391806,0.614413907069,1.886956521739
    ));
#3919 = CARTESIAN_POINT('',(-0.839305005495,-0.839305005495,
    -1.886956521739));
#3920 = CARTESIAN_POINT('',(-0.839305005495,-0.839305005495,
    1.886956521739));
#3921 = CARTESIAN_POINT('',(0.614413907069,-2.29302391806,
    -1.886956521739));
#3922 = CARTESIAN_POINT('',(0.614413907069,-2.29302391806,1.886956521739
    ));
#3923 = CARTESIAN_POINT('',(1.14651195903,-0.307206953535,
    -1.886956521739));
#3924 = CARTESIAN_POINT('',(1.14651195903,-0.307206953535,1.886956521739
    ));
#3925 = CARTESIAN_POINT('',(1.678610010991,1.678610010991,
    -1.886956521739));
#3926 = CARTESIAN_POINT('',(1.678610010991,1.678610010991,1.886956521739
    ));
#3927 = CARTESIAN_POINT('',(-0.307206953535,1.14651195903,
    -1.886956521739));
#3928 = CARTESIAN_POINT('',(-0.307206953535,1.14651195903,1.886956521739
    ));
#3929 = MANIFOLD_SOLID_BREP('',#3930);
#3930 = CLOSED_SHELL('',(#3931,#3979,#3988));
#3931 = ADVANCED_FACE('',(#3932),#3964,.T.);
#3932 = FACE_BOUND('',#3933,.T.);
#3933 = EDGE_LOOP('',(#3934,#3946,#3953,#3963));
#3934 = ORIENTED_EDGE('',*,*,#3935,.F.);
#3935 = EDGE_CURVE('',#3936,#3936,#3938,.T.);
#3936 = VERTEX_POINT('',#3937);
#3937 = CARTESIAN_POINT('',(-0.370223764516,1.381693899344,
    2.160869565217));
#3938 = ( BOUNDED_CURVE() B_SPLINE_CURVE(2,(#3939,#3940,#3941,#3942,
#3943,#3944,#3945),.UNSPECIFIED.,.T.,.F.) B_SPLINE_CURVE_WITH_KNOTS((1,2
    ,2,2,2,1),(-2.094395102393,0.,2.094395102393,4.188790204786,
6.28318530718,8.377580409573),.UNSPECIFIED.) CURVE() 
GEOMETRIC_REPRESENTATION_ITEM() RATIONAL_B_SPLINE_CURVE((1.,0.5,1.,0.5,
1.,0.5,1.)) REPRESENTATION_ITEM('') );
#3939 = CARTESIAN_POINT('',(-0.370223764516,1.381693899344,
    2.160869565217));
#3940 = CARTESIAN_POINT('',(-2.763387798688,0.740447529032,
    2.160869565217));
#3941 = CARTESIAN_POINT('',(-1.011470134828,-1.011470134828,
    2.160869565217));
#3942 = CARTESIAN_POINT('',(0.740447529032,-2.763387798688,
    2.160869565217));
#3943 = CARTESIAN_POINT('',(1.381693899344,-0.370223764516,
    2.160869565217));
#3944 = CARTESIAN_POINT('',(2.022940269655,2.022940269655,2.160869565217
    ));
#3945 = CARTESIAN_POINT('',(-0.370223764516,1.381693899344,
    2.160869565217));
#3946 = ORIENTED_EDGE('',*,*,#3947,.F.);
#3947 = EDGE_CURVE('',#3948,#3936,#3950,.T.);
#3948 = VERTEX_POINT('',#3949);
#3949 = CARTESIAN_POINT('',(-0.370223764516,1.381693899344,
    1.613043478261));
#3950 = B_SPLINE_CURVE_WITH_KNOTS('',1,(#3951,#3952),.UNSPECIFIED.,.F.,
  .F.,(2,2),(0.,0.9),.PIECEWISE_BEZIER_KNOTS.);
#3951 = CARTESIAN_POINT('',(-0.370223764516,1.381693899344,
    1.613043478261));
#3952 = CARTESIAN_POINT('',(-0.370223764516,1.381693899344,
    2.160869565217));
#3953 = ORIENTED_EDGE('',*,*,#3954,.T.);
#3954 = EDGE_CURVE('',#3948,#3948,#3955,.T.);
#3955 = ( BOUNDED_CURVE() B_SPLINE_CURVE(2,(#3956,#3957,#3958,#3959,
#3960,#3961,#3962),.UNSPECIFIED.,.T.,.F.) B_SPLINE_CURVE_WITH_KNOTS((1,2
    ,2,2,2,1),(-2.094395102393,0.,2.094395102393,4.188790204786,
6.28318530718,8.377580409573),.UNSPECIFIED.) CURVE() 
GEOMETRIC_REPRESENTATION_ITEM() RATIONAL_B_SPLINE_CURVE((1.,0.5,1.,0.5,
1.,0.5,1.)) REPRESENTATION_ITEM('') );
#3956 = CARTESIAN_POINT('',(-0.370223764516,1.381693899344,
    1.613043478261));
#3957 = CARTESIAN_POINT('',(-2.763387798688,0.740447529032,
    1.613043478261));
#3958 = CARTESIAN_POINT('',(-1.011470134828,-1.011470134828,
    1.613043478261));
#3959 = CARTESIAN_POINT('',(0.740447529032,-2.763387798688,
    1.613043478261));
#3960 = CARTESIAN_POINT('',(1.381693899344,-0.370223764516,
    1.613043478261));
#3961 = CARTESIAN_POINT('',(2.022940269655,2.022940269655,1.613043478261
    ));
#3962 = CARTESIAN_POINT('',(-0.370223764516,1.381693899344,
    1.613043478261));
#3963 = ORIENTED_EDGE('',*,*,#3947,.T.);
#3964 = ( BOUNDED_SURFACE() B_SPLINE_SURFACE(2,1,(
    (#3965,#3966)
    ,(#3967,#3968)
    ,(#3969,#3970)
    ,(#3971,#3972)
    ,(#3973,#3974)
    ,(#3975,#3976)
    ,(#3977,#3978
)),.UNSPECIFIED.,.T.,.F.,.F.) B_SPLINE_SURFACE_WITH_KNOTS((1,2,2,2,2,1),
  (2,2),(-2.094395102393,0.,2.094395102393,4.188790204786,6.28318530718,
    8.377580409573),(0.,0.9),.UNSPECIFIED.) 
GEOMETRIC_REPRESENTATION_ITEM() RATIONAL_B_SPLINE_SURFACE((
    (1.,1.)
    ,(0.5,0.5)
    ,(1.,1.)
    ,(0.5,0.5)
    ,(1.,1.)
    ,(0.5,0.5)
,(1.,1.))) REPRESENTATION_ITEM('') SURFACE() );
#3965 = CARTESIAN_POINT('',(-0.370223764516,1.381693899344,
    1.613043478261));
#3966 = CARTESIAN_POINT('',(-0.370223764516,1.381693899344,
    2.160869565217));
#3967 = CARTESIAN_POINT('',(-2.763387798688,0.740447529032,
    1.613043478261));
#3968 = CARTESIAN_POINT('',(-2.763387798688,0.740447529032,
    2.160869565217));
#3969 = CARTESIAN_POINT('',(-1.011470134828,-1.011470134828,
    1.613043478261));
#3970 = CARTESIAN_POINT('',(-1.011470134828,-1.011470134828,
    2.160869565217));
#3971 = CARTESIAN_POINT('',(0.740447529032,-2.763387798688,
    1.613043478261));
#3972 = CARTESIAN_POINT('',(0.740447529032,-2.763387798688,
    2.160869565217));
#3973 = CARTESIAN_POINT('',(1.381693899344,-0.370223764516,
    1.613043478261));
#3974 = CARTESIAN_POINT('',(1.381693899344,-0.370223764516,
    2.160869565217));
#3975 = CARTESIAN_POINT('',(2.022940269655,2.022940269655,1.613043478261
    ));
#3976 = CARTESIAN_POINT('',(2.022940269655,2.022940269655,2.160869565217
    ));
#3977 = CARTESIAN_POINT('',(-0.370223764516,1.381693899344,
    1.613043478261));
#3978 = CARTESIAN_POINT('',(-0.370223764516,1.381693899344,
    2.160869565217));
#3979 = ADVANCED_FACE('',(#3980),#3983,.T.);
#3980 = FACE_BOUND('',#3981,.T.);
#3981 = EDGE_LOOP('',(#3982));
#3982 = ORIENTED_EDGE('',*,*,#3935,.T.);
#3983 = B_SPLINE_SURFACE_WITH_KNOTS('',1,1,(
    (#3984,#3985)
    ,(#3986,#3987
    )),.UNSPECIFIED.,.F.,.F.,.F.,(2,2),(2,2),(-2.35,2.35),(-2.35,2.35),
  .PIECEWISE_BEZIER_KNOTS.);
#3984 = CARTESIAN_POINT('',(1.75191766386,-1.011470134828,2.160869565217
    ));
#3985 = CARTESIAN_POINT('',(-1.011470134828,-1.75191766386,
    2.160869565217));
#3986 = CARTESIAN_POINT('',(1.011470134828,1.75191766386,2.160869565217)
  );
#3987 = CARTESIAN_POINT('',(-1.75191766386,1.011470134828,2.160869565217
    ));
#3988 = ADVANCED_FACE('',(#3989),#3992,.F.);
#3989 = FACE_BOUND('',#3990,.T.);
#3990 = EDGE_LOOP('',(#3991));
#3991 = ORIENTED_EDGE('',*,*,#3954,.F.);
#3992 = B_SPLINE_SURFACE_WITH_KNOTS('',1,1,(
    (#3993,#3994)
    ,(#3995,#3996
    )),.UNSPECIFIED.,.F.,.F.,.F.,(2,2),(2,2),(-2.35,2.35),(-2.35,2.35),
  .PIECEWISE_BEZIER_KNOTS.);
#3993 = CARTESIAN_POINT('',(1.75191766386,-1.011470134828,1.613043478261
    ));
#3994 = CARTESIAN_POINT('',(-1.011470134828,-1.75191766386,
    1.613043478261));
#3995 = CARTESIAN_POINT('',(1.011470134828,1.75191766386,1.613043478261)
  );
#3996 = CARTESIAN_POINT('',(-1.75191766386,1.011470134828,1.613043478261
    ));
#3997 = MANIFOLD_SOLID_BREP('',#3998);
#3998 = CLOSED_SHELL('',(#3999,#4047,#4056));
#3999 = ADVANCED_FACE('',(#4000),#4032,.T.);
#4000 = FACE_BOUND('',#4001,.T.);
#4001 = EDGE_LOOP('',(#4002,#4014,#4021,#4031));
#4002 = ORIENTED_EDGE('',*,*,#4003,.F.);
#4003 = EDGE_CURVE('',#4004,#4004,#4006,.T.);
#4004 = VERTEX_POINT('',#4005);
#4005 = CARTESIAN_POINT('',(-0.370223764516,1.381693899344,
    -1.613043478261));
#4006 = ( BOUNDED_CURVE() B_SPLINE_CURVE(2,(#4007,#4008,#4009,#4010,
#4011,#4012,#4013),.UNSPECIFIED.,.T.,.F.) B_SPLINE_CURVE_WITH_KNOTS((1,2
    ,2,2,2,1),(-2.094395102393,0.,2.094395102393,4.188790204786,
6.28318530718,8.377580409573),.UNSPECIFIED.) CURVE() 
GEOMETRIC_REPRESENTATION_ITEM() RATIONAL_B_SPLINE_CURVE((1.,0.5,1.,0.5,
1.,0.5,1.)) REPRESENTATION_ITEM('') );
#4007 = CARTESIAN_POINT('',(-0.370223764516,1.381693899344,
    -1.613043478261));
#4008 = CARTESIAN_POINT('',(-2.763387798688,0.740447529032,
    -1.613043478261));
#4009 = CARTESIAN_POINT('',(-1.011470134828,-1.011470134828,
    -1.613043478261));
#4010 = CARTESIAN_POINT('',(0.740447529032,-2.763387798688,
    -1.613043478261));
#4011 = CARTESIAN_POINT('',(1.381693899344,-0.370223764516,
    -1.613043478261));
#4012 = CARTESIAN_POINT('',(2.022940269655,2.022940269655,
    -1.613043478261));
#4013 = CARTESIAN_POINT('',(-0.370223764516,1.381693899344,
    -1.613043478261));
#4014 = ORIENTED_EDGE('',*,*,#4015,.F.);
#4015 = EDGE_CURVE('',#4016,#4004,#4018,.T.);
#4016 = VERTEX_POINT('',#4017);
#4017 = CARTESIAN_POINT('',(-0.370223764516,1.381693899344,
    -2.160869565217));
#4018 = B_SPLINE_CURVE_WITH_KNOTS('',1,(#4019,#4020),.UNSPECIFIED.,.F.,
  .F.,(2,2),(0.,0.9),.PIECEWISE_BEZIER_KNOTS.);
#4019 = CARTESIAN_POINT('',(-0.370223764516,1.381693899344,
    -2.160869565217));
#4020 = CARTESIAN_POINT('',(-0.370223764516,1.381693899344,
    -1.613043478261));
#4021 = ORIENTED_EDGE('',*,*,#4022,.T.);
#4022 = EDGE_CURVE('',#4016,#4016,#4023,.T.);
#4023 = ( BOUNDED_CURVE() B_SPLINE_CURVE(2,(#4024,#4025,#4026,#4027,
#4028,#4029,#4030),.UNSPECIFIED.,.T.,.F.) B_SPLINE_CURVE_WITH_KNOTS((1,2
    ,2,2,2,1),(-2.094395102393,0.,2.094395102393,4.188790204786,
6.28318530718,8.377580409573),.UNSPECIFIED.) CURVE() 
GEOMETRIC_REPRESENTATION_ITEM() RATIONAL_B_SPLINE_CURVE((1.,0.5,1.,0.5,
1.,0.5,1.)) REPRESENTATION_ITEM('') );
#4024 = CARTESIAN_POINT('',(-0.370223764516,1.381693899344,
    -2.160869565217));
#4025 = CARTESIAN_POINT('',(-2.763387798688,0.740447529032,
    -2.160869565217));
#4026 = CARTESIAN_POINT('',(-1.011470134828,-1.011470134828,
    -2.160869565217));
#4027 = CARTESIAN_POINT('',(0.740447529032,-2.763387798688,
    -2.160869565217));
#4028 = CARTESIAN_POINT('',(1.381693899344,-0.370223764516,
    -2.160869565217));
#4029 = CARTESIAN_POINT('',(2.022940269655,2.022940269655,
    -2.160869565217));
#4030 = CARTESIAN_POINT('',(-0.370223764516,1.381693899344,
    -2.160869565217));
#4031 = ORIENTED_EDGE('',*,*,#4015,.T.);
#4032 = ( BOUNDED_SURFACE() B_SPLINE_SURFACE(2,1,(
    (#4033,#4034)
    ,(#4035,#4036)
    ,(#4037,#4038)
    ,(#4039,#4040)
    ,(#4041,#4042)
    ,(#4043,#4044)
    ,(#4045,#4046
)),.UNSPECIFIED.,.T.,.F.,.F.) B_SPLINE_SURFACE_WITH_KNOTS((1,2,2,2,2,1),
  (2,2),(-2.094395102393,0.,2.094395102393,4.188790204786,6.28318530718,
    8.377580409573),(0.,0.9),.UNSPECIFIED.) 
GEOMETRIC_REPRESENTATION_ITEM() RATIONAL_B_SPLINE_SURFACE((
    (1.,1.)
    ,(0.5,0.5)
    ,(1.,1.)
    ,(0.5,0.5)
    ,(1.,1.)
    ,(0.5,0.5)
,(1.,1.))) REPRESENTATION_ITEM('') SURFACE() );
#4033 = CARTESIAN_POINT('',(-0.370223764516,1.381693899344,
    -2.160869565217));
#4034 = CARTESIAN_POINT('',(-0.370223764516,1.381693899344,
    -1.613043478261));
#4035 = CARTESIAN_POINT('',(-2.763387798688,0.740447529032,
    -2.160869565217));
#4036 = CARTESIAN_POINT('',(-2.763387798688,0.740447529032,
    -1.613043478261));
#4037 = CARTESIAN_POINT('',(-1.011470134828,-1.011470134828,
    -2.160869565217));
#4038 = CARTESIAN_POINT('',(-1.011470134828,-1.011470134828,
    -1.613043478261));
#4039 = CARTESIAN_POINT('',(0.740447529032,-2.763387798688,
    -2.160869565217));
#4040 = CARTESIAN_POINT('',(0.740447529032,-2.763387798688,
    -1.613043478261));
#4041 = CARTESIAN_POINT('',(1.381693899344,-0.370223764516,
    -2.160869565217));
#4042 = CARTESIAN_POINT('',(1.381693899344,-0.370223764516,
    -1.613043478261));
#4043 = CARTESIAN_POINT('',(2.022940269655,2.022940269655,
    -2.160869565217));
#4044 = CARTESIAN_POINT('',(2.022940269655,2.022940269655,
    -1.613043478261));
#4045 = CARTESIAN_POINT('',(-0.370223764516,1.381693899344,
    -2.160869565217));
#4046 = CARTESIAN_POINT('',(-0.370223764516,1.381693899344,
    -1.613043478261));
#4047 = ADVANCED_FACE('',(#4048),#4051,.T.);
#4048 = FACE_BOUND('',#4049,.T.);
#4049 = EDGE_LOOP('',(#4050));
#4050 = ORIENTED_EDGE('',*,*,#4003,.T.);
#4051 = B_SPLINE_SURFACE_WITH_KNOTS('',1,1,(
    (#4052,#4053)
    ,(#4054,#4055
    )),.UNSPECIFIED.,.F.,.F.,.F.,(2,2),(2,2),(-2.35,2.35),(-2.35,2.35),
  .PIECEWISE_BEZIER_KNOTS.);
#4052 = CARTESIAN_POINT('',(1.75191766386,-1.011470134828,
    -1.613043478261));
#4053 = CARTESIAN_POINT('',(-1.011470134828,-1.75191766386,
    -1.613043478261));
#4054 = CARTESIAN_POINT('',(1.011470134828,1.75191766386,-1.613043478261
    ));
#4055 = CARTESIAN_POINT('',(-1.75191766386,1.011470134828,
    -1.613043478261));
#4056 = ADVANCED_FACE('',(#4057),#4060,.F.);
#4057 = FACE_BOUND('',#4058,.T.);
#4058 = EDGE_LOOP('',(#4059));
#4059 = ORIENTED_EDGE('',*,*,#4022,.F.);
#4060 = B_SPLINE_SURFACE_WITH_KNOTS('',1,1,(
    (#4061,#4062)
    ,(#4063,#4064
    )),.UNSPECIFIED.,.F.,.F.,.F.,(2,2),(2,2),(-2.35,2.35),(-2.35,2.35),
  .PIECEWISE_BEZIER_KNOTS.);
#4061 = CARTESIAN_POINT('',(1.75191766386,-1.011470134828,
    -2.160869565217));
#4062 = CARTESIAN_POINT('',(-1.011470134828,-1.75191766386,
    -2.160869565217));
#4063 = CARTESIAN_POINT('',(1.011470134828,1.75191766386,-2.160869565217
    ));
#4064 = CARTESIAN_POINT('',(-1.75191766386,1.011470134828,
    -2.160869565217));
#4065 = MANIFOLD_SOLID_BREP('',#4066);
#4066 = CLOSED_SHELL('',(#4067,#4115,#4138,#4161,#4198,#4221,#4258,#4281
    ));
#4067 = ADVANCED_FACE('',(#4068),#4100,.T.);
#4068 = FACE_BOUND('',#4069,.T.);
#4069 = EDGE_LOOP('',(#4070,#4082,#4089,#4099));
#4070 = ORIENTED_EDGE('',*,*,#4071,.F.);
#4071 = EDGE_CURVE('',#4072,#4072,#4074,.T.);
#4072 = VERTEX_POINT('',#4073);
#4073 = CARTESIAN_POINT('',(-0.291452750789,1.087716473952,
    -0.730434782609));
#4074 = ( BOUNDED_CURVE() B_SPLINE_CURVE(2,(#4075,#4076,#4077,#4078,
#4079,#4080,#4081),.UNSPECIFIED.,.T.,.F.) B_SPLINE_CURVE_WITH_KNOTS((1,2
    ,2,2,2,1),(-2.094395102393,0.,2.094395102393,4.188790204786,
6.28318530718,8.377580409573),.UNSPECIFIED.) CURVE() 
GEOMETRIC_REPRESENTATION_ITEM() RATIONAL_B_SPLINE_CURVE((1.,0.5,1.,0.5,
1.,0.5,1.)) REPRESENTATION_ITEM('') );
#4075 = CARTESIAN_POINT('',(-0.291452750789,1.087716473952,
    -0.730434782609));
#4076 = CARTESIAN_POINT('',(-2.175432947903,0.582905501579,
    -0.730434782609));
#4077 = CARTESIAN_POINT('',(-0.796263723162,-0.796263723162,
    -0.730434782609));
#4078 = CARTESIAN_POINT('',(0.582905501579,-2.175432947903,
    -0.730434782609));
#4079 = CARTESIAN_POINT('',(1.087716473952,-0.291452750789,
    -0.730434782609));
#4080 = CARTESIAN_POINT('',(1.592527446324,1.592527446324,
    -0.730434782609));
#4081 = CARTESIAN_POINT('',(-0.291452750789,1.087716473952,
    -0.730434782609));
#4082 = ORIENTED_EDGE('',*,*,#4083,.F.);
#4083 = EDGE_CURVE('',#4084,#4072,#4086,.T.);
#4084 = VERTEX_POINT('',#4085);
#4085 = CARTESIAN_POINT('',(-0.291452750789,1.087716473952,
    -1.582608695652));
#4086 = B_SPLINE_CURVE_WITH_KNOTS('',1,(#4087,#4088),.UNSPECIFIED.,.F.,
  .F.,(2,2),(0.,1.4),.PIECEWISE_BEZIER_KNOTS.);
#4087 = CARTESIAN_POINT('',(-0.291452750789,1.087716473952,
    -1.582608695652));
#4088 = CARTESIAN_POINT('',(-0.291452750789,1.087716473952,
    -0.730434782609));
#4089 = ORIENTED_EDGE('',*,*,#4090,.T.);
#4090 = EDGE_CURVE('',#4084,#4084,#4091,.T.);
#4091 = ( BOUNDED_CURVE() B_SPLINE_CURVE(2,(#4092,#4093,#4094,#4095,
#4096,#4097,#4098),.UNSPECIFIED.,.T.,.F.) B_SPLINE_CURVE_WITH_KNOTS((1,2
    ,2,2,2,1),(-2.094395102393,0.,2.094395102393,4.188790204786,
6.28318530718,8.377580409573),.UNSPECIFIED.) CURVE() 
GEOMETRIC_REPRESENTATION_ITEM() RATIONAL_B_SPLINE_CURVE((1.,0.5,1.,0.5,
1.,0.5,1.)) REPRESENTATION_ITEM('') );
#4092 = CARTESIAN_POINT('',(-0.291452750789,1.087716473952,
    -1.582608695652));
#4093 = CARTESIAN_POINT('',(-2.175432947903,0.582905501579,
    -1.582608695652));
#4094 = CARTESIAN_POINT('',(-0.796263723162,-0.796263723162,
    -1.582608695652));
#4095 = CARTESIAN_POINT('',(0.582905501579,-2.175432947903,
    -1.582608695652));
#4096 = CARTESIAN_POINT('',(1.087716473952,-0.291452750789,
    -1.582608695652));
#4097 = CARTESIAN_POINT('',(1.592527446324,1.592527446324,
    -1.582608695652));
#4098 = CARTESIAN_POINT('',(-0.291452750789,1.087716473952,
    -1.582608695652));
#4099 = ORIENTED_EDGE('',*,*,#4083,.T.);
#4100 = ( BOUNDED_SURFACE() B_SPLINE_SURFACE(2,1,(
    (#4101,#4102)
    ,(#4103,#4104)
    ,(#4105,#4106)
    ,(#4107,#4108)
    ,(#4109,#4110)
    ,(#4111,#4112)
    ,(#4113,#4114
)),.UNSPECIFIED.,.T.,.F.,.F.) B_SPLINE_SURFACE_WITH_KNOTS((1,2,2,2,2,1),
  (2,2),(-2.094395102393,0.,2.094395102393,4.188790204786,6.28318530718,
    8.377580409573),(0.,1.4),.UNSPECIFIED.) 
GEOMETRIC_REPRESENTATION_ITEM() RATIONAL_B_SPLINE_SURFACE((
    (1.,1.)
    ,(0.5,0.5)
    ,(1.,1.)
    ,(0.5,0.5)
    ,(1.,1.)
    ,(0.5,0.5)
,(1.,1.))) REPRESENTATION_ITEM('') SURFACE() );
#4101 = CARTESIAN_POINT('',(-0.291452750789,1.087716473952,
    -1.582608695652));
#4102 = CARTESIAN_POINT('',(-0.291452750789,1.087716473952,
    -0.730434782609));
#4103 = CARTESIAN_POINT('',(-2.175432947903,0.582905501579,
    -1.582608695652));
#4104 = CARTESIAN_POINT('',(-2.175432947903,0.582905501579,
    -0.730434782609));
#4105 = CARTESIAN_POINT('',(-0.796263723162,-0.796263723162,
    -1.582608695652));
#4106 = CARTESIAN_POINT('',(-0.796263723162,-0.796263723162,
    -0.730434782609));
#4107 = CARTESIAN_POINT('',(0.582905501579,-2.175432947903,
    -1.582608695652));
#4108 = CARTESIAN_POINT('',(0.582905501579,-2.175432947903,
    -0.730434782609));
#4109 = CARTESIAN_POINT('',(1.087716473952,-0.291452750789,
    -1.582608695652));
#4110 = CARTESIAN_POINT('',(1.087716473952,-0.291452750789,
    -0.730434782609));
#4111 = CARTESIAN_POINT('',(1.592527446324,1.592527446324,
    -1.582608695652));
#4112 = CARTESIAN_POINT('',(1.592527446324,1.592527446324,
    -0.730434782609));
#4113 = CARTESIAN_POINT('',(-0.291452750789,1.087716473952,
    -1.582608695652));
#4114 = CARTESIAN_POINT('',(-0.291452750789,1.087716473952,
    -0.730434782609));
#4115 = ADVANCED_FACE('',(#4116,#4119),#4133,.T.);
#4116 = FACE_BOUND('',#4117,.T.);
#4117 = EDGE_LOOP('',(#4118));
#4118 = ORIENTED_EDGE('',*,*,#4071,.T.);
#4119 = FACE_BOUND('',#4120,.T.);
#4120 = EDGE_LOOP('',(#4121));
#4121 = ORIENTED_EDGE('',*,*,#4122,.F.);
#4122 = EDGE_CURVE('',#4123,#4123,#4125,.T.);
#4123 = VERTEX_POINT('',#4124);
#4124 = CARTESIAN_POINT('',(-0.244190142553,0.911330018716,
    -0.730434782609));
#4125 = ( BOUNDED_CURVE() B_SPLINE_CURVE(2,(#4126,#4127,#4128,#4129,
#4130,#4131,#4132),.UNSPECIFIED.,.T.,.F.) B_SPLINE_CURVE_WITH_KNOTS((1,2
    ,2,2,2,1),(-2.094395102393,0.,2.094395102393,4.188790204786,
6.28318530718,8.377580409573),.UNSPECIFIED.) CURVE() 
GEOMETRIC_REPRESENTATION_ITEM() RATIONAL_B_SPLINE_CURVE((1.,0.5,1.,0.5,
1.,0.5,1.)) REPRESENTATION_ITEM('') );
#4126 = CARTESIAN_POINT('',(-0.244190142553,0.911330018716,
    -0.730434782609));
#4127 = CARTESIAN_POINT('',(-1.822660037432,0.488380285106,
    -0.730434782609));
#4128 = CARTESIAN_POINT('',(-0.667139876163,-0.667139876163,
    -0.730434782609));
#4129 = CARTESIAN_POINT('',(0.488380285106,-1.822660037432,
    -0.730434782609));
#4130 = CARTESIAN_POINT('',(0.911330018716,-0.244190142553,
    -0.730434782609));
#4131 = CARTESIAN_POINT('',(1.334279752326,1.334279752326,
    -0.730434782609));
#4132 = CARTESIAN_POINT('',(-0.244190142553,0.911330018716,
    -0.730434782609));
#4133 = B_SPLINE_SURFACE_WITH_KNOTS('',1,1,(
    (#4134,#4135)
    ,(#4136,#4137
    )),.UNSPECIFIED.,.F.,.F.,.F.,(2,2),(2,2),(-1.85,1.85),(-1.85,1.85),
  .PIECEWISE_BEZIER_KNOTS.);
#4134 = CARTESIAN_POINT('',(1.379169224741,-0.796263723162,
    -0.730434782609));
#4135 = CARTESIAN_POINT('',(-0.796263723162,-1.379169224741,
    -0.730434782609));
#4136 = CARTESIAN_POINT('',(0.796263723162,1.379169224741,
    -0.730434782609));
#4137 = CARTESIAN_POINT('',(-1.379169224741,0.796263723162,
    -0.730434782609));
#4138 = ADVANCED_FACE('',(#4139,#4142),#4156,.F.);
#4139 = FACE_BOUND('',#4140,.F.);
#4140 = EDGE_LOOP('',(#4141));
#4141 = ORIENTED_EDGE('',*,*,#4090,.T.);
#4142 = FACE_BOUND('',#4143,.F.);
#4143 = EDGE_LOOP('',(#4144));
#4144 = ORIENTED_EDGE('',*,*,#4145,.F.);
#4145 = EDGE_CURVE('',#4146,#4146,#4148,.T.);
#4146 = VERTEX_POINT('',#4147);
#4147 = CARTESIAN_POINT('',(-0.196927534317,0.734943563481,
    -1.582608695652));
#4148 = ( BOUNDED_CURVE() B_SPLINE_CURVE(2,(#4149,#4150,#4151,#4152,
#4153,#4154,#4155),.UNSPECIFIED.,.T.,.F.) B_SPLINE_CURVE_WITH_KNOTS((1,2
    ,2,2,2,1),(-2.094395102393,0.,2.094395102393,4.188790204786,
6.28318530718,8.377580409573),.UNSPECIFIED.) CURVE() 
GEOMETRIC_REPRESENTATION_ITEM() RATIONAL_B_SPLINE_CURVE((1.,0.5,1.,0.5,
1.,0.5,1.)) REPRESENTATION_ITEM('') );
#4149 = CARTESIAN_POINT('',(-0.196927534317,0.734943563481,
    -1.582608695652));
#4150 = CARTESIAN_POINT('',(-1.469887126962,0.393855068634,
    -1.582608695652));
#4151 = CARTESIAN_POINT('',(-0.538016029164,-0.538016029164,
    -1.582608695652));
#4152 = CARTESIAN_POINT('',(0.393855068634,-1.469887126962,
    -1.582608695652));
#4153 = CARTESIAN_POINT('',(0.734943563481,-0.196927534317,
    -1.582608695652));
#4154 = CARTESIAN_POINT('',(1.076032058327,1.076032058327,
    -1.582608695652));
#4155 = CARTESIAN_POINT('',(-0.196927534317,0.734943563481,
    -1.582608695652));
#4156 = B_SPLINE_SURFACE_WITH_KNOTS('',1,1,(
    (#4157,#4158)
    ,(#4159,#4160
    )),.UNSPECIFIED.,.F.,.F.,.F.,(2,2),(2,2),(-1.85,1.85),(-1.85,1.85),
  .PIECEWISE_BEZIER_KNOTS.);
#4157 = CARTESIAN_POINT('',(1.379169224741,-0.796263723162,
    -1.582608695652));
#4158 = CARTESIAN_POINT('',(-0.796263723162,-1.379169224741,
    -1.582608695652));
#4159 = CARTESIAN_POINT('',(0.796263723162,1.379169224741,
    -1.582608695652));
#4160 = CARTESIAN_POINT('',(-1.379169224741,0.796263723162,
    -1.582608695652));
#4161 = ADVANCED_FACE('',(#4162),#4183,.T.);
#4162 = FACE_BOUND('',#4163,.T.);
#4163 = EDGE_LOOP('',(#4164,#4176,#4181,#4182));
#4164 = ORIENTED_EDGE('',*,*,#4165,.F.);
#4165 = EDGE_CURVE('',#4166,#4166,#4168,.T.);
#4166 = VERTEX_POINT('',#4167);
#4167 = CARTESIAN_POINT('',(-0.244190142553,0.911330018716,
    0.730434782609));
#4168 = ( BOUNDED_CURVE() B_SPLINE_CURVE(2,(#4169,#4170,#4171,#4172,
#4173,#4174,#4175),.UNSPECIFIED.,.T.,.F.) B_SPLINE_CURVE_WITH_KNOTS((1,2
    ,2,2,2,1),(-2.094395102393,0.,2.094395102393,4.188790204786,
6.28318530718,8.377580409573),.UNSPECIFIED.) CURVE() 
GEOMETRIC_REPRESENTATION_ITEM() RATIONAL_B_SPLINE_CURVE((1.,0.5,1.,0.5,
1.,0.5,1.)) REPRESENTATION_ITEM('') );
#4169 = CARTESIAN_POINT('',(-0.244190142553,0.911330018716,
    0.730434782609));
#4170 = CARTESIAN_POINT('',(-1.822660037432,0.488380285106,
    0.730434782609));
#4171 = CARTESIAN_POINT('',(-0.667139876163,-0.667139876163,
    0.730434782609));
#4172 = CARTESIAN_POINT('',(0.488380285106,-1.822660037432,
    0.730434782609));
#4173 = CARTESIAN_POINT('',(0.911330018716,-0.244190142553,
    0.730434782609));
#4174 = CARTESIAN_POINT('',(1.334279752326,1.334279752326,0.730434782609
    ));
#4175 = CARTESIAN_POINT('',(-0.244190142553,0.911330018716,
    0.730434782609));
#4176 = ORIENTED_EDGE('',*,*,#4177,.F.);
#4177 = EDGE_CURVE('',#4123,#4166,#4178,.T.);
#4178 = B_SPLINE_CURVE_WITH_KNOTS('',1,(#4179,#4180),.UNSPECIFIED.,.F.,
  .F.,(2,2),(0.,2.4),.PIECEWISE_BEZIER_KNOTS.);
#4179 = CARTESIAN_POINT('',(-0.244190142553,0.911330018716,
    -0.730434782609));
#4180 = CARTESIAN_POINT('',(-0.244190142553,0.911330018716,
    0.730434782609));
#4181 = ORIENTED_EDGE('',*,*,#4122,.T.);
#4182 = ORIENTED_EDGE('',*,*,#4177,.T.);
#4183 = ( BOUNDED_SURFACE() B_SPLINE_SURFACE(2,1,(
    (#4184,#4185)
    ,(#4186,#4187)
    ,(#4188,#4189)
    ,(#4190,#4191)
    ,(#4192,#4193)
    ,(#4194,#4195)
    ,(#4196,#4197
)),.UNSPECIFIED.,.T.,.F.,.F.) B_SPLINE_SURFACE_WITH_KNOTS((1,2,2,2,2,1),
  (2,2),(-2.094395102393,0.,2.094395102393,4.188790204786,6.28318530718,
    8.377580409573),(0.,2.4),.UNSPECIFIED.) 
GEOMETRIC_REPRESENTATION_ITEM() RATIONAL_B_SPLINE_SURFACE((
    (1.,1.)
    ,(0.5,0.5)
    ,(1.,1.)
    ,(0.5,0.5)
    ,(1.,1.)
    ,(0.5,0.5)
,(1.,1.))) REPRESENTATION_ITEM('') SURFACE() );
#4184 = CARTESIAN_POINT('',(-0.244190142553,0.911330018716,
    -0.730434782609));
#4185 = CARTESIAN_POINT('',(-0.244190142553,0.911330018716,
    0.730434782609));
#4186 = CARTESIAN_POINT('',(-1.822660037432,0.488380285106,
    -0.730434782609));
#4187 = CARTESIAN_POINT('',(-1.822660037432,0.488380285106,
    0.730434782609));
#4188 = CARTESIAN_POINT('',(-0.667139876163,-0.667139876163,
    -0.730434782609));
#4189 = CARTESIAN_POINT('',(-0.667139876163,-0.667139876163,
    0.730434782609));
#4190 = CARTESIAN_POINT('',(0.488380285106,-1.822660037432,
    -0.730434782609));
#4191 = CARTESIAN_POINT('',(0.488380285106,-1.822660037432,
    0.730434782609));
#4192 = CARTESIAN_POINT('',(0.911330018716,-0.244190142553,
    -0.730434782609));
#4193 = CARTESIAN_POINT('',(0.911330018716,-0.244190142553,
    0.730434782609));
#4194 = CARTESIAN_POINT('',(1.334279752326,1.334279752326,
    -0.730434782609));
#4195 = CARTESIAN_POINT('',(1.334279752326,1.334279752326,0.730434782609
    ));
#4196 = CARTESIAN_POINT('',(-0.244190142553,0.911330018716,
    -0.730434782609));
#4197 = CARTESIAN_POINT('',(-0.244190142553,0.911330018716,
    0.730434782609));
#4198 = ADVANCED_FACE('',(#4199,#4213),#4216,.F.);
#4199 = FACE_BOUND('',#4200,.F.);
#4200 = EDGE_LOOP('',(#4201));
#4201 = ORIENTED_EDGE('',*,*,#4202,.T.);
#4202 = EDGE_CURVE('',#4203,#4203,#4205,.T.);
#4203 = VERTEX_POINT('',#4204);
#4204 = CARTESIAN_POINT('',(-0.291452750789,1.087716473952,
    0.730434782609));
#4205 = ( BOUNDED_CURVE() B_SPLINE_CURVE(2,(#4206,#4207,#4208,#4209,
#4210,#4211,#4212),.UNSPECIFIED.,.T.,.F.) B_SPLINE_CURVE_WITH_KNOTS((1,2
    ,2,2,2,1),(-2.094395102393,0.,2.094395102393,4.188790204786,
6.28318530718,8.377580409573),.UNSPECIFIED.) CURVE() 
GEOMETRIC_REPRESENTATION_ITEM() RATIONAL_B_SPLINE_CURVE((1.,0.5,1.,0.5,
1.,0.5,1.)) REPRESENTATION_ITEM('') );
#4206 = CARTESIAN_POINT('',(-0.291452750789,1.087716473952,
    0.730434782609));
#4207 = CARTESIAN_POINT('',(-2.175432947903,0.582905501579,
    0.730434782609));
#4208 = CARTESIAN_POINT('',(-0.796263723162,-0.796263723162,
    0.730434782609));
#4209 = CARTESIAN_POINT('',(0.582905501579,-2.175432947903,
    0.730434782609));
#4210 = CARTESIAN_POINT('',(1.087716473952,-0.291452750789,
    0.730434782609));
#4211 = CARTESIAN_POINT('',(1.592527446324,1.592527446324,0.730434782609
    ));
#4212 = CARTESIAN_POINT('',(-0.291452750789,1.087716473952,
    0.730434782609));
#4213 = FACE_BOUND('',#4214,.F.);
#4214 = EDGE_LOOP('',(#4215));
#4215 = ORIENTED_EDGE('',*,*,#4165,.F.);
#4216 = B_SPLINE_SURFACE_WITH_KNOTS('',1,1,(
    (#4217,#4218)
    ,(#4219,#4220
    )),.UNSPECIFIED.,.F.,.F.,.F.,(2,2),(2,2),(-1.85,1.85),(-1.85,1.85),
  .PIECEWISE_BEZIER_KNOTS.);
#4217 = CARTESIAN_POINT('',(1.379169224741,-0.796263723162,
    0.730434782609));
#4218 = CARTESIAN_POINT('',(-0.796263723162,-1.379169224741,
    0.730434782609));
#4219 = CARTESIAN_POINT('',(0.796263723162,1.379169224741,0.730434782609
    ));
#4220 = CARTESIAN_POINT('',(-1.379169224741,0.796263723162,
    0.730434782609));
#4221 = ADVANCED_FACE('',(#4222),#4243,.T.);
#4222 = FACE_BOUND('',#4223,.T.);
#4223 = EDGE_LOOP('',(#4224,#4236,#4241,#4242));
#4224 = ORIENTED_EDGE('',*,*,#4225,.F.);
#4225 = EDGE_CURVE('',#4226,#4226,#4228,.T.);
#4226 = VERTEX_POINT('',#4227);
#4227 = CARTESIAN_POINT('',(-0.291452750789,1.087716473952,
    1.582608695652));
#4228 = ( BOUNDED_CURVE() B_SPLINE_CURVE(2,(#4229,#4230,#4231,#4232,
#4233,#4234,#4235),.UNSPECIFIED.,.T.,.F.) B_SPLINE_CURVE_WITH_KNOTS((1,2
    ,2,2,2,1),(-2.094395102393,0.,2.094395102393,4.188790204786,
6.28318530718,8.377580409573),.UNSPECIFIED.) CURVE() 
GEOMETRIC_REPRESENTATION_ITEM() RATIONAL_B_SPLINE_CURVE((1.,0.5,1.,0.5,
1.,0.5,1.)) REPRESENTATION_ITEM('') );
#4229 = CARTESIAN_POINT('',(-0.291452750789,1.087716473952,
    1.582608695652));
#4230 = CARTESIAN_POINT('',(-2.175432947903,0.582905501579,
    1.582608695652));
#4231 = CARTESIAN_POINT('',(-0.796263723162,-0.796263723162,
    1.582608695652));
#4232 = CARTESIAN_POINT('',(0.582905501579,-2.175432947903,
    1.582608695652));
#4233 = CARTESIAN_POINT('',(1.087716473952,-0.291452750789,
    1.582608695652));
#4234 = CARTESIAN_POINT('',(1.592527446324,1.592527446324,1.582608695652
    ));
#4235 = CARTESIAN_POINT('',(-0.291452750789,1.087716473952,
    1.582608695652));
#4236 = ORIENTED_EDGE('',*,*,#4237,.F.);
#4237 = EDGE_CURVE('',#4203,#4226,#4238,.T.);
#4238 = B_SPLINE_CURVE_WITH_KNOTS('',1,(#4239,#4240),.UNSPECIFIED.,.F.,
  .F.,(2,2),(0.,1.4),.PIECEWISE_BEZIER_KNOTS.);
#4239 = CARTESIAN_POINT('',(-0.291452750789,1.087716473952,
    0.730434782609));
#4240 = CARTESIAN_POINT('',(-0.291452750789,1.087716473952,
    1.582608695652));
#4241 = ORIENTED_EDGE('',*,*,#4202,.T.);
#4242 = ORIENTED_EDGE('',*,*,#4237,.T.);
#4243 = ( BOUNDED_SURFACE() B_SPLINE_SURFACE(2,1,(
    (#4244,#4245)
    ,(#4246,#4247)
    ,(#4248,#4249)
    ,(#4250,#4251)
    ,(#4252,#4253)
    ,(#4254,#4255)
    ,(#4256,#4257
)),.UNSPECIFIED.,.T.,.F.,.F.) B_SPLINE_SURFACE_WITH_KNOTS((1,2,2,2,2,1),
  (2,2),(-2.094395102393,0.,2.094395102393,4.188790204786,6.28318530718,
    8.377580409573),(0.,1.4),.UNSPECIFIED.) 
GEOMETRIC_REPRESENTATION_ITEM() RATIONAL_B_SPLINE_SURFACE((
    (1.,1.)
    ,(0.5,0.5)
    ,(1.,1.)
    ,(0.5,0.5)
    ,(1.,1.)
    ,(0.5,0.5)
,(1.,1.))) REPRESENTATION_ITEM('') SURFACE() );
#4244 = CARTESIAN_POINT('',(-0.291452750789,1.087716473952,
    0.730434782609));
#4245 = CARTESIAN_POINT('',(-0.291452750789,1.087716473952,
    1.582608695652));
#4246 = CARTESIAN_POINT('',(-2.175432947903,0.582905501579,
    0.730434782609));
#4247 = CARTESIAN_POINT('',(-2.175432947903,0.582905501579,
    1.582608695652));
#4248 = CARTESIAN_POINT('',(-0.796263723162,-0.796263723162,
    0.730434782609));
#4249 = CARTESIAN_POINT('',(-0.796263723162,-0.796263723162,
    1.582608695652));
#4250 = CARTESIAN_POINT('',(0.582905501579,-2.175432947903,
    0.730434782609));
#4251 = CARTESIAN_POINT('',(0.582905501579,-2.175432947903,
    1.582608695652));
#4252 = CARTESIAN_POINT('',(1.087716473952,-0.291452750789,
    0.730434782609));
#4253 = CARTESIAN_POINT('',(1.087716473952,-0.291452750789,
    1.582608695652));
#4254 = CARTESIAN_POINT('',(1.592527446324,1.592527446324,0.730434782609
    ));
#4255 = CARTESIAN_POINT('',(1.592527446324,1.592527446324,1.582608695652
    ));
#4256 = CARTESIAN_POINT('',(-0.291452750789,1.087716473952,
    0.730434782609));
#4257 = CARTESIAN_POINT('',(-0.291452750789,1.087716473952,
    1.582608695652));
#4258 = ADVANCED_FACE('',(#4259,#4262),#4276,.T.);
#4259 = FACE_BOUND('',#4260,.T.);
#4260 = EDGE_LOOP('',(#4261));
#4261 = ORIENTED_EDGE('',*,*,#4225,.T.);
#4262 = FACE_BOUND('',#4263,.T.);
#4263 = EDGE_LOOP('',(#4264));
#4264 = ORIENTED_EDGE('',*,*,#4265,.F.);
#4265 = EDGE_CURVE('',#4266,#4266,#4268,.T.);
#4266 = VERTEX_POINT('',#4267);
#4267 = CARTESIAN_POINT('',(-0.196927534317,0.734943563481,
    1.582608695652));
#4268 = ( BOUNDED_CURVE() B_SPLINE_CURVE(2,(#4269,#4270,#4271,#4272,
#4273,#4274,#4275),.UNSPECIFIED.,.T.,.F.) B_SPLINE_CURVE_WITH_KNOTS((1,2
    ,2,2,2,1),(-2.094395102393,0.,2.094395102393,4.188790204786,
6.28318530718,8.377580409573),.UNSPECIFIED.) CURVE() 
GEOMETRIC_REPRESENTATION_ITEM() RATIONAL_B_SPLINE_CURVE((1.,0.5,1.,0.5,
1.,0.5,1.)) REPRESENTATION_ITEM('') );
#4269 = CARTESIAN_POINT('',(-0.196927534317,0.734943563481,
    1.582608695652));
#4270 = CARTESIAN_POINT('',(-1.469887126962,0.393855068634,
    1.582608695652));
#4271 = CARTESIAN_POINT('',(-0.538016029164,-0.538016029164,
    1.582608695652));
#4272 = CARTESIAN_POINT('',(0.393855068634,-1.469887126962,
    1.582608695652));
#4273 = CARTESIAN_POINT('',(0.734943563481,-0.196927534317,
    1.582608695652));
#4274 = CARTESIAN_POINT('',(1.076032058327,1.076032058327,1.582608695652
    ));
#4275 = CARTESIAN_POINT('',(-0.196927534317,0.734943563481,
    1.582608695652));
#4276 = B_SPLINE_SURFACE_WITH_KNOTS('',1,1,(
    (#4277,#4278)
    ,(#4279,#4280
    )),.UNSPECIFIED.,.F.,.F.,.F.,(2,2),(2,2),(-1.85,1.85),(-1.85,1.85),
  .PIECEWISE_BEZIER_KNOTS.);
#4277 = CARTESIAN_POINT('',(1.379169224741,-0.796263723162,
    1.582608695652));
#4278 = CARTESIAN_POINT('',(-0.796263723162,-1.379169224741,
    1.582608695652));
#4279 = CARTESIAN_POINT('',(0.796263723162,1.379169224741,1.582608695652
    ));
#4280 = CARTESIAN_POINT('',(-1.379169224741,0.796263723162,
    1.582608695652));
#4281 = ADVANCED_FACE('',(#4282),#4292,.F.);
#4282 = FACE_BOUND('',#4283,.F.);
#4283 = EDGE_LOOP('',(#4284,#4285,#4290,#4291));
#4284 = ORIENTED_EDGE('',*,*,#4265,.F.);
#4285 = ORIENTED_EDGE('',*,*,#4286,.F.);
#4286 = EDGE_CURVE('',#4146,#4266,#4287,.T.);
#4287 = B_SPLINE_CURVE_WITH_KNOTS('',1,(#4288,#4289),.UNSPECIFIED.,.F.,
  .F.,(2,2),(0.2,5.4),.PIECEWISE_BEZIER_KNOTS.);
#4288 = CARTESIAN_POINT('',(-0.196927534317,0.734943563481,
    -1.582608695652));
#4289 = CARTESIAN_POINT('',(-0.196927534317,0.734943563481,
    1.582608695652));
#4290 = ORIENTED_EDGE('',*,*,#4145,.T.);
#4291 = ORIENTED_EDGE('',*,*,#4286,.T.);
#4292 = ( BOUNDED_SURFACE() B_SPLINE_SURFACE(2,1,(
    (#4293,#4294)
    ,(#4295,#4296)
    ,(#4297,#4298)
    ,(#4299,#4300)
    ,(#4301,#4302)
    ,(#4303,#4304)
    ,(#4305,#4306
)),.UNSPECIFIED.,.T.,.F.,.F.) B_SPLINE_SURFACE_WITH_KNOTS((1,2,2,2,2,1),
  (2,2),(-2.094395102393,0.,2.094395102393,4.188790204786,6.28318530718,
    8.377580409573),(0.2,5.4),.UNSPECIFIED.) 
GEOMETRIC_REPRESENTATION_ITEM() RATIONAL_B_SPLINE_SURFACE((
    (1.,1.)
    ,(0.5,0.5)
    ,(1.,1.)
    ,(0.5,0.5)
    ,(1.,1.)
    ,(0.5,0.5)
,(1.,1.))) REPRESENTATION_ITEM('') SURFACE() );
#4293 = CARTESIAN_POINT('',(-0.196927534317,0.734943563481,
    -1.582608695652));
#4294 = CARTESIAN_POINT('',(-0.196927534317,0.734943563481,
    1.582608695652));
#4295 = CARTESIAN_POINT('',(-1.469887126962,0.393855068634,
    -1.582608695652));
#4296 = CARTESIAN_POINT('',(-1.469887126962,0.393855068634,
    1.582608695652));
#4297 = CARTESIAN_POINT('',(-0.538016029164,-0.538016029164,
    -1.582608695652));
#4298 = CARTESIAN_POINT('',(-0.538016029164,-0.538016029164,
    1.582608695652));
#4299 = CARTESIAN_POINT('',(0.393855068634,-1.469887126962,
    -1.582608695652));
#4300 = CARTESIAN_POINT('',(0.393855068634,-1.469887126962,
    1.582608695652));
#4301 = CARTESIAN_POINT('',(0.734943563481,-0.196927534317,
    -1.582608695652));
#4302 = CARTESIAN_POINT('',(0.734943563481,-0.196927534317,
    1.582608695652));
#4303 = CARTESIAN_POINT('',(1.076032058327,1.076032058327,
    -1.582608695652));
#4304 = CARTESIAN_POINT('',(1.076032058327,1.076032058327,1.582608695652
    ));
#4305 = CARTESIAN_POINT('',(-0.196927534317,0.734943563481,
    -1.582608695652));
#4306 = CARTESIAN_POINT('',(-0.196927534317,0.734943563481,
    1.582608695652));
#4307 = MANIFOLD_SOLID_BREP('',#4308);
#4308 = CLOSED_SHELL('',(#4309,#4357,#4366));
#4309 = ADVANCED_FACE('',(#4310),#4342,.T.);
#4310 = FACE_BOUND('',#4311,.T.);
#4311 = EDGE_LOOP('',(#4312,#4324,#4331,#4341));
#4312 = ORIENTED_EDGE('',*,*,#4313,.F.);
#4313 = EDGE_CURVE('',#4314,#4314,#4316,.T.);
#4314 = VERTEX_POINT('',#4315);
#4315 = CARTESIAN_POINT('',(-0.181173331572,0.676148078402,
    0.925217391304));
#4316 = ( BOUNDED_CURVE() B_SPLINE_CURVE(2,(#4317,#4318,#4319,#4320,
#4321,#4322,#4323),.UNSPECIFIED.,.T.,.F.) B_SPLINE_CURVE_WITH_KNOTS((1,2
    ,2,2,2,1),(-2.094395102393,0.,2.094395102393,4.188790204786,
6.28318530718,8.377580409573),.UNSPECIFIED.) CURVE() 
GEOMETRIC_REPRESENTATION_ITEM() RATIONAL_B_SPLINE_CURVE((1.,0.5,1.,0.5,
1.,0.5,1.)) REPRESENTATION_ITEM('') );
#4317 = CARTESIAN_POINT('',(-0.181173331572,0.676148078402,
    0.925217391304));
#4318 = CARTESIAN_POINT('',(-1.352296156805,0.362346663144,
    0.925217391304));
#4319 = CARTESIAN_POINT('',(-0.494974746831,-0.494974746831,
    0.925217391304));
#4320 = CARTESIAN_POINT('',(0.362346663144,-1.352296156805,
    0.925217391304));
#4321 = CARTESIAN_POINT('',(0.676148078402,-0.181173331572,
    0.925217391304));
#4322 = CARTESIAN_POINT('',(0.989949493661,0.989949493661,0.925217391304
    ));
#4323 = CARTESIAN_POINT('',(-0.181173331572,0.676148078402,
    0.925217391304));
#4324 = ORIENTED_EDGE('',*,*,#4325,.F.);
#4325 = EDGE_CURVE('',#4326,#4314,#4328,.T.);
#4326 = VERTEX_POINT('',#4327);
#4327 = CARTESIAN_POINT('',(-0.181173331572,0.676148078402,
    0.499130434783));
#4328 = B_SPLINE_CURVE_WITH_KNOTS('',1,(#4329,#4330),.UNSPECIFIED.,.F.,
  .F.,(2,2),(0.,0.7),.PIECEWISE_BEZIER_KNOTS.);
#4329 = CARTESIAN_POINT('',(-0.181173331572,0.676148078402,
    0.499130434783));
#4330 = CARTESIAN_POINT('',(-0.181173331572,0.676148078402,
    0.925217391304));
#4331 = ORIENTED_EDGE('',*,*,#4332,.T.);
#4332 = EDGE_CURVE('',#4326,#4326,#4333,.T.);
#4333 = ( BOUNDED_CURVE() B_SPLINE_CURVE(2,(#4334,#4335,#4336,#4337,
#4338,#4339,#4340),.UNSPECIFIED.,.T.,.F.) B_SPLINE_CURVE_WITH_KNOTS((1,2
    ,2,2,2,1),(-2.094395102393,0.,2.094395102393,4.188790204786,
6.28318530718,8.377580409573),.UNSPECIFIED.) CURVE() 
GEOMETRIC_REPRESENTATION_ITEM() RATIONAL_B_SPLINE_CURVE((1.,0.5,1.,0.5,
1.,0.5,1.)) REPRESENTATION_ITEM('') );
#4334 = CARTESIAN_POINT('',(-0.181173331572,0.676148078402,
    0.499130434783));
#4335 = CARTESIAN_POINT('',(-1.352296156805,0.362346663144,
    0.499130434783));
#4336 = CARTESIAN_POINT('',(-0.494974746831,-0.494974746831,
    0.499130434783));
#4337 = CARTESIAN_POINT('',(0.362346663144,-1.352296156805,
    0.499130434783));
#4338 = CARTESIAN_POINT('',(0.676148078402,-0.181173331572,
    0.499130434783));
#4339 = CARTESIAN_POINT('',(0.989949493661,0.989949493661,0.499130434783
    ));
#4340 = CARTESIAN_POINT('',(-0.181173331572,0.676148078402,
    0.499130434783));
#4341 = ORIENTED_EDGE('',*,*,#4325,.T.);
#4342 = ( BOUNDED_SURFACE() B_SPLINE_SURFACE(2,1,(
    (#4343,#4344)
    ,(#4345,#4346)
    ,(#4347,#4348)
    ,(#4349,#4350)
    ,(#4351,#4352)
    ,(#4353,#4354)
    ,(#4355,#4356
)),.UNSPECIFIED.,.T.,.F.,.F.) B_SPLINE_SURFACE_WITH_KNOTS((1,2,2,2,2,1),
  (2,2),(-2.094395102393,0.,2.094395102393,4.188790204786,6.28318530718,
    8.377580409573),(0.,0.7),.UNSPECIFIED.) 
GEOMETRIC_REPRESENTATION_ITEM() RATIONAL_B_SPLINE_SURFACE((
    (1.,1.)
    ,(0.5,0.5)
    ,(1.,1.)
    ,(0.5,0.5)
    ,(1.,1.)
    ,(0.5,0.5)
,(1.,1.))) REPRESENTATION_ITEM('') SURFACE() );
#4343 = CARTESIAN_POINT('',(-0.181173331572,0.676148078402,
    0.499130434783));
#4344 = CARTESIAN_POINT('',(-0.181173331572,0.676148078402,
    0.925217391304));
#4345 = CARTESIAN_POINT('',(-1.352296156805,0.362346663144,
    0.499130434783));
#4346 = CARTESIAN_POINT('',(-1.352296156805,0.362346663144,
    0.925217391304));
#4347 = CARTESIAN_POINT('',(-0.494974746831,-0.494974746831,
    0.499130434783));
#4348 = CARTESIAN_POINT('',(-0.494974746831,-0.494974746831,
    0.925217391304));
#4349 = CARTESIAN_POINT('',(0.362346663144,-1.352296156805,
    0.499130434783));
#4350 = CARTESIAN_POINT('',(0.362346663144,-1.352296156805,
    0.925217391304));
#4351 = CARTESIAN_POINT('',(0.676148078402,-0.181173331572,
    0.499130434783));
#4352 = CARTESIAN_POINT('',(0.676148078402,-0.181173331572,
    0.925217391304));
#4353 = CARTESIAN_POINT('',(0.989949493661,0.989949493661,0.499130434783
    ));
#4354 = CARTESIAN_POINT('',(0.989949493661,0.989949493661,0.925217391304
    ));
#4355 = CARTESIAN_POINT('',(-0.181173331572,0.676148078402,
    0.499130434783));
#4356 = CARTESIAN_POINT('',(-0.181173331572,0.676148078402,
    0.925217391304));
#4357 = ADVANCED_FACE('',(#4358),#4361,.T.);
#4358 = FACE_BOUND('',#4359,.T.);
#4359 = EDGE_LOOP('',(#4360));
#4360 = ORIENTED_EDGE('',*,*,#4313,.T.);
#4361 = B_SPLINE_SURFACE_WITH_KNOTS('',1,1,(
    (#4362,#4363)
    ,(#4364,#4365
    )),.UNSPECIFIED.,.F.,.F.,.F.,(2,2),(2,2),(-1.15,1.15),(-1.15,1.15),
  .PIECEWISE_BEZIER_KNOTS.);
#4362 = CARTESIAN_POINT('',(0.857321409974,-0.494974746831,
    0.925217391304));
#4363 = CARTESIAN_POINT('',(-0.494974746831,-0.857321409974,
    0.925217391304));
#4364 = CARTESIAN_POINT('',(0.494974746831,0.857321409974,0.925217391304
    ));
#4365 = CARTESIAN_POINT('',(-0.857321409974,0.494974746831,
    0.925217391304));
#4366 = ADVANCED_FACE('',(#4367),#4370,.F.);
#4367 = FACE_BOUND('',#4368,.T.);
#4368 = EDGE_LOOP('',(#4369));
#4369 = ORIENTED_EDGE('',*,*,#4332,.F.);
#4370 = B_SPLINE_SURFACE_WITH_KNOTS('',1,1,(
    (#4371,#4372)
    ,(#4373,#4374
    )),.UNSPECIFIED.,.F.,.F.,.F.,(2,2),(2,2),(-1.15,1.15),(-1.15,1.15),
  .PIECEWISE_BEZIER_KNOTS.);
#4371 = CARTESIAN_POINT('',(0.857321409974,-0.494974746831,
    0.499130434783));
#4372 = CARTESIAN_POINT('',(-0.494974746831,-0.857321409974,
    0.499130434783));
#4373 = CARTESIAN_POINT('',(0.494974746831,0.857321409974,0.499130434783
    ));
#4374 = CARTESIAN_POINT('',(-0.857321409974,0.494974746831,
    0.499130434783));
#4375 = MANIFOLD_SOLID_BREP('',#4376);
#4376 = CLOSED_SHELL('',(#4377,#4425,#4434));
#4377 = ADVANCED_FACE('',(#4378),#4410,.T.);
#4378 = FACE_BOUND('',#4379,.T.);
#4379 = EDGE_LOOP('',(#4380,#4392,#4399,#4409));
#4380 = ORIENTED_EDGE('',*,*,#4381,.F.);
#4381 = EDGE_CURVE('',#4382,#4382,#4384,.T.);
#4382 = VERTEX_POINT('',#4383);
#4383 = CARTESIAN_POINT('',(-0.181173331572,0.676148078402,
    -0.499130434783));
#4384 = ( BOUNDED_CURVE() B_SPLINE_CURVE(2,(#4385,#4386,#4387,#4388,
#4389,#4390,#4391),.UNSPECIFIED.,.T.,.F.) B_SPLINE_CURVE_WITH_KNOTS((1,2
    ,2,2,2,1),(-2.094395102393,0.,2.094395102393,4.188790204786,
6.28318530718,8.377580409573),.UNSPECIFIED.) CURVE() 
GEOMETRIC_REPRESENTATION_ITEM() RATIONAL_B_SPLINE_CURVE((1.,0.5,1.,0.5,
1.,0.5,1.)) REPRESENTATION_ITEM('') );
#4385 = CARTESIAN_POINT('',(-0.181173331572,0.676148078402,
    -0.499130434783));
#4386 = CARTESIAN_POINT('',(-1.352296156805,0.362346663144,
    -0.499130434783));
#4387 = CARTESIAN_POINT('',(-0.494974746831,-0.494974746831,
    -0.499130434783));
#4388 = CARTESIAN_POINT('',(0.362346663144,-1.352296156805,
    -0.499130434783));
#4389 = CARTESIAN_POINT('',(0.676148078402,-0.181173331572,
    -0.499130434783));
#4390 = CARTESIAN_POINT('',(0.989949493661,0.989949493661,
    -0.499130434783));
#4391 = CARTESIAN_POINT('',(-0.181173331572,0.676148078402,
    -0.499130434783));
#4392 = ORIENTED_EDGE('',*,*,#4393,.F.);
#4393 = EDGE_CURVE('',#4394,#4382,#4396,.T.);
#4394 = VERTEX_POINT('',#4395);
#4395 = CARTESIAN_POINT('',(-0.181173331572,0.676148078402,
    -0.925217391304));
#4396 = B_SPLINE_CURVE_WITH_KNOTS('',1,(#4397,#4398),.UNSPECIFIED.,.F.,
  .F.,(2,2),(0.,0.7),.PIECEWISE_BEZIER_KNOTS.);
#4397 = CARTESIAN_POINT('',(-0.181173331572,0.676148078402,
    -0.925217391304));
#4398 = CARTESIAN_POINT('',(-0.181173331572,0.676148078402,
    -0.499130434783));
#4399 = ORIENTED_EDGE('',*,*,#4400,.T.);
#4400 = EDGE_CURVE('',#4394,#4394,#4401,.T.);
#4401 = ( BOUNDED_CURVE() B_SPLINE_CURVE(2,(#4402,#4403,#4404,#4405,
#4406,#4407,#4408),.UNSPECIFIED.,.T.,.F.) B_SPLINE_CURVE_WITH_KNOTS((1,2
    ,2,2,2,1),(-2.094395102393,0.,2.094395102393,4.188790204786,
6.28318530718,8.377580409573),.UNSPECIFIED.) CURVE() 
GEOMETRIC_REPRESENTATION_ITEM() RATIONAL_B_SPLINE_CURVE((1.,0.5,1.,0.5,
1.,0.5,1.)) REPRESENTATION_ITEM('') );
#4402 = CARTESIAN_POINT('',(-0.181173331572,0.676148078402,
    -0.925217391304));
#4403 = CARTESIAN_POINT('',(-1.352296156805,0.362346663144,
    -0.925217391304));
#4404 = CARTESIAN_POINT('',(-0.494974746831,-0.494974746831,
    -0.925217391304));
#4405 = CARTESIAN_POINT('',(0.362346663144,-1.352296156805,
    -0.925217391304));
#4406 = CARTESIAN_POINT('',(0.676148078402,-0.181173331572,
    -0.925217391304));
#4407 = CARTESIAN_POINT('',(0.989949493661,0.989949493661,
    -0.925217391304));
#4408 = CARTESIAN_POINT('',(-0.181173331572,0.676148078402,
    -0.925217391304));
#4409 = ORIENTED_EDGE('',*,*,#4393,.T.);
#4410 = ( BOUNDED_SURFACE() B_SPLINE_SURFACE(2,1,(
    (#4411,#4412)
    ,(#4413,#4414)
    ,(#4415,#4416)
    ,(#4417,#4418)
    ,(#4419,#4420)
    ,(#4421,#4422)
    ,(#4423,#4424
)),.UNSPECIFIED.,.T.,.F.,.F.) B_SPLINE_SURFACE_WITH_KNOTS((1,2,2,2,2,1),
  (2,2),(-2.094395102393,0.,2.094395102393,4.188790204786,6.28318530718,
    8.377580409573),(0.,0.7),.UNSPECIFIED.) 
GEOMETRIC_REPRESENTATION_ITEM() RATIONAL_B_SPLINE_SURFACE((
    (1.,1.)
    ,(0.5,0.5)
    ,(1.,1.)
    ,(0.5,0.5)
    ,(1.,1.)
    ,(0.5,0.5)
,(1.,1.))) REPRESENTATION_ITEM('') SURFACE() );
#4411 = CARTESIAN_POINT('',(-0.181173331572,0.676148078402,
    -0.925217391304));
#4412 = CARTESIAN_POINT('',(-0.181173331572,0.676148078402,
    -0.499130434783));
#4413 = CARTESIAN_POINT('',(-1.352296156805,0.362346663144,
    -0.925217391304));
#4414 = CARTESIAN_POINT('',(-1.352296156805,0.362346663144,
    -0.499130434783));
#4415 = CARTESIAN_POINT('',(-0.494974746831,-0.494974746831,
    -0.925217391304));
#4416 = CARTESIAN_POINT('',(-0.494974746831,-0.494974746831,
    -0.499130434783));
#4417 = CARTESIAN_POINT('',(0.362346663144,-1.352296156805,
    -0.925217391304));
#4418 = CARTESIAN_POINT('',(0.362346663144,-1.352296156805,
    -0.499130434783));
#4419 = CARTESIAN_POINT('',(0.676148078402,-0.181173331572,
    -0.925217391304));
#4420 = CARTESIAN_POINT('',(0.676148078402,-0.181173331572,
    -0.499130434783));
#4421 = CARTESIAN_POINT('',(0.989949493661,0.989949493661,
    -0.925217391304));
#4422 = CARTESIAN_POINT('',(0.989949493661,0.989949493661,
    -0.499130434783));
#4423 = CARTESIAN_POINT('',(-0.181173331572,0.676148078402,
    -0.925217391304));
#4424 = CARTESIAN_POINT('',(-0.181173331572,0.676148078402,
    -0.499130434783));
#4425 = ADVANCED_FACE('',(#4426),#4429,.T.);
#4426 = FACE_BOUND('',#4427,.T.);
#4427 = EDGE_LOOP('',(#4428));
#4428 = ORIENTED_EDGE('',*,*,#4381,.T.);
#4429 = B_SPLINE_SURFACE_WITH_KNOTS('',1,1,(
    (#4430,#4431)
    ,(#4432,#4433
    )),.UNSPECIFIED.,.F.,.F.,.F.,(2,2),(2,2),(-1.15,1.15),(-1.15,1.15),
  .PIECEWISE_BEZIER_KNOTS.);
#4430 = CARTESIAN_POINT('',(0.857321409974,-0.494974746831,
    -0.499130434783));
#4431 = CARTESIAN_POINT('',(-0.494974746831,-0.857321409974,
    -0.499130434783));
#4432 = CARTESIAN_POINT('',(0.494974746831,0.857321409974,
    -0.499130434783));
#4433 = CARTESIAN_POINT('',(-0.857321409974,0.494974746831,
    -0.499130434783));
#4434 = ADVANCED_FACE('',(#4435),#4438,.F.);
#4435 = FACE_BOUND('',#4436,.T.);
#4436 = EDGE_LOOP('',(#4437));
#4437 = ORIENTED_EDGE('',*,*,#4400,.F.);
#4438 = B_SPLINE_SURFACE_WITH_KNOTS('',1,1,(
    (#4439,#4440)
    ,(#4441,#4442
    )),.UNSPECIFIED.,.F.,.F.,.F.,(2,2),(2,2),(-1.15,1.15),(-1.15,1.15),
  .PIECEWISE_BEZIER_KNOTS.);
#4439 = CARTESIAN_POINT('',(0.857321409974,-0.494974746831,
    -0.925217391304));
#4440 = CARTESIAN_POINT('',(-0.494974746831,-0.857321409974,
    -0.925217391304));
#4441 = CARTESIAN_POINT('',(0.494974746831,0.857321409974,
    -0.925217391304));
#4442 = CARTESIAN_POINT('',(-0.857321409974,0.494974746831,
    -0.925217391304));
#4443 = MANIFOLD_SOLID_BREP('',#4444);
#4444 = CLOSED_SHELL('',(#4445,#4493,#4530,#4553,#4576,#4585,#4622));
#4445 = ADVANCED_FACE('',(#4446),#4478,.T.);
#4446 = FACE_BOUND('',#4447,.T.);
#4447 = EDGE_LOOP('',(#4448,#4457,#4467,#4468));
#4448 = ORIENTED_EDGE('',*,*,#4449,.T.);
#4449 = EDGE_CURVE('',#4450,#4452,#4454,.T.);
#4450 = VERTEX_POINT('',#4451);
#4451 = CARTESIAN_POINT('',(-0.173296230199,0.646750335863,
    0.413913043478));
#4452 = VERTEX_POINT('',#4453);
#4453 = CARTESIAN_POINT('',(-0.173296230199,0.646750335863,
    0.486956521739));
#4454 = B_SPLINE_CURVE_WITH_KNOTS('',1,(#4455,#4456),.UNSPECIFIED.,.F.,
  .F.,(2,2),(1.48,1.6),.PIECEWISE_BEZIER_KNOTS.);
#4455 = CARTESIAN_POINT('',(-0.173296230199,0.646750335863,
    0.413913043478));
#4456 = CARTESIAN_POINT('',(-0.173296230199,0.646750335863,
    0.486956521739));
#4457 = ORIENTED_EDGE('',*,*,#4458,.F.);
#4458 = EDGE_CURVE('',#4452,#4452,#4459,.T.);
#4459 = ( BOUNDED_CURVE() B_SPLINE_CURVE(2,(#4460,#4461,#4462,#4463,
#4464,#4465,#4466),.UNSPECIFIED.,.T.,.F.) B_SPLINE_CURVE_WITH_KNOTS((1,2
    ,2,2,2,1),(-2.094395102393,0.,2.094395102393,4.188790204786,
6.28318530718,8.377580409573),.UNSPECIFIED.) CURVE() 
GEOMETRIC_REPRESENTATION_ITEM() RATIONAL_B_SPLINE_CURVE((1.,0.5,1.,0.5,
1.,0.5,1.)) REPRESENTATION_ITEM('') );
#4460 = CARTESIAN_POINT('',(-0.173296230199,0.646750335863,
    0.486956521739));
#4461 = CARTESIAN_POINT('',(-1.293500671726,0.346592460398,
    0.486956521739));
#4462 = CARTESIAN_POINT('',(-0.473454105664,-0.473454105664,
    0.486956521739));
#4463 = CARTESIAN_POINT('',(0.346592460398,-1.293500671726,
    0.486956521739));
#4464 = CARTESIAN_POINT('',(0.646750335863,-0.173296230199,
    0.486956521739));
#4465 = CARTESIAN_POINT('',(0.946908211328,0.946908211328,0.486956521739
    ));
#4466 = CARTESIAN_POINT('',(-0.173296230199,0.646750335863,
    0.486956521739));
#4467 = ORIENTED_EDGE('',*,*,#4449,.F.);
#4468 = ORIENTED_EDGE('',*,*,#4469,.T.);
#4469 = EDGE_CURVE('',#4450,#4450,#4470,.T.);
#4470 = ( BOUNDED_CURVE() B_SPLINE_CURVE(2,(#4471,#4472,#4473,#4474,
#4475,#4476,#4477),.UNSPECIFIED.,.T.,.F.) B_SPLINE_CURVE_WITH_KNOTS((1,2
    ,2,2,2,1),(-2.094395102393,0.,2.094395102393,4.188790204786,
6.28318530718,8.377580409573),.UNSPECIFIED.) CURVE() 
GEOMETRIC_REPRESENTATION_ITEM() RATIONAL_B_SPLINE_CURVE((1.,0.5,1.,0.5,
1.,0.5,1.)) REPRESENTATION_ITEM('') );
#4471 = CARTESIAN_POINT('',(-0.173296230199,0.646750335863,
    0.413913043478));
#4472 = CARTESIAN_POINT('',(-1.293500671726,0.346592460398,
    0.413913043478));
#4473 = CARTESIAN_POINT('',(-0.473454105664,-0.473454105664,
    0.413913043478));
#4474 = CARTESIAN_POINT('',(0.346592460398,-1.293500671726,
    0.413913043478));
#4475 = CARTESIAN_POINT('',(0.646750335863,-0.173296230199,
    0.413913043478));
#4476 = CARTESIAN_POINT('',(0.946908211328,0.946908211328,0.413913043478
    ));
#4477 = CARTESIAN_POINT('',(-0.173296230199,0.646750335863,
    0.413913043478));
#4478 = ( BOUNDED_SURFACE() B_SPLINE_SURFACE(2,1,(
    (#4479,#4480)
    ,(#4481,#4482)
    ,(#4483,#4484)
    ,(#4485,#4486)
    ,(#4487,#4488)
    ,(#4489,#4490)
    ,(#4491,#4492
)),.UNSPECIFIED.,.T.,.F.,.F.) B_SPLINE_SURFACE_WITH_KNOTS((1,2,2,2,2,1),
  (2,2),(-2.094395102393,0.,2.094395102393,4.188790204786,6.28318530718,
    8.377580409573),(1.48,1.6),.UNSPECIFIED.) 
GEOMETRIC_REPRESENTATION_ITEM() RATIONAL_B_SPLINE_SURFACE((
    (1.,1.)
    ,(0.5,0.5)
    ,(1.,1.)
    ,(0.5,0.5)
    ,(1.,1.)
    ,(0.5,0.5)
,(1.,1.))) REPRESENTATION_ITEM('') SURFACE() );
#4479 = CARTESIAN_POINT('',(-0.173296230199,0.646750335863,
    0.413913043478));
#4480 = CARTESIAN_POINT('',(-0.173296230199,0.646750335863,
    0.486956521739));
#4481 = CARTESIAN_POINT('',(-1.293500671726,0.346592460398,
    0.413913043478));
#4482 = CARTESIAN_POINT('',(-1.293500671726,0.346592460398,
    0.486956521739));
#4483 = CARTESIAN_POINT('',(-0.473454105664,-0.473454105664,
    0.413913043478));
#4484 = CARTESIAN_POINT('',(-0.473454105664,-0.473454105664,
    0.486956521739));
#4485 = CARTESIAN_POINT('',(0.346592460398,-1.293500671726,
    0.413913043478));
#4486 = CARTESIAN_POINT('',(0.346592460398,-1.293500671726,
    0.486956521739));
#4487 = CARTESIAN_POINT('',(0.646750335863,-0.173296230199,
    0.413913043478));
#4488 = CARTESIAN_POINT('',(0.646750335863,-0.173296230199,
    0.486956521739));
#4489 = CARTESIAN_POINT('',(0.946908211328,0.946908211328,0.413913043478
    ));
#4490 = CARTESIAN_POINT('',(0.946908211328,0.946908211328,0.486956521739
    ));
#4491 = CARTESIAN_POINT('',(-0.173296230199,0.646750335863,
    0.413913043478));
#4492 = CARTESIAN_POINT('',(-0.173296230199,0.646750335863,
    0.486956521739));
#4493 = ADVANCED_FACE('',(#4494),#4515,.T.);
#4494 = FACE_BOUND('',#4495,.T.);
#4495 = EDGE_LOOP('',(#4496,#4497,#4504,#4514));
#4496 = ORIENTED_EDGE('',*,*,#4469,.F.);
#4497 = ORIENTED_EDGE('',*,*,#4498,.F.);
#4498 = EDGE_CURVE('',#4499,#4450,#4501,.T.);
#4499 = VERTEX_POINT('',#4500);
#4500 = CARTESIAN_POINT('',(-0.173296230199,0.646750335863,
    -0.486956521739));
#4501 = B_SPLINE_CURVE_WITH_KNOTS('',1,(#4502,#4503),.UNSPECIFIED.,.F.,
  .F.,(2,2),(0.,1.48),.PIECEWISE_BEZIER_KNOTS.);
#4502 = CARTESIAN_POINT('',(-0.173296230199,0.646750335863,
    -0.486956521739));
#4503 = CARTESIAN_POINT('',(-0.173296230199,0.646750335863,
    0.413913043478));
#4504 = ORIENTED_EDGE('',*,*,#4505,.T.);
#4505 = EDGE_CURVE('',#4499,#4499,#4506,.T.);
#4506 = ( BOUNDED_CURVE() B_SPLINE_CURVE(2,(#4507,#4508,#4509,#4510,
#4511,#4512,#4513),.UNSPECIFIED.,.T.,.F.) B_SPLINE_CURVE_WITH_KNOTS((1,2
    ,2,2,2,1),(-2.094395102393,0.,2.094395102393,4.188790204786,
6.28318530718,8.377580409573),.UNSPECIFIED.) CURVE() 
GEOMETRIC_REPRESENTATION_ITEM() RATIONAL_B_SPLINE_CURVE((1.,0.5,1.,0.5,
1.,0.5,1.)) REPRESENTATION_ITEM('') );
#4507 = CARTESIAN_POINT('',(-0.173296230199,0.646750335863,
    -0.486956521739));
#4508 = CARTESIAN_POINT('',(-1.293500671726,0.346592460398,
    -0.486956521739));
#4509 = CARTESIAN_POINT('',(-0.473454105664,-0.473454105664,
    -0.486956521739));
#4510 = CARTESIAN_POINT('',(0.346592460398,-1.293500671726,
    -0.486956521739));
#4511 = CARTESIAN_POINT('',(0.646750335863,-0.173296230199,
    -0.486956521739));
#4512 = CARTESIAN_POINT('',(0.946908211328,0.946908211328,
    -0.486956521739));
#4513 = CARTESIAN_POINT('',(-0.173296230199,0.646750335863,
    -0.486956521739));
#4514 = ORIENTED_EDGE('',*,*,#4498,.T.);
#4515 = ( BOUNDED_SURFACE() B_SPLINE_SURFACE(2,1,(
    (#4516,#4517)
    ,(#4518,#4519)
    ,(#4520,#4521)
    ,(#4522,#4523)
    ,(#4524,#4525)
    ,(#4526,#4527)
    ,(#4528,#4529
)),.UNSPECIFIED.,.T.,.F.,.F.) B_SPLINE_SURFACE_WITH_KNOTS((1,2,2,2,2,1),
  (2,2),(-2.094395102393,0.,2.094395102393,4.188790204786,6.28318530718,
    8.377580409573),(0.,1.48),.UNSPECIFIED.) 
GEOMETRIC_REPRESENTATION_ITEM() RATIONAL_B_SPLINE_SURFACE((
    (1.,1.)
    ,(0.5,0.5)
    ,(1.,1.)
    ,(0.5,0.5)
    ,(1.,1.)
    ,(0.5,0.5)
,(1.,1.))) REPRESENTATION_ITEM('') SURFACE() );
#4516 = CARTESIAN_POINT('',(-0.173296230199,0.646750335863,
    -0.486956521739));
#4517 = CARTESIAN_POINT('',(-0.173296230199,0.646750335863,
    0.413913043478));
#4518 = CARTESIAN_POINT('',(-1.293500671726,0.346592460398,
    -0.486956521739));
#4519 = CARTESIAN_POINT('',(-1.293500671726,0.346592460398,
    0.413913043478));
#4520 = CARTESIAN_POINT('',(-0.473454105664,-0.473454105664,
    -0.486956521739));
#4521 = CARTESIAN_POINT('',(-0.473454105664,-0.473454105664,
    0.413913043478));
#4522 = CARTESIAN_POINT('',(0.346592460398,-1.293500671726,
    -0.486956521739));
#4523 = CARTESIAN_POINT('',(0.346592460398,-1.293500671726,
    0.413913043478));
#4524 = CARTESIAN_POINT('',(0.646750335863,-0.173296230199,
    -0.486956521739));
#4525 = CARTESIAN_POINT('',(0.646750335863,-0.173296230199,
    0.413913043478));
#4526 = CARTESIAN_POINT('',(0.946908211328,0.946908211328,
    -0.486956521739));
#4527 = CARTESIAN_POINT('',(0.946908211328,0.946908211328,0.413913043478
    ));
#4528 = CARTESIAN_POINT('',(-0.173296230199,0.646750335863,
    -0.486956521739));
#4529 = CARTESIAN_POINT('',(-0.173296230199,0.646750335863,
    0.413913043478));
#4530 = ADVANCED_FACE('',(#4531,#4534),#4548,.T.);
#4531 = FACE_BOUND('',#4532,.T.);
#4532 = EDGE_LOOP('',(#4533));
#4533 = ORIENTED_EDGE('',*,*,#4458,.T.);
#4534 = FACE_BOUND('',#4535,.T.);
#4535 = EDGE_LOOP('',(#4536));
#4536 = ORIENTED_EDGE('',*,*,#4537,.F.);
#4537 = EDGE_CURVE('',#4538,#4538,#4540,.T.);
#4538 = VERTEX_POINT('',#4539);
#4539 = CARTESIAN_POINT('',(-0.133910723336,0.499761623167,
    0.486956521739));
#4540 = ( BOUNDED_CURVE() B_SPLINE_CURVE(2,(#4541,#4542,#4543,#4544,
#4545,#4546,#4547),.UNSPECIFIED.,.T.,.F.) B_SPLINE_CURVE_WITH_KNOTS((1,2
    ,2,2,2,1),(-2.094395102393,0.,2.094395102393,4.188790204786,
6.28318530718,8.377580409573),.UNSPECIFIED.) CURVE() 
GEOMETRIC_REPRESENTATION_ITEM() RATIONAL_B_SPLINE_CURVE((1.,0.5,1.,0.5,
1.,0.5,1.)) REPRESENTATION_ITEM('') );
#4541 = CARTESIAN_POINT('',(-0.133910723336,0.499761623167,
    0.486956521739));
#4542 = CARTESIAN_POINT('',(-0.999523246334,0.267821446671,
    0.486956521739));
#4543 = CARTESIAN_POINT('',(-0.365850899831,-0.365850899831,
    0.486956521739));
#4544 = CARTESIAN_POINT('',(0.267821446671,-0.999523246334,
    0.486956521739));
#4545 = CARTESIAN_POINT('',(0.499761623167,-0.133910723336,
    0.486956521739));
#4546 = CARTESIAN_POINT('',(0.731701799663,0.731701799663,0.486956521739
    ));
#4547 = CARTESIAN_POINT('',(-0.133910723336,0.499761623167,
    0.486956521739));
#4548 = B_SPLINE_SURFACE_WITH_KNOTS('',1,1,(
    (#4549,#4550)
    ,(#4551,#4552
    )),.UNSPECIFIED.,.F.,.F.,.F.,(2,2),(2,2),(-1.1,1.1),(-1.1,1.1),
  .PIECEWISE_BEZIER_KNOTS.);
#4549 = CARTESIAN_POINT('',(0.820046566062,-0.473454105664,
    0.486956521739));
#4550 = CARTESIAN_POINT('',(-0.473454105664,-0.820046566062,
    0.486956521739));
#4551 = CARTESIAN_POINT('',(0.473454105664,0.820046566062,0.486956521739
    ));
#4552 = CARTESIAN_POINT('',(-0.820046566062,0.473454105664,
    0.486956521739));
#4553 = ADVANCED_FACE('',(#4554,#4557),#4571,.F.);
#4554 = FACE_BOUND('',#4555,.F.);
#4555 = EDGE_LOOP('',(#4556));
#4556 = ORIENTED_EDGE('',*,*,#4505,.T.);
#4557 = FACE_BOUND('',#4558,.F.);
#4558 = EDGE_LOOP('',(#4559));
#4559 = ORIENTED_EDGE('',*,*,#4560,.F.);
#4560 = EDGE_CURVE('',#4561,#4561,#4563,.T.);
#4561 = VERTEX_POINT('',#4562);
#4562 = CARTESIAN_POINT('',(-0.133910723336,0.499761623167,
    -0.486956521739));
#4563 = ( BOUNDED_CURVE() B_SPLINE_CURVE(2,(#4564,#4565,#4566,#4567,
#4568,#4569,#4570),.UNSPECIFIED.,.T.,.F.) B_SPLINE_CURVE_WITH_KNOTS((1,2
    ,2,2,2,1),(-2.094395102393,0.,2.094395102393,4.188790204786,
6.28318530718,8.377580409573),.UNSPECIFIED.) CURVE() 
GEOMETRIC_REPRESENTATION_ITEM() RATIONAL_B_SPLINE_CURVE((1.,0.5,1.,0.5,
1.,0.5,1.)) REPRESENTATION_ITEM('') );
#4564 = CARTESIAN_POINT('',(-0.133910723336,0.499761623167,
    -0.486956521739));
#4565 = CARTESIAN_POINT('',(-0.999523246334,0.267821446671,
    -0.486956521739));
#4566 = CARTESIAN_POINT('',(-0.365850899831,-0.365850899831,
    -0.486956521739));
#4567 = CARTESIAN_POINT('',(0.267821446671,-0.999523246334,
    -0.486956521739));
#4568 = CARTESIAN_POINT('',(0.499761623167,-0.133910723336,
    -0.486956521739));
#4569 = CARTESIAN_POINT('',(0.731701799663,0.731701799663,
    -0.486956521739));
#4570 = CARTESIAN_POINT('',(-0.133910723336,0.499761623167,
    -0.486956521739));
#4571 = B_SPLINE_SURFACE_WITH_KNOTS('',1,1,(
    (#4572,#4573)
    ,(#4574,#4575
    )),.UNSPECIFIED.,.F.,.F.,.F.,(2,2),(2,2),(-1.1,1.1),(-1.1,1.1),
  .PIECEWISE_BEZIER_KNOTS.);
#4572 = CARTESIAN_POINT('',(0.820046566062,-0.473454105664,
    -0.486956521739));
#4573 = CARTESIAN_POINT('',(-0.473454105664,-0.820046566062,
    -0.486956521739));
#4574 = CARTESIAN_POINT('',(0.473454105664,0.820046566062,
    -0.486956521739));
#4575 = CARTESIAN_POINT('',(-0.820046566062,0.473454105664,
    -0.486956521739));
#4576 = ADVANCED_FACE('',(#4577),#4580,.T.);
#4577 = FACE_BOUND('',#4578,.T.);
#4578 = EDGE_LOOP('',(#4579));
#4579 = ORIENTED_EDGE('',*,*,#4537,.T.);
#4580 = B_SPLINE_SURFACE_WITH_KNOTS('',1,1,(
    (#4581,#4582)
    ,(#4583,#4584
    )),.UNSPECIFIED.,.F.,.F.,.F.,(2,2),(2,2),(-0.85,0.85),(-0.85,0.85),
  .PIECEWISE_BEZIER_KNOTS.);
#4581 = CARTESIAN_POINT('',(0.633672346503,-0.365850899831,
    0.486956521739));
#4582 = CARTESIAN_POINT('',(-0.365850899831,-0.633672346503,
    0.486956521739));
#4583 = CARTESIAN_POINT('',(0.365850899831,0.633672346503,0.486956521739
    ));
#4584 = CARTESIAN_POINT('',(-0.633672346503,0.365850899831,
    0.486956521739));
#4585 = ADVANCED_FACE('',(#4586),#4607,.F.);
#4586 = FACE_BOUND('',#4587,.F.);
#4587 = EDGE_LOOP('',(#4588,#4600,#4605,#4606));
#4588 = ORIENTED_EDGE('',*,*,#4589,.F.);
#4589 = EDGE_CURVE('',#4590,#4590,#4592,.T.);
#4590 = VERTEX_POINT('',#4591);
#4591 = CARTESIAN_POINT('',(-0.133910723336,0.499761623167,
    0.413913043478));
#4592 = ( BOUNDED_CURVE() B_SPLINE_CURVE(2,(#4593,#4594,#4595,#4596,
#4597,#4598,#4599),.UNSPECIFIED.,.T.,.F.) B_SPLINE_CURVE_WITH_KNOTS((1,2
    ,2,2,2,1),(-2.094395102393,0.,2.094395102393,4.188790204786,
6.28318530718,8.377580409573),.UNSPECIFIED.) CURVE() 
GEOMETRIC_REPRESENTATION_ITEM() RATIONAL_B_SPLINE_CURVE((1.,0.5,1.,0.5,
1.,0.5,1.)) REPRESENTATION_ITEM('') );
#4593 = CARTESIAN_POINT('',(-0.133910723336,0.499761623167,
    0.413913043478));
#4594 = CARTESIAN_POINT('',(-0.999523246334,0.267821446671,
    0.413913043478));
#4595 = CARTESIAN_POINT('',(-0.365850899831,-0.365850899831,
    0.413913043478));
#4596 = CARTESIAN_POINT('',(0.267821446671,-0.999523246334,
    0.413913043478));
#4597 = CARTESIAN_POINT('',(0.499761623167,-0.133910723336,
    0.413913043478));
#4598 = CARTESIAN_POINT('',(0.731701799663,0.731701799663,0.413913043478
    ));
#4599 = CARTESIAN_POINT('',(-0.133910723336,0.499761623167,
    0.413913043478));
#4600 = ORIENTED_EDGE('',*,*,#4601,.F.);
#4601 = EDGE_CURVE('',#4561,#4590,#4602,.T.);
#4602 = B_SPLINE_CURVE_WITH_KNOTS('',1,(#4603,#4604),.UNSPECIFIED.,.F.,
  .F.,(2,2),(0.2,1.68),.PIECEWISE_BEZIER_KNOTS.);
#4603 = CARTESIAN_POINT('',(-0.133910723336,0.499761623167,
    -0.486956521739));
#4604 = CARTESIAN_POINT('',(-0.133910723336,0.499761623167,
    0.413913043478));
#4605 = ORIENTED_EDGE('',*,*,#4560,.T.);
#4606 = ORIENTED_EDGE('',*,*,#4601,.T.);
#4607 = ( BOUNDED_SURFACE() B_SPLINE_SURFACE(2,1,(
    (#4608,#4609)
    ,(#4610,#4611)
    ,(#4612,#4613)
    ,(#4614,#4615)
    ,(#4616,#4617)
    ,(#4618,#4619)
    ,(#4620,#4621
)),.UNSPECIFIED.,.T.,.F.,.F.) B_SPLINE_SURFACE_WITH_KNOTS((1,2,2,2,2,1),
  (2,2),(-2.094395102393,0.,2.094395102393,4.188790204786,6.28318530718,
    8.377580409573),(0.2,1.68),.UNSPECIFIED.) 
GEOMETRIC_REPRESENTATION_ITEM() RATIONAL_B_SPLINE_SURFACE((
    (1.,1.)
    ,(0.5,0.5)
    ,(1.,1.)
    ,(0.5,0.5)
    ,(1.,1.)
    ,(0.5,0.5)
,(1.,1.))) REPRESENTATION_ITEM('') SURFACE() );
#4608 = CARTESIAN_POINT('',(-0.133910723336,0.499761623167,
    -0.486956521739));
#4609 = CARTESIAN_POINT('',(-0.133910723336,0.499761623167,
    0.413913043478));
#4610 = CARTESIAN_POINT('',(-0.999523246334,0.267821446671,
    -0.486956521739));
#4611 = CARTESIAN_POINT('',(-0.999523246334,0.267821446671,
    0.413913043478));
#4612 = CARTESIAN_POINT('',(-0.365850899831,-0.365850899831,
    -0.486956521739));
#4613 = CARTESIAN_POINT('',(-0.365850899831,-0.365850899831,
    0.413913043478));
#4614 = CARTESIAN_POINT('',(0.267821446671,-0.999523246334,
    -0.486956521739));
#4615 = CARTESIAN_POINT('',(0.267821446671,-0.999523246334,
    0.413913043478));
#4616 = CARTESIAN_POINT('',(0.499761623167,-0.133910723336,
    -0.486956521739));
#4617 = CARTESIAN_POINT('',(0.499761623167,-0.133910723336,
    0.413913043478));
#4618 = CARTESIAN_POINT('',(0.731701799663,0.731701799663,
    -0.486956521739));
#4619 = CARTESIAN_POINT('',(0.731701799663,0.731701799663,0.413913043478
    ));
#4620 = CARTESIAN_POINT('',(-0.133910723336,0.499761623167,
    -0.486956521739));
#4621 = CARTESIAN_POINT('',(-0.133910723336,0.499761623167,
    0.413913043478));
#4622 = ADVANCED_FACE('',(#4623),#4626,.F.);
#4623 = FACE_BOUND('',#4624,.F.);
#4624 = EDGE_LOOP('',(#4625));
#4625 = ORIENTED_EDGE('',*,*,#4589,.T.);
#4626 = B_SPLINE_SURFACE_WITH_KNOTS('',1,1,(
    (#4627,#4628)
    ,(#4629,#4630
    )),.UNSPECIFIED.,.F.,.F.,.F.,(2,2),(2,2),(-0.85,0.85),(-0.85,0.85),
  .PIECEWISE_BEZIER_KNOTS.);
#4627 = CARTESIAN_POINT('',(0.633672346503,-0.365850899831,
    0.413913043478));
#4628 = CARTESIAN_POINT('',(-0.365850899831,-0.633672346503,
    0.413913043478));
#4629 = CARTESIAN_POINT('',(0.365850899831,0.633672346503,0.413913043478
    ));
#4630 = CARTESIAN_POINT('',(-0.633672346503,0.365850899831,
    0.413913043478));
#4631 = MANIFOLD_SOLID_BREP('',#4632);
#4632 = CLOSED_SHELL('',(#4633,#4681,#4690));
#4633 = ADVANCED_FACE('',(#4634),#4666,.T.);
#4634 = FACE_BOUND('',#4635,.T.);
#4635 = EDGE_LOOP('',(#4636,#4648,#4655,#4665));
#4636 = ORIENTED_EDGE('',*,*,#4637,.F.);
#4637 = EDGE_CURVE('',#4638,#4638,#4640,.T.);
#4638 = VERTEX_POINT('',#4639);
#4639 = CARTESIAN_POINT('',(-0.11815652059,0.440966138088,0.365217391304
    ));
#4640 = ( BOUNDED_CURVE() B_SPLINE_CURVE(2,(#4641,#4642,#4643,#4644,
#4645,#4646,#4647),.UNSPECIFIED.,.T.,.F.) B_SPLINE_CURVE_WITH_KNOTS((1,2
    ,2,2,2,1),(-2.094395102393,0.,2.094395102393,4.188790204786,
6.28318530718,8.377580409573),.UNSPECIFIED.) CURVE() 
GEOMETRIC_REPRESENTATION_ITEM() RATIONAL_B_SPLINE_CURVE((1.,0.5,1.,0.5,
1.,0.5,1.)) REPRESENTATION_ITEM('') );
#4641 = CARTESIAN_POINT('',(-0.11815652059,0.440966138088,0.365217391304
    ));
#4642 = CARTESIAN_POINT('',(-0.881932276177,0.236313041181,
    0.365217391304));
#4643 = CARTESIAN_POINT('',(-0.322809617498,-0.322809617498,
    0.365217391304));
#4644 = CARTESIAN_POINT('',(0.236313041181,-0.881932276177,
    0.365217391304));
#4645 = CARTESIAN_POINT('',(0.440966138088,-0.11815652059,0.365217391304
    ));
#4646 = CARTESIAN_POINT('',(0.645619234996,0.645619234996,0.365217391304
    ));
#4647 = CARTESIAN_POINT('',(-0.11815652059,0.440966138088,0.365217391304
    ));
#4648 = ORIENTED_EDGE('',*,*,#4649,.F.);
#4649 = EDGE_CURVE('',#4650,#4638,#4652,.T.);
#4650 = VERTEX_POINT('',#4651);
#4651 = CARTESIAN_POINT('',(-0.11815652059,0.440966138088,
    -0.365217391304));
#4652 = B_SPLINE_CURVE_WITH_KNOTS('',1,(#4653,#4654),.UNSPECIFIED.,.F.,
  .F.,(2,2),(0.,1.2),.PIECEWISE_BEZIER_KNOTS.);
#4653 = CARTESIAN_POINT('',(-0.11815652059,0.440966138088,
    -0.365217391304));
#4654 = CARTESIAN_POINT('',(-0.11815652059,0.440966138088,0.365217391304
    ));
#4655 = ORIENTED_EDGE('',*,*,#4656,.T.);
#4656 = EDGE_CURVE('',#4650,#4650,#4657,.T.);
#4657 = ( BOUNDED_CURVE() B_SPLINE_CURVE(2,(#4658,#4659,#4660,#4661,
#4662,#4663,#4664),.UNSPECIFIED.,.T.,.F.) B_SPLINE_CURVE_WITH_KNOTS((1,2
    ,2,2,2,1),(-2.094395102393,0.,2.094395102393,4.188790204786,
6.28318530718,8.377580409573),.UNSPECIFIED.) CURVE() 
GEOMETRIC_REPRESENTATION_ITEM() RATIONAL_B_SPLINE_CURVE((1.,0.5,1.,0.5,
1.,0.5,1.)) REPRESENTATION_ITEM('') );
#4658 = CARTESIAN_POINT('',(-0.11815652059,0.440966138088,
    -0.365217391304));
#4659 = CARTESIAN_POINT('',(-0.881932276177,0.236313041181,
    -0.365217391304));
#4660 = CARTESIAN_POINT('',(-0.322809617498,-0.322809617498,
    -0.365217391304));
#4661 = CARTESIAN_POINT('',(0.236313041181,-0.881932276177,
    -0.365217391304));
#4662 = CARTESIAN_POINT('',(0.440966138088,-0.11815652059,
    -0.365217391304));
#4663 = CARTESIAN_POINT('',(0.645619234996,0.645619234996,
    -0.365217391304));
#4664 = CARTESIAN_POINT('',(-0.11815652059,0.440966138088,
    -0.365217391304));
#4665 = ORIENTED_EDGE('',*,*,#4649,.T.);
#4666 = ( BOUNDED_SURFACE() B_SPLINE_SURFACE(2,1,(
    (#4667,#4668)
    ,(#4669,#4670)
    ,(#4671,#4672)
    ,(#4673,#4674)
    ,(#4675,#4676)
    ,(#4677,#4678)
    ,(#4679,#4680
)),.UNSPECIFIED.,.T.,.F.,.F.) B_SPLINE_SURFACE_WITH_KNOTS((1,2,2,2,2,1),
  (2,2),(-2.094395102393,0.,2.094395102393,4.188790204786,6.28318530718,
    8.377580409573),(0.,1.2),.UNSPECIFIED.) 
GEOMETRIC_REPRESENTATION_ITEM() RATIONAL_B_SPLINE_SURFACE((
    (1.,1.)
    ,(0.5,0.5)
    ,(1.,1.)
    ,(0.5,0.5)
    ,(1.,1.)
    ,(0.5,0.5)
,(1.,1.))) REPRESENTATION_ITEM('') SURFACE() );
#4667 = CARTESIAN_POINT('',(-0.11815652059,0.440966138088,
    -0.365217391304));
#4668 = CARTESIAN_POINT('',(-0.11815652059,0.440966138088,0.365217391304
    ));
#4669 = CARTESIAN_POINT('',(-0.881932276177,0.236313041181,
    -0.365217391304));
#4670 = CARTESIAN_POINT('',(-0.881932276177,0.236313041181,
    0.365217391304));
#4671 = CARTESIAN_POINT('',(-0.322809617498,-0.322809617498,
    -0.365217391304));
#4672 = CARTESIAN_POINT('',(-0.322809617498,-0.322809617498,
    0.365217391304));
#4673 = CARTESIAN_POINT('',(0.236313041181,-0.881932276177,
    -0.365217391304));
#4674 = CARTESIAN_POINT('',(0.236313041181,-0.881932276177,
    0.365217391304));
#4675 = CARTESIAN_POINT('',(0.440966138088,-0.11815652059,
    -0.365217391304));
#4676 = CARTESIAN_POINT('',(0.440966138088,-0.11815652059,0.365217391304
    ));
#4677 = CARTESIAN_POINT('',(0.645619234996,0.645619234996,
    -0.365217391304));
#4678 = CARTESIAN_POINT('',(0.645619234996,0.645619234996,0.365217391304
    ));
#4679 = CARTESIAN_POINT('',(-0.11815652059,0.440966138088,
    -0.365217391304));
#4680 = CARTESIAN_POINT('',(-0.11815652059,0.440966138088,0.365217391304
    ));
#4681 = ADVANCED_FACE('',(#4682),#4685,.T.);
#4682 = FACE_BOUND('',#4683,.T.);
#4683 = EDGE_LOOP('',(#4684));
#4684 = ORIENTED_EDGE('',*,*,#4637,.T.);
#4685 = B_SPLINE_SURFACE_WITH_KNOTS('',1,1,(
    (#4686,#4687)
    ,(#4688,#4689
    )),.UNSPECIFIED.,.F.,.F.,.F.,(2,2),(2,2),(-0.75,0.75),(-0.75,0.75),
  .PIECEWISE_BEZIER_KNOTS.);
#4686 = CARTESIAN_POINT('',(0.559122658679,-0.322809617498,
    0.365217391304));
#4687 = CARTESIAN_POINT('',(-0.322809617498,-0.559122658679,
    0.365217391304));
#4688 = CARTESIAN_POINT('',(0.322809617498,0.559122658679,0.365217391304
    ));
#4689 = CARTESIAN_POINT('',(-0.559122658679,0.322809617498,
    0.365217391304));
#4690 = ADVANCED_FACE('',(#4691),#4694,.F.);
#4691 = FACE_BOUND('',#4692,.T.);
#4692 = EDGE_LOOP('',(#4693));
#4693 = ORIENTED_EDGE('',*,*,#4656,.F.);
#4694 = B_SPLINE_SURFACE_WITH_KNOTS('',1,1,(
    (#4695,#4696)
    ,(#4697,#4698
    )),.UNSPECIFIED.,.F.,.F.,.F.,(2,2),(2,2),(-0.75,0.75),(-0.75,0.75),
  .PIECEWISE_BEZIER_KNOTS.);
#4695 = CARTESIAN_POINT('',(0.559122658679,-0.322809617498,
    -0.365217391304));
#4696 = CARTESIAN_POINT('',(-0.322809617498,-0.559122658679,
    -0.365217391304));
#4697 = CARTESIAN_POINT('',(0.322809617498,0.559122658679,
    -0.365217391304));
#4698 = CARTESIAN_POINT('',(-0.559122658679,0.322809617498,
    -0.365217391304));
#4699 = MANIFOLD_SOLID_BREP('',#4700);
#4700 = CLOSED_SHELL('',(#4701,#4749,#4758,#4781,#4818));
#4701 = ADVANCED_FACE('',(#4702),#4734,.T.);
#4702 = FACE_BOUND('',#4703,.T.);
#4703 = EDGE_LOOP('',(#4704,#4716,#4723,#4733));
#4704 = ORIENTED_EDGE('',*,*,#4705,.F.);
#4705 = EDGE_CURVE('',#4706,#4706,#4708,.T.);
#4706 = VERTEX_POINT('',#4707);
#4707 = CARTESIAN_POINT('',(-0.346592460398,1.293500671726,
    2.495652173913));
#4708 = ( BOUNDED_CURVE() B_SPLINE_CURVE(2,(#4709,#4710,#4711,#4712,
#4713,#4714,#4715),.UNSPECIFIED.,.T.,.F.) B_SPLINE_CURVE_WITH_KNOTS((1,2
    ,2,2,2,1),(-2.094395102393,0.,2.094395102393,4.188790204786,
6.28318530718,8.377580409573),.UNSPECIFIED.) CURVE() 
GEOMETRIC_REPRESENTATION_ITEM() RATIONAL_B_SPLINE_CURVE((1.,0.5,1.,0.5,
1.,0.5,1.)) REPRESENTATION_ITEM('') );
#4709 = CARTESIAN_POINT('',(-0.346592460398,1.293500671726,
    2.495652173913));
#4710 = CARTESIAN_POINT('',(-2.587001343452,0.693184920796,
    2.495652173913));
#4711 = CARTESIAN_POINT('',(-0.946908211328,-0.946908211328,
    2.495652173913));
#4712 = CARTESIAN_POINT('',(0.693184920796,-2.587001343452,
    2.495652173913));
#4713 = CARTESIAN_POINT('',(1.293500671726,-0.346592460398,
    2.495652173913));
#4714 = CARTESIAN_POINT('',(1.893816422656,1.893816422656,2.495652173913
    ));
#4715 = CARTESIAN_POINT('',(-0.346592460398,1.293500671726,
    2.495652173913));
#4716 = ORIENTED_EDGE('',*,*,#4717,.F.);
#4717 = EDGE_CURVE('',#4718,#4706,#4720,.T.);
#4718 = VERTEX_POINT('',#4719);
#4719 = CARTESIAN_POINT('',(-0.346592460398,1.293500671726,
    2.221739130435));
#4720 = B_SPLINE_CURVE_WITH_KNOTS('',1,(#4721,#4722),.UNSPECIFIED.,.F.,
  .F.,(2,2),(0.,0.45),.PIECEWISE_BEZIER_KNOTS.);
#4721 = CARTESIAN_POINT('',(-0.346592460398,1.293500671726,
    2.221739130435));
#4722 = CARTESIAN_POINT('',(-0.346592460398,1.293500671726,
    2.495652173913));
#4723 = ORIENTED_EDGE('',*,*,#4724,.T.);
#4724 = EDGE_CURVE('',#4718,#4718,#4725,.T.);
#4725 = ( BOUNDED_CURVE() B_SPLINE_CURVE(2,(#4726,#4727,#4728,#4729,
#4730,#4731,#4732),.UNSPECIFIED.,.T.,.F.) B_SPLINE_CURVE_WITH_KNOTS((1,2
    ,2,2,2,1),(-2.094395102393,0.,2.094395102393,4.188790204786,
6.28318530718,8.377580409573),.UNSPECIFIED.) CURVE() 
GEOMETRIC_REPRESENTATION_ITEM() RATIONAL_B_SPLINE_CURVE((1.,0.5,1.,0.5,
1.,0.5,1.)) REPRESENTATION_ITEM('') );
#4726 = CARTESIAN_POINT('',(-0.346592460398,1.293500671726,
    2.221739130435));
#4727 = CARTESIAN_POINT('',(-2.587001343452,0.693184920796,
    2.221739130435));
#4728 = CARTESIAN_POINT('',(-0.946908211328,-0.946908211328,
    2.221739130435));
#4729 = CARTESIAN_POINT('',(0.693184920796,-2.587001343452,
    2.221739130435));
#4730 = CARTESIAN_POINT('',(1.293500671726,-0.346592460398,
    2.221739130435));
#4731 = CARTESIAN_POINT('',(1.893816422656,1.893816422656,2.221739130435
    ));
#4732 = CARTESIAN_POINT('',(-0.346592460398,1.293500671726,
    2.221739130435));
#4733 = ORIENTED_EDGE('',*,*,#4717,.T.);
#4734 = ( BOUNDED_SURFACE() B_SPLINE_SURFACE(2,1,(
    (#4735,#4736)
    ,(#4737,#4738)
    ,(#4739,#4740)
    ,(#4741,#4742)
    ,(#4743,#4744)
    ,(#4745,#4746)
    ,(#4747,#4748
)),.UNSPECIFIED.,.T.,.F.,.F.) B_SPLINE_SURFACE_WITH_KNOTS((1,2,2,2,2,1),
  (2,2),(-2.094395102393,0.,2.094395102393,4.188790204786,6.28318530718,
    8.377580409573),(0.,0.45),.UNSPECIFIED.) 
GEOMETRIC_REPRESENTATION_ITEM() RATIONAL_B_SPLINE_SURFACE((
    (1.,1.)
    ,(0.5,0.5)
    ,(1.,1.)
    ,(0.5,0.5)
    ,(1.,1.)
    ,(0.5,0.5)
,(1.,1.))) REPRESENTATION_ITEM('') SURFACE() );
#4735 = CARTESIAN_POINT('',(-0.346592460398,1.293500671726,
    2.221739130435));
#4736 = CARTESIAN_POINT('',(-0.346592460398,1.293500671726,
    2.495652173913));
#4737 = CARTESIAN_POINT('',(-2.587001343452,0.693184920796,
    2.221739130435));
#4738 = CARTESIAN_POINT('',(-2.587001343452,0.693184920796,
    2.495652173913));
#4739 = CARTESIAN_POINT('',(-0.946908211328,-0.946908211328,
    2.221739130435));
#4740 = CARTESIAN_POINT('',(-0.946908211328,-0.946908211328,
    2.495652173913));
#4741 = CARTESIAN_POINT('',(0.693184920796,-2.587001343452,
    2.221739130435));
#4742 = CARTESIAN_POINT('',(0.693184920796,-2.587001343452,
    2.495652173913));
#4743 = CARTESIAN_POINT('',(1.293500671726,-0.346592460398,
    2.221739130435));
#4744 = CARTESIAN_POINT('',(1.293500671726,-0.346592460398,
    2.495652173913));
#4745 = CARTESIAN_POINT('',(1.893816422656,1.893816422656,2.221739130435
    ));
#4746 = CARTESIAN_POINT('',(1.893816422656,1.893816422656,2.495652173913
    ));
#4747 = CARTESIAN_POINT('',(-0.346592460398,1.293500671726,
    2.221739130435));
#4748 = CARTESIAN_POINT('',(-0.346592460398,1.293500671726,
    2.495652173913));
#4749 = ADVANCED_FACE('',(#4750),#4753,.T.);
#4750 = FACE_BOUND('',#4751,.T.);
#4751 = EDGE_LOOP('',(#4752));
#4752 = ORIENTED_EDGE('',*,*,#4705,.T.);
#4753 = B_SPLINE_SURFACE_WITH_KNOTS('',1,1,(
    (#4754,#4755)
    ,(#4756,#4757
    )),.UNSPECIFIED.,.F.,.F.,.F.,(2,2),(2,2),(-2.2,2.2),(-2.2,2.2),
  .PIECEWISE_BEZIER_KNOTS.);
#4754 = CARTESIAN_POINT('',(1.640093132124,-0.946908211328,
    2.495652173913));
#4755 = CARTESIAN_POINT('',(-0.946908211328,-1.640093132124,
    2.495652173913));
#4756 = CARTESIAN_POINT('',(0.946908211328,1.640093132124,2.495652173913
    ));
#4757 = CARTESIAN_POINT('',(-1.640093132124,0.946908211328,
    2.495652173913));
#4758 = ADVANCED_FACE('',(#4759,#4762),#4776,.F.);
#4759 = FACE_BOUND('',#4760,.F.);
#4760 = EDGE_LOOP('',(#4761));
#4761 = ORIENTED_EDGE('',*,*,#4724,.T.);
#4762 = FACE_BOUND('',#4763,.F.);
#4763 = EDGE_LOOP('',(#4764));
#4764 = ORIENTED_EDGE('',*,*,#4765,.F.);
#4765 = EDGE_CURVE('',#4766,#4766,#4768,.T.);
#4766 = VERTEX_POINT('',#4767);
#4767 = CARTESIAN_POINT('',(-8.664811509954E-02,0.323375167932,
    2.221739130435));
#4768 = ( BOUNDED_CURVE() B_SPLINE_CURVE(2,(#4769,#4770,#4771,#4772,
#4773,#4774,#4775),.UNSPECIFIED.,.T.,.F.) B_SPLINE_CURVE_WITH_KNOTS((1,2
    ,2,2,2,1),(-2.094395102393,0.,2.094395102393,4.188790204786,
6.28318530718,8.377580409573),.UNSPECIFIED.) CURVE() 
GEOMETRIC_REPRESENTATION_ITEM() RATIONAL_B_SPLINE_CURVE((1.,0.5,1.,0.5,
1.,0.5,1.)) REPRESENTATION_ITEM('') );
#4769 = CARTESIAN_POINT('',(-8.664811509954E-02,0.323375167932,
    2.221739130435));
#4770 = CARTESIAN_POINT('',(-0.646750335863,0.173296230199,
    2.221739130435));
#4771 = CARTESIAN_POINT('',(-0.236727052832,-0.236727052832,
    2.221739130435));
#4772 = CARTESIAN_POINT('',(0.173296230199,-0.646750335863,
    2.221739130435));
#4773 = CARTESIAN_POINT('',(0.323375167932,-8.664811509954E-02,
    2.221739130435));
#4774 = CARTESIAN_POINT('',(0.473454105664,0.473454105664,2.221739130435
    ));
#4775 = CARTESIAN_POINT('',(-8.664811509954E-02,0.323375167932,
    2.221739130435));
#4776 = B_SPLINE_SURFACE_WITH_KNOTS('',1,1,(
    (#4777,#4778)
    ,(#4779,#4780
    )),.UNSPECIFIED.,.F.,.F.,.F.,(2,2),(2,2),(-2.2,2.2),(-2.2,2.2),
  .PIECEWISE_BEZIER_KNOTS.);
#4777 = CARTESIAN_POINT('',(1.640093132124,-0.946908211328,
    2.221739130435));
#4778 = CARTESIAN_POINT('',(-0.946908211328,-1.640093132124,
    2.221739130435));
#4779 = CARTESIAN_POINT('',(0.946908211328,1.640093132124,2.221739130435
    ));
#4780 = CARTESIAN_POINT('',(-1.640093132124,0.946908211328,
    2.221739130435));
#4781 = ADVANCED_FACE('',(#4782),#4803,.T.);
#4782 = FACE_BOUND('',#4783,.T.);
#4783 = EDGE_LOOP('',(#4784,#4785,#4792,#4802));
#4784 = ORIENTED_EDGE('',*,*,#4765,.F.);
#4785 = ORIENTED_EDGE('',*,*,#4786,.F.);
#4786 = EDGE_CURVE('',#4787,#4766,#4789,.T.);
#4787 = VERTEX_POINT('',#4788);
#4788 = CARTESIAN_POINT('',(-8.664811509954E-02,0.323375167932,
    1.521739130435));
#4789 = B_SPLINE_CURVE_WITH_KNOTS('',1,(#4790,#4791),.UNSPECIFIED.,.F.,
  .F.,(2,2),(0.,1.15),.PIECEWISE_BEZIER_KNOTS.);
#4790 = CARTESIAN_POINT('',(-8.664811509954E-02,0.323375167932,
    1.521739130435));
#4791 = CARTESIAN_POINT('',(-8.664811509954E-02,0.323375167932,
    2.221739130435));
#4792 = ORIENTED_EDGE('',*,*,#4793,.T.);
#4793 = EDGE_CURVE('',#4787,#4787,#4794,.T.);
#4794 = ( BOUNDED_CURVE() B_SPLINE_CURVE(2,(#4795,#4796,#4797,#4798,
#4799,#4800,#4801),.UNSPECIFIED.,.T.,.F.) B_SPLINE_CURVE_WITH_KNOTS((1,2
    ,2,2,2,1),(-2.094395102393,0.,2.094395102393,4.188790204786,
6.28318530718,8.377580409573),.UNSPECIFIED.) CURVE() 
GEOMETRIC_REPRESENTATION_ITEM() RATIONAL_B_SPLINE_CURVE((1.,0.5,1.,0.5,
1.,0.5,1.)) REPRESENTATION_ITEM('') );
#4795 = CARTESIAN_POINT('',(-8.664811509954E-02,0.323375167932,
    1.521739130435));
#4796 = CARTESIAN_POINT('',(-0.646750335863,0.173296230199,
    1.521739130435));
#4797 = CARTESIAN_POINT('',(-0.236727052832,-0.236727052832,
    1.521739130435));
#4798 = CARTESIAN_POINT('',(0.173296230199,-0.646750335863,
    1.521739130435));
#4799 = CARTESIAN_POINT('',(0.323375167932,-8.664811509954E-02,
    1.521739130435));
#4800 = CARTESIAN_POINT('',(0.473454105664,0.473454105664,1.521739130435
    ));
#4801 = CARTESIAN_POINT('',(-8.664811509954E-02,0.323375167932,
    1.521739130435));
#4802 = ORIENTED_EDGE('',*,*,#4786,.T.);
#4803 = ( BOUNDED_SURFACE() B_SPLINE_SURFACE(2,1,(
    (#4804,#4805)
    ,(#4806,#4807)
    ,(#4808,#4809)
    ,(#4810,#4811)
    ,(#4812,#4813)
    ,(#4814,#4815)
    ,(#4816,#4817
)),.UNSPECIFIED.,.T.,.F.,.F.) B_SPLINE_SURFACE_WITH_KNOTS((1,2,2,2,2,1),
  (2,2),(-2.094395102393,0.,2.094395102393,4.188790204786,6.28318530718,
    8.377580409573),(0.,1.15),.UNSPECIFIED.) 
GEOMETRIC_REPRESENTATION_ITEM() RATIONAL_B_SPLINE_SURFACE((
    (1.,1.)
    ,(0.5,0.5)
    ,(1.,1.)
    ,(0.5,0.5)
    ,(1.,1.)
    ,(0.5,0.5)
,(1.,1.))) REPRESENTATION_ITEM('') SURFACE() );
#4804 = CARTESIAN_POINT('',(-8.664811509954E-02,0.323375167932,
    1.521739130435));
#4805 = CARTESIAN_POINT('',(-8.664811509954E-02,0.323375167932,
    2.221739130435));
#4806 = CARTESIAN_POINT('',(-0.646750335863,0.173296230199,
    1.521739130435));
#4807 = CARTESIAN_POINT('',(-0.646750335863,0.173296230199,
    2.221739130435));
#4808 = CARTESIAN_POINT('',(-0.236727052832,-0.236727052832,
    1.521739130435));
#4809 = CARTESIAN_POINT('',(-0.236727052832,-0.236727052832,
    2.221739130435));
#4810 = CARTESIAN_POINT('',(0.173296230199,-0.646750335863,
    1.521739130435));
#4811 = CARTESIAN_POINT('',(0.173296230199,-0.646750335863,
    2.221739130435));
#4812 = CARTESIAN_POINT('',(0.323375167932,-8.664811509954E-02,
    1.521739130435));
#4813 = CARTESIAN_POINT('',(0.323375167932,-8.664811509954E-02,
    2.221739130435));
#4814 = CARTESIAN_POINT('',(0.473454105664,0.473454105664,1.521739130435
    ));
#4815 = CARTESIAN_POINT('',(0.473454105664,0.473454105664,2.221739130435
    ));
#4816 = CARTESIAN_POINT('',(-8.664811509954E-02,0.323375167932,
    1.521739130435));
#4817 = CARTESIAN_POINT('',(-8.664811509954E-02,0.323375167932,
    2.221739130435));
#4818 = ADVANCED_FACE('',(#4819),#4822,.F.);
#4819 = FACE_BOUND('',#4820,.T.);
#4820 = EDGE_LOOP('',(#4821));
#4821 = ORIENTED_EDGE('',*,*,#4793,.F.);
#4822 = B_SPLINE_SURFACE_WITH_KNOTS('',1,1,(
    (#4823,#4824)
    ,(#4825,#4826
    )),.UNSPECIFIED.,.F.,.F.,.F.,(2,2),(2,2),(-0.55,0.55),(-0.55,0.55),
  .PIECEWISE_BEZIER_KNOTS.);
#4823 = CARTESIAN_POINT('',(0.410023283031,-0.236727052832,
    1.521739130435));
#4824 = CARTESIAN_POINT('',(-0.236727052832,-0.410023283031,
    1.521739130435));
#4825 = CARTESIAN_POINT('',(0.236727052832,0.410023283031,1.521739130435
    ));
#4826 = CARTESIAN_POINT('',(-0.410023283031,0.236727052832,
    1.521739130435));
#4827 = MANIFOLD_SOLID_BREP('',#4828);
#4828 = CLOSED_SHELL('',(#4829,#4877,#4900,#4909,#4946));
#4829 = ADVANCED_FACE('',(#4830),#4862,.T.);
#4830 = FACE_BOUND('',#4831,.T.);
#4831 = EDGE_LOOP('',(#4832,#4844,#4851,#4861));
#4832 = ORIENTED_EDGE('',*,*,#4833,.F.);
#4833 = EDGE_CURVE('',#4834,#4834,#4836,.T.);
#4834 = VERTEX_POINT('',#4835);
#4835 = CARTESIAN_POINT('',(-0.346592460398,1.293500671726,
    -2.221739130435));
#4836 = ( BOUNDED_CURVE() B_SPLINE_CURVE(2,(#4837,#4838,#4839,#4840,
#4841,#4842,#4843),.UNSPECIFIED.,.T.,.F.) B_SPLINE_CURVE_WITH_KNOTS((1,2
    ,2,2,2,1),(-2.094395102393,0.,2.094395102393,4.188790204786,
6.28318530718,8.377580409573),.UNSPECIFIED.) CURVE() 
GEOMETRIC_REPRESENTATION_ITEM() RATIONAL_B_SPLINE_CURVE((1.,0.5,1.,0.5,
1.,0.5,1.)) REPRESENTATION_ITEM('') );
#4837 = CARTESIAN_POINT('',(-0.346592460398,1.293500671726,
    -2.221739130435));
#4838 = CARTESIAN_POINT('',(-2.587001343452,0.693184920796,
    -2.221739130435));
#4839 = CARTESIAN_POINT('',(-0.946908211328,-0.946908211328,
    -2.221739130435));
#4840 = CARTESIAN_POINT('',(0.693184920796,-2.587001343452,
    -2.221739130435));
#4841 = CARTESIAN_POINT('',(1.293500671726,-0.346592460398,
    -2.221739130435));
#4842 = CARTESIAN_POINT('',(1.893816422656,1.893816422656,
    -2.221739130435));
#4843 = CARTESIAN_POINT('',(-0.346592460398,1.293500671726,
    -2.221739130435));
#4844 = ORIENTED_EDGE('',*,*,#4845,.F.);
#4845 = EDGE_CURVE('',#4846,#4834,#4848,.T.);
#4846 = VERTEX_POINT('',#4847);
#4847 = CARTESIAN_POINT('',(-0.346592460398,1.293500671726,
    -2.495652173913));
#4848 = B_SPLINE_CURVE_WITH_KNOTS('',1,(#4849,#4850),.UNSPECIFIED.,.F.,
  .F.,(2,2),(0.,0.45),.PIECEWISE_BEZIER_KNOTS.);
#4849 = CARTESIAN_POINT('',(-0.346592460398,1.293500671726,
    -2.495652173913));
#4850 = CARTESIAN_POINT('',(-0.346592460398,1.293500671726,
    -2.221739130435));
#4851 = ORIENTED_EDGE('',*,*,#4852,.T.);
#4852 = EDGE_CURVE('',#4846,#4846,#4853,.T.);
#4853 = ( BOUNDED_CURVE() B_SPLINE_CURVE(2,(#4854,#4855,#4856,#4857,
#4858,#4859,#4860),.UNSPECIFIED.,.T.,.F.) B_SPLINE_CURVE_WITH_KNOTS((1,2
    ,2,2,2,1),(-2.094395102393,0.,2.094395102393,4.188790204786,
6.28318530718,8.377580409573),.UNSPECIFIED.) CURVE() 
GEOMETRIC_REPRESENTATION_ITEM() RATIONAL_B_SPLINE_CURVE((1.,0.5,1.,0.5,
1.,0.5,1.)) REPRESENTATION_ITEM('') );
#4854 = CARTESIAN_POINT('',(-0.346592460398,1.293500671726,
    -2.495652173913));
#4855 = CARTESIAN_POINT('',(-2.587001343452,0.693184920796,
    -2.495652173913));
#4856 = CARTESIAN_POINT('',(-0.946908211328,-0.946908211328,
    -2.495652173913));
#4857 = CARTESIAN_POINT('',(0.693184920796,-2.587001343452,
    -2.495652173913));
#4858 = CARTESIAN_POINT('',(1.293500671726,-0.346592460398,
    -2.495652173913));
#4859 = CARTESIAN_POINT('',(1.893816422656,1.893816422656,
    -2.495652173913));
#4860 = CARTESIAN_POINT('',(-0.346592460398,1.293500671726,
    -2.495652173913));
#4861 = ORIENTED_EDGE('',*,*,#4845,.T.);
#4862 = ( BOUNDED_SURFACE() B_SPLINE_SURFACE(2,1,(
    (#4863,#4864)
    ,(#4865,#4866)
    ,(#4867,#4868)
    ,(#4869,#4870)
    ,(#4871,#4872)
    ,(#4873,#4874)
    ,(#4875,#4876
)),.UNSPECIFIED.,.T.,.F.,.F.) B_SPLINE_SURFACE_WITH_KNOTS((1,2,2,2,2,1),
  (2,2),(-2.094395102393,0.,2.094395102393,4.188790204786,6.28318530718,
    8.377580409573),(0.,0.45),.UNSPECIFIED.) 
GEOMETRIC_REPRESENTATION_ITEM() RATIONAL_B_SPLINE_SURFACE((
    (1.,1.)
    ,(0.5,0.5)
    ,(1.,1.)
    ,(0.5,0.5)
    ,(1.,1.)
    ,(0.5,0.5)
,(1.,1.))) REPRESENTATION_ITEM('') SURFACE() );
#4863 = CARTESIAN_POINT('',(-0.346592460398,1.293500671726,
    -2.495652173913));
#4864 = CARTESIAN_POINT('',(-0.346592460398,1.293500671726,
    -2.221739130435));
#4865 = CARTESIAN_POINT('',(-2.587001343452,0.693184920796,
    -2.495652173913));
#4866 = CARTESIAN_POINT('',(-2.587001343452,0.693184920796,
    -2.221739130435));
#4867 = CARTESIAN_POINT('',(-0.946908211328,-0.946908211328,
    -2.495652173913));
#4868 = CARTESIAN_POINT('',(-0.946908211328,-0.946908211328,
    -2.221739130435));
#4869 = CARTESIAN_POINT('',(0.693184920796,-2.587001343452,
    -2.495652173913));
#4870 = CARTESIAN_POINT('',(0.693184920796,-2.587001343452,
    -2.221739130435));
#4871 = CARTESIAN_POINT('',(1.293500671726,-0.346592460398,
    -2.495652173913));
#4872 = CARTESIAN_POINT('',(1.293500671726,-0.346592460398,
    -2.221739130435));
#4873 = CARTESIAN_POINT('',(1.893816422656,1.893816422656,
    -2.495652173913));
#4874 = CARTESIAN_POINT('',(1.893816422656,1.893816422656,
    -2.221739130435));
#4875 = CARTESIAN_POINT('',(-0.346592460398,1.293500671726,
    -2.495652173913));
#4876 = CARTESIAN_POINT('',(-0.346592460398,1.293500671726,
    -2.221739130435));
#4877 = ADVANCED_FACE('',(#4878,#4881),#4895,.T.);
#4878 = FACE_BOUND('',#4879,.T.);
#4879 = EDGE_LOOP('',(#4880));
#4880 = ORIENTED_EDGE('',*,*,#4833,.T.);
#4881 = FACE_BOUND('',#4882,.T.);
#4882 = EDGE_LOOP('',(#4883));
#4883 = ORIENTED_EDGE('',*,*,#4884,.F.);
#4884 = EDGE_CURVE('',#4885,#4885,#4887,.T.);
#4885 = VERTEX_POINT('',#4886);
#4886 = CARTESIAN_POINT('',(-8.664811509954E-02,0.323375167932,
    -2.221739130435));
#4887 = ( BOUNDED_CURVE() B_SPLINE_CURVE(2,(#4888,#4889,#4890,#4891,
#4892,#4893,#4894),.UNSPECIFIED.,.T.,.F.) B_SPLINE_CURVE_WITH_KNOTS((1,2
    ,2,2,2,1),(-2.094395102393,0.,2.094395102393,4.188790204786,
6.28318530718,8.377580409573),.UNSPECIFIED.) CURVE() 
GEOMETRIC_REPRESENTATION_ITEM() RATIONAL_B_SPLINE_CURVE((1.,0.5,1.,0.5,
1.,0.5,1.)) REPRESENTATION_ITEM('') );
#4888 = CARTESIAN_POINT('',(-8.664811509954E-02,0.323375167932,
    -2.221739130435));
#4889 = CARTESIAN_POINT('',(-0.646750335863,0.173296230199,
    -2.221739130435));
#4890 = CARTESIAN_POINT('',(-0.236727052832,-0.236727052832,
    -2.221739130435));
#4891 = CARTESIAN_POINT('',(0.173296230199,-0.646750335863,
    -2.221739130435));
#4892 = CARTESIAN_POINT('',(0.323375167932,-8.664811509954E-02,
    -2.221739130435));
#4893 = CARTESIAN_POINT('',(0.473454105664,0.473454105664,
    -2.221739130435));
#4894 = CARTESIAN_POINT('',(-8.664811509954E-02,0.323375167932,
    -2.221739130435));
#4895 = B_SPLINE_SURFACE_WITH_KNOTS('',1,1,(
    (#4896,#4897)
    ,(#4898,#4899
    )),.UNSPECIFIED.,.F.,.F.,.F.,(2,2),(2,2),(-2.2,2.2),(-2.2,2.2),
  .PIECEWISE_BEZIER_KNOTS.);
#4896 = CARTESIAN_POINT('',(1.640093132124,-0.946908211328,
    -2.221739130435));
#4897 = CARTESIAN_POINT('',(-0.946908211328,-1.640093132124,
    -2.221739130435));
#4898 = CARTESIAN_POINT('',(0.946908211328,1.640093132124,
    -2.221739130435));
#4899 = CARTESIAN_POINT('',(-1.640093132124,0.946908211328,
    -2.221739130435));
#4900 = ADVANCED_FACE('',(#4901),#4904,.F.);
#4901 = FACE_BOUND('',#4902,.T.);
#4902 = EDGE_LOOP('',(#4903));
#4903 = ORIENTED_EDGE('',*,*,#4852,.F.);
#4904 = B_SPLINE_SURFACE_WITH_KNOTS('',1,1,(
    (#4905,#4906)
    ,(#4907,#4908
    )),.UNSPECIFIED.,.F.,.F.,.F.,(2,2),(2,2),(-2.2,2.2),(-2.2,2.2),
  .PIECEWISE_BEZIER_KNOTS.);
#4905 = CARTESIAN_POINT('',(1.640093132124,-0.946908211328,
    -2.495652173913));
#4906 = CARTESIAN_POINT('',(-0.946908211328,-1.640093132124,
    -2.495652173913));
#4907 = CARTESIAN_POINT('',(0.946908211328,1.640093132124,
    -2.495652173913));
#4908 = CARTESIAN_POINT('',(-1.640093132124,0.946908211328,
    -2.495652173913));
#4909 = ADVANCED_FACE('',(#4910),#4931,.T.);
#4910 = FACE_BOUND('',#4911,.T.);
#4911 = EDGE_LOOP('',(#4912,#4919,#4929,#4930));
#4912 = ORIENTED_EDGE('',*,*,#4913,.T.);
#4913 = EDGE_CURVE('',#4885,#4914,#4916,.T.);
#4914 = VERTEX_POINT('',#4915);
#4915 = CARTESIAN_POINT('',(-8.664811509954E-02,0.323375167932,
    -1.521739130435));
#4916 = B_SPLINE_CURVE_WITH_KNOTS('',1,(#4917,#4918),.UNSPECIFIED.,.F.,
  .F.,(2,2),(5.E-02,1.2),.PIECEWISE_BEZIER_KNOTS.);
#4917 = CARTESIAN_POINT('',(-8.664811509954E-02,0.323375167932,
    -2.221739130435));
#4918 = CARTESIAN_POINT('',(-8.664811509954E-02,0.323375167932,
    -1.521739130435));
#4919 = ORIENTED_EDGE('',*,*,#4920,.F.);
#4920 = EDGE_CURVE('',#4914,#4914,#4921,.T.);
#4921 = ( BOUNDED_CURVE() B_SPLINE_CURVE(2,(#4922,#4923,#4924,#4925,
#4926,#4927,#4928),.UNSPECIFIED.,.T.,.F.) B_SPLINE_CURVE_WITH_KNOTS((1,2
    ,2,2,2,1),(-2.094395102393,0.,2.094395102393,4.188790204786,
6.28318530718,8.377580409573),.UNSPECIFIED.) CURVE() 
GEOMETRIC_REPRESENTATION_ITEM() RATIONAL_B_SPLINE_CURVE((1.,0.5,1.,0.5,
1.,0.5,1.)) REPRESENTATION_ITEM('') );
#4922 = CARTESIAN_POINT('',(-8.664811509954E-02,0.323375167932,
    -1.521739130435));
#4923 = CARTESIAN_POINT('',(-0.646750335863,0.173296230199,
    -1.521739130435));
#4924 = CARTESIAN_POINT('',(-0.236727052832,-0.236727052832,
    -1.521739130435));
#4925 = CARTESIAN_POINT('',(0.173296230199,-0.646750335863,
    -1.521739130435));
#4926 = CARTESIAN_POINT('',(0.323375167932,-8.664811509954E-02,
    -1.521739130435));
#4927 = CARTESIAN_POINT('',(0.473454105664,0.473454105664,
    -1.521739130435));
#4928 = CARTESIAN_POINT('',(-8.664811509954E-02,0.323375167932,
    -1.521739130435));
#4929 = ORIENTED_EDGE('',*,*,#4913,.F.);
#4930 = ORIENTED_EDGE('',*,*,#4884,.T.);
#4931 = ( BOUNDED_SURFACE() B_SPLINE_SURFACE(2,1,(
    (#4932,#4933)
    ,(#4934,#4935)
    ,(#4936,#4937)
    ,(#4938,#4939)
    ,(#4940,#4941)
    ,(#4942,#4943)
    ,(#4944,#4945
)),.UNSPECIFIED.,.T.,.F.,.F.) B_SPLINE_SURFACE_WITH_KNOTS((1,2,2,2,2,1),
  (2,2),(-2.094395102393,0.,2.094395102393,4.188790204786,6.28318530718,
    8.377580409573),(5.E-02,1.2),.UNSPECIFIED.) 
GEOMETRIC_REPRESENTATION_ITEM() RATIONAL_B_SPLINE_SURFACE((
    (1.,1.)
    ,(0.5,0.5)
    ,(1.,1.)
    ,(0.5,0.5)
    ,(1.,1.)
    ,(0.5,0.5)
,(1.,1.))) REPRESENTATION_ITEM('') SURFACE() );
#4932 = CARTESIAN_POINT('',(-8.664811509954E-02,0.323375167932,
    -2.221739130435));
#4933 = CARTESIAN_POINT('',(-8.664811509954E-02,0.323375167932,
    -1.521739130435));
#4934 = CARTESIAN_POINT('',(-0.646750335863,0.173296230199,
    -2.221739130435));
#4935 = CARTESIAN_POINT('',(-0.646750335863,0.173296230199,
    -1.521739130435));
#4936 = CARTESIAN_POINT('',(-0.236727052832,-0.236727052832,
    -2.221739130435));
#4937 = CARTESIAN_POINT('',(-0.236727052832,-0.236727052832,
    -1.521739130435));
#4938 = CARTESIAN_POINT('',(0.173296230199,-0.646750335863,
    -2.221739130435));
#4939 = CARTESIAN_POINT('',(0.173296230199,-0.646750335863,
    -1.521739130435));
#4940 = CARTESIAN_POINT('',(0.323375167932,-8.664811509954E-02,
    -2.221739130435));
#4941 = CARTESIAN_POINT('',(0.323375167932,-8.664811509954E-02,
    -1.521739130435));
#4942 = CARTESIAN_POINT('',(0.473454105664,0.473454105664,
    -2.221739130435));
#4943 = CARTESIAN_POINT('',(0.473454105664,0.473454105664,
    -1.521739130435));
#4944 = CARTESIAN_POINT('',(-8.664811509954E-02,0.323375167932,
    -2.221739130435));
#4945 = CARTESIAN_POINT('',(-8.664811509954E-02,0.323375167932,
    -1.521739130435));
#4946 = ADVANCED_FACE('',(#4947),#4950,.T.);
#4947 = FACE_BOUND('',#4948,.T.);
#4948 = EDGE_LOOP('',(#4949));
#4949 = ORIENTED_EDGE('',*,*,#4920,.T.);
#4950 = B_SPLINE_SURFACE_WITH_KNOTS('',1,1,(
    (#4951,#4952)
    ,(#4953,#4954
    )),.UNSPECIFIED.,.F.,.F.,.F.,(2,2),(2,2),(-0.55,0.55),(-0.55,0.55),
  .PIECEWISE_BEZIER_KNOTS.);
#4951 = CARTESIAN_POINT('',(0.410023283031,-0.236727052832,
    -1.521739130435));
#4952 = CARTESIAN_POINT('',(-0.236727052832,-0.410023283031,
    -1.521739130435));
#4953 = CARTESIAN_POINT('',(0.236727052832,0.410023283031,
    -1.521739130435));
#4954 = CARTESIAN_POINT('',(-0.410023283031,0.236727052832,
    -1.521739130435));
#4955 = MANIFOLD_SOLID_BREP('',#4956);
#4956 = CLOSED_SHELL('',(#4957,#5005,#5014,#5071,#5086,#5132,#5142));
#4957 = ADVANCED_FACE('',(#4958),#4990,.T.);
#4958 = FACE_BOUND('',#4959,.T.);
#4959 = EDGE_LOOP('',(#4960,#4972,#4979,#4989));
#4960 = ORIENTED_EDGE('',*,*,#4961,.F.);
#4961 = EDGE_CURVE('',#4962,#4962,#4964,.T.);
#4962 = VERTEX_POINT('',#4963);
#4963 = CARTESIAN_POINT('',(-1.05437275527,3.934972692783,3.139797032019
    ));
#4964 = ( BOUNDED_CURVE() B_SPLINE_CURVE(2,(#4965,#4966,#4967,#4968,
#4969,#4970,#4971),.UNSPECIFIED.,.T.,.F.) B_SPLINE_CURVE_WITH_KNOTS((1,2
    ,2,2,2,1),(-2.094395102393,0.,2.094395102393,4.188790204786,
6.28318530718,8.377580409573),.UNSPECIFIED.) CURVE() 
GEOMETRIC_REPRESENTATION_ITEM() RATIONAL_B_SPLINE_CURVE((1.,0.5,1.,0.5,
1.,0.5,1.)) REPRESENTATION_ITEM('') );
#4965 = CARTESIAN_POINT('',(-1.05437275527,3.934972692783,3.139797032019
    ));
#4966 = CARTESIAN_POINT('',(-0.932168634376,3.967717188288,
    3.139797032019));
#4967 = CARTESIAN_POINT('',(-0.993270694823,3.951344940535,
    3.030231814628));
#4968 = CARTESIAN_POINT('',(-1.05437275527,3.934972692783,2.920666597237
    ));
#4969 = CARTESIAN_POINT('',(-1.115474815717,3.91860044503,3.030231814628
    ));
#4970 = CARTESIAN_POINT('',(-1.176576876164,3.902228197277,
    3.139797032019));
#4971 = CARTESIAN_POINT('',(-1.05437275527,3.934972692783,3.139797032019
    ));
#4972 = ORIENTED_EDGE('',*,*,#4973,.F.);
#4973 = EDGE_CURVE('',#4974,#4962,#4976,.T.);
#4974 = VERTEX_POINT('',#4975);
#4975 = CARTESIAN_POINT('',(-0.428514314674,1.599237194134,
    3.139797032019));
#4976 = B_SPLINE_CURVE_WITH_KNOTS('',1,(#4977,#4978),.UNSPECIFIED.,.F.,
  .F.,(2,2),(0.,3.972644320446),.PIECEWISE_BEZIER_KNOTS.);
#4977 = CARTESIAN_POINT('',(-0.428514314674,1.599237194134,
    3.139797032019));
#4978 = CARTESIAN_POINT('',(-1.05437275527,3.934972692783,3.139797032019
    ));
#4979 = ORIENTED_EDGE('',*,*,#4980,.T.);
#4980 = EDGE_CURVE('',#4974,#4974,#4981,.T.);
#4981 = ( BOUNDED_CURVE() B_SPLINE_CURVE(2,(#4982,#4983,#4984,#4985,
#4986,#4987,#4988),.UNSPECIFIED.,.T.,.F.) B_SPLINE_CURVE_WITH_KNOTS((1,2
    ,2,2,2,1),(-2.094395102393,0.,2.094395102393,4.188790204786,
6.28318530718,8.377580409573),.UNSPECIFIED.) CURVE() 
GEOMETRIC_REPRESENTATION_ITEM() RATIONAL_B_SPLINE_CURVE((1.,0.5,1.,0.5,
1.,0.5,1.)) REPRESENTATION_ITEM('') );
#4982 = CARTESIAN_POINT('',(-0.428514314674,1.599237194134,
    3.139797032019));
#4983 = CARTESIAN_POINT('',(-0.30631019378,1.63198168964,3.139797032019)
  );
#4984 = CARTESIAN_POINT('',(-0.367412254227,1.615609441887,
    3.030231814628));
#4985 = CARTESIAN_POINT('',(-0.428514314674,1.599237194134,
    2.920666597237));
#4986 = CARTESIAN_POINT('',(-0.489616375121,1.582864946382,
    3.030231814628));
#4987 = CARTESIAN_POINT('',(-0.550718435568,1.566492698629,
    3.139797032019));
#4988 = CARTESIAN_POINT('',(-0.428514314674,1.599237194134,
    3.139797032019));
#4989 = ORIENTED_EDGE('',*,*,#4973,.T.);
#4990 = ( BOUNDED_SURFACE() B_SPLINE_SURFACE(2,1,(
    (#4991,#4992)
    ,(#4993,#4994)
    ,(#4995,#4996)
    ,(#4997,#4998)
    ,(#4999,#5000)
    ,(#5001,#5002)
    ,(#5003,#5004
)),.UNSPECIFIED.,.T.,.F.,.F.) B_SPLINE_SURFACE_WITH_KNOTS((1,2,2,2,2,1),
  (2,2),(-2.094395102393,0.,2.094395102393,4.188790204786,6.28318530718,
    8.377580409573),(0.,3.972644320446),.UNSPECIFIED.) 
GEOMETRIC_REPRESENTATION_ITEM() RATIONAL_B_SPLINE_SURFACE((
    (1.,1.)
    ,(0.5,0.5)
    ,(1.,1.)
    ,(0.5,0.5)
    ,(1.,1.)
    ,(0.5,0.5)
,(1.,1.))) REPRESENTATION_ITEM('') SURFACE() );
#4991 = CARTESIAN_POINT('',(-0.428514314674,1.599237194134,
    3.139797032019));
#4992 = CARTESIAN_POINT('',(-1.05437275527,3.934972692783,3.139797032019
    ));
#4993 = CARTESIAN_POINT('',(-0.30631019378,1.63198168964,3.139797032019)
  );
#4994 = CARTESIAN_POINT('',(-0.932168634376,3.967717188288,
    3.139797032019));
#4995 = CARTESIAN_POINT('',(-0.367412254227,1.615609441887,
    3.030231814628));
#4996 = CARTESIAN_POINT('',(-0.993270694823,3.951344940535,
    3.030231814628));
#4997 = CARTESIAN_POINT('',(-0.428514314674,1.599237194134,
    2.920666597237));
#4998 = CARTESIAN_POINT('',(-1.05437275527,3.934972692783,2.920666597237
    ));
#4999 = CARTESIAN_POINT('',(-0.489616375121,1.582864946382,
    3.030231814628));
#5000 = CARTESIAN_POINT('',(-1.115474815717,3.91860044503,3.030231814628
    ));
#5001 = CARTESIAN_POINT('',(-0.550718435568,1.566492698629,
    3.139797032019));
#5002 = CARTESIAN_POINT('',(-1.176576876164,3.902228197277,
    3.139797032019));
#5003 = CARTESIAN_POINT('',(-0.428514314674,1.599237194134,
    3.139797032019));
#5004 = CARTESIAN_POINT('',(-1.05437275527,3.934972692783,3.139797032019
    ));
#5005 = ADVANCED_FACE('',(#5006),#5009,.T.);
#5006 = FACE_BOUND('',#5007,.T.);
#5007 = EDGE_LOOP('',(#5008));
#5008 = ORIENTED_EDGE('',*,*,#4961,.T.);
#5009 = B_SPLINE_SURFACE_WITH_KNOTS('',1,1,(
    (#5010,#5011)
    ,(#5012,#5013
    )),.UNSPECIFIED.,.F.,.F.,.F.,(2,2),(2,2),(-0.12,0.12),(-0.12,0.12),
  .PIECEWISE_BEZIER_KNOTS.);
#5010 = CARTESIAN_POINT('',(-1.124927337364,3.916067649488,
    2.993710075498));
#5011 = CARTESIAN_POINT('',(-0.983818173175,3.953877736077,
    2.993710075498));
#5012 = CARTESIAN_POINT('',(-1.124927337364,3.916067649488,
    3.139797032019));
#5013 = CARTESIAN_POINT('',(-0.983818173175,3.953877736077,
    3.139797032019));
#5014 = ADVANCED_FACE('',(#5015),#5056,.T.);
#5015 = FACE_BOUND('',#5016,.T.);
#5016 = EDGE_LOOP('',(#5017,#5024,#5025,#5026,#5034,#5042,#5050));
#5017 = ORIENTED_EDGE('',*,*,#5018,.T.);
#5018 = EDGE_CURVE('',#5019,#4974,#5021,.T.);
#5019 = VERTEX_POINT('',#5020);
#5020 = CARTESIAN_POINT('',(-3.465924603982E-02,0.129350067173,
    3.139797032019));
#5021 = B_SPLINE_CURVE_WITH_KNOTS('',1,(#5022,#5023),.UNSPECIFIED.,.F.,
  .F.,(2,2),(0.,2.5),.PIECEWISE_BEZIER_KNOTS.);
#5022 = CARTESIAN_POINT('',(-3.465924603982E-02,0.129350067173,
    3.139797032019));
#5023 = CARTESIAN_POINT('',(-0.428514314674,1.599237194134,
    3.139797032019));
#5024 = ORIENTED_EDGE('',*,*,#4980,.F.);
#5025 = ORIENTED_EDGE('',*,*,#5018,.F.);
#5026 = ORIENTED_EDGE('',*,*,#5027,.T.);
#5027 = EDGE_CURVE('',#5019,#5028,#5030,.T.);
#5028 = VERTEX_POINT('',#5029);
#5029 = CARTESIAN_POINT('',(3.589533605434E-02,0.148255110467,
    3.066753553758));
#5030 = ( BOUNDED_CURVE() B_SPLINE_CURVE(2,(#5031,#5032,#5033),
.UNSPECIFIED.,.F.,.F.) B_SPLINE_CURVE_WITH_KNOTS((3,3),(0.,
1.570796326795),.PIECEWISE_BEZIER_KNOTS.) CURVE() 
GEOMETRIC_REPRESENTATION_ITEM() RATIONAL_B_SPLINE_CURVE((1.,
0.707106781187,1.)) REPRESENTATION_ITEM('') );
#5031 = CARTESIAN_POINT('',(-3.465924603982E-02,0.129350067173,
    3.139797032019));
#5032 = CARTESIAN_POINT('',(3.589533605434E-02,0.148255110467,
    3.139797032019));
#5033 = CARTESIAN_POINT('',(3.589533605434E-02,0.148255110467,
    3.066753553758));
#5034 = ORIENTED_EDGE('',*,*,#5035,.T.);
#5035 = EDGE_CURVE('',#5028,#5036,#5038,.T.);
#5036 = VERTEX_POINT('',#5037);
#5037 = CARTESIAN_POINT('',(-5.356428933426E-02,0.199904649267,
    2.993710075498));
#5038 = ( BOUNDED_CURVE() B_SPLINE_CURVE(2,(#5039,#5040,#5041),
.UNSPECIFIED.,.F.,.F.) B_SPLINE_CURVE_WITH_KNOTS((3,3),(4.712388981807,
6.28318530718),.PIECEWISE_BEZIER_KNOTS.) CURVE() 
GEOMETRIC_REPRESENTATION_ITEM() RATIONAL_B_SPLINE_CURVE((1.,
0.707106781689,1.)) REPRESENTATION_ITEM('') );
#5039 = CARTESIAN_POINT('',(3.589533602746E-02,0.148255110567,
    3.066753553655));
#5040 = CARTESIAN_POINT('',(1.699029265958E-02,0.218809692534,
    2.993710075498));
#5041 = CARTESIAN_POINT('',(-5.356428933426E-02,0.199904649267,
    2.993710075498));
#5042 = ORIENTED_EDGE('',*,*,#5043,.T.);
#5043 = EDGE_CURVE('',#5036,#5044,#5046,.T.);
#5044 = VERTEX_POINT('',#5045);
#5045 = CARTESIAN_POINT('',(-0.105213828134,0.110445023878,
    3.066753553758));
#5046 = ( BOUNDED_CURVE() B_SPLINE_CURVE(2,(#5047,#5048,#5049),
.UNSPECIFIED.,.F.,.F.) B_SPLINE_CURVE_WITH_KNOTS((3,3),(0.,
1.570796326818),.PIECEWISE_BEZIER_KNOTS.) CURVE() 
GEOMETRIC_REPRESENTATION_ITEM() RATIONAL_B_SPLINE_CURVE((1.,
0.707106781178,1.)) REPRESENTATION_ITEM('') );
#5047 = CARTESIAN_POINT('',(-5.356428933426E-02,0.199904649267,
    2.993710075498));
#5048 = CARTESIAN_POINT('',(-0.12411887143,0.180999605972,2.993710075498
    ));
#5049 = CARTESIAN_POINT('',(-0.105213828134,0.110445023877,3.06675355376
    ));
#5050 = ORIENTED_EDGE('',*,*,#5051,.T.);
#5051 = EDGE_CURVE('',#5044,#5019,#5052,.T.);
#5052 = ( BOUNDED_CURVE() B_SPLINE_CURVE(2,(#5053,#5054,#5055),
.UNSPECIFIED.,.F.,.F.) B_SPLINE_CURVE_WITH_KNOTS((3,3),(4.712388980385,
6.28318530718),.PIECEWISE_BEZIER_KNOTS.) CURVE() 
GEOMETRIC_REPRESENTATION_ITEM() RATIONAL_B_SPLINE_CURVE((1.,
0.707106781187,1.)) REPRESENTATION_ITEM('') );
#5053 = CARTESIAN_POINT('',(-0.105213828134,0.110445023878,
    3.066753553758));
#5054 = CARTESIAN_POINT('',(-0.105213828134,0.110445023878,
    3.139797032019));
#5055 = CARTESIAN_POINT('',(-3.465924603982E-02,0.129350067173,
    3.139797032019));
#5056 = ( BOUNDED_SURFACE() B_SPLINE_SURFACE(2,1,(
    (#5057,#5058)
    ,(#5059,#5060)
    ,(#5061,#5062)
    ,(#5063,#5064)
    ,(#5065,#5066)
    ,(#5067,#5068)
    ,(#5069,#5070
)),.UNSPECIFIED.,.T.,.F.,.F.) B_SPLINE_SURFACE_WITH_KNOTS((1,2,2,2,2,1),
  (2,2),(-2.094395102393,0.,2.094395102393,4.188790204786,6.28318530718,
    8.377580409573),(-2.797817533207E-12,2.5),.UNSPECIFIED.) 
GEOMETRIC_REPRESENTATION_ITEM() RATIONAL_B_SPLINE_SURFACE((
    (1.,1.)
    ,(0.5,0.5)
    ,(1.,1.)
    ,(0.5,0.5)
    ,(1.,1.)
    ,(0.5,0.5)
,(1.,1.))) REPRESENTATION_ITEM('') SURFACE() );
#5057 = CARTESIAN_POINT('',(-3.465924603938E-02,0.129350067171,
    3.139797032019));
#5058 = CARTESIAN_POINT('',(-0.428514314674,1.599237194134,
    3.139797032019));
#5059 = CARTESIAN_POINT('',(8.75448748545E-02,0.162094562676,
    3.139797032019));
#5060 = CARTESIAN_POINT('',(-0.30631019378,1.63198168964,3.139797032019)
  );
#5061 = CARTESIAN_POINT('',(2.644281440756E-02,0.145722314924,
    3.030231814628));
#5062 = CARTESIAN_POINT('',(-0.367412254227,1.615609441887,
    3.030231814628));
#5063 = CARTESIAN_POINT('',(-3.465924603938E-02,0.129350067171,
    2.920666597237));
#5064 = CARTESIAN_POINT('',(-0.428514314674,1.599237194134,
    2.920666597237));
#5065 = CARTESIAN_POINT('',(-9.576130648631E-02,0.112977819418,
    3.030231814628));
#5066 = CARTESIAN_POINT('',(-0.489616375121,1.582864946382,
    3.030231814628));
#5067 = CARTESIAN_POINT('',(-0.156863366933,9.660557166571E-02,
    3.139797032019));
#5068 = CARTESIAN_POINT('',(-0.550718435568,1.566492698629,
    3.139797032019));
#5069 = CARTESIAN_POINT('',(-3.465924603938E-02,0.129350067171,
    3.139797032019));
#5070 = CARTESIAN_POINT('',(-0.428514314674,1.599237194134,
    3.139797032019));
#5071 = ADVANCED_FACE('',(#5072),#5081,.F.);
#5072 = FACE_BOUND('',#5073,.F.);
#5073 = EDGE_LOOP('',(#5074,#5075,#5076));
#5074 = ORIENTED_EDGE('',*,*,#5051,.T.);
#5075 = ORIENTED_EDGE('',*,*,#5027,.T.);
#5076 = ORIENTED_EDGE('',*,*,#5077,.F.);
#5077 = EDGE_CURVE('',#5044,#5028,#5078,.T.);
#5078 = B_SPLINE_CURVE_WITH_KNOTS('',1,(#5079,#5080),.UNSPECIFIED.,.F.,
  .F.,(2,2),(-0.12,0.12),.PIECEWISE_BEZIER_KNOTS.);
#5079 = CARTESIAN_POINT('',(-0.105213828134,0.110445023878,
    3.066753553758));
#5080 = CARTESIAN_POINT('',(3.589533605434E-02,0.148255110467,
    3.066753553758));
#5081 = B_SPLINE_SURFACE_WITH_KNOTS('',1,1,(
    (#5082,#5083)
    ,(#5084,#5085
    )),.UNSPECIFIED.,.F.,.F.,.F.,(2,2),(2,2),(0.,0.12),(-0.12,0.12),
  .PIECEWISE_BEZIER_KNOTS.);
#5082 = CARTESIAN_POINT('',(-0.105213828134,0.110445023878,
    3.066753553758));
#5083 = CARTESIAN_POINT('',(3.589533605434E-02,0.148255110467,
    3.066753553758));
#5084 = CARTESIAN_POINT('',(-0.105213828134,0.110445023878,
    3.139797032019));
#5085 = CARTESIAN_POINT('',(3.589533605434E-02,0.148255110467,
    3.139797032019));
#5086 = ADVANCED_FACE('',(#5087),#5117,.T.);
#5087 = FACE_BOUND('',#5088,.T.);
#5088 = EDGE_LOOP('',(#5089,#5097,#5098,#5105,#5115,#5116));
#5089 = ORIENTED_EDGE('',*,*,#5090,.F.);
#5090 = EDGE_CURVE('',#5044,#5028,#5091,.T.);
#5091 = ( BOUNDED_CURVE() B_SPLINE_CURVE(2,(#5092,#5093,#5094,#5095,
#5096),.UNSPECIFIED.,.F.,.F.) B_SPLINE_CURVE_WITH_KNOTS((3,2,3),(
    1.570796326795,3.14159265359,4.712388980385),
.PIECEWISE_BEZIER_KNOTS.) CURVE() GEOMETRIC_REPRESENTATION_ITEM() 
RATIONAL_B_SPLINE_CURVE((1.,0.707106781187,1.,0.707106781187,1.)) 
REPRESENTATION_ITEM('') );
#5092 = CARTESIAN_POINT('',(-0.105213828134,0.110445023878,
    3.066753553758));
#5093 = CARTESIAN_POINT('',(-8.630878483953E-02,3.989044178402E-02,
    3.066753553758));
#5094 = CARTESIAN_POINT('',(-1.575420274537E-02,5.879548507847E-02,
    3.066753553758));
#5095 = CARTESIAN_POINT('',(5.480037934879E-02,7.770052837291E-02,
    3.066753553758));
#5096 = CARTESIAN_POINT('',(3.589533605434E-02,0.148255110467,
    3.066753553758));
#5097 = ORIENTED_EDGE('',*,*,#5043,.F.);
#5098 = ORIENTED_EDGE('',*,*,#5099,.F.);
#5099 = EDGE_CURVE('',#5100,#5036,#5102,.T.);
#5100 = VERTEX_POINT('',#5101);
#5101 = CARTESIAN_POINT('',(-5.356428933426E-02,0.199904649267,
    3.652173913043E-02));
#5102 = B_SPLINE_CURVE_WITH_KNOTS('',1,(#5103,#5104),.UNSPECIFIED.,.F.,
  .F.,(2,2),(0.,4.858237981175),.PIECEWISE_BEZIER_KNOTS.);
#5103 = CARTESIAN_POINT('',(-5.356428933426E-02,0.199904649267,
    3.652173913043E-02));
#5104 = CARTESIAN_POINT('',(-5.356428933426E-02,0.199904649267,
    2.993710075498));
#5105 = ORIENTED_EDGE('',*,*,#5106,.T.);
#5106 = EDGE_CURVE('',#5100,#5100,#5107,.T.);
#5107 = ( BOUNDED_CURVE() B_SPLINE_CURVE(2,(#5108,#5109,#5110,#5111,
#5112,#5113,#5114),.UNSPECIFIED.,.T.,.F.) B_SPLINE_CURVE_WITH_KNOTS((1,2
    ,2,2,2,1),(-2.094395102393,0.,2.094395102393,4.188790204786,
6.28318530718,8.377580409573),.UNSPECIFIED.) CURVE() 
GEOMETRIC_REPRESENTATION_ITEM() RATIONAL_B_SPLINE_CURVE((1.,0.5,1.,0.5,
1.,0.5,1.)) REPRESENTATION_ITEM('') );
#5108 = CARTESIAN_POINT('',(-5.356428933426E-02,0.199904649267,
    3.652173913043E-02));
#5109 = CARTESIAN_POINT('',(-0.175768410228,0.167160153762,
    3.652173913043E-02));
#5110 = CARTESIAN_POINT('',(-8.630878483953E-02,7.770052837291E-02,
    3.652173913043E-02));
#5111 = CARTESIAN_POINT('',(3.150840549074E-03,-1.175909701569E-02,
    3.652173913043E-02));
#5112 = CARTESIAN_POINT('',(3.589533605434E-02,0.110445023878,
    3.652173913043E-02));
#5113 = CARTESIAN_POINT('',(6.863983155961E-02,0.232649144772,
    3.652173913043E-02));
#5114 = CARTESIAN_POINT('',(-5.356428933426E-02,0.199904649267,
    3.652173913043E-02));
#5115 = ORIENTED_EDGE('',*,*,#5099,.T.);
#5116 = ORIENTED_EDGE('',*,*,#5035,.F.);
#5117 = ( BOUNDED_SURFACE() B_SPLINE_SURFACE(2,1,(
    (#5118,#5119)
    ,(#5120,#5121)
    ,(#5122,#5123)
    ,(#5124,#5125)
    ,(#5126,#5127)
    ,(#5128,#5129)
    ,(#5130,#5131
)),.UNSPECIFIED.,.T.,.F.,.F.) B_SPLINE_SURFACE_WITH_KNOTS((1,2,2,2,2,1),
  (2,2),(-2.094395102393,0.,2.094395102393,4.188790204786,6.28318530718,
    8.377580409573),(0.,4.978237981177),.UNSPECIFIED.) 
GEOMETRIC_REPRESENTATION_ITEM() RATIONAL_B_SPLINE_SURFACE((
    (1.,1.)
    ,(0.5,0.5)
    ,(1.,1.)
    ,(0.5,0.5)
    ,(1.,1.)
    ,(0.5,0.5)
,(1.,1.))) REPRESENTATION_ITEM('') SURFACE() );
#5118 = CARTESIAN_POINT('',(-5.356428933426E-02,0.199904649267,
    3.652173913043E-02));
#5119 = CARTESIAN_POINT('',(-5.356428933426E-02,0.199904649267,
    3.06675355376));
#5120 = CARTESIAN_POINT('',(-0.175768410228,0.167160153762,
    3.652173913043E-02));
#5121 = CARTESIAN_POINT('',(-0.175768410228,0.167160153762,3.06675355376
    ));
#5122 = CARTESIAN_POINT('',(-8.630878483953E-02,7.770052837291E-02,
    3.652173913043E-02));
#5123 = CARTESIAN_POINT('',(-8.630878483953E-02,7.770052837291E-02,
    3.06675355376));
#5124 = CARTESIAN_POINT('',(3.150840549074E-03,-1.175909701569E-02,
    3.652173913043E-02));
#5125 = CARTESIAN_POINT('',(3.150840549074E-03,-1.175909701569E-02,
    3.06675355376));
#5126 = CARTESIAN_POINT('',(3.589533605434E-02,0.110445023878,
    3.652173913043E-02));
#5127 = CARTESIAN_POINT('',(3.589533605434E-02,0.110445023878,
    3.06675355376));
#5128 = CARTESIAN_POINT('',(6.863983155961E-02,0.232649144772,
    3.652173913043E-02));
#5129 = CARTESIAN_POINT('',(6.863983155961E-02,0.232649144772,
    3.06675355376));
#5130 = CARTESIAN_POINT('',(-5.356428933426E-02,0.199904649267,
    3.652173913043E-02));
#5131 = CARTESIAN_POINT('',(-5.356428933426E-02,0.199904649267,
    3.06675355376));
#5132 = ADVANCED_FACE('',(#5133),#5137,.T.);
#5133 = FACE_BOUND('',#5134,.T.);
#5134 = EDGE_LOOP('',(#5135,#5136));
#5135 = ORIENTED_EDGE('',*,*,#5077,.F.);
#5136 = ORIENTED_EDGE('',*,*,#5090,.T.);
#5137 = B_SPLINE_SURFACE_WITH_KNOTS('',1,1,(
    (#5138,#5139)
    ,(#5140,#5141
    )),.UNSPECIFIED.,.F.,.F.,.F.,(2,2),(2,2),(-0.12,7.347880794884E-18),
  (-0.12,0.12),.PIECEWISE_BEZIER_KNOTS.);
#5138 = CARTESIAN_POINT('',(5.480037934879E-02,7.770052837291E-02,
    3.066753553758));
#5139 = CARTESIAN_POINT('',(-8.630878483953E-02,3.989044178402E-02,
    3.066753553758));
#5140 = CARTESIAN_POINT('',(3.589533605434E-02,0.148255110467,
    3.066753553758));
#5141 = CARTESIAN_POINT('',(-0.105213828134,0.110445023878,
    3.066753553758));
#5142 = ADVANCED_FACE('',(#5143),#5146,.F.);
#5143 = FACE_BOUND('',#5144,.T.);
#5144 = EDGE_LOOP('',(#5145));
#5145 = ORIENTED_EDGE('',*,*,#5106,.F.);
#5146 = B_SPLINE_SURFACE_WITH_KNOTS('',1,1,(
    (#5147,#5148)
    ,(#5149,#5150
    )),.UNSPECIFIED.,.F.,.F.,.F.,(2,2),(2,2),(-0.12,0.12),(-0.12,0.12),
  .PIECEWISE_BEZIER_KNOTS.);
#5147 = CARTESIAN_POINT('',(5.480037934879E-02,7.770052837291E-02,
    3.652173913043E-02));
#5148 = CARTESIAN_POINT('',(-8.630878483953E-02,3.989044178402E-02,
    3.652173913043E-02));
#5149 = CARTESIAN_POINT('',(1.69902927599E-02,0.218809692561,
    3.652173913043E-02));
#5150 = CARTESIAN_POINT('',(-0.124118871428,0.180999605972,
    3.652173913043E-02));
#5151 = MANIFOLD_SOLID_BREP('',#5152);
#5152 = CLOSED_SHELL('',(#5153,#5201,#5210,#5261,#5275,#5329,#5340));
#5153 = ADVANCED_FACE('',(#5154),#5186,.T.);
#5154 = FACE_BOUND('',#5155,.T.);
#5155 = EDGE_LOOP('',(#5156,#5168,#5175,#5185));
#5156 = ORIENTED_EDGE('',*,*,#5157,.F.);
#5157 = EDGE_CURVE('',#5158,#5158,#5160,.T.);
#5158 = VERTEX_POINT('',#5159);
#5159 = CARTESIAN_POINT('',(-2.932249476313,-2.828950398713,
    3.066753553758));
#5160 = ( BOUNDED_CURVE() B_SPLINE_CURVE(2,(#5161,#5162,#5163,#5164,
#5165,#5166,#5167),.UNSPECIFIED.,.T.,.F.) B_SPLINE_CURVE_WITH_KNOTS((1,2
    ,2,2,2,1),(-2.094395102393,0.,2.094395102393,4.188790204786,
6.28318530718,8.377580409573),.UNSPECIFIED.) CURVE() 
GEOMETRIC_REPRESENTATION_ITEM() RATIONAL_B_SPLINE_CURVE((1.,0.5,1.,0.5,
1.,0.5,1.)) REPRESENTATION_ITEM('') );
#5161 = CARTESIAN_POINT('',(-2.932249476313,-2.828950398713,
    3.066753553758));
#5162 = CARTESIAN_POINT('',(-2.932249476313,-2.828950398713,
    2.940238538249));
#5163 = CARTESIAN_POINT('',(-2.854775168113,-2.906424706913,
    3.003496046004));
#5164 = CARTESIAN_POINT('',(-2.777300859914,-2.983899015112,
    3.066753553758));
#5165 = CARTESIAN_POINT('',(-2.854775168113,-2.906424706913,
    3.130011061513));
#5166 = CARTESIAN_POINT('',(-2.932249476313,-2.828950398713,
    3.193268569268));
#5167 = CARTESIAN_POINT('',(-2.932249476313,-2.828950398713,
    3.066753553758));
#5168 = ORIENTED_EDGE('',*,*,#5169,.F.);
#5169 = EDGE_CURVE('',#5170,#5158,#5172,.T.);
#5170 = VERTEX_POINT('',#5171);
#5171 = CARTESIAN_POINT('',(-1.22237241826,-1.11907334066,3.066753553758
    ));
#5172 = B_SPLINE_CURVE_WITH_KNOTS('',1,(#5173,#5174),.UNSPECIFIED.,.F.,
  .F.,(2,2),(0.,3.972644320446),.PIECEWISE_BEZIER_KNOTS.);
#5173 = CARTESIAN_POINT('',(-1.22237241826,-1.11907334066,3.066753553758
    ));
#5174 = CARTESIAN_POINT('',(-2.932249476313,-2.828950398713,
    3.066753553758));
#5175 = ORIENTED_EDGE('',*,*,#5176,.T.);
#5176 = EDGE_CURVE('',#5170,#5170,#5177,.T.);
#5177 = ( BOUNDED_CURVE() B_SPLINE_CURVE(2,(#5178,#5179,#5180,#5181,
#5182,#5183,#5184),.UNSPECIFIED.,.T.,.F.) B_SPLINE_CURVE_WITH_KNOTS((1,2
    ,2,2,2,1),(-2.094395102393,0.,2.094395102393,4.188790204786,
6.28318530718,8.377580409573),.UNSPECIFIED.) CURVE() 
GEOMETRIC_REPRESENTATION_ITEM() RATIONAL_B_SPLINE_CURVE((1.,0.5,1.,0.5,
1.,0.5,1.)) REPRESENTATION_ITEM('') );
#5178 = CARTESIAN_POINT('',(-1.22237241826,-1.11907334066,3.066753553758
    ));
#5179 = CARTESIAN_POINT('',(-1.22237241826,-1.11907334066,2.940238538249
    ));
#5180 = CARTESIAN_POINT('',(-1.14489811006,-1.19654764886,3.003496046004
    ));
#5181 = CARTESIAN_POINT('',(-1.067423801861,-1.27402195706,
    3.066753553758));
#5182 = CARTESIAN_POINT('',(-1.14489811006,-1.19654764886,3.130011061513
    ));
#5183 = CARTESIAN_POINT('',(-1.22237241826,-1.11907334066,3.193268569268
    ));
#5184 = CARTESIAN_POINT('',(-1.22237241826,-1.11907334066,3.066753553758
    ));
#5185 = ORIENTED_EDGE('',*,*,#5169,.T.);
#5186 = ( BOUNDED_SURFACE() B_SPLINE_SURFACE(2,1,(
    (#5187,#5188)
    ,(#5189,#5190)
    ,(#5191,#5192)
    ,(#5193,#5194)
    ,(#5195,#5196)
    ,(#5197,#5198)
    ,(#5199,#5200
)),.UNSPECIFIED.,.T.,.F.,.F.) B_SPLINE_SURFACE_WITH_KNOTS((1,2,2,2,2,1),
  (2,2),(-2.094395102393,0.,2.094395102393,4.188790204786,6.28318530718,
    8.377580409573),(0.,3.972644320446),.UNSPECIFIED.) 
GEOMETRIC_REPRESENTATION_ITEM() RATIONAL_B_SPLINE_SURFACE((
    (1.,1.)
    ,(0.5,0.5)
    ,(1.,1.)
    ,(0.5,0.5)
    ,(1.,1.)
    ,(0.5,0.5)
,(1.,1.))) REPRESENTATION_ITEM('') SURFACE() );
#5187 = CARTESIAN_POINT('',(-1.22237241826,-1.11907334066,3.066753553758
    ));
#5188 = CARTESIAN_POINT('',(-2.932249476313,-2.828950398713,
    3.066753553758));
#5189 = CARTESIAN_POINT('',(-1.22237241826,-1.11907334066,2.940238538249
    ));
#5190 = CARTESIAN_POINT('',(-2.932249476313,-2.828950398713,
    2.940238538249));
#5191 = CARTESIAN_POINT('',(-1.14489811006,-1.19654764886,3.003496046004
    ));
#5192 = CARTESIAN_POINT('',(-2.854775168113,-2.906424706913,
    3.003496046004));
#5193 = CARTESIAN_POINT('',(-1.067423801861,-1.27402195706,
    3.066753553758));
#5194 = CARTESIAN_POINT('',(-2.777300859914,-2.983899015112,
    3.066753553758));
#5195 = CARTESIAN_POINT('',(-1.14489811006,-1.19654764886,3.130011061513
    ));
#5196 = CARTESIAN_POINT('',(-2.854775168113,-2.906424706913,
    3.130011061513));
#5197 = CARTESIAN_POINT('',(-1.22237241826,-1.11907334066,3.193268569268
    ));
#5198 = CARTESIAN_POINT('',(-2.932249476313,-2.828950398713,
    3.193268569268));
#5199 = CARTESIAN_POINT('',(-1.22237241826,-1.11907334066,3.066753553758
    ));
#5200 = CARTESIAN_POINT('',(-2.932249476313,-2.828950398713,
    3.066753553758));
#5201 = ADVANCED_FACE('',(#5202),#5205,.T.);
#5202 = FACE_BOUND('',#5203,.T.);
#5203 = EDGE_LOOP('',(#5204));
#5204 = ORIENTED_EDGE('',*,*,#5157,.T.);
#5205 = B_SPLINE_SURFACE_WITH_KNOTS('',1,1,(
    (#5206,#5207)
    ,(#5208,#5209
    )),.UNSPECIFIED.,.F.,.F.,.F.,(2,2),(2,2),(-0.12,0.12),(-0.12,0.12),
  .PIECEWISE_BEZIER_KNOTS.);
#5206 = CARTESIAN_POINT('',(-2.828950398713,-2.932249476313,
    3.139797032019));
#5207 = CARTESIAN_POINT('',(-2.828950398713,-2.932249476313,
    2.993710075498));
#5208 = CARTESIAN_POINT('',(-2.932249476313,-2.828950398713,
    3.139797032019));
#5209 = CARTESIAN_POINT('',(-2.932249476313,-2.828950398713,
    2.993710075498));
#5210 = ADVANCED_FACE('',(#5211),#5246,.T.);
#5211 = FACE_BOUND('',#5212,.T.);
#5212 = EDGE_LOOP('',(#5213,#5220,#5221,#5222,#5230,#5238));
#5213 = ORIENTED_EDGE('',*,*,#5214,.T.);
#5214 = EDGE_CURVE('',#5215,#5170,#5217,.T.);
#5215 = VERTEX_POINT('',#5216);
#5216 = CARTESIAN_POINT('',(-0.146340359933,-4.304128233309E-02,
    3.066753553758));
#5217 = B_SPLINE_CURVE_WITH_KNOTS('',1,(#5218,#5219),.UNSPECIFIED.,.F.,
  .F.,(2,2),(0.,2.5),.PIECEWISE_BEZIER_KNOTS.);
#5218 = CARTESIAN_POINT('',(-0.146340359933,-4.304128233309E-02,
    3.066753553758));
#5219 = CARTESIAN_POINT('',(-1.22237241826,-1.11907334066,3.066753553758
    ));
#5220 = ORIENTED_EDGE('',*,*,#5176,.F.);
#5221 = ORIENTED_EDGE('',*,*,#5214,.F.);
#5222 = ORIENTED_EDGE('',*,*,#5223,.T.);
#5223 = EDGE_CURVE('',#5215,#5224,#5226,.T.);
#5224 = VERTEX_POINT('',#5225);
#5225 = CARTESIAN_POINT('',(-0.146340359933,-0.146340359933,
    2.993710075498));
#5226 = ( BOUNDED_CURVE() B_SPLINE_CURVE(2,(#5227,#5228,#5229),
.UNSPECIFIED.,.F.,.F.) B_SPLINE_CURVE_WITH_KNOTS((3,3),(4.712388980367,
6.28318530718),.PIECEWISE_BEZIER_KNOTS.) CURVE() 
GEOMETRIC_REPRESENTATION_ITEM() RATIONAL_B_SPLINE_CURVE((1.,
0.70710678118,1.)) REPRESENTATION_ITEM('') );
#5227 = CARTESIAN_POINT('',(-0.146340359932,-4.30412823322E-02,
    3.06675355376));
#5228 = CARTESIAN_POINT('',(-0.197989898733,-9.469082113191E-02,
    2.993710075498));
#5229 = CARTESIAN_POINT('',(-0.146340359933,-0.146340359933,
    2.993710075498));
#5230 = ORIENTED_EDGE('',*,*,#5231,.T.);
#5231 = EDGE_CURVE('',#5224,#5232,#5234,.T.);
#5232 = VERTEX_POINT('',#5233);
#5233 = CARTESIAN_POINT('',(-4.304128233309E-02,-0.146340359933,
    3.066753553758));
#5234 = ( BOUNDED_CURVE() B_SPLINE_CURVE(2,(#5235,#5236,#5237),
.UNSPECIFIED.,.F.,.F.) B_SPLINE_CURVE_WITH_KNOTS((3,3),(0.,
1.570796325363),.PIECEWISE_BEZIER_KNOTS.) CURVE() 
GEOMETRIC_REPRESENTATION_ITEM() RATIONAL_B_SPLINE_CURVE((1.,
0.707106781693,1.)) REPRESENTATION_ITEM('') );
#5235 = CARTESIAN_POINT('',(-0.146340359933,-0.146340359933,
    2.993710075498));
#5236 = CARTESIAN_POINT('',(-9.469082120675E-02,-0.197989898658,
    2.993710075498));
#5237 = CARTESIAN_POINT('',(-4.304128240704E-02,-0.146340360006,
    3.066753553654));
#5238 = ORIENTED_EDGE('',*,*,#5239,.T.);
#5239 = EDGE_CURVE('',#5232,#5215,#5240,.T.);
#5240 = ( BOUNDED_CURVE() B_SPLINE_CURVE(2,(#5241,#5242,#5243,#5244,
#5245),.UNSPECIFIED.,.F.,.F.) B_SPLINE_CURVE_WITH_KNOTS((3,2,3),(
    3.14159265359,4.712388980385,6.28318530718),
.PIECEWISE_BEZIER_KNOTS.) CURVE() GEOMETRIC_REPRESENTATION_ITEM() 
RATIONAL_B_SPLINE_CURVE((1.,0.707106781187,1.,0.707106781187,1.)) 
REPRESENTATION_ITEM('') );
#5241 = CARTESIAN_POINT('',(-4.304128233309E-02,-0.146340359933,
    3.066753553758));
#5242 = CARTESIAN_POINT('',(-4.304128233309E-02,-0.146340359933,
    3.139797032019));
#5243 = CARTESIAN_POINT('',(-9.469082113281E-02,-9.469082113281E-02,
    3.139797032019));
#5244 = CARTESIAN_POINT('',(-0.146340359933,-4.304128233309E-02,
    3.139797032019));
#5245 = CARTESIAN_POINT('',(-0.146340359933,-4.304128233309E-02,
    3.066753553758));
#5246 = ( BOUNDED_SURFACE() B_SPLINE_SURFACE(2,1,(
    (#5247,#5248)
    ,(#5249,#5250)
    ,(#5251,#5252)
    ,(#5253,#5254)
    ,(#5255,#5256)
    ,(#5257,#5258)
    ,(#5259,#5260
)),.UNSPECIFIED.,.T.,.F.,.F.) B_SPLINE_SURFACE_WITH_KNOTS((1,2,2,2,2,1),
  (2,2),(-2.094395102393,0.,2.094395102393,4.188790204786,6.28318530718,
    8.377580409573),(-2.074812543995E-12,2.5),.UNSPECIFIED.) 
GEOMETRIC_REPRESENTATION_ITEM() RATIONAL_B_SPLINE_SURFACE((
    (1.,1.)
    ,(0.5,0.5)
    ,(1.,1.)
    ,(0.5,0.5)
    ,(1.,1.)
    ,(0.5,0.5)
,(1.,1.))) REPRESENTATION_ITEM('') SURFACE() );
#5247 = CARTESIAN_POINT('',(-0.146340359932,-4.30412823322E-02,
    3.066753553758));
#5248 = CARTESIAN_POINT('',(-1.22237241826,-1.11907334066,3.066753553758
    ));
#5249 = CARTESIAN_POINT('',(-0.146340359932,-4.30412823322E-02,
    2.940238538249));
#5250 = CARTESIAN_POINT('',(-1.22237241826,-1.11907334066,2.940238538249
    ));
#5251 = CARTESIAN_POINT('',(-6.886605173206E-02,-0.120515590532,
    3.003496046004));
#5252 = CARTESIAN_POINT('',(-1.14489811006,-1.19654764886,3.003496046004
    ));
#5253 = CARTESIAN_POINT('',(8.608256467512E-03,-0.197989898731,
    3.066753553758));
#5254 = CARTESIAN_POINT('',(-1.067423801861,-1.27402195706,
    3.066753553758));
#5255 = CARTESIAN_POINT('',(-6.886605173206E-02,-0.120515590532,
    3.130011061513));
#5256 = CARTESIAN_POINT('',(-1.14489811006,-1.19654764886,3.130011061513
    ));
#5257 = CARTESIAN_POINT('',(-0.146340359932,-4.30412823322E-02,
    3.193268569268));
#5258 = CARTESIAN_POINT('',(-1.22237241826,-1.11907334066,3.193268569268
    ));
#5259 = CARTESIAN_POINT('',(-0.146340359932,-4.30412823322E-02,
    3.066753553758));
#5260 = CARTESIAN_POINT('',(-1.22237241826,-1.11907334066,3.066753553758
    ));
#5261 = ADVANCED_FACE('',(#5262),#5270,.F.);
#5262 = FACE_BOUND('',#5263,.F.);
#5263 = EDGE_LOOP('',(#5264,#5265));
#5264 = ORIENTED_EDGE('',*,*,#5239,.T.);
#5265 = ORIENTED_EDGE('',*,*,#5266,.F.);
#5266 = EDGE_CURVE('',#5232,#5215,#5267,.T.);
#5267 = B_SPLINE_CURVE_WITH_KNOTS('',1,(#5268,#5269),.UNSPECIFIED.,.F.,
  .F.,(2,2),(-0.12,0.12),.PIECEWISE_BEZIER_KNOTS.);
#5268 = CARTESIAN_POINT('',(-4.304128233309E-02,-0.146340359933,
    3.066753553758));
#5269 = CARTESIAN_POINT('',(-0.146340359933,-4.304128233309E-02,
    3.066753553758));
#5270 = B_SPLINE_SURFACE_WITH_KNOTS('',1,1,(
    (#5271,#5272)
    ,(#5273,#5274
    )),.UNSPECIFIED.,.F.,.F.,.F.,(2,2),(2,2),(-0.12,0.12),(-0.12,
    1.469576158977E-17),.PIECEWISE_BEZIER_KNOTS.);
#5271 = CARTESIAN_POINT('',(-4.304128233309E-02,-0.146340359933,
    3.139797032019));
#5272 = CARTESIAN_POINT('',(-4.304128233309E-02,-0.146340359933,
    3.066753553758));
#5273 = CARTESIAN_POINT('',(-0.146340359933,-4.304128233309E-02,
    3.139797032019));
#5274 = CARTESIAN_POINT('',(-0.146340359933,-4.304128233309E-02,
    3.066753553758));
#5275 = ADVANCED_FACE('',(#5276),#5314,.T.);
#5276 = FACE_BOUND('',#5277,.T.);
#5277 = EDGE_LOOP('',(#5278,#5287,#5295,#5296,#5297,#5303,#5304));
#5278 = ORIENTED_EDGE('',*,*,#5279,.T.);
#5279 = EDGE_CURVE('',#5280,#5282,#5284,.T.);
#5280 = VERTEX_POINT('',#5281);
#5281 = CARTESIAN_POINT('',(-0.113595864427,-2.413623903865E-02,
    3.652173913043E-02));
#5282 = VERTEX_POINT('',#5283);
#5283 = CARTESIAN_POINT('',(-0.113595864427,-2.413623903865E-02,
    3.066753553758));
#5284 = B_SPLINE_CURVE_WITH_KNOTS('',1,(#5285,#5286),.UNSPECIFIED.,.F.,
  .F.,(2,2),(0.,4.978237981175),.PIECEWISE_BEZIER_KNOTS.);
#5285 = CARTESIAN_POINT('',(-0.113595864427,-2.413623903865E-02,
    3.652173913043E-02));
#5286 = CARTESIAN_POINT('',(-0.113595864427,-2.413623903865E-02,
    3.066753553758));
#5287 = ORIENTED_EDGE('',*,*,#5288,.F.);
#5288 = EDGE_CURVE('',#5232,#5282,#5289,.T.);
#5289 = ( BOUNDED_CURVE() B_SPLINE_CURVE(2,(#5290,#5291,#5292,#5293,
#5294),.UNSPECIFIED.,.F.,.F.) B_SPLINE_CURVE_WITH_KNOTS((3,2,3),(
    3.665191429188,4.974188368184,6.28318530718),
.PIECEWISE_BEZIER_KNOTS.) CURVE() GEOMETRIC_REPRESENTATION_ITEM() 
RATIONAL_B_SPLINE_CURVE((1.,0.793353340291,1.,0.793353340291,1.)) 
REPRESENTATION_ITEM('') );
#5290 = CARTESIAN_POINT('',(-4.304128233309E-02,-0.146340359933,
    3.066753553758));
#5291 = CARTESIAN_POINT('',(-3.409197295408E-03,-0.106708274895,
    3.066753553758));
#5292 = CARTESIAN_POINT('',(-3.143331337812E-02,-5.816908200237E-02,
    3.066753553758));
#5293 = CARTESIAN_POINT('',(-5.945742946083E-02,-9.629889109911E-03,
    3.066753553758));
#5294 = CARTESIAN_POINT('',(-0.113595864427,-2.413623903865E-02,
    3.066753553758));
#5295 = ORIENTED_EDGE('',*,*,#5231,.F.);
#5296 = ORIENTED_EDGE('',*,*,#5223,.F.);
#5297 = ORIENTED_EDGE('',*,*,#5298,.F.);
#5298 = EDGE_CURVE('',#5282,#5215,#5299,.T.);
#5299 = ( BOUNDED_CURVE() B_SPLINE_CURVE(2,(#5300,#5301,#5302),
.UNSPECIFIED.,.F.,.F.) B_SPLINE_CURVE_WITH_KNOTS((3,3),(0.,
0.523598775598),.PIECEWISE_BEZIER_KNOTS.) CURVE() 
GEOMETRIC_REPRESENTATION_ITEM() RATIONAL_B_SPLINE_CURVE((1.,
0.965925826289,1.)) REPRESENTATION_ITEM('') );
#5300 = CARTESIAN_POINT('',(-0.113595864427,-2.413623903865E-02,
    3.066753553758));
#5301 = CARTESIAN_POINT('',(-0.132500907722,-2.920183012227E-02,
    3.066753553758));
#5302 = CARTESIAN_POINT('',(-0.146340359933,-4.304128233309E-02,
    3.066753553758));
#5303 = ORIENTED_EDGE('',*,*,#5279,.F.);
#5304 = ORIENTED_EDGE('',*,*,#5305,.T.);
#5305 = EDGE_CURVE('',#5280,#5280,#5306,.T.);
#5306 = ( BOUNDED_CURVE() B_SPLINE_CURVE(2,(#5307,#5308,#5309,#5310,
#5311,#5312,#5313),.UNSPECIFIED.,.T.,.F.) B_SPLINE_CURVE_WITH_KNOTS((1,2
    ,2,2,2,1),(-2.094395102393,0.,2.094395102393,4.188790204786,
6.28318530718,8.377580409573),.UNSPECIFIED.) CURVE() 
GEOMETRIC_REPRESENTATION_ITEM() RATIONAL_B_SPLINE_CURVE((1.,0.5,1.,0.5,
1.,0.5,1.)) REPRESENTATION_ITEM('') );
#5307 = CARTESIAN_POINT('',(-0.113595864427,-2.413623903865E-02,
    3.652173913043E-02));
#5308 = CARTESIAN_POINT('',(-0.235799985321,-5.688073454392E-02,
    3.652173913043E-02));
#5309 = CARTESIAN_POINT('',(-0.146340359933,-0.146340359933,
    3.652173913043E-02));
#5310 = CARTESIAN_POINT('',(-5.688073454392E-02,-0.235799985321,
    3.652173913043E-02));
#5311 = CARTESIAN_POINT('',(-2.413623903865E-02,-0.113595864427,
    3.652173913043E-02));
#5312 = CARTESIAN_POINT('',(8.608256466619E-03,8.608256466619E-03,
    3.652173913043E-02));
#5313 = CARTESIAN_POINT('',(-0.113595864427,-2.413623903865E-02,
    3.652173913043E-02));
#5314 = ( BOUNDED_SURFACE() B_SPLINE_SURFACE(2,1,(
    (#5315,#5316)
    ,(#5317,#5318)
    ,(#5319,#5320)
    ,(#5321,#5322)
    ,(#5323,#5324)
    ,(#5325,#5326)
    ,(#5327,#5328
)),.UNSPECIFIED.,.T.,.F.,.F.) B_SPLINE_SURFACE_WITH_KNOTS((1,2,2,2,2,1),
  (2,2),(-2.094395102393,0.,2.094395102393,4.188790204786,6.28318530718,
    8.377580409573),(0.,4.978237981177),.UNSPECIFIED.) 
GEOMETRIC_REPRESENTATION_ITEM() RATIONAL_B_SPLINE_SURFACE((
    (1.,1.)
    ,(0.5,0.5)
    ,(1.,1.)
    ,(0.5,0.5)
    ,(1.,1.)
    ,(0.5,0.5)
,(1.,1.))) REPRESENTATION_ITEM('') SURFACE() );
#5315 = CARTESIAN_POINT('',(-0.113595864427,-2.413623903865E-02,
    3.652173913043E-02));
#5316 = CARTESIAN_POINT('',(-0.113595864427,-2.413623903865E-02,
    3.06675355376));
#5317 = CARTESIAN_POINT('',(-0.235799985321,-5.688073454392E-02,
    3.652173913043E-02));
#5318 = CARTESIAN_POINT('',(-0.235799985321,-5.688073454392E-02,
    3.06675355376));
#5319 = CARTESIAN_POINT('',(-0.146340359933,-0.146340359933,
    3.652173913043E-02));
#5320 = CARTESIAN_POINT('',(-0.146340359933,-0.146340359933,
    3.06675355376));
#5321 = CARTESIAN_POINT('',(-5.688073454392E-02,-0.235799985321,
    3.652173913043E-02));
#5322 = CARTESIAN_POINT('',(-5.688073454392E-02,-0.235799985321,
    3.06675355376));
#5323 = CARTESIAN_POINT('',(-2.413623903865E-02,-0.113595864427,
    3.652173913043E-02));
#5324 = CARTESIAN_POINT('',(-2.413623903865E-02,-0.113595864427,
    3.06675355376));
#5325 = CARTESIAN_POINT('',(8.608256466619E-03,8.608256466619E-03,
    3.652173913043E-02));
#5326 = CARTESIAN_POINT('',(8.608256466619E-03,8.608256466619E-03,
    3.06675355376));
#5327 = CARTESIAN_POINT('',(-0.113595864427,-2.413623903865E-02,
    3.652173913043E-02));
#5328 = CARTESIAN_POINT('',(-0.113595864427,-2.413623903865E-02,
    3.06675355376));
#5329 = ADVANCED_FACE('',(#5330),#5335,.T.);
#5330 = FACE_BOUND('',#5331,.T.);
#5331 = EDGE_LOOP('',(#5332,#5333,#5334));
#5332 = ORIENTED_EDGE('',*,*,#5288,.T.);
#5333 = ORIENTED_EDGE('',*,*,#5298,.T.);
#5334 = ORIENTED_EDGE('',*,*,#5266,.F.);
#5335 = B_SPLINE_SURFACE_WITH_KNOTS('',1,1,(
    (#5336,#5337)
    ,(#5338,#5339
    )),.UNSPECIFIED.,.F.,.F.,.F.,(2,2),(2,2),(-0.103923048454,0.12),(
    -0.12,6.E-02),.PIECEWISE_BEZIER_KNOTS.);
#5336 = CARTESIAN_POINT('',(-7.763991286015E-03,-0.136887838285,
    3.066753553758));
#5337 = CARTESIAN_POINT('',(-0.113595864427,-0.165245403227,
    3.066753553758));
#5338 = CARTESIAN_POINT('',(-4.304128233309E-02,-5.231195744204E-03,
    3.066753553758));
#5339 = CARTESIAN_POINT('',(-0.148873155474,-3.358876068587E-02,
    3.066753553758));
#5340 = ADVANCED_FACE('',(#5341),#5344,.F.);
#5341 = FACE_BOUND('',#5342,.T.);
#5342 = EDGE_LOOP('',(#5343));
#5343 = ORIENTED_EDGE('',*,*,#5305,.F.);
#5344 = B_SPLINE_SURFACE_WITH_KNOTS('',1,1,(
    (#5345,#5346)
    ,(#5347,#5348
    )),.UNSPECIFIED.,.F.,.F.,.F.,(2,2),(2,2),(-0.12,0.12),(-0.12,0.12),
  .PIECEWISE_BEZIER_KNOTS.);
#5345 = CARTESIAN_POINT('',(-5.231195744204E-03,-0.146340359933,
    3.652173913043E-02));
#5346 = CARTESIAN_POINT('',(-0.146340359933,-0.184150446521,
    3.652173913043E-02));
#5347 = CARTESIAN_POINT('',(-4.304128233309E-02,-5.231195744204E-03,
    3.652173913043E-02));
#5348 = CARTESIAN_POINT('',(-0.184150446521,-4.304128233309E-02,
    3.652173913043E-02));
#5349 = MANIFOLD_SOLID_BREP('',#5350);
#5350 = CLOSED_SHELL('',(#5351,#5379,#5404,#5424,#5452,#5469));
#5351 = ADVANCED_FACE('',(#5352,#5363),#5374,.T.);
#5352 = FACE_BOUND('',#5353,.T.);
#5353 = EDGE_LOOP('',(#5354));
#5354 = ORIENTED_EDGE('',*,*,#5355,.T.);
#5355 = EDGE_CURVE('',#5356,#5356,#5358,.T.);
#5356 = VERTEX_POINT('',#5357);
#5357 = CARTESIAN_POINT('',(89.657822208242,-2.195983299717E-14,56.75));
#5358 = CIRCLE('',#5359,89.657822208242);
#5359 = AXIS2_PLACEMENT_3D('',#5360,#5361,#5362);
#5360 = CARTESIAN_POINT('',(0.,0.,56.75));
#5361 = DIRECTION('',(0.,0.,1.));
#5362 = DIRECTION('',(1.,0.,0.));
#5363 = FACE_BOUND('',#5364,.T.);
#5364 = EDGE_LOOP('',(#5365));
#5365 = ORIENTED_EDGE('',*,*,#5366,.F.);
#5366 = EDGE_CURVE('',#5367,#5367,#5369,.T.);
#5367 = VERTEX_POINT('',#5368);
#5368 = CARTESIAN_POINT('',(63.657822208242,-1.55916696416E-14,56.75));
#5369 = CIRCLE('',#5370,63.657822208242);
#5370 = AXIS2_PLACEMENT_3D('',#5371,#5372,#5373);
#5371 = CARTESIAN_POINT('',(0.,0.,56.75));
#5372 = DIRECTION('',(0.,0.,1.));
#5373 = DIRECTION('',(1.,0.,0.));
#5374 = PLANE('',#5375);
#5375 = AXIS2_PLACEMENT_3D('',#5376,#5377,#5378);
#5376 = CARTESIAN_POINT('',(0.,0.,56.75));
#5377 = DIRECTION('',(0.,0.,1.));
#5378 = DIRECTION('',(1.,0.,0.));
#5379 = ADVANCED_FACE('',(#5380),#5399,.T.);
#5380 = FACE_BOUND('',#5381,.T.);
#5381 = EDGE_LOOP('',(#5382,#5383,#5391,#5398));
#5382 = ORIENTED_EDGE('',*,*,#5355,.F.);
#5383 = ORIENTED_EDGE('',*,*,#5384,.F.);
#5384 = EDGE_CURVE('',#5385,#5356,#5387,.T.);
#5385 = VERTEX_POINT('',#5386);
#5386 = CARTESIAN_POINT('',(89.657822208242,-2.195983299717E-14,47.75));
#5387 = LINE('',#5388,#5389);
#5388 = CARTESIAN_POINT('',(89.657822208242,-2.195983299717E-14,47.75));
#5389 = VECTOR('',#5390,1.);
#5390 = DIRECTION('',(0.,0.,1.));
#5391 = ORIENTED_EDGE('',*,*,#5392,.T.);
#5392 = EDGE_CURVE('',#5385,#5385,#5393,.T.);
#5393 = CIRCLE('',#5394,89.657822208242);
#5394 = AXIS2_PLACEMENT_3D('',#5395,#5396,#5397);
#5395 = CARTESIAN_POINT('',(0.,0.,47.75));
#5396 = DIRECTION('',(0.,0.,1.));
#5397 = DIRECTION('',(1.,0.,0.));
#5398 = ORIENTED_EDGE('',*,*,#5384,.T.);
#5399 = CYLINDRICAL_SURFACE('',#5400,89.657822208242);
#5400 = AXIS2_PLACEMENT_3D('',#5401,#5402,#5403);
#5401 = CARTESIAN_POINT('',(0.,0.,47.75));
#5402 = DIRECTION('',(0.,0.,1.));
#5403 = DIRECTION('',(1.,0.,0.));
#5404 = ADVANCED_FACE('',(#5405,#5408),#5419,.F.);
#5405 = FACE_BOUND('',#5406,.F.);
#5406 = EDGE_LOOP('',(#5407));
#5407 = ORIENTED_EDGE('',*,*,#5392,.T.);
#5408 = FACE_BOUND('',#5409,.F.);
#5409 = EDGE_LOOP('',(#5410));
#5410 = ORIENTED_EDGE('',*,*,#5411,.F.);
#5411 = EDGE_CURVE('',#5412,#5412,#5414,.T.);
#5412 = VERTEX_POINT('',#5413);
#5413 = CARTESIAN_POINT('',(79.657822208242,-1.951053939887E-14,47.75));
#5414 = CIRCLE('',#5415,79.657822208242);
#5415 = AXIS2_PLACEMENT_3D('',#5416,#5417,#5418);
#5416 = CARTESIAN_POINT('',(0.,0.,47.75));
#5417 = DIRECTION('',(0.,0.,1.));
#5418 = DIRECTION('',(1.,0.,0.));
#5419 = PLANE('',#5420);
#5420 = AXIS2_PLACEMENT_3D('',#5421,#5422,#5423);
#5421 = CARTESIAN_POINT('',(0.,0.,47.75));
#5422 = DIRECTION('',(0.,0.,1.));
#5423 = DIRECTION('',(1.,0.,0.));
#5424 = ADVANCED_FACE('',(#5425,#5436),#5447,.F.);
#5425 = FACE_BOUND('',#5426,.F.);
#5426 = EDGE_LOOP('',(#5427));
#5427 = ORIENTED_EDGE('',*,*,#5428,.T.);
#5428 = EDGE_CURVE('',#5429,#5429,#5431,.T.);
#5429 = VERTEX_POINT('',#5430);
#5430 = CARTESIAN_POINT('',(79.657822208242,-1.951053939887E-14,-50.));
#5431 = CIRCLE('',#5432,79.657822208242);
#5432 = AXIS2_PLACEMENT_3D('',#5433,#5434,#5435);
#5433 = CARTESIAN_POINT('',(0.,0.,-50.));
#5434 = DIRECTION('',(0.,0.,1.));
#5435 = DIRECTION('',(1.,0.,0.));
#5436 = FACE_BOUND('',#5437,.F.);
#5437 = EDGE_LOOP('',(#5438));
#5438 = ORIENTED_EDGE('',*,*,#5439,.F.);
#5439 = EDGE_CURVE('',#5440,#5440,#5442,.T.);
#5440 = VERTEX_POINT('',#5441);
#5441 = CARTESIAN_POINT('',(63.657822208242,-1.55916696416E-14,-50.));
#5442 = CIRCLE('',#5443,63.657822208242);
#5443 = AXIS2_PLACEMENT_3D('',#5444,#5445,#5446);
#5444 = CARTESIAN_POINT('',(0.,0.,-50.));
#5445 = DIRECTION('',(0.,0.,1.));
#5446 = DIRECTION('',(1.,0.,0.));
#5447 = PLANE('',#5448);
#5448 = AXIS2_PLACEMENT_3D('',#5449,#5450,#5451);
#5449 = CARTESIAN_POINT('',(0.,0.,-50.));
#5450 = DIRECTION('',(0.,0.,1.));
#5451 = DIRECTION('',(1.,0.,0.));
#5452 = ADVANCED_FACE('',(#5453),#5464,.T.);
#5453 = FACE_BOUND('',#5454,.T.);
#5454 = EDGE_LOOP('',(#5455,#5456,#5462,#5463));
#5455 = ORIENTED_EDGE('',*,*,#5411,.F.);
#5456 = ORIENTED_EDGE('',*,*,#5457,.F.);
#5457 = EDGE_CURVE('',#5429,#5412,#5458,.T.);
#5458 = LINE('',#5459,#5460);
#5459 = CARTESIAN_POINT('',(79.657822208242,-1.951053939887E-14,-50.));
#5460 = VECTOR('',#5461,1.);
#5461 = DIRECTION('',(0.,0.,1.));
#5462 = ORIENTED_EDGE('',*,*,#5428,.T.);
#5463 = ORIENTED_EDGE('',*,*,#5457,.T.);
#5464 = CYLINDRICAL_SURFACE('',#5465,79.657822208242);
#5465 = AXIS2_PLACEMENT_3D('',#5466,#5467,#5468);
#5466 = CARTESIAN_POINT('',(0.,0.,-50.));
#5467 = DIRECTION('',(0.,0.,1.));
#5468 = DIRECTION('',(1.,0.,0.));
#5469 = ADVANCED_FACE('',(#5470),#5480,.F.);
#5470 = FACE_BOUND('',#5471,.F.);
#5471 = EDGE_LOOP('',(#5472,#5473,#5478,#5479));
#5472 = ORIENTED_EDGE('',*,*,#5366,.F.);
#5473 = ORIENTED_EDGE('',*,*,#5474,.F.);
#5474 = EDGE_CURVE('',#5440,#5367,#5475,.T.);
#5475 = B_SPLINE_CURVE_WITH_KNOTS('',1,(#5476,#5477),.UNSPECIFIED.,.F.,
  .F.,(2,2),(2.,108.75),.PIECEWISE_BEZIER_KNOTS.);
#5476 = CARTESIAN_POINT('',(63.657822208242,-1.55916696416E-14,-50.));
#5477 = CARTESIAN_POINT('',(63.657822208242,-1.55916696416E-14,56.75));
#5478 = ORIENTED_EDGE('',*,*,#5439,.T.);
#5479 = ORIENTED_EDGE('',*,*,#5474,.T.);
#5480 = CYLINDRICAL_SURFACE('',#5481,63.657822208242);
#5481 = AXIS2_PLACEMENT_3D('',#5482,#5483,#5484);
#5482 = CARTESIAN_POINT('',(0.,0.,-52.));
#5483 = DIRECTION('',(0.,0.,1.));
#5484 = DIRECTION('',(1.,0.,0.));
#5485 = MANIFOLD_SOLID_BREP('',#5486);
#5486 = CLOSED_SHELL('',(#5487,#5520,#5540,#5560,#5585,#5610,#5630,#5650
    ));
#5487 = ADVANCED_FACE('',(#5488),#5515,.T.);
#5488 = FACE_BOUND('',#5489,.T.);
#5489 = EDGE_LOOP('',(#5490,#5499,#5507,#5514));
#5490 = ORIENTED_EDGE('',*,*,#5491,.F.);
#5491 = EDGE_CURVE('',#5492,#5492,#5494,.T.);
#5492 = VERTEX_POINT('',#5493);
#5493 = CARTESIAN_POINT('',(83.157822208242,-2.036779215828E-14,64.));
#5494 = CIRCLE('',#5495,83.157822208242);
#5495 = AXIS2_PLACEMENT_3D('',#5496,#5497,#5498);
#5496 = CARTESIAN_POINT('',(0.,0.,64.));
#5497 = DIRECTION('',(0.,0.,1.));
#5498 = DIRECTION('',(1.,0.,0.));
#5499 = ORIENTED_EDGE('',*,*,#5500,.F.);
#5500 = EDGE_CURVE('',#5501,#5492,#5503,.T.);
#5501 = VERTEX_POINT('',#5502);
#5502 = CARTESIAN_POINT('',(83.157822208242,-2.036779215828E-14,50.));
#5503 = LINE('',#5504,#5505);
#5504 = CARTESIAN_POINT('',(83.157822208242,-2.036779215828E-14,50.));
#5505 = VECTOR('',#5506,1.);
#5506 = DIRECTION('',(0.,0.,1.));
#5507 = ORIENTED_EDGE('',*,*,#5508,.T.);
#5508 = EDGE_CURVE('',#5501,#5501,#5509,.T.);
#5509 = CIRCLE('',#5510,83.157822208242);
#5510 = AXIS2_PLACEMENT_3D('',#5511,#5512,#5513);
#5511 = CARTESIAN_POINT('',(0.,0.,50.));
#5512 = DIRECTION('',(0.,0.,1.));
#5513 = DIRECTION('',(1.,0.,0.));
#5514 = ORIENTED_EDGE('',*,*,#5500,.T.);
#5515 = CYLINDRICAL_SURFACE('',#5516,83.157822208242);
#5516 = AXIS2_PLACEMENT_3D('',#5517,#5518,#5519);
#5517 = CARTESIAN_POINT('',(0.,0.,50.));
#5518 = DIRECTION('',(0.,0.,1.));
#5519 = DIRECTION('',(1.,0.,0.));
#5520 = ADVANCED_FACE('',(#5521,#5524),#5535,.T.);
#5521 = FACE_BOUND('',#5522,.T.);
#5522 = EDGE_LOOP('',(#5523));
#5523 = ORIENTED_EDGE('',*,*,#5491,.T.);
#5524 = FACE_BOUND('',#5525,.T.);
#5525 = EDGE_LOOP('',(#5526));
#5526 = ORIENTED_EDGE('',*,*,#5527,.F.);
#5527 = EDGE_CURVE('',#5528,#5528,#5530,.T.);
#5528 = VERTEX_POINT('',#5529);
#5529 = CARTESIAN_POINT('',(35.011802214533,-8.575418302882E-15,64.));
#5530 = CIRCLE('',#5531,35.011802214533);
#5531 = AXIS2_PLACEMENT_3D('',#5532,#5533,#5534);
#5532 = CARTESIAN_POINT('',(0.,0.,64.));
#5533 = DIRECTION('',(0.,0.,1.));
#5534 = DIRECTION('',(1.,0.,0.));
#5535 = PLANE('',#5536);
#5536 = AXIS2_PLACEMENT_3D('',#5537,#5538,#5539);
#5537 = CARTESIAN_POINT('',(0.,0.,64.));
#5538 = DIRECTION('',(0.,0.,1.));
#5539 = DIRECTION('',(1.,0.,0.));
#5540 = ADVANCED_FACE('',(#5541,#5544),#5555,.F.);
#5541 = FACE_BOUND('',#5542,.F.);
#5542 = EDGE_LOOP('',(#5543));
#5543 = ORIENTED_EDGE('',*,*,#5508,.T.);
#5544 = FACE_BOUND('',#5545,.F.);
#5545 = EDGE_LOOP('',(#5546));
#5546 = ORIENTED_EDGE('',*,*,#5547,.F.);
#5547 = EDGE_CURVE('',#5548,#5548,#5550,.T.);
#5548 = VERTEX_POINT('',#5549);
#5549 = CARTESIAN_POINT('',(58.565196431582,-1.434433607027E-14,50.));
#5550 = CIRCLE('',#5551,58.565196431582);
#5551 = AXIS2_PLACEMENT_3D('',#5552,#5553,#5554);
#5552 = CARTESIAN_POINT('',(0.,0.,50.));
#5553 = DIRECTION('',(0.,0.,1.));
#5554 = DIRECTION('',(1.,0.,0.));
#5555 = PLANE('',#5556);
#5556 = AXIS2_PLACEMENT_3D('',#5557,#5558,#5559);
#5557 = CARTESIAN_POINT('',(0.,0.,50.));
#5558 = DIRECTION('',(0.,0.,1.));
#5559 = DIRECTION('',(1.,0.,0.));
#5560 = ADVANCED_FACE('',(#5561),#5580,.F.);
#5561 = FACE_BOUND('',#5562,.F.);
#5562 = EDGE_LOOP('',(#5563,#5564,#5572,#5579));
#5563 = ORIENTED_EDGE('',*,*,#5527,.F.);
#5564 = ORIENTED_EDGE('',*,*,#5565,.F.);
#5565 = EDGE_CURVE('',#5566,#5528,#5568,.T.);
#5566 = VERTEX_POINT('',#5567);
#5567 = CARTESIAN_POINT('',(35.011802214533,-8.575418302882E-15,50.));
#5568 = LINE('',#5569,#5570);
#5569 = CARTESIAN_POINT('',(35.011802214533,-8.575418302882E-15,49.));
#5570 = VECTOR('',#5571,1.);
#5571 = DIRECTION('',(0.,0.,1.));
#5572 = ORIENTED_EDGE('',*,*,#5573,.T.);
#5573 = EDGE_CURVE('',#5566,#5566,#5574,.T.);
#5574 = CIRCLE('',#5575,35.011802214533);
#5575 = AXIS2_PLACEMENT_3D('',#5576,#5577,#5578);
#5576 = CARTESIAN_POINT('',(0.,0.,50.));
#5577 = DIRECTION('',(0.,0.,1.));
#5578 = DIRECTION('',(1.,0.,0.));
#5579 = ORIENTED_EDGE('',*,*,#5565,.T.);
#5580 = CYLINDRICAL_SURFACE('',#5581,35.011802214533);
#5581 = AXIS2_PLACEMENT_3D('',#5582,#5583,#5584);
#5582 = CARTESIAN_POINT('',(0.,0.,49.));
#5583 = DIRECTION('',(0.,0.,1.));
#5584 = DIRECTION('',(1.,0.,0.));
#5585 = ADVANCED_FACE('',(#5586),#5605,.T.);
#5586 = FACE_BOUND('',#5587,.T.);
#5587 = EDGE_LOOP('',(#5588,#5589,#5597,#5604));
#5588 = ORIENTED_EDGE('',*,*,#5547,.F.);
#5589 = ORIENTED_EDGE('',*,*,#5590,.F.);
#5590 = EDGE_CURVE('',#5591,#5548,#5593,.T.);
#5591 = VERTEX_POINT('',#5592);
#5592 = CARTESIAN_POINT('',(58.565196431582,-1.434433607027E-14,49.02));
#5593 = LINE('',#5594,#5595);
#5594 = CARTESIAN_POINT('',(58.565196431582,-1.434433607027E-14,49.02));
#5595 = VECTOR('',#5596,1.);
#5596 = DIRECTION('',(0.,0.,1.));
#5597 = ORIENTED_EDGE('',*,*,#5598,.T.);
#5598 = EDGE_CURVE('',#5591,#5591,#5599,.T.);
#5599 = CIRCLE('',#5600,58.565196431582);
#5600 = AXIS2_PLACEMENT_3D('',#5601,#5602,#5603);
#5601 = CARTESIAN_POINT('',(0.,0.,49.02));
#5602 = DIRECTION('',(0.,0.,1.));
#5603 = DIRECTION('',(1.,0.,0.));
#5604 = ORIENTED_EDGE('',*,*,#5590,.T.);
#5605 = CYLINDRICAL_SURFACE('',#5606,58.565196431582);
#5606 = AXIS2_PLACEMENT_3D('',#5607,#5608,#5609);
#5607 = CARTESIAN_POINT('',(0.,0.,49.02));
#5608 = DIRECTION('',(0.,0.,1.));
#5609 = DIRECTION('',(1.,0.,0.));
#5610 = ADVANCED_FACE('',(#5611,#5622),#5625,.F.);
#5611 = FACE_BOUND('',#5612,.F.);
#5612 = EDGE_LOOP('',(#5613));
#5613 = ORIENTED_EDGE('',*,*,#5614,.T.);
#5614 = EDGE_CURVE('',#5615,#5615,#5617,.T.);
#5615 = VERTEX_POINT('',#5616);
#5616 = CARTESIAN_POINT('',(36.76239232526,-9.004189218026E-15,50.));
#5617 = CIRCLE('',#5618,36.76239232526);
#5618 = AXIS2_PLACEMENT_3D('',#5619,#5620,#5621);
#5619 = CARTESIAN_POINT('',(0.,0.,50.));
#5620 = DIRECTION('',(0.,0.,1.));
#5621 = DIRECTION('',(1.,0.,0.));
#5622 = FACE_BOUND('',#5623,.F.);
#5623 = EDGE_LOOP('',(#5624));
#5624 = ORIENTED_EDGE('',*,*,#5573,.F.);
#5625 = PLANE('',#5626);
#5626 = AXIS2_PLACEMENT_3D('',#5627,#5628,#5629);
#5627 = CARTESIAN_POINT('',(0.,0.,50.));
#5628 = DIRECTION('',(0.,0.,1.));
#5629 = DIRECTION('',(1.,0.,0.));
#5630 = ADVANCED_FACE('',(#5631,#5634),#5645,.F.);
#5631 = FACE_BOUND('',#5632,.F.);
#5632 = EDGE_LOOP('',(#5633));
#5633 = ORIENTED_EDGE('',*,*,#5598,.T.);
#5634 = FACE_BOUND('',#5635,.F.);
#5635 = EDGE_LOOP('',(#5636));
#5636 = ORIENTED_EDGE('',*,*,#5637,.F.);
#5637 = EDGE_CURVE('',#5638,#5638,#5640,.T.);
#5638 = VERTEX_POINT('',#5639);
#5639 = CARTESIAN_POINT('',(36.76239232526,-9.004189218026E-15,49.02));
#5640 = CIRCLE('',#5641,36.76239232526);
#5641 = AXIS2_PLACEMENT_3D('',#5642,#5643,#5644);
#5642 = CARTESIAN_POINT('',(0.,0.,49.02));
#5643 = DIRECTION('',(0.,0.,1.));
#5644 = DIRECTION('',(1.,0.,0.));
#5645 = PLANE('',#5646);
#5646 = AXIS2_PLACEMENT_3D('',#5647,#5648,#5649);
#5647 = CARTESIAN_POINT('',(0.,0.,49.02));
#5648 = DIRECTION('',(0.,0.,1.));
#5649 = DIRECTION('',(1.,0.,0.));
#5650 = ADVANCED_FACE('',(#5651),#5662,.F.);
#5651 = FACE_BOUND('',#5652,.F.);
#5652 = EDGE_LOOP('',(#5653,#5654,#5660,#5661));
#5653 = ORIENTED_EDGE('',*,*,#5614,.F.);
#5654 = ORIENTED_EDGE('',*,*,#5655,.F.);
#5655 = EDGE_CURVE('',#5638,#5615,#5656,.T.);
#5656 = LINE('',#5657,#5658);
#5657 = CARTESIAN_POINT('',(36.76239232526,-9.004189218026E-15,48.02));
#5658 = VECTOR('',#5659,1.);
#5659 = DIRECTION('',(0.,0.,1.));
#5660 = ORIENTED_EDGE('',*,*,#5637,.T.);
#5661 = ORIENTED_EDGE('',*,*,#5655,.T.);
#5662 = CYLINDRICAL_SURFACE('',#5663,36.76239232526);
#5663 = AXIS2_PLACEMENT_3D('',#5664,#5665,#5666);
#5664 = CARTESIAN_POINT('',(0.,0.,48.02));
#5665 = DIRECTION('',(0.,0.,1.));
#5666 = DIRECTION('',(1.,0.,0.));
#5667 = MANIFOLD_SOLID_BREP('',#5668);
#5668 = CLOSED_SHELL('',(#5669,#5702,#5722,#5742,#5767,#5792,#5812,#5832
    ));
#5669 = ADVANCED_FACE('',(#5670),#5697,.T.);
#5670 = FACE_BOUND('',#5671,.T.);
#5671 = EDGE_LOOP('',(#5672,#5681,#5689,#5696));
#5672 = ORIENTED_EDGE('',*,*,#5673,.F.);
#5673 = EDGE_CURVE('',#5674,#5674,#5676,.T.);
#5674 = VERTEX_POINT('',#5675);
#5675 = CARTESIAN_POINT('',(83.157822208242,-2.036779215828E-14,-50.));
#5676 = CIRCLE('',#5677,83.157822208242);
#5677 = AXIS2_PLACEMENT_3D('',#5678,#5679,#5680);
#5678 = CARTESIAN_POINT('',(0.,0.,-50.));
#5679 = DIRECTION('',(0.,0.,1.));
#5680 = DIRECTION('',(1.,0.,0.));
#5681 = ORIENTED_EDGE('',*,*,#5682,.F.);
#5682 = EDGE_CURVE('',#5683,#5674,#5685,.T.);
#5683 = VERTEX_POINT('',#5684);
#5684 = CARTESIAN_POINT('',(83.157822208242,-2.036779215828E-14,-64.));
#5685 = LINE('',#5686,#5687);
#5686 = CARTESIAN_POINT('',(83.157822208242,-2.036779215828E-14,-64.));
#5687 = VECTOR('',#5688,1.);
#5688 = DIRECTION('',(0.,0.,1.));
#5689 = ORIENTED_EDGE('',*,*,#5690,.T.);
#5690 = EDGE_CURVE('',#5683,#5683,#5691,.T.);
#5691 = CIRCLE('',#5692,83.157822208242);
#5692 = AXIS2_PLACEMENT_3D('',#5693,#5694,#5695);
#5693 = CARTESIAN_POINT('',(0.,0.,-64.));
#5694 = DIRECTION('',(0.,0.,1.));
#5695 = DIRECTION('',(1.,0.,0.));
#5696 = ORIENTED_EDGE('',*,*,#5682,.T.);
#5697 = CYLINDRICAL_SURFACE('',#5698,83.157822208242);
#5698 = AXIS2_PLACEMENT_3D('',#5699,#5700,#5701);
#5699 = CARTESIAN_POINT('',(0.,0.,-64.));
#5700 = DIRECTION('',(0.,0.,1.));
#5701 = DIRECTION('',(1.,0.,0.));
#5702 = ADVANCED_FACE('',(#5703,#5706),#5717,.T.);
#5703 = FACE_BOUND('',#5704,.T.);
#5704 = EDGE_LOOP('',(#5705));
#5705 = ORIENTED_EDGE('',*,*,#5673,.T.);
#5706 = FACE_BOUND('',#5707,.T.);
#5707 = EDGE_LOOP('',(#5708));
#5708 = ORIENTED_EDGE('',*,*,#5709,.F.);
#5709 = EDGE_CURVE('',#5710,#5710,#5712,.T.);
#5710 = VERTEX_POINT('',#5711);
#5711 = CARTESIAN_POINT('',(58.565196431582,-1.434433607027E-14,-50.));
#5712 = CIRCLE('',#5713,58.565196431582);
#5713 = AXIS2_PLACEMENT_3D('',#5714,#5715,#5716);
#5714 = CARTESIAN_POINT('',(0.,0.,-50.));
#5715 = DIRECTION('',(0.,0.,1.));
#5716 = DIRECTION('',(1.,0.,0.));
#5717 = PLANE('',#5718);
#5718 = AXIS2_PLACEMENT_3D('',#5719,#5720,#5721);
#5719 = CARTESIAN_POINT('',(0.,0.,-50.));
#5720 = DIRECTION('',(0.,0.,1.));
#5721 = DIRECTION('',(1.,0.,0.));
#5722 = ADVANCED_FACE('',(#5723,#5726),#5737,.F.);
#5723 = FACE_BOUND('',#5724,.F.);
#5724 = EDGE_LOOP('',(#5725));
#5725 = ORIENTED_EDGE('',*,*,#5690,.T.);
#5726 = FACE_BOUND('',#5727,.F.);
#5727 = EDGE_LOOP('',(#5728));
#5728 = ORIENTED_EDGE('',*,*,#5729,.F.);
#5729 = EDGE_CURVE('',#5730,#5730,#5732,.T.);
#5730 = VERTEX_POINT('',#5731);
#5731 = CARTESIAN_POINT('',(35.011802214533,-8.575418302882E-15,-64.));
#5732 = CIRCLE('',#5733,35.011802214533);
#5733 = AXIS2_PLACEMENT_3D('',#5734,#5735,#5736);
#5734 = CARTESIAN_POINT('',(0.,0.,-64.));
#5735 = DIRECTION('',(0.,0.,1.));
#5736 = DIRECTION('',(1.,0.,0.));
#5737 = PLANE('',#5738);
#5738 = AXIS2_PLACEMENT_3D('',#5739,#5740,#5741);
#5739 = CARTESIAN_POINT('',(0.,0.,-64.));
#5740 = DIRECTION('',(0.,0.,1.));
#5741 = DIRECTION('',(1.,0.,0.));
#5742 = ADVANCED_FACE('',(#5743),#5762,.T.);
#5743 = FACE_BOUND('',#5744,.T.);
#5744 = EDGE_LOOP('',(#5745,#5753,#5760,#5761));
#5745 = ORIENTED_EDGE('',*,*,#5746,.T.);
#5746 = EDGE_CURVE('',#5710,#5747,#5749,.T.);
#5747 = VERTEX_POINT('',#5748);
#5748 = CARTESIAN_POINT('',(58.565196431582,-1.434433607027E-14,-49.02)
  );
#5749 = LINE('',#5750,#5751);
#5750 = CARTESIAN_POINT('',(58.565196431582,-1.434433607027E-14,-53.92)
  );
#5751 = VECTOR('',#5752,1.);
#5752 = DIRECTION('',(0.,0.,1.));
#5753 = ORIENTED_EDGE('',*,*,#5754,.F.);
#5754 = EDGE_CURVE('',#5747,#5747,#5755,.T.);
#5755 = CIRCLE('',#5756,58.565196431582);
#5756 = AXIS2_PLACEMENT_3D('',#5757,#5758,#5759);
#5757 = CARTESIAN_POINT('',(0.,0.,-49.02));
#5758 = DIRECTION('',(0.,0.,1.));
#5759 = DIRECTION('',(1.,0.,0.));
#5760 = ORIENTED_EDGE('',*,*,#5746,.F.);
#5761 = ORIENTED_EDGE('',*,*,#5709,.T.);
#5762 = CYLINDRICAL_SURFACE('',#5763,58.565196431582);
#5763 = AXIS2_PLACEMENT_3D('',#5764,#5765,#5766);
#5764 = CARTESIAN_POINT('',(0.,0.,-53.92));
#5765 = DIRECTION('',(0.,0.,1.));
#5766 = DIRECTION('',(1.,0.,0.));
#5767 = ADVANCED_FACE('',(#5768),#5787,.F.);
#5768 = FACE_BOUND('',#5769,.F.);
#5769 = EDGE_LOOP('',(#5770,#5779,#5785,#5786));
#5770 = ORIENTED_EDGE('',*,*,#5771,.F.);
#5771 = EDGE_CURVE('',#5772,#5772,#5774,.T.);
#5772 = VERTEX_POINT('',#5773);
#5773 = CARTESIAN_POINT('',(35.011802214533,-8.575418302882E-15,-50.));
#5774 = CIRCLE('',#5775,35.011802214533);
#5775 = AXIS2_PLACEMENT_3D('',#5776,#5777,#5778);
#5776 = CARTESIAN_POINT('',(0.,0.,-50.));
#5777 = DIRECTION('',(0.,0.,1.));
#5778 = DIRECTION('',(1.,0.,0.));
#5779 = ORIENTED_EDGE('',*,*,#5780,.F.);
#5780 = EDGE_CURVE('',#5730,#5772,#5781,.T.);
#5781 = LINE('',#5782,#5783);
#5782 = CARTESIAN_POINT('',(35.011802214533,-8.575418302882E-15,-65.));
#5783 = VECTOR('',#5784,1.);
#5784 = DIRECTION('',(0.,0.,1.));
#5785 = ORIENTED_EDGE('',*,*,#5729,.T.);
#5786 = ORIENTED_EDGE('',*,*,#5780,.T.);
#5787 = CYLINDRICAL_SURFACE('',#5788,35.011802214533);
#5788 = AXIS2_PLACEMENT_3D('',#5789,#5790,#5791);
#5789 = CARTESIAN_POINT('',(0.,0.,-65.));
#5790 = DIRECTION('',(0.,0.,1.));
#5791 = DIRECTION('',(1.,0.,0.));
#5792 = ADVANCED_FACE('',(#5793,#5796),#5807,.T.);
#5793 = FACE_BOUND('',#5794,.T.);
#5794 = EDGE_LOOP('',(#5795));
#5795 = ORIENTED_EDGE('',*,*,#5754,.T.);
#5796 = FACE_BOUND('',#5797,.T.);
#5797 = EDGE_LOOP('',(#5798));
#5798 = ORIENTED_EDGE('',*,*,#5799,.F.);
#5799 = EDGE_CURVE('',#5800,#5800,#5802,.T.);
#5800 = VERTEX_POINT('',#5801);
#5801 = CARTESIAN_POINT('',(36.76239232526,-9.004189218026E-15,-49.02));
#5802 = CIRCLE('',#5803,36.76239232526);
#5803 = AXIS2_PLACEMENT_3D('',#5804,#5805,#5806);
#5804 = CARTESIAN_POINT('',(0.,0.,-49.02));
#5805 = DIRECTION('',(0.,0.,1.));
#5806 = DIRECTION('',(1.,0.,0.));
#5807 = PLANE('',#5808);
#5808 = AXIS2_PLACEMENT_3D('',#5809,#5810,#5811);
#5809 = CARTESIAN_POINT('',(0.,0.,-49.02));
#5810 = DIRECTION('',(0.,0.,1.));
#5811 = DIRECTION('',(1.,0.,0.));
#5812 = ADVANCED_FACE('',(#5813,#5824),#5827,.T.);
#5813 = FACE_BOUND('',#5814,.T.);
#5814 = EDGE_LOOP('',(#5815));
#5815 = ORIENTED_EDGE('',*,*,#5816,.T.);
#5816 = EDGE_CURVE('',#5817,#5817,#5819,.T.);
#5817 = VERTEX_POINT('',#5818);
#5818 = CARTESIAN_POINT('',(36.76239232526,-9.004189218026E-15,-50.));
#5819 = CIRCLE('',#5820,36.76239232526);
#5820 = AXIS2_PLACEMENT_3D('',#5821,#5822,#5823);
#5821 = CARTESIAN_POINT('',(0.,0.,-50.));
#5822 = DIRECTION('',(0.,0.,1.));
#5823 = DIRECTION('',(1.,0.,0.));
#5824 = FACE_BOUND('',#5825,.T.);
#5825 = EDGE_LOOP('',(#5826));
#5826 = ORIENTED_EDGE('',*,*,#5771,.F.);
#5827 = PLANE('',#5828);
#5828 = AXIS2_PLACEMENT_3D('',#5829,#5830,#5831);
#5829 = CARTESIAN_POINT('',(0.,0.,-50.));
#5830 = DIRECTION('',(0.,0.,1.));
#5831 = DIRECTION('',(1.,0.,0.));
#5832 = ADVANCED_FACE('',(#5833),#5844,.F.);
#5833 = FACE_BOUND('',#5834,.F.);
#5834 = EDGE_LOOP('',(#5835,#5841,#5842,#5843));
#5835 = ORIENTED_EDGE('',*,*,#5836,.T.);
#5836 = EDGE_CURVE('',#5817,#5800,#5837,.T.);
#5837 = LINE('',#5838,#5839);
#5838 = CARTESIAN_POINT('',(36.76239232526,-9.004189218026E-15,-54.92));
#5839 = VECTOR('',#5840,1.);
#5840 = DIRECTION('',(0.,0.,1.));
#5841 = ORIENTED_EDGE('',*,*,#5799,.F.);
#5842 = ORIENTED_EDGE('',*,*,#5836,.F.);
#5843 = ORIENTED_EDGE('',*,*,#5816,.T.);
#5844 = CYLINDRICAL_SURFACE('',#5845,36.76239232526);
#5845 = AXIS2_PLACEMENT_3D('',#5846,#5847,#5848);
#5846 = CARTESIAN_POINT('',(0.,0.,-54.92));
#5847 = DIRECTION('',(0.,0.,1.));
#5848 = DIRECTION('',(1.,0.,0.));
#5849 = ( GEOMETRIC_REPRESENTATION_CONTEXT(3) 
GLOBAL_UNCERTAINTY_ASSIGNED_CONTEXT((#5853)) 
GLOBAL_UNIT_ASSIGNED_CONTEXT((#5850,#5851,#5852)) REPRESENTATION_CONTEXT
('Context #1','3D Context with UNIT and UNCERTAINTY') );
#5850 = ( LENGTH_UNIT() NAMED_UNIT(*) SI_UNIT(.MILLI.,.METRE.) );
#5851 = ( NAMED_UNIT(*) PLANE_ANGLE_UNIT() SI_UNIT($,.RADIAN.) );
#5852 = ( NAMED_UNIT(*) SI_UNIT($,.STERADIAN.) SOLID_ANGLE_UNIT() );
#5853 = UNCERTAINTY_MEASURE_WITH_UNIT(LENGTH_MEASURE(2.E-06),#5850,
  'distance_accuracy_value','confusion accuracy');
#5854 = PRODUCT_RELATED_PRODUCT_CATEGORY('part',$,(#7));
ENDSEC;
END-ISO-10303-21;
