ISO-10303-21;
HEADER;
FILE_DESCRIPTION(('FreeCAD Model'),'2;1');
FILE_NAME('Open CASCADE Shape Model','2026-08-13T22:11:32',('FreeCAD'),(
    'FreeCAD'),'Open CASCADE STEP processor 7.8','FreeCAD','Unknown');
FILE_SCHEMA(('AUTOMOTIVE_DESIGN { 1 0 10303 214 1 1 1 1 }'));
ENDSEC;
DATA;
#1 = APPLICATION_PROTOCOL_DEFINITION('international standard',
  'automotive_design',2000,#2);
#2 = APPLICATION_CONTEXT(
  'core data for automotive mechanical design processes');
#3 = SHAPE_DEFINITION_REPRESENTATION(#4,#10);
#4 = PRODUCT_DEFINITION_SHAPE('','',#5);
#5 = PRODUCT_DEFINITION('design','',#6,#9);
#6 = PRODUCT_DEFINITION_FORMATION('','',#7);
#7 = PRODUCT('Open CASCADE STEP translator 7.8 87',
  'Open CASCADE STEP translator 7.8 87','',(#8));
#8 = PRODUCT_CONTEXT('',#2,'mechanical');
#9 = PRODUCT_DEFINITION_CONTEXT('part definition',#2,'design');
#10 = SHAPE_REPRESENTATION('',(#11,#15,#765,#915,#1065,#1215,#1268,#1321
    ,#1374,#1427,#1480,#1533,#1586,#1639,#1692,#1745,#1798,#1826,#1879,
    #1932,#1985,#2013,#2066,#2119,#2172,#2225,#2420,#2473,#2623,#2773,
    #2923,#3073,#3223,#3373,#3426,#3479,#3532,#3585,#3638,#3691,#3744,
    #3797,#3850,#3903,#3956,#4009,#4062,#4212,#4265,#4318,#4468,#4618,
    #4768,#4821,#4971,#5121,#5271,#5421,#5571,#5739,#5907,#6075,#6243,
    #6411,#6579,#6747,#6915,#7184,#7544,#7840,#8207,#8488,#8899,#9035,
    #9217,#9399,#9863,#9985,#10053,#10121,#10363,#10431,#10499,#10687,
    #10755,#10883,#11011,#11207),#11405);
#11 = AXIS2_PLACEMENT_3D('',#12,#13,#14);
#12 = CARTESIAN_POINT('',(0.,0.,0.));
#13 = DIRECTION('',(0.,0.,1.));
#14 = DIRECTION('',(1.,0.,-0.));
#15 = BREP_WITH_VOIDS('',#16,(#165,#315,#465,#615));
#16 = CLOSED_SHELL('',(#17,#57,#88,#112,#136,#153));
#17 = ADVANCED_FACE('',(#18),#52,.F.);
#18 = FACE_BOUND('',#19,.F.);
#19 = EDGE_LOOP('',(#20,#30,#38,#46));
#20 = ORIENTED_EDGE('',*,*,#21,.F.);
#21 = EDGE_CURVE('',#22,#24,#26,.T.);
#22 = VERTEX_POINT('',#23);
#23 = CARTESIAN_POINT('',(-131.6265854168,-108.3346382032,
    -146.5703928631));
#24 = VERTEX_POINT('',#25);
#25 = CARTESIAN_POINT('',(-131.6265854168,-108.3346382032,-22.3041902183
    ));
#26 = LINE('',#27,#28);
#27 = CARTESIAN_POINT('',(-131.6265854168,-108.3346382032,
    -146.5703928631));
#28 = VECTOR('',#29,1.);
#29 = DIRECTION('',(0.,0.,1.));
#30 = ORIENTED_EDGE('',*,*,#31,.T.);
#31 = EDGE_CURVE('',#22,#32,#34,.T.);
#32 = VERTEX_POINT('',#33);
#33 = CARTESIAN_POINT('',(-131.6265854168,108.3346382032,-146.5703928631
    ));
#34 = LINE('',#35,#36);
#35 = CARTESIAN_POINT('',(-131.6265854168,-108.3346382032,
    -146.5703928631));
#36 = VECTOR('',#37,1.);
#37 = DIRECTION('',(-0.,1.,0.));
#38 = ORIENTED_EDGE('',*,*,#39,.T.);
#39 = EDGE_CURVE('',#32,#40,#42,.T.);
#40 = VERTEX_POINT('',#41);
#41 = CARTESIAN_POINT('',(-131.6265854168,108.3346382032,-22.3041902183)
  );
#42 = LINE('',#43,#44);
#43 = CARTESIAN_POINT('',(-131.6265854168,108.3346382032,-146.5703928631
    ));
#44 = VECTOR('',#45,1.);
#45 = DIRECTION('',(0.,0.,1.));
#46 = ORIENTED_EDGE('',*,*,#47,.F.);
#47 = EDGE_CURVE('',#24,#40,#48,.T.);
#48 = LINE('',#49,#50);
#49 = CARTESIAN_POINT('',(-131.6265854168,-108.3346382032,-22.3041902183
    ));
#50 = VECTOR('',#51,1.);
#51 = DIRECTION('',(-0.,1.,0.));
#52 = PLANE('',#53);
#53 = AXIS2_PLACEMENT_3D('',#54,#55,#56);
#54 = CARTESIAN_POINT('',(-131.6265854168,-108.3346382032,
    -146.5703928631));
#55 = DIRECTION('',(1.,0.,-0.));
#56 = DIRECTION('',(0.,0.,1.));
#57 = ADVANCED_FACE('',(#58),#83,.F.);
#58 = FACE_BOUND('',#59,.F.);
#59 = EDGE_LOOP('',(#60,#68,#69,#77));
#60 = ORIENTED_EDGE('',*,*,#61,.F.);
#61 = EDGE_CURVE('',#22,#62,#64,.T.);
#62 = VERTEX_POINT('',#63);
#63 = CARTESIAN_POINT('',(131.62658541689,-108.3346382032,
    -146.5703928631));
#64 = LINE('',#65,#66);
#65 = CARTESIAN_POINT('',(-131.6265854168,-108.3346382032,
    -146.5703928631));
#66 = VECTOR('',#67,1.);
#67 = DIRECTION('',(1.,0.,-0.));
#68 = ORIENTED_EDGE('',*,*,#21,.T.);
#69 = ORIENTED_EDGE('',*,*,#70,.T.);
#70 = EDGE_CURVE('',#24,#71,#73,.T.);
#71 = VERTEX_POINT('',#72);
#72 = CARTESIAN_POINT('',(131.62658541689,-108.3346382032,-22.3041902183
    ));
#73 = LINE('',#74,#75);
#74 = CARTESIAN_POINT('',(-131.6265854168,-108.3346382032,-22.3041902183
    ));
#75 = VECTOR('',#76,1.);
#76 = DIRECTION('',(1.,0.,-0.));
#77 = ORIENTED_EDGE('',*,*,#78,.F.);
#78 = EDGE_CURVE('',#62,#71,#79,.T.);
#79 = LINE('',#80,#81);
#80 = CARTESIAN_POINT('',(131.62658541689,-108.3346382032,
    -146.5703928631));
#81 = VECTOR('',#82,1.);
#82 = DIRECTION('',(0.,0.,1.));
#83 = PLANE('',#84);
#84 = AXIS2_PLACEMENT_3D('',#85,#86,#87);
#85 = CARTESIAN_POINT('',(-131.6265854168,-108.3346382032,
    -146.5703928631));
#86 = DIRECTION('',(-0.,1.,0.));
#87 = DIRECTION('',(0.,0.,1.));
#88 = ADVANCED_FACE('',(#89),#107,.T.);
#89 = FACE_BOUND('',#90,.T.);
#90 = EDGE_LOOP('',(#91,#92,#93,#101));
#91 = ORIENTED_EDGE('',*,*,#47,.F.);
#92 = ORIENTED_EDGE('',*,*,#70,.T.);
#93 = ORIENTED_EDGE('',*,*,#94,.T.);
#94 = EDGE_CURVE('',#71,#95,#97,.T.);
#95 = VERTEX_POINT('',#96);
#96 = CARTESIAN_POINT('',(131.62658541689,108.3346382032,-22.3041902183)
  );
#97 = LINE('',#98,#99);
#98 = CARTESIAN_POINT('',(131.62658541689,-108.3346382032,-22.3041902183
    ));
#99 = VECTOR('',#100,1.);
#100 = DIRECTION('',(-0.,1.,0.));
#101 = ORIENTED_EDGE('',*,*,#102,.F.);
#102 = EDGE_CURVE('',#40,#95,#103,.T.);
#103 = LINE('',#104,#105);
#104 = CARTESIAN_POINT('',(-131.6265854168,108.3346382032,-22.3041902183
    ));
#105 = VECTOR('',#106,1.);
#106 = DIRECTION('',(1.,0.,-0.));
#107 = PLANE('',#108);
#108 = AXIS2_PLACEMENT_3D('',#109,#110,#111);
#109 = CARTESIAN_POINT('',(-131.6265854168,-108.3346382032,
    -22.3041902183));
#110 = DIRECTION('',(0.,0.,1.));
#111 = DIRECTION('',(1.,0.,-0.));
#112 = ADVANCED_FACE('',(#113),#131,.T.);
#113 = FACE_BOUND('',#114,.T.);
#114 = EDGE_LOOP('',(#115,#123,#124,#125));
#115 = ORIENTED_EDGE('',*,*,#116,.F.);
#116 = EDGE_CURVE('',#32,#117,#119,.T.);
#117 = VERTEX_POINT('',#118);
#118 = CARTESIAN_POINT('',(131.62658541689,108.3346382032,
    -146.5703928631));
#119 = LINE('',#120,#121);
#120 = CARTESIAN_POINT('',(-131.6265854168,108.3346382032,
    -146.5703928631));
#121 = VECTOR('',#122,1.);
#122 = DIRECTION('',(1.,0.,-0.));
#123 = ORIENTED_EDGE('',*,*,#39,.T.);
#124 = ORIENTED_EDGE('',*,*,#102,.T.);
#125 = ORIENTED_EDGE('',*,*,#126,.F.);
#126 = EDGE_CURVE('',#117,#95,#127,.T.);
#127 = LINE('',#128,#129);
#128 = CARTESIAN_POINT('',(131.62658541689,108.3346382032,
    -146.5703928631));
#129 = VECTOR('',#130,1.);
#130 = DIRECTION('',(0.,0.,1.));
#131 = PLANE('',#132);
#132 = AXIS2_PLACEMENT_3D('',#133,#134,#135);
#133 = CARTESIAN_POINT('',(-131.6265854168,108.3346382032,
    -146.5703928631));
#134 = DIRECTION('',(-0.,1.,0.));
#135 = DIRECTION('',(0.,0.,1.));
#136 = ADVANCED_FACE('',(#137),#148,.F.);
#137 = FACE_BOUND('',#138,.F.);
#138 = EDGE_LOOP('',(#139,#140,#141,#147));
#139 = ORIENTED_EDGE('',*,*,#31,.F.);
#140 = ORIENTED_EDGE('',*,*,#61,.T.);
#141 = ORIENTED_EDGE('',*,*,#142,.T.);
#142 = EDGE_CURVE('',#62,#117,#143,.T.);
#143 = LINE('',#144,#145);
#144 = CARTESIAN_POINT('',(131.62658541689,-108.3346382032,
    -146.5703928631));
#145 = VECTOR('',#146,1.);
#146 = DIRECTION('',(-0.,1.,0.));
#147 = ORIENTED_EDGE('',*,*,#116,.F.);
#148 = PLANE('',#149);
#149 = AXIS2_PLACEMENT_3D('',#150,#151,#152);
#150 = CARTESIAN_POINT('',(-131.6265854168,-108.3346382032,
    -146.5703928631));
#151 = DIRECTION('',(0.,0.,1.));
#152 = DIRECTION('',(1.,0.,-0.));
#153 = ADVANCED_FACE('',(#154),#160,.T.);
#154 = FACE_BOUND('',#155,.T.);
#155 = EDGE_LOOP('',(#156,#157,#158,#159));
#156 = ORIENTED_EDGE('',*,*,#78,.F.);
#157 = ORIENTED_EDGE('',*,*,#142,.T.);
#158 = ORIENTED_EDGE('',*,*,#126,.T.);
#159 = ORIENTED_EDGE('',*,*,#94,.F.);
#160 = PLANE('',#161);
#161 = AXIS2_PLACEMENT_3D('',#162,#163,#164);
#162 = CARTESIAN_POINT('',(131.62658541689,-108.3346382032,
    -146.5703928631));
#163 = DIRECTION('',(1.,0.,-0.));
#164 = DIRECTION('',(0.,0.,1.));
#165 = ORIENTED_CLOSED_SHELL('',*,#166,.F.);
#166 = CLOSED_SHELL('',(#167,#207,#238,#262,#286,#303));
#167 = ADVANCED_FACE('',(#168),#202,.F.);
#168 = FACE_BOUND('',#169,.F.);
#169 = EDGE_LOOP('',(#170,#180,#188,#196));
#170 = ORIENTED_EDGE('',*,*,#171,.F.);
#171 = EDGE_CURVE('',#172,#174,#176,.T.);
#172 = VERTEX_POINT('',#173);
#173 = CARTESIAN_POINT('',(-68.76063213015,-58.94678843409,
    -130.6388284215));
#174 = VERTEX_POINT('',#175);
#175 = CARTESIAN_POINT('',(-68.76063213015,-58.94678843409,
    -41.16716251721));
#176 = LINE('',#177,#178);
#177 = CARTESIAN_POINT('',(-68.76063213015,-58.94678843409,
    -130.6388284215));
#178 = VECTOR('',#179,1.);
#179 = DIRECTION('',(0.,0.,1.));
#180 = ORIENTED_EDGE('',*,*,#181,.T.);
#181 = EDGE_CURVE('',#172,#182,#184,.T.);
#182 = VERTEX_POINT('',#183);
#183 = CARTESIAN_POINT('',(-68.76063213015,-17.52472088581,
    -130.6388284215));
#184 = LINE('',#185,#186);
#185 = CARTESIAN_POINT('',(-68.76063213015,-58.94678843409,
    -130.6388284215));
#186 = VECTOR('',#187,1.);
#187 = DIRECTION('',(-0.,1.,0.));
#188 = ORIENTED_EDGE('',*,*,#189,.T.);
#189 = EDGE_CURVE('',#182,#190,#192,.T.);
#190 = VERTEX_POINT('',#191);
#191 = CARTESIAN_POINT('',(-68.76063213015,-17.52472088581,
    -41.16716251721));
#192 = LINE('',#193,#194);
#193 = CARTESIAN_POINT('',(-68.76063213015,-17.52472088581,
    -130.6388284215));
#194 = VECTOR('',#195,1.);
#195 = DIRECTION('',(0.,0.,1.));
#196 = ORIENTED_EDGE('',*,*,#197,.F.);
#197 = EDGE_CURVE('',#174,#190,#198,.T.);
#198 = LINE('',#199,#200);
#199 = CARTESIAN_POINT('',(-68.76063213015,-58.94678843409,
    -41.16716251721));
#200 = VECTOR('',#201,1.);
#201 = DIRECTION('',(-0.,1.,0.));
#202 = PLANE('',#203);
#203 = AXIS2_PLACEMENT_3D('',#204,#205,#206);
#204 = CARTESIAN_POINT('',(-68.76063213015,-58.94678843409,
    -130.6388284215));
#205 = DIRECTION('',(1.,0.,-0.));
#206 = DIRECTION('',(0.,0.,1.));
#207 = ADVANCED_FACE('',(#208),#233,.F.);
#208 = FACE_BOUND('',#209,.F.);
#209 = EDGE_LOOP('',(#210,#218,#219,#227));
#210 = ORIENTED_EDGE('',*,*,#211,.F.);
#211 = EDGE_CURVE('',#172,#212,#214,.T.);
#212 = VERTEX_POINT('',#213);
#213 = CARTESIAN_POINT('',(-24.15225169353,-58.94678843409,
    -130.6388284215));
#214 = LINE('',#215,#216);
#215 = CARTESIAN_POINT('',(-68.76063213015,-58.94678843409,
    -130.6388284215));
#216 = VECTOR('',#217,1.);
#217 = DIRECTION('',(1.,0.,-0.));
#218 = ORIENTED_EDGE('',*,*,#171,.T.);
#219 = ORIENTED_EDGE('',*,*,#220,.T.);
#220 = EDGE_CURVE('',#174,#221,#223,.T.);
#221 = VERTEX_POINT('',#222);
#222 = CARTESIAN_POINT('',(-24.15225169353,-58.94678843409,
    -41.16716251721));
#223 = LINE('',#224,#225);
#224 = CARTESIAN_POINT('',(-68.76063213015,-58.94678843409,
    -41.16716251721));
#225 = VECTOR('',#226,1.);
#226 = DIRECTION('',(1.,0.,-0.));
#227 = ORIENTED_EDGE('',*,*,#228,.F.);
#228 = EDGE_CURVE('',#212,#221,#229,.T.);
#229 = LINE('',#230,#231);
#230 = CARTESIAN_POINT('',(-24.15225169353,-58.94678843409,
    -130.6388284215));
#231 = VECTOR('',#232,1.);
#232 = DIRECTION('',(0.,0.,1.));
#233 = PLANE('',#234);
#234 = AXIS2_PLACEMENT_3D('',#235,#236,#237);
#235 = CARTESIAN_POINT('',(-68.76063213015,-58.94678843409,
    -130.6388284215));
#236 = DIRECTION('',(-0.,1.,0.));
#237 = DIRECTION('',(0.,0.,1.));
#238 = ADVANCED_FACE('',(#239),#257,.T.);
#239 = FACE_BOUND('',#240,.T.);
#240 = EDGE_LOOP('',(#241,#242,#243,#251));
#241 = ORIENTED_EDGE('',*,*,#197,.F.);
#242 = ORIENTED_EDGE('',*,*,#220,.T.);
#243 = ORIENTED_EDGE('',*,*,#244,.T.);
#244 = EDGE_CURVE('',#221,#245,#247,.T.);
#245 = VERTEX_POINT('',#246);
#246 = CARTESIAN_POINT('',(-24.15225169353,-17.52472088581,
    -41.16716251721));
#247 = LINE('',#248,#249);
#248 = CARTESIAN_POINT('',(-24.15225169353,-58.94678843409,
    -41.16716251721));
#249 = VECTOR('',#250,1.);
#250 = DIRECTION('',(-0.,1.,0.));
#251 = ORIENTED_EDGE('',*,*,#252,.F.);
#252 = EDGE_CURVE('',#190,#245,#253,.T.);
#253 = LINE('',#254,#255);
#254 = CARTESIAN_POINT('',(-68.76063213015,-17.52472088581,
    -41.16716251721));
#255 = VECTOR('',#256,1.);
#256 = DIRECTION('',(1.,0.,-0.));
#257 = PLANE('',#258);
#258 = AXIS2_PLACEMENT_3D('',#259,#260,#261);
#259 = CARTESIAN_POINT('',(-68.76063213015,-58.94678843409,
    -41.16716251721));
#260 = DIRECTION('',(0.,0.,1.));
#261 = DIRECTION('',(1.,0.,-0.));
#262 = ADVANCED_FACE('',(#263),#281,.T.);
#263 = FACE_BOUND('',#264,.T.);
#264 = EDGE_LOOP('',(#265,#273,#274,#275));
#265 = ORIENTED_EDGE('',*,*,#266,.F.);
#266 = EDGE_CURVE('',#182,#267,#269,.T.);
#267 = VERTEX_POINT('',#268);
#268 = CARTESIAN_POINT('',(-24.15225169353,-17.52472088581,
    -130.6388284215));
#269 = LINE('',#270,#271);
#270 = CARTESIAN_POINT('',(-68.76063213015,-17.52472088581,
    -130.6388284215));
#271 = VECTOR('',#272,1.);
#272 = DIRECTION('',(1.,0.,-0.));
#273 = ORIENTED_EDGE('',*,*,#189,.T.);
#274 = ORIENTED_EDGE('',*,*,#252,.T.);
#275 = ORIENTED_EDGE('',*,*,#276,.F.);
#276 = EDGE_CURVE('',#267,#245,#277,.T.);
#277 = LINE('',#278,#279);
#278 = CARTESIAN_POINT('',(-24.15225169353,-17.52472088581,
    -130.6388284215));
#279 = VECTOR('',#280,1.);
#280 = DIRECTION('',(0.,0.,1.));
#281 = PLANE('',#282);
#282 = AXIS2_PLACEMENT_3D('',#283,#284,#285);
#283 = CARTESIAN_POINT('',(-68.76063213015,-17.52472088581,
    -130.6388284215));
#284 = DIRECTION('',(-0.,1.,0.));
#285 = DIRECTION('',(0.,0.,1.));
#286 = ADVANCED_FACE('',(#287),#298,.F.);
#287 = FACE_BOUND('',#288,.F.);
#288 = EDGE_LOOP('',(#289,#290,#291,#297));
#289 = ORIENTED_EDGE('',*,*,#181,.F.);
#290 = ORIENTED_EDGE('',*,*,#211,.T.);
#291 = ORIENTED_EDGE('',*,*,#292,.T.);
#292 = EDGE_CURVE('',#212,#267,#293,.T.);
#293 = LINE('',#294,#295);
#294 = CARTESIAN_POINT('',(-24.15225169353,-58.94678843409,
    -130.6388284215));
#295 = VECTOR('',#296,1.);
#296 = DIRECTION('',(-0.,1.,0.));
#297 = ORIENTED_EDGE('',*,*,#266,.F.);
#298 = PLANE('',#299);
#299 = AXIS2_PLACEMENT_3D('',#300,#301,#302);
#300 = CARTESIAN_POINT('',(-68.76063213015,-58.94678843409,
    -130.6388284215));
#301 = DIRECTION('',(0.,0.,1.));
#302 = DIRECTION('',(1.,0.,-0.));
#303 = ADVANCED_FACE('',(#304),#310,.T.);
#304 = FACE_BOUND('',#305,.T.);
#305 = EDGE_LOOP('',(#306,#307,#308,#309));
#306 = ORIENTED_EDGE('',*,*,#228,.F.);
#307 = ORIENTED_EDGE('',*,*,#292,.T.);
#308 = ORIENTED_EDGE('',*,*,#276,.T.);
#309 = ORIENTED_EDGE('',*,*,#244,.F.);
#310 = PLANE('',#311);
#311 = AXIS2_PLACEMENT_3D('',#312,#313,#314);
#312 = CARTESIAN_POINT('',(-24.15225169353,-58.94678843409,
    -130.6388284215));
#313 = DIRECTION('',(1.,0.,-0.));
#314 = DIRECTION('',(0.,0.,1.));
#315 = ORIENTED_CLOSED_SHELL('',*,#316,.F.);
#316 = CLOSED_SHELL('',(#317,#357,#388,#412,#436,#453));
#317 = ADVANCED_FACE('',(#318),#352,.F.);
#318 = FACE_BOUND('',#319,.F.);
#319 = EDGE_LOOP('',(#320,#330,#338,#346));
#320 = ORIENTED_EDGE('',*,*,#321,.F.);
#321 = EDGE_CURVE('',#322,#324,#326,.T.);
#322 = VERTEX_POINT('',#323);
#323 = CARTESIAN_POINT('',(24.152251693539,-58.94678843409,
    -130.6388284215));
#324 = VERTEX_POINT('',#325);
#325 = CARTESIAN_POINT('',(24.152251693539,-58.94678843409,
    -41.16716251721));
#326 = LINE('',#327,#328);
#327 = CARTESIAN_POINT('',(24.152251693539,-58.94678843409,
    -130.6388284215));
#328 = VECTOR('',#329,1.);
#329 = DIRECTION('',(0.,0.,1.));
#330 = ORIENTED_EDGE('',*,*,#331,.T.);
#331 = EDGE_CURVE('',#322,#332,#334,.T.);
#332 = VERTEX_POINT('',#333);
#333 = CARTESIAN_POINT('',(24.152251693539,-17.52472088581,
    -130.6388284215));
#334 = LINE('',#335,#336);
#335 = CARTESIAN_POINT('',(24.152251693539,-58.94678843409,
    -130.6388284215));
#336 = VECTOR('',#337,1.);
#337 = DIRECTION('',(-0.,1.,0.));
#338 = ORIENTED_EDGE('',*,*,#339,.T.);
#339 = EDGE_CURVE('',#332,#340,#342,.T.);
#340 = VERTEX_POINT('',#341);
#341 = CARTESIAN_POINT('',(24.152251693539,-17.52472088581,
    -41.16716251721));
#342 = LINE('',#343,#344);
#343 = CARTESIAN_POINT('',(24.152251693539,-17.52472088581,
    -130.6388284215));
#344 = VECTOR('',#345,1.);
#345 = DIRECTION('',(0.,0.,1.));
#346 = ORIENTED_EDGE('',*,*,#347,.F.);
#347 = EDGE_CURVE('',#324,#340,#348,.T.);
#348 = LINE('',#349,#350);
#349 = CARTESIAN_POINT('',(24.152251693539,-58.94678843409,
    -41.16716251721));
#350 = VECTOR('',#351,1.);
#351 = DIRECTION('',(-0.,1.,0.));
#352 = PLANE('',#353);
#353 = AXIS2_PLACEMENT_3D('',#354,#355,#356);
#354 = CARTESIAN_POINT('',(24.152251693539,-58.94678843409,
    -130.6388284215));
#355 = DIRECTION('',(1.,0.,-0.));
#356 = DIRECTION('',(0.,0.,1.));
#357 = ADVANCED_FACE('',(#358),#383,.F.);
#358 = FACE_BOUND('',#359,.F.);
#359 = EDGE_LOOP('',(#360,#368,#369,#377));
#360 = ORIENTED_EDGE('',*,*,#361,.F.);
#361 = EDGE_CURVE('',#322,#362,#364,.T.);
#362 = VERTEX_POINT('',#363);
#363 = CARTESIAN_POINT('',(68.760632130154,-58.94678843409,
    -130.6388284215));
#364 = LINE('',#365,#366);
#365 = CARTESIAN_POINT('',(24.152251693539,-58.94678843409,
    -130.6388284215));
#366 = VECTOR('',#367,1.);
#367 = DIRECTION('',(1.,0.,-0.));
#368 = ORIENTED_EDGE('',*,*,#321,.T.);
#369 = ORIENTED_EDGE('',*,*,#370,.T.);
#370 = EDGE_CURVE('',#324,#371,#373,.T.);
#371 = VERTEX_POINT('',#372);
#372 = CARTESIAN_POINT('',(68.760632130154,-58.94678843409,
    -41.16716251721));
#373 = LINE('',#374,#375);
#374 = CARTESIAN_POINT('',(24.152251693539,-58.94678843409,
    -41.16716251721));
#375 = VECTOR('',#376,1.);
#376 = DIRECTION('',(1.,0.,-0.));
#377 = ORIENTED_EDGE('',*,*,#378,.F.);
#378 = EDGE_CURVE('',#362,#371,#379,.T.);
#379 = LINE('',#380,#381);
#380 = CARTESIAN_POINT('',(68.760632130154,-58.94678843409,
    -130.6388284215));
#381 = VECTOR('',#382,1.);
#382 = DIRECTION('',(0.,0.,1.));
#383 = PLANE('',#384);
#384 = AXIS2_PLACEMENT_3D('',#385,#386,#387);
#385 = CARTESIAN_POINT('',(24.152251693539,-58.94678843409,
    -130.6388284215));
#386 = DIRECTION('',(-0.,1.,0.));
#387 = DIRECTION('',(0.,0.,1.));
#388 = ADVANCED_FACE('',(#389),#407,.T.);
#389 = FACE_BOUND('',#390,.T.);
#390 = EDGE_LOOP('',(#391,#392,#393,#401));
#391 = ORIENTED_EDGE('',*,*,#347,.F.);
#392 = ORIENTED_EDGE('',*,*,#370,.T.);
#393 = ORIENTED_EDGE('',*,*,#394,.T.);
#394 = EDGE_CURVE('',#371,#395,#397,.T.);
#395 = VERTEX_POINT('',#396);
#396 = CARTESIAN_POINT('',(68.760632130154,-17.52472088581,
    -41.16716251721));
#397 = LINE('',#398,#399);
#398 = CARTESIAN_POINT('',(68.760632130154,-58.94678843409,
    -41.16716251721));
#399 = VECTOR('',#400,1.);
#400 = DIRECTION('',(-0.,1.,0.));
#401 = ORIENTED_EDGE('',*,*,#402,.F.);
#402 = EDGE_CURVE('',#340,#395,#403,.T.);
#403 = LINE('',#404,#405);
#404 = CARTESIAN_POINT('',(24.152251693539,-17.52472088581,
    -41.16716251721));
#405 = VECTOR('',#406,1.);
#406 = DIRECTION('',(1.,0.,-0.));
#407 = PLANE('',#408);
#408 = AXIS2_PLACEMENT_3D('',#409,#410,#411);
#409 = CARTESIAN_POINT('',(24.152251693539,-58.94678843409,
    -41.16716251721));
#410 = DIRECTION('',(0.,0.,1.));
#411 = DIRECTION('',(1.,0.,-0.));
#412 = ADVANCED_FACE('',(#413),#431,.T.);
#413 = FACE_BOUND('',#414,.T.);
#414 = EDGE_LOOP('',(#415,#423,#424,#425));
#415 = ORIENTED_EDGE('',*,*,#416,.F.);
#416 = EDGE_CURVE('',#332,#417,#419,.T.);
#417 = VERTEX_POINT('',#418);
#418 = CARTESIAN_POINT('',(68.760632130154,-17.52472088581,
    -130.6388284215));
#419 = LINE('',#420,#421);
#420 = CARTESIAN_POINT('',(24.152251693539,-17.52472088581,
    -130.6388284215));
#421 = VECTOR('',#422,1.);
#422 = DIRECTION('',(1.,0.,-0.));
#423 = ORIENTED_EDGE('',*,*,#339,.T.);
#424 = ORIENTED_EDGE('',*,*,#402,.T.);
#425 = ORIENTED_EDGE('',*,*,#426,.F.);
#426 = EDGE_CURVE('',#417,#395,#427,.T.);
#427 = LINE('',#428,#429);
#428 = CARTESIAN_POINT('',(68.760632130154,-17.52472088581,
    -130.6388284215));
#429 = VECTOR('',#430,1.);
#430 = DIRECTION('',(0.,0.,1.));
#431 = PLANE('',#432);
#432 = AXIS2_PLACEMENT_3D('',#433,#434,#435);
#433 = CARTESIAN_POINT('',(24.152251693539,-17.52472088581,
    -130.6388284215));
#434 = DIRECTION('',(-0.,1.,0.));
#435 = DIRECTION('',(0.,0.,1.));
#436 = ADVANCED_FACE('',(#437),#448,.F.);
#437 = FACE_BOUND('',#438,.F.);
#438 = EDGE_LOOP('',(#439,#440,#441,#447));
#439 = ORIENTED_EDGE('',*,*,#331,.F.);
#440 = ORIENTED_EDGE('',*,*,#361,.T.);
#441 = ORIENTED_EDGE('',*,*,#442,.T.);
#442 = EDGE_CURVE('',#362,#417,#443,.T.);
#443 = LINE('',#444,#445);
#444 = CARTESIAN_POINT('',(68.760632130154,-58.94678843409,
    -130.6388284215));
#445 = VECTOR('',#446,1.);
#446 = DIRECTION('',(-0.,1.,0.));
#447 = ORIENTED_EDGE('',*,*,#416,.F.);
#448 = PLANE('',#449);
#449 = AXIS2_PLACEMENT_3D('',#450,#451,#452);
#450 = CARTESIAN_POINT('',(24.152251693539,-58.94678843409,
    -130.6388284215));
#451 = DIRECTION('',(0.,0.,1.));
#452 = DIRECTION('',(1.,0.,-0.));
#453 = ADVANCED_FACE('',(#454),#460,.T.);
#454 = FACE_BOUND('',#455,.T.);
#455 = EDGE_LOOP('',(#456,#457,#458,#459));
#456 = ORIENTED_EDGE('',*,*,#378,.F.);
#457 = ORIENTED_EDGE('',*,*,#442,.T.);
#458 = ORIENTED_EDGE('',*,*,#426,.T.);
#459 = ORIENTED_EDGE('',*,*,#394,.F.);
#460 = PLANE('',#461);
#461 = AXIS2_PLACEMENT_3D('',#462,#463,#464);
#462 = CARTESIAN_POINT('',(68.760632130154,-58.94678843409,
    -130.6388284215));
#463 = DIRECTION('',(1.,0.,-0.));
#464 = DIRECTION('',(0.,0.,1.));
#465 = ORIENTED_CLOSED_SHELL('',*,#466,.F.);
#466 = CLOSED_SHELL('',(#467,#507,#538,#562,#586,#603));
#467 = ADVANCED_FACE('',(#468),#502,.F.);
#468 = FACE_BOUND('',#469,.F.);
#469 = EDGE_LOOP('',(#470,#480,#488,#496));
#470 = ORIENTED_EDGE('',*,*,#471,.F.);
#471 = EDGE_CURVE('',#472,#474,#476,.T.);
#472 = VERTEX_POINT('',#473);
#473 = CARTESIAN_POINT('',(-68.76063213015,17.524720885813,
    -130.6388284215));
#474 = VERTEX_POINT('',#475);
#475 = CARTESIAN_POINT('',(-68.76063213015,17.524720885813,
    -41.16716251721));
#476 = LINE('',#477,#478);
#477 = CARTESIAN_POINT('',(-68.76063213015,17.524720885813,
    -130.6388284215));
#478 = VECTOR('',#479,1.);
#479 = DIRECTION('',(0.,0.,1.));
#480 = ORIENTED_EDGE('',*,*,#481,.T.);
#481 = EDGE_CURVE('',#472,#482,#484,.T.);
#482 = VERTEX_POINT('',#483);
#483 = CARTESIAN_POINT('',(-68.76063213015,58.946788434099,
    -130.6388284215));
#484 = LINE('',#485,#486);
#485 = CARTESIAN_POINT('',(-68.76063213015,17.524720885813,
    -130.6388284215));
#486 = VECTOR('',#487,1.);
#487 = DIRECTION('',(-0.,1.,0.));
#488 = ORIENTED_EDGE('',*,*,#489,.T.);
#489 = EDGE_CURVE('',#482,#490,#492,.T.);
#490 = VERTEX_POINT('',#491);
#491 = CARTESIAN_POINT('',(-68.76063213015,58.946788434099,
    -41.16716251721));
#492 = LINE('',#493,#494);
#493 = CARTESIAN_POINT('',(-68.76063213015,58.946788434099,
    -130.6388284215));
#494 = VECTOR('',#495,1.);
#495 = DIRECTION('',(0.,0.,1.));
#496 = ORIENTED_EDGE('',*,*,#497,.F.);
#497 = EDGE_CURVE('',#474,#490,#498,.T.);
#498 = LINE('',#499,#500);
#499 = CARTESIAN_POINT('',(-68.76063213015,17.524720885813,
    -41.16716251721));
#500 = VECTOR('',#501,1.);
#501 = DIRECTION('',(-0.,1.,0.));
#502 = PLANE('',#503);
#503 = AXIS2_PLACEMENT_3D('',#504,#505,#506);
#504 = CARTESIAN_POINT('',(-68.76063213015,17.524720885813,
    -130.6388284215));
#505 = DIRECTION('',(1.,0.,-0.));
#506 = DIRECTION('',(0.,0.,1.));
#507 = ADVANCED_FACE('',(#508),#533,.F.);
#508 = FACE_BOUND('',#509,.F.);
#509 = EDGE_LOOP('',(#510,#518,#519,#527));
#510 = ORIENTED_EDGE('',*,*,#511,.F.);
#511 = EDGE_CURVE('',#472,#512,#514,.T.);
#512 = VERTEX_POINT('',#513);
#513 = CARTESIAN_POINT('',(-24.15225169353,17.524720885813,
    -130.6388284215));
#514 = LINE('',#515,#516);
#515 = CARTESIAN_POINT('',(-68.76063213015,17.524720885813,
    -130.6388284215));
#516 = VECTOR('',#517,1.);
#517 = DIRECTION('',(1.,0.,-0.));
#518 = ORIENTED_EDGE('',*,*,#471,.T.);
#519 = ORIENTED_EDGE('',*,*,#520,.T.);
#520 = EDGE_CURVE('',#474,#521,#523,.T.);
#521 = VERTEX_POINT('',#522);
#522 = CARTESIAN_POINT('',(-24.15225169353,17.524720885813,
    -41.16716251721));
#523 = LINE('',#524,#525);
#524 = CARTESIAN_POINT('',(-68.76063213015,17.524720885813,
    -41.16716251721));
#525 = VECTOR('',#526,1.);
#526 = DIRECTION('',(1.,0.,-0.));
#527 = ORIENTED_EDGE('',*,*,#528,.F.);
#528 = EDGE_CURVE('',#512,#521,#529,.T.);
#529 = LINE('',#530,#531);
#530 = CARTESIAN_POINT('',(-24.15225169353,17.524720885813,
    -130.6388284215));
#531 = VECTOR('',#532,1.);
#532 = DIRECTION('',(0.,0.,1.));
#533 = PLANE('',#534);
#534 = AXIS2_PLACEMENT_3D('',#535,#536,#537);
#535 = CARTESIAN_POINT('',(-68.76063213015,17.524720885813,
    -130.6388284215));
#536 = DIRECTION('',(-0.,1.,0.));
#537 = DIRECTION('',(0.,0.,1.));
#538 = ADVANCED_FACE('',(#539),#557,.T.);
#539 = FACE_BOUND('',#540,.T.);
#540 = EDGE_LOOP('',(#541,#542,#543,#551));
#541 = ORIENTED_EDGE('',*,*,#497,.F.);
#542 = ORIENTED_EDGE('',*,*,#520,.T.);
#543 = ORIENTED_EDGE('',*,*,#544,.T.);
#544 = EDGE_CURVE('',#521,#545,#547,.T.);
#545 = VERTEX_POINT('',#546);
#546 = CARTESIAN_POINT('',(-24.15225169353,58.946788434099,
    -41.16716251721));
#547 = LINE('',#548,#549);
#548 = CARTESIAN_POINT('',(-24.15225169353,17.524720885813,
    -41.16716251721));
#549 = VECTOR('',#550,1.);
#550 = DIRECTION('',(-0.,1.,0.));
#551 = ORIENTED_EDGE('',*,*,#552,.F.);
#552 = EDGE_CURVE('',#490,#545,#553,.T.);
#553 = LINE('',#554,#555);
#554 = CARTESIAN_POINT('',(-68.76063213015,58.946788434099,
    -41.16716251721));
#555 = VECTOR('',#556,1.);
#556 = DIRECTION('',(1.,0.,-0.));
#557 = PLANE('',#558);
#558 = AXIS2_PLACEMENT_3D('',#559,#560,#561);
#559 = CARTESIAN_POINT('',(-68.76063213015,17.524720885813,
    -41.16716251721));
#560 = DIRECTION('',(0.,0.,1.));
#561 = DIRECTION('',(1.,0.,-0.));
#562 = ADVANCED_FACE('',(#563),#581,.T.);
#563 = FACE_BOUND('',#564,.T.);
#564 = EDGE_LOOP('',(#565,#573,#574,#575));
#565 = ORIENTED_EDGE('',*,*,#566,.F.);
#566 = EDGE_CURVE('',#482,#567,#569,.T.);
#567 = VERTEX_POINT('',#568);
#568 = CARTESIAN_POINT('',(-24.15225169353,58.946788434099,
    -130.6388284215));
#569 = LINE('',#570,#571);
#570 = CARTESIAN_POINT('',(-68.76063213015,58.946788434099,
    -130.6388284215));
#571 = VECTOR('',#572,1.);
#572 = DIRECTION('',(1.,0.,-0.));
#573 = ORIENTED_EDGE('',*,*,#489,.T.);
#574 = ORIENTED_EDGE('',*,*,#552,.T.);
#575 = ORIENTED_EDGE('',*,*,#576,.F.);
#576 = EDGE_CURVE('',#567,#545,#577,.T.);
#577 = LINE('',#578,#579);
#578 = CARTESIAN_POINT('',(-24.15225169353,58.946788434099,
    -130.6388284215));
#579 = VECTOR('',#580,1.);
#580 = DIRECTION('',(0.,0.,1.));
#581 = PLANE('',#582);
#582 = AXIS2_PLACEMENT_3D('',#583,#584,#585);
#583 = CARTESIAN_POINT('',(-68.76063213015,58.946788434099,
    -130.6388284215));
#584 = DIRECTION('',(-0.,1.,0.));
#585 = DIRECTION('',(0.,0.,1.));
#586 = ADVANCED_FACE('',(#587),#598,.F.);
#587 = FACE_BOUND('',#588,.F.);
#588 = EDGE_LOOP('',(#589,#590,#591,#597));
#589 = ORIENTED_EDGE('',*,*,#481,.F.);
#590 = ORIENTED_EDGE('',*,*,#511,.T.);
#591 = ORIENTED_EDGE('',*,*,#592,.T.);
#592 = EDGE_CURVE('',#512,#567,#593,.T.);
#593 = LINE('',#594,#595);
#594 = CARTESIAN_POINT('',(-24.15225169353,17.524720885813,
    -130.6388284215));
#595 = VECTOR('',#596,1.);
#596 = DIRECTION('',(-0.,1.,0.));
#597 = ORIENTED_EDGE('',*,*,#566,.F.);
#598 = PLANE('',#599);
#599 = AXIS2_PLACEMENT_3D('',#600,#601,#602);
#600 = CARTESIAN_POINT('',(-68.76063213015,17.524720885813,
    -130.6388284215));
#601 = DIRECTION('',(0.,0.,1.));
#602 = DIRECTION('',(1.,0.,-0.));
#603 = ADVANCED_FACE('',(#604),#610,.T.);
#604 = FACE_BOUND('',#605,.T.);
#605 = EDGE_LOOP('',(#606,#607,#608,#609));
#606 = ORIENTED_EDGE('',*,*,#528,.F.);
#607 = ORIENTED_EDGE('',*,*,#592,.T.);
#608 = ORIENTED_EDGE('',*,*,#576,.T.);
#609 = ORIENTED_EDGE('',*,*,#544,.F.);
#610 = PLANE('',#611);
#611 = AXIS2_PLACEMENT_3D('',#612,#613,#614);
#612 = CARTESIAN_POINT('',(-24.15225169353,17.524720885813,
    -130.6388284215));
#613 = DIRECTION('',(1.,0.,-0.));
#614 = DIRECTION('',(0.,0.,1.));
#615 = ORIENTED_CLOSED_SHELL('',*,#616,.F.);
#616 = CLOSED_SHELL('',(#617,#657,#688,#712,#736,#753));
#617 = ADVANCED_FACE('',(#618),#652,.F.);
#618 = FACE_BOUND('',#619,.F.);
#619 = EDGE_LOOP('',(#620,#630,#638,#646));
#620 = ORIENTED_EDGE('',*,*,#621,.F.);
#621 = EDGE_CURVE('',#622,#624,#626,.T.);
#622 = VERTEX_POINT('',#623);
#623 = CARTESIAN_POINT('',(24.152251693539,17.524720885813,
    -130.6388284215));
#624 = VERTEX_POINT('',#625);
#625 = CARTESIAN_POINT('',(24.152251693539,17.524720885813,
    -41.16716251721));
#626 = LINE('',#627,#628);
#627 = CARTESIAN_POINT('',(24.152251693539,17.524720885813,
    -130.6388284215));
#628 = VECTOR('',#629,1.);
#629 = DIRECTION('',(0.,0.,1.));
#630 = ORIENTED_EDGE('',*,*,#631,.T.);
#631 = EDGE_CURVE('',#622,#632,#634,.T.);
#632 = VERTEX_POINT('',#633);
#633 = CARTESIAN_POINT('',(24.152251693539,58.946788434099,
    -130.6388284215));
#634 = LINE('',#635,#636);
#635 = CARTESIAN_POINT('',(24.152251693539,17.524720885813,
    -130.6388284215));
#636 = VECTOR('',#637,1.);
#637 = DIRECTION('',(-0.,1.,0.));
#638 = ORIENTED_EDGE('',*,*,#639,.T.);
#639 = EDGE_CURVE('',#632,#640,#642,.T.);
#640 = VERTEX_POINT('',#641);
#641 = CARTESIAN_POINT('',(24.152251693539,58.946788434099,
    -41.16716251721));
#642 = LINE('',#643,#644);
#643 = CARTESIAN_POINT('',(24.152251693539,58.946788434099,
    -130.6388284215));
#644 = VECTOR('',#645,1.);
#645 = DIRECTION('',(0.,0.,1.));
#646 = ORIENTED_EDGE('',*,*,#647,.F.);
#647 = EDGE_CURVE('',#624,#640,#648,.T.);
#648 = LINE('',#649,#650);
#649 = CARTESIAN_POINT('',(24.152251693539,17.524720885813,
    -41.16716251721));
#650 = VECTOR('',#651,1.);
#651 = DIRECTION('',(-0.,1.,0.));
#652 = PLANE('',#653);
#653 = AXIS2_PLACEMENT_3D('',#654,#655,#656);
#654 = CARTESIAN_POINT('',(24.152251693539,17.524720885813,
    -130.6388284215));
#655 = DIRECTION('',(1.,0.,-0.));
#656 = DIRECTION('',(0.,0.,1.));
#657 = ADVANCED_FACE('',(#658),#683,.F.);
#658 = FACE_BOUND('',#659,.F.);
#659 = EDGE_LOOP('',(#660,#668,#669,#677));
#660 = ORIENTED_EDGE('',*,*,#661,.F.);
#661 = EDGE_CURVE('',#622,#662,#664,.T.);
#662 = VERTEX_POINT('',#663);
#663 = CARTESIAN_POINT('',(68.760632130154,17.524720885813,
    -130.6388284215));
#664 = LINE('',#665,#666);
#665 = CARTESIAN_POINT('',(24.152251693539,17.524720885813,
    -130.6388284215));
#666 = VECTOR('',#667,1.);
#667 = DIRECTION('',(1.,0.,-0.));
#668 = ORIENTED_EDGE('',*,*,#621,.T.);
#669 = ORIENTED_EDGE('',*,*,#670,.T.);
#670 = EDGE_CURVE('',#624,#671,#673,.T.);
#671 = VERTEX_POINT('',#672);
#672 = CARTESIAN_POINT('',(68.760632130154,17.524720885813,
    -41.16716251721));
#673 = LINE('',#674,#675);
#674 = CARTESIAN_POINT('',(24.152251693539,17.524720885813,
    -41.16716251721));
#675 = VECTOR('',#676,1.);
#676 = DIRECTION('',(1.,0.,-0.));
#677 = ORIENTED_EDGE('',*,*,#678,.F.);
#678 = EDGE_CURVE('',#662,#671,#679,.T.);
#679 = LINE('',#680,#681);
#680 = CARTESIAN_POINT('',(68.760632130154,17.524720885813,
    -130.6388284215));
#681 = VECTOR('',#682,1.);
#682 = DIRECTION('',(0.,0.,1.));
#683 = PLANE('',#684);
#684 = AXIS2_PLACEMENT_3D('',#685,#686,#687);
#685 = CARTESIAN_POINT('',(24.152251693539,17.524720885813,
    -130.6388284215));
#686 = DIRECTION('',(-0.,1.,0.));
#687 = DIRECTION('',(0.,0.,1.));
#688 = ADVANCED_FACE('',(#689),#707,.T.);
#689 = FACE_BOUND('',#690,.T.);
#690 = EDGE_LOOP('',(#691,#692,#693,#701));
#691 = ORIENTED_EDGE('',*,*,#647,.F.);
#692 = ORIENTED_EDGE('',*,*,#670,.T.);
#693 = ORIENTED_EDGE('',*,*,#694,.T.);
#694 = EDGE_CURVE('',#671,#695,#697,.T.);
#695 = VERTEX_POINT('',#696);
#696 = CARTESIAN_POINT('',(68.760632130154,58.946788434099,
    -41.16716251721));
#697 = LINE('',#698,#699);
#698 = CARTESIAN_POINT('',(68.760632130154,17.524720885813,
    -41.16716251721));
#699 = VECTOR('',#700,1.);
#700 = DIRECTION('',(-0.,1.,0.));
#701 = ORIENTED_EDGE('',*,*,#702,.F.);
#702 = EDGE_CURVE('',#640,#695,#703,.T.);
#703 = LINE('',#704,#705);
#704 = CARTESIAN_POINT('',(24.152251693539,58.946788434099,
    -41.16716251721));
#705 = VECTOR('',#706,1.);
#706 = DIRECTION('',(1.,0.,-0.));
#707 = PLANE('',#708);
#708 = AXIS2_PLACEMENT_3D('',#709,#710,#711);
#709 = CARTESIAN_POINT('',(24.152251693539,17.524720885813,
    -41.16716251721));
#710 = DIRECTION('',(0.,0.,1.));
#711 = DIRECTION('',(1.,0.,-0.));
#712 = ADVANCED_FACE('',(#713),#731,.T.);
#713 = FACE_BOUND('',#714,.T.);
#714 = EDGE_LOOP('',(#715,#723,#724,#725));
#715 = ORIENTED_EDGE('',*,*,#716,.F.);
#716 = EDGE_CURVE('',#632,#717,#719,.T.);
#717 = VERTEX_POINT('',#718);
#718 = CARTESIAN_POINT('',(68.760632130154,58.946788434099,
    -130.6388284215));
#719 = LINE('',#720,#721);
#720 = CARTESIAN_POINT('',(24.152251693539,58.946788434099,
    -130.6388284215));
#721 = VECTOR('',#722,1.);
#722 = DIRECTION('',(1.,0.,-0.));
#723 = ORIENTED_EDGE('',*,*,#639,.T.);
#724 = ORIENTED_EDGE('',*,*,#702,.T.);
#725 = ORIENTED_EDGE('',*,*,#726,.F.);
#726 = EDGE_CURVE('',#717,#695,#727,.T.);
#727 = LINE('',#728,#729);
#728 = CARTESIAN_POINT('',(68.760632130154,58.946788434099,
    -130.6388284215));
#729 = VECTOR('',#730,1.);
#730 = DIRECTION('',(0.,0.,1.));
#731 = PLANE('',#732);
#732 = AXIS2_PLACEMENT_3D('',#733,#734,#735);
#733 = CARTESIAN_POINT('',(24.152251693539,58.946788434099,
    -130.6388284215));
#734 = DIRECTION('',(-0.,1.,0.));
#735 = DIRECTION('',(0.,0.,1.));
#736 = ADVANCED_FACE('',(#737),#748,.F.);
#737 = FACE_BOUND('',#738,.F.);
#738 = EDGE_LOOP('',(#739,#740,#741,#747));
#739 = ORIENTED_EDGE('',*,*,#631,.F.);
#740 = ORIENTED_EDGE('',*,*,#661,.T.);
#741 = ORIENTED_EDGE('',*,*,#742,.T.);
#742 = EDGE_CURVE('',#662,#717,#743,.T.);
#743 = LINE('',#744,#745);
#744 = CARTESIAN_POINT('',(68.760632130154,17.524720885813,
    -130.6388284215));
#745 = VECTOR('',#746,1.);
#746 = DIRECTION('',(-0.,1.,0.));
#747 = ORIENTED_EDGE('',*,*,#716,.F.);
#748 = PLANE('',#749);
#749 = AXIS2_PLACEMENT_3D('',#750,#751,#752);
#750 = CARTESIAN_POINT('',(24.152251693539,17.524720885813,
    -130.6388284215));
#751 = DIRECTION('',(0.,0.,1.));
#752 = DIRECTION('',(1.,0.,-0.));
#753 = ADVANCED_FACE('',(#754),#760,.T.);
#754 = FACE_BOUND('',#755,.T.);
#755 = EDGE_LOOP('',(#756,#757,#758,#759));
#756 = ORIENTED_EDGE('',*,*,#678,.F.);
#757 = ORIENTED_EDGE('',*,*,#742,.T.);
#758 = ORIENTED_EDGE('',*,*,#726,.T.);
#759 = ORIENTED_EDGE('',*,*,#694,.F.);
#760 = PLANE('',#761);
#761 = AXIS2_PLACEMENT_3D('',#762,#763,#764);
#762 = CARTESIAN_POINT('',(68.760632130154,17.524720885813,
    -130.6388284215));
#763 = DIRECTION('',(1.,0.,-0.));
#764 = DIRECTION('',(0.,0.,1.));
#765 = MANIFOLD_SOLID_BREP('',#766);
#766 = CLOSED_SHELL('',(#767,#807,#847,#869,#891,#903));
#767 = ADVANCED_FACE('',(#768),#802,.F.);
#768 = FACE_BOUND('',#769,.F.);
#769 = EDGE_LOOP('',(#770,#780,#788,#796));
#770 = ORIENTED_EDGE('',*,*,#771,.F.);
#771 = EDGE_CURVE('',#772,#774,#776,.T.);
#772 = VERTEX_POINT('',#773);
#773 = CARTESIAN_POINT('',(-147.1120660541,-121.0798897565,
    -162.5019573048));
#774 = VERTEX_POINT('',#775);
#775 = CARTESIAN_POINT('',(-147.1120660541,-121.0798897565,
    -146.5703928631));
#776 = LINE('',#777,#778);
#777 = CARTESIAN_POINT('',(-147.1120660541,-121.0798897565,
    -162.5019573048));
#778 = VECTOR('',#779,1.);
#779 = DIRECTION('',(0.,0.,1.));
#780 = ORIENTED_EDGE('',*,*,#781,.T.);
#781 = EDGE_CURVE('',#772,#782,#784,.T.);
#782 = VERTEX_POINT('',#783);
#783 = CARTESIAN_POINT('',(-147.1120660541,121.07988975652,
    -162.5019573048));
#784 = LINE('',#785,#786);
#785 = CARTESIAN_POINT('',(-147.1120660541,-121.0798897565,
    -162.5019573048));
#786 = VECTOR('',#787,1.);
#787 = DIRECTION('',(-0.,1.,0.));
#788 = ORIENTED_EDGE('',*,*,#789,.T.);
#789 = EDGE_CURVE('',#782,#790,#792,.T.);
#790 = VERTEX_POINT('',#791);
#791 = CARTESIAN_POINT('',(-147.1120660541,121.07988975652,
    -146.5703928631));
#792 = LINE('',#793,#794);
#793 = CARTESIAN_POINT('',(-147.1120660541,121.07988975652,
    -162.5019573048));
#794 = VECTOR('',#795,1.);
#795 = DIRECTION('',(0.,0.,1.));
#796 = ORIENTED_EDGE('',*,*,#797,.F.);
#797 = EDGE_CURVE('',#774,#790,#798,.T.);
#798 = LINE('',#799,#800);
#799 = CARTESIAN_POINT('',(-147.1120660541,-121.0798897565,
    -146.5703928631));
#800 = VECTOR('',#801,1.);
#801 = DIRECTION('',(-0.,1.,0.));
#802 = PLANE('',#803);
#803 = AXIS2_PLACEMENT_3D('',#804,#805,#806);
#804 = CARTESIAN_POINT('',(-147.1120660541,-121.0798897565,
    -162.5019573048));
#805 = DIRECTION('',(1.,0.,-0.));
#806 = DIRECTION('',(0.,0.,1.));
#807 = ADVANCED_FACE('',(#808),#842,.T.);
#808 = FACE_BOUND('',#809,.T.);
#809 = EDGE_LOOP('',(#810,#820,#828,#836));
#810 = ORIENTED_EDGE('',*,*,#811,.F.);
#811 = EDGE_CURVE('',#812,#814,#816,.T.);
#812 = VERTEX_POINT('',#813);
#813 = CARTESIAN_POINT('',(147.11206605418,-121.0798897565,
    -162.5019573048));
#814 = VERTEX_POINT('',#815);
#815 = CARTESIAN_POINT('',(147.11206605418,-121.0798897565,
    -146.5703928631));
#816 = LINE('',#817,#818);
#817 = CARTESIAN_POINT('',(147.11206605418,-121.0798897565,
    -162.5019573048));
#818 = VECTOR('',#819,1.);
#819 = DIRECTION('',(0.,0.,1.));
#820 = ORIENTED_EDGE('',*,*,#821,.T.);
#821 = EDGE_CURVE('',#812,#822,#824,.T.);
#822 = VERTEX_POINT('',#823);
#823 = CARTESIAN_POINT('',(147.11206605418,121.07988975652,
    -162.5019573048));
#824 = LINE('',#825,#826);
#825 = CARTESIAN_POINT('',(147.11206605418,-121.0798897565,
    -162.5019573048));
#826 = VECTOR('',#827,1.);
#827 = DIRECTION('',(-0.,1.,0.));
#828 = ORIENTED_EDGE('',*,*,#829,.T.);
#829 = EDGE_CURVE('',#822,#830,#832,.T.);
#830 = VERTEX_POINT('',#831);
#831 = CARTESIAN_POINT('',(147.11206605418,121.07988975652,
    -146.5703928631));
#832 = LINE('',#833,#834);
#833 = CARTESIAN_POINT('',(147.11206605418,121.07988975652,
    -162.5019573048));
#834 = VECTOR('',#835,1.);
#835 = DIRECTION('',(0.,0.,1.));
#836 = ORIENTED_EDGE('',*,*,#837,.F.);
#837 = EDGE_CURVE('',#814,#830,#838,.T.);
#838 = LINE('',#839,#840);
#839 = CARTESIAN_POINT('',(147.11206605418,-121.0798897565,
    -146.5703928631));
#840 = VECTOR('',#841,1.);
#841 = DIRECTION('',(-0.,1.,0.));
#842 = PLANE('',#843);
#843 = AXIS2_PLACEMENT_3D('',#844,#845,#846);
#844 = CARTESIAN_POINT('',(147.11206605418,-121.0798897565,
    -162.5019573048));
#845 = DIRECTION('',(1.,0.,-0.));
#846 = DIRECTION('',(0.,0.,1.));
#847 = ADVANCED_FACE('',(#848),#864,.F.);
#848 = FACE_BOUND('',#849,.F.);
#849 = EDGE_LOOP('',(#850,#856,#857,#863));
#850 = ORIENTED_EDGE('',*,*,#851,.F.);
#851 = EDGE_CURVE('',#772,#812,#852,.T.);
#852 = LINE('',#853,#854);
#853 = CARTESIAN_POINT('',(-147.1120660541,-121.0798897565,
    -162.5019573048));
#854 = VECTOR('',#855,1.);
#855 = DIRECTION('',(1.,0.,-0.));
#856 = ORIENTED_EDGE('',*,*,#771,.T.);
#857 = ORIENTED_EDGE('',*,*,#858,.T.);
#858 = EDGE_CURVE('',#774,#814,#859,.T.);
#859 = LINE('',#860,#861);
#860 = CARTESIAN_POINT('',(-147.1120660541,-121.0798897565,
    -146.5703928631));
#861 = VECTOR('',#862,1.);
#862 = DIRECTION('',(1.,0.,-0.));
#863 = ORIENTED_EDGE('',*,*,#811,.F.);
#864 = PLANE('',#865);
#865 = AXIS2_PLACEMENT_3D('',#866,#867,#868);
#866 = CARTESIAN_POINT('',(-147.1120660541,-121.0798897565,
    -162.5019573048));
#867 = DIRECTION('',(-0.,1.,0.));
#868 = DIRECTION('',(0.,0.,1.));
#869 = ADVANCED_FACE('',(#870),#886,.T.);
#870 = FACE_BOUND('',#871,.T.);
#871 = EDGE_LOOP('',(#872,#878,#879,#885));
#872 = ORIENTED_EDGE('',*,*,#873,.F.);
#873 = EDGE_CURVE('',#782,#822,#874,.T.);
#874 = LINE('',#875,#876);
#875 = CARTESIAN_POINT('',(-147.1120660541,121.07988975652,
    -162.5019573048));
#876 = VECTOR('',#877,1.);
#877 = DIRECTION('',(1.,0.,-0.));
#878 = ORIENTED_EDGE('',*,*,#789,.T.);
#879 = ORIENTED_EDGE('',*,*,#880,.T.);
#880 = EDGE_CURVE('',#790,#830,#881,.T.);
#881 = LINE('',#882,#883);
#882 = CARTESIAN_POINT('',(-147.1120660541,121.07988975652,
    -146.5703928631));
#883 = VECTOR('',#884,1.);
#884 = DIRECTION('',(1.,0.,-0.));
#885 = ORIENTED_EDGE('',*,*,#829,.F.);
#886 = PLANE('',#887);
#887 = AXIS2_PLACEMENT_3D('',#888,#889,#890);
#888 = CARTESIAN_POINT('',(-147.1120660541,121.07988975652,
    -162.5019573048));
#889 = DIRECTION('',(-0.,1.,0.));
#890 = DIRECTION('',(0.,0.,1.));
#891 = ADVANCED_FACE('',(#892),#898,.F.);
#892 = FACE_BOUND('',#893,.F.);
#893 = EDGE_LOOP('',(#894,#895,#896,#897));
#894 = ORIENTED_EDGE('',*,*,#781,.F.);
#895 = ORIENTED_EDGE('',*,*,#851,.T.);
#896 = ORIENTED_EDGE('',*,*,#821,.T.);
#897 = ORIENTED_EDGE('',*,*,#873,.F.);
#898 = PLANE('',#899);
#899 = AXIS2_PLACEMENT_3D('',#900,#901,#902);
#900 = CARTESIAN_POINT('',(-147.1120660541,-121.0798897565,
    -162.5019573048));
#901 = DIRECTION('',(0.,0.,1.));
#902 = DIRECTION('',(1.,0.,-0.));
#903 = ADVANCED_FACE('',(#904),#910,.T.);
#904 = FACE_BOUND('',#905,.T.);
#905 = EDGE_LOOP('',(#906,#907,#908,#909));
#906 = ORIENTED_EDGE('',*,*,#797,.F.);
#907 = ORIENTED_EDGE('',*,*,#858,.T.);
#908 = ORIENTED_EDGE('',*,*,#837,.T.);
#909 = ORIENTED_EDGE('',*,*,#880,.F.);
#910 = PLANE('',#911);
#911 = AXIS2_PLACEMENT_3D('',#912,#913,#914);
#912 = CARTESIAN_POINT('',(-147.1120660541,-121.0798897565,
    -146.5703928631));
#913 = DIRECTION('',(0.,0.,1.));
#914 = DIRECTION('',(1.,0.,-0.));
#915 = MANIFOLD_SOLID_BREP('',#916);
#916 = CLOSED_SHELL('',(#917,#957,#997,#1019,#1041,#1053));
#917 = ADVANCED_FACE('',(#918),#952,.F.);
#918 = FACE_BOUND('',#919,.F.);
#919 = EDGE_LOOP('',(#920,#930,#938,#946));
#920 = ORIENTED_EDGE('',*,*,#921,.F.);
#921 = EDGE_CURVE('',#922,#924,#926,.T.);
#922 = VERTEX_POINT('',#923);
#923 = CARTESIAN_POINT('',(-193.568507966,-159.3156444164,-22.3041902183
    ));
#924 = VERTEX_POINT('',#925);
#925 = CARTESIAN_POINT('',(-193.568507966,-159.3156444164,0.));
#926 = LINE('',#927,#928);
#927 = CARTESIAN_POINT('',(-193.568507966,-159.3156444164,-22.3041902183
    ));
#928 = VECTOR('',#929,1.);
#929 = DIRECTION('',(0.,0.,1.));
#930 = ORIENTED_EDGE('',*,*,#931,.T.);
#931 = EDGE_CURVE('',#922,#932,#934,.T.);
#932 = VERTEX_POINT('',#933);
#933 = CARTESIAN_POINT('',(-193.568507966,159.31564441648,-22.3041902183
    ));
#934 = LINE('',#935,#936);
#935 = CARTESIAN_POINT('',(-193.568507966,-159.3156444164,-22.3041902183
    ));
#936 = VECTOR('',#937,1.);
#937 = DIRECTION('',(-0.,1.,0.));
#938 = ORIENTED_EDGE('',*,*,#939,.T.);
#939 = EDGE_CURVE('',#932,#940,#942,.T.);
#940 = VERTEX_POINT('',#941);
#941 = CARTESIAN_POINT('',(-193.568507966,159.31564441648,0.));
#942 = LINE('',#943,#944);
#943 = CARTESIAN_POINT('',(-193.568507966,159.31564441648,-22.3041902183
    ));
#944 = VECTOR('',#945,1.);
#945 = DIRECTION('',(0.,0.,1.));
#946 = ORIENTED_EDGE('',*,*,#947,.F.);
#947 = EDGE_CURVE('',#924,#940,#948,.T.);
#948 = LINE('',#949,#950);
#949 = CARTESIAN_POINT('',(-193.568507966,-159.3156444164,0.));
#950 = VECTOR('',#951,1.);
#951 = DIRECTION('',(-0.,1.,0.));
#952 = PLANE('',#953);
#953 = AXIS2_PLACEMENT_3D('',#954,#955,#956);
#954 = CARTESIAN_POINT('',(-193.568507966,-159.3156444164,-22.3041902183
    ));
#955 = DIRECTION('',(1.,0.,-0.));
#956 = DIRECTION('',(0.,0.,1.));
#957 = ADVANCED_FACE('',(#958),#992,.T.);
#958 = FACE_BOUND('',#959,.T.);
#959 = EDGE_LOOP('',(#960,#970,#978,#986));
#960 = ORIENTED_EDGE('',*,*,#961,.F.);
#961 = EDGE_CURVE('',#962,#964,#966,.T.);
#962 = VERTEX_POINT('',#963);
#963 = CARTESIAN_POINT('',(193.56850796602,-159.3156444164,
    -22.3041902183));
#964 = VERTEX_POINT('',#965);
#965 = CARTESIAN_POINT('',(193.56850796602,-159.3156444164,0.));
#966 = LINE('',#967,#968);
#967 = CARTESIAN_POINT('',(193.56850796602,-159.3156444164,
    -22.3041902183));
#968 = VECTOR('',#969,1.);
#969 = DIRECTION('',(0.,0.,1.));
#970 = ORIENTED_EDGE('',*,*,#971,.T.);
#971 = EDGE_CURVE('',#962,#972,#974,.T.);
#972 = VERTEX_POINT('',#973);
#973 = CARTESIAN_POINT('',(193.56850796602,159.31564441648,
    -22.3041902183));
#974 = LINE('',#975,#976);
#975 = CARTESIAN_POINT('',(193.56850796602,-159.3156444164,
    -22.3041902183));
#976 = VECTOR('',#977,1.);
#977 = DIRECTION('',(-0.,1.,0.));
#978 = ORIENTED_EDGE('',*,*,#979,.T.);
#979 = EDGE_CURVE('',#972,#980,#982,.T.);
#980 = VERTEX_POINT('',#981);
#981 = CARTESIAN_POINT('',(193.56850796602,159.31564441648,0.));
#982 = LINE('',#983,#984);
#983 = CARTESIAN_POINT('',(193.56850796602,159.31564441648,
    -22.3041902183));
#984 = VECTOR('',#985,1.);
#985 = DIRECTION('',(0.,0.,1.));
#986 = ORIENTED_EDGE('',*,*,#987,.F.);
#987 = EDGE_CURVE('',#964,#980,#988,.T.);
#988 = LINE('',#989,#990);
#989 = CARTESIAN_POINT('',(193.56850796602,-159.3156444164,0.));
#990 = VECTOR('',#991,1.);
#991 = DIRECTION('',(-0.,1.,0.));
#992 = PLANE('',#993);
#993 = AXIS2_PLACEMENT_3D('',#994,#995,#996);
#994 = CARTESIAN_POINT('',(193.56850796602,-159.3156444164,
    -22.3041902183));
#995 = DIRECTION('',(1.,0.,-0.));
#996 = DIRECTION('',(0.,0.,1.));
#997 = ADVANCED_FACE('',(#998),#1014,.F.);
#998 = FACE_BOUND('',#999,.F.);
#999 = EDGE_LOOP('',(#1000,#1006,#1007,#1013));
#1000 = ORIENTED_EDGE('',*,*,#1001,.F.);
#1001 = EDGE_CURVE('',#922,#962,#1002,.T.);
#1002 = LINE('',#1003,#1004);
#1003 = CARTESIAN_POINT('',(-193.568507966,-159.3156444164,
    -22.3041902183));
#1004 = VECTOR('',#1005,1.);
#1005 = DIRECTION('',(1.,0.,-0.));
#1006 = ORIENTED_EDGE('',*,*,#921,.T.);
#1007 = ORIENTED_EDGE('',*,*,#1008,.T.);
#1008 = EDGE_CURVE('',#924,#964,#1009,.T.);
#1009 = LINE('',#1010,#1011);
#1010 = CARTESIAN_POINT('',(-193.568507966,-159.3156444164,0.));
#1011 = VECTOR('',#1012,1.);
#1012 = DIRECTION('',(1.,0.,-0.));
#1013 = ORIENTED_EDGE('',*,*,#961,.F.);
#1014 = PLANE('',#1015);
#1015 = AXIS2_PLACEMENT_3D('',#1016,#1017,#1018);
#1016 = CARTESIAN_POINT('',(-193.568507966,-159.3156444164,
    -22.3041902183));
#1017 = DIRECTION('',(-0.,1.,0.));
#1018 = DIRECTION('',(0.,0.,1.));
#1019 = ADVANCED_FACE('',(#1020),#1036,.T.);
#1020 = FACE_BOUND('',#1021,.T.);
#1021 = EDGE_LOOP('',(#1022,#1028,#1029,#1035));
#1022 = ORIENTED_EDGE('',*,*,#1023,.F.);
#1023 = EDGE_CURVE('',#932,#972,#1024,.T.);
#1024 = LINE('',#1025,#1026);
#1025 = CARTESIAN_POINT('',(-193.568507966,159.31564441648,
    -22.3041902183));
#1026 = VECTOR('',#1027,1.);
#1027 = DIRECTION('',(1.,0.,-0.));
#1028 = ORIENTED_EDGE('',*,*,#939,.T.);
#1029 = ORIENTED_EDGE('',*,*,#1030,.T.);
#1030 = EDGE_CURVE('',#940,#980,#1031,.T.);
#1031 = LINE('',#1032,#1033);
#1032 = CARTESIAN_POINT('',(-193.568507966,159.31564441648,0.));
#1033 = VECTOR('',#1034,1.);
#1034 = DIRECTION('',(1.,0.,-0.));
#1035 = ORIENTED_EDGE('',*,*,#979,.F.);
#1036 = PLANE('',#1037);
#1037 = AXIS2_PLACEMENT_3D('',#1038,#1039,#1040);
#1038 = CARTESIAN_POINT('',(-193.568507966,159.31564441648,
    -22.3041902183));
#1039 = DIRECTION('',(-0.,1.,0.));
#1040 = DIRECTION('',(0.,0.,1.));
#1041 = ADVANCED_FACE('',(#1042),#1048,.F.);
#1042 = FACE_BOUND('',#1043,.F.);
#1043 = EDGE_LOOP('',(#1044,#1045,#1046,#1047));
#1044 = ORIENTED_EDGE('',*,*,#931,.F.);
#1045 = ORIENTED_EDGE('',*,*,#1001,.T.);
#1046 = ORIENTED_EDGE('',*,*,#971,.T.);
#1047 = ORIENTED_EDGE('',*,*,#1023,.F.);
#1048 = PLANE('',#1049);
#1049 = AXIS2_PLACEMENT_3D('',#1050,#1051,#1052);
#1050 = CARTESIAN_POINT('',(-193.568507966,-159.3156444164,
    -22.3041902183));
#1051 = DIRECTION('',(0.,0.,1.));
#1052 = DIRECTION('',(1.,0.,-0.));
#1053 = ADVANCED_FACE('',(#1054),#1060,.T.);
#1054 = FACE_BOUND('',#1055,.T.);
#1055 = EDGE_LOOP('',(#1056,#1057,#1058,#1059));
#1056 = ORIENTED_EDGE('',*,*,#947,.F.);
#1057 = ORIENTED_EDGE('',*,*,#1008,.T.);
#1058 = ORIENTED_EDGE('',*,*,#987,.T.);
#1059 = ORIENTED_EDGE('',*,*,#1030,.F.);
#1060 = PLANE('',#1061);
#1061 = AXIS2_PLACEMENT_3D('',#1062,#1063,#1064);
#1062 = CARTESIAN_POINT('',(-193.568507966,-159.3156444164,0.));
#1063 = DIRECTION('',(0.,0.,1.));
#1064 = DIRECTION('',(1.,0.,-0.));
#1065 = MANIFOLD_SOLID_BREP('',#1066);
#1066 = CLOSED_SHELL('',(#1067,#1107,#1147,#1169,#1191,#1203));
#1067 = ADVANCED_FACE('',(#1068),#1102,.F.);
#1068 = FACE_BOUND('',#1069,.F.);
#1069 = EDGE_LOOP('',(#1070,#1080,#1088,#1096));
#1070 = ORIENTED_EDGE('',*,*,#1071,.F.);
#1071 = EDGE_CURVE('',#1072,#1074,#1076,.T.);
#1072 = VERTEX_POINT('',#1073);
#1073 = CARTESIAN_POINT('',(-196.7548208543,-162.5019573048,
    -28.67681599496));
#1074 = VERTEX_POINT('',#1075);
#1075 = CARTESIAN_POINT('',(-196.7548208543,-162.5019573048,
    -22.3041902183));
#1076 = LINE('',#1077,#1078);
#1077 = CARTESIAN_POINT('',(-196.7548208543,-162.5019573048,
    -28.67681599496));
#1078 = VECTOR('',#1079,1.);
#1079 = DIRECTION('',(0.,0.,1.));
#1080 = ORIENTED_EDGE('',*,*,#1081,.T.);
#1081 = EDGE_CURVE('',#1072,#1082,#1084,.T.);
#1082 = VERTEX_POINT('',#1083);
#1083 = CARTESIAN_POINT('',(-196.7548208543,162.50195730481,
    -28.67681599496));
#1084 = LINE('',#1085,#1086);
#1085 = CARTESIAN_POINT('',(-196.7548208543,-162.5019573048,
    -28.67681599496));
#1086 = VECTOR('',#1087,1.);
#1087 = DIRECTION('',(-0.,1.,0.));
#1088 = ORIENTED_EDGE('',*,*,#1089,.T.);
#1089 = EDGE_CURVE('',#1082,#1090,#1092,.T.);
#1090 = VERTEX_POINT('',#1091);
#1091 = CARTESIAN_POINT('',(-196.7548208543,162.50195730481,
    -22.3041902183));
#1092 = LINE('',#1093,#1094);
#1093 = CARTESIAN_POINT('',(-196.7548208543,162.50195730481,
    -28.67681599496));
#1094 = VECTOR('',#1095,1.);
#1095 = DIRECTION('',(0.,0.,1.));
#1096 = ORIENTED_EDGE('',*,*,#1097,.F.);
#1097 = EDGE_CURVE('',#1074,#1090,#1098,.T.);
#1098 = LINE('',#1099,#1100);
#1099 = CARTESIAN_POINT('',(-196.7548208543,-162.5019573048,
    -22.3041902183));
#1100 = VECTOR('',#1101,1.);
#1101 = DIRECTION('',(-0.,1.,0.));
#1102 = PLANE('',#1103);
#1103 = AXIS2_PLACEMENT_3D('',#1104,#1105,#1106);
#1104 = CARTESIAN_POINT('',(-196.7548208543,-162.5019573048,
    -28.67681599496));
#1105 = DIRECTION('',(1.,0.,-0.));
#1106 = DIRECTION('',(0.,0.,1.));
#1107 = ADVANCED_FACE('',(#1108),#1142,.T.);
#1108 = FACE_BOUND('',#1109,.T.);
#1109 = EDGE_LOOP('',(#1110,#1120,#1128,#1136));
#1110 = ORIENTED_EDGE('',*,*,#1111,.F.);
#1111 = EDGE_CURVE('',#1112,#1114,#1116,.T.);
#1112 = VERTEX_POINT('',#1113);
#1113 = CARTESIAN_POINT('',(196.75482085435,-162.5019573048,
    -28.67681599496));
#1114 = VERTEX_POINT('',#1115);
#1115 = CARTESIAN_POINT('',(196.75482085435,-162.5019573048,
    -22.3041902183));
#1116 = LINE('',#1117,#1118);
#1117 = CARTESIAN_POINT('',(196.75482085435,-162.5019573048,
    -28.67681599496));
#1118 = VECTOR('',#1119,1.);
#1119 = DIRECTION('',(0.,0.,1.));
#1120 = ORIENTED_EDGE('',*,*,#1121,.T.);
#1121 = EDGE_CURVE('',#1112,#1122,#1124,.T.);
#1122 = VERTEX_POINT('',#1123);
#1123 = CARTESIAN_POINT('',(196.75482085435,162.50195730481,
    -28.67681599496));
#1124 = LINE('',#1125,#1126);
#1125 = CARTESIAN_POINT('',(196.75482085435,-162.5019573048,
    -28.67681599496));
#1126 = VECTOR('',#1127,1.);
#1127 = DIRECTION('',(-0.,1.,0.));
#1128 = ORIENTED_EDGE('',*,*,#1129,.T.);
#1129 = EDGE_CURVE('',#1122,#1130,#1132,.T.);
#1130 = VERTEX_POINT('',#1131);
#1131 = CARTESIAN_POINT('',(196.75482085435,162.50195730481,
    -22.3041902183));
#1132 = LINE('',#1133,#1134);
#1133 = CARTESIAN_POINT('',(196.75482085435,162.50195730481,
    -28.67681599496));
#1134 = VECTOR('',#1135,1.);
#1135 = DIRECTION('',(0.,0.,1.));
#1136 = ORIENTED_EDGE('',*,*,#1137,.F.);
#1137 = EDGE_CURVE('',#1114,#1130,#1138,.T.);
#1138 = LINE('',#1139,#1140);
#1139 = CARTESIAN_POINT('',(196.75482085435,-162.5019573048,
    -22.3041902183));
#1140 = VECTOR('',#1141,1.);
#1141 = DIRECTION('',(-0.,1.,0.));
#1142 = PLANE('',#1143);
#1143 = AXIS2_PLACEMENT_3D('',#1144,#1145,#1146);
#1144 = CARTESIAN_POINT('',(196.75482085435,-162.5019573048,
    -28.67681599496));
#1145 = DIRECTION('',(1.,0.,-0.));
#1146 = DIRECTION('',(0.,0.,1.));
#1147 = ADVANCED_FACE('',(#1148),#1164,.F.);
#1148 = FACE_BOUND('',#1149,.F.);
#1149 = EDGE_LOOP('',(#1150,#1156,#1157,#1163));
#1150 = ORIENTED_EDGE('',*,*,#1151,.F.);
#1151 = EDGE_CURVE('',#1072,#1112,#1152,.T.);
#1152 = LINE('',#1153,#1154);
#1153 = CARTESIAN_POINT('',(-196.7548208543,-162.5019573048,
    -28.67681599496));
#1154 = VECTOR('',#1155,1.);
#1155 = DIRECTION('',(1.,0.,-0.));
#1156 = ORIENTED_EDGE('',*,*,#1071,.T.);
#1157 = ORIENTED_EDGE('',*,*,#1158,.T.);
#1158 = EDGE_CURVE('',#1074,#1114,#1159,.T.);
#1159 = LINE('',#1160,#1161);
#1160 = CARTESIAN_POINT('',(-196.7548208543,-162.5019573048,
    -22.3041902183));
#1161 = VECTOR('',#1162,1.);
#1162 = DIRECTION('',(1.,0.,-0.));
#1163 = ORIENTED_EDGE('',*,*,#1111,.F.);
#1164 = PLANE('',#1165);
#1165 = AXIS2_PLACEMENT_3D('',#1166,#1167,#1168);
#1166 = CARTESIAN_POINT('',(-196.7548208543,-162.5019573048,
    -28.67681599496));
#1167 = DIRECTION('',(-0.,1.,0.));
#1168 = DIRECTION('',(0.,0.,1.));
#1169 = ADVANCED_FACE('',(#1170),#1186,.T.);
#1170 = FACE_BOUND('',#1171,.T.);
#1171 = EDGE_LOOP('',(#1172,#1178,#1179,#1185));
#1172 = ORIENTED_EDGE('',*,*,#1173,.F.);
#1173 = EDGE_CURVE('',#1082,#1122,#1174,.T.);
#1174 = LINE('',#1175,#1176);
#1175 = CARTESIAN_POINT('',(-196.7548208543,162.50195730481,
    -28.67681599496));
#1176 = VECTOR('',#1177,1.);
#1177 = DIRECTION('',(1.,0.,-0.));
#1178 = ORIENTED_EDGE('',*,*,#1089,.T.);
#1179 = ORIENTED_EDGE('',*,*,#1180,.T.);
#1180 = EDGE_CURVE('',#1090,#1130,#1181,.T.);
#1181 = LINE('',#1182,#1183);
#1182 = CARTESIAN_POINT('',(-196.7548208543,162.50195730481,
    -22.3041902183));
#1183 = VECTOR('',#1184,1.);
#1184 = DIRECTION('',(1.,0.,-0.));
#1185 = ORIENTED_EDGE('',*,*,#1129,.F.);
#1186 = PLANE('',#1187);
#1187 = AXIS2_PLACEMENT_3D('',#1188,#1189,#1190);
#1188 = CARTESIAN_POINT('',(-196.7548208543,162.50195730481,
    -28.67681599496));
#1189 = DIRECTION('',(-0.,1.,0.));
#1190 = DIRECTION('',(0.,0.,1.));
#1191 = ADVANCED_FACE('',(#1192),#1198,.F.);
#1192 = FACE_BOUND('',#1193,.F.);
#1193 = EDGE_LOOP('',(#1194,#1195,#1196,#1197));
#1194 = ORIENTED_EDGE('',*,*,#1081,.F.);
#1195 = ORIENTED_EDGE('',*,*,#1151,.T.);
#1196 = ORIENTED_EDGE('',*,*,#1121,.T.);
#1197 = ORIENTED_EDGE('',*,*,#1173,.F.);
#1198 = PLANE('',#1199);
#1199 = AXIS2_PLACEMENT_3D('',#1200,#1201,#1202);
#1200 = CARTESIAN_POINT('',(-196.7548208543,-162.5019573048,
    -28.67681599496));
#1201 = DIRECTION('',(0.,0.,1.));
#1202 = DIRECTION('',(1.,0.,-0.));
#1203 = ADVANCED_FACE('',(#1204),#1210,.T.);
#1204 = FACE_BOUND('',#1205,.T.);
#1205 = EDGE_LOOP('',(#1206,#1207,#1208,#1209));
#1206 = ORIENTED_EDGE('',*,*,#1097,.F.);
#1207 = ORIENTED_EDGE('',*,*,#1158,.T.);
#1208 = ORIENTED_EDGE('',*,*,#1137,.T.);
#1209 = ORIENTED_EDGE('',*,*,#1180,.F.);
#1210 = PLANE('',#1211);
#1211 = AXIS2_PLACEMENT_3D('',#1212,#1213,#1214);
#1212 = CARTESIAN_POINT('',(-196.7548208543,-162.5019573048,
    -22.3041902183));
#1213 = DIRECTION('',(0.,0.,1.));
#1214 = DIRECTION('',(1.,0.,-0.));
#1215 = MANIFOLD_SOLID_BREP('',#1216);
#1216 = CLOSED_SHELL('',(#1217,#1250,#1259));
#1217 = ADVANCED_FACE('',(#1218),#1245,.T.);
#1218 = FACE_BOUND('',#1219,.T.);
#1219 = EDGE_LOOP('',(#1220,#1229,#1237,#1244));
#1220 = ORIENTED_EDGE('',*,*,#1221,.F.);
#1221 = EDGE_CURVE('',#1222,#1222,#1224,.T.);
#1222 = VERTEX_POINT('',#1223);
#1223 = CARTESIAN_POINT('',(-63.59880525106,-44.86328546768,
    1.115209510915));
#1224 = CIRCLE('',#1225,11.152095109154);
#1225 = AXIS2_PLACEMENT_3D('',#1226,#1227,#1228);
#1226 = CARTESIAN_POINT('',(-74.75090036021,-44.86328546768,
    1.115209510915));
#1227 = DIRECTION('',(0.,0.,1.));
#1228 = DIRECTION('',(1.,0.,-0.));
#1229 = ORIENTED_EDGE('',*,*,#1230,.F.);
#1230 = EDGE_CURVE('',#1231,#1222,#1233,.T.);
#1231 = VERTEX_POINT('',#1232);
#1232 = CARTESIAN_POINT('',(-63.59880525106,-44.86328546768,
    -2.389734666247));
#1233 = LINE('',#1234,#1235);
#1234 = CARTESIAN_POINT('',(-63.59880525106,-44.86328546768,
    -2.389734666247));
#1235 = VECTOR('',#1236,1.);
#1236 = DIRECTION('',(0.,0.,1.));
#1237 = ORIENTED_EDGE('',*,*,#1238,.T.);
#1238 = EDGE_CURVE('',#1231,#1231,#1239,.T.);
#1239 = CIRCLE('',#1240,11.152095109154);
#1240 = AXIS2_PLACEMENT_3D('',#1241,#1242,#1243);
#1241 = CARTESIAN_POINT('',(-74.75090036021,-44.86328546768,
    -2.389734666247));
#1242 = DIRECTION('',(0.,0.,1.));
#1243 = DIRECTION('',(1.,0.,-0.));
#1244 = ORIENTED_EDGE('',*,*,#1230,.T.);
#1245 = CYLINDRICAL_SURFACE('',#1246,11.152095109154);
#1246 = AXIS2_PLACEMENT_3D('',#1247,#1248,#1249);
#1247 = CARTESIAN_POINT('',(-74.75090036021,-44.86328546768,
    -2.389734666247));
#1248 = DIRECTION('',(0.,0.,1.));
#1249 = DIRECTION('',(1.,0.,-0.));
#1250 = ADVANCED_FACE('',(#1251),#1254,.T.);
#1251 = FACE_BOUND('',#1252,.T.);
#1252 = EDGE_LOOP('',(#1253));
#1253 = ORIENTED_EDGE('',*,*,#1221,.T.);
#1254 = PLANE('',#1255);
#1255 = AXIS2_PLACEMENT_3D('',#1256,#1257,#1258);
#1256 = CARTESIAN_POINT('',(-74.75090036021,-44.86328546768,
    1.115209510915));
#1257 = DIRECTION('',(0.,0.,1.));
#1258 = DIRECTION('',(1.,0.,-0.));
#1259 = ADVANCED_FACE('',(#1260),#1263,.F.);
#1260 = FACE_BOUND('',#1261,.T.);
#1261 = EDGE_LOOP('',(#1262));
#1262 = ORIENTED_EDGE('',*,*,#1238,.F.);
#1263 = PLANE('',#1264);
#1264 = AXIS2_PLACEMENT_3D('',#1265,#1266,#1267);
#1265 = CARTESIAN_POINT('',(-74.75090036021,-44.86328546768,
    -2.389734666247));
#1266 = DIRECTION('',(0.,0.,1.));
#1267 = DIRECTION('',(1.,0.,-0.));
#1268 = MANIFOLD_SOLID_BREP('',#1269);
#1269 = CLOSED_SHELL('',(#1270,#1303,#1312));
#1270 = ADVANCED_FACE('',(#1271),#1298,.T.);
#1271 = FACE_BOUND('',#1272,.T.);
#1272 = EDGE_LOOP('',(#1273,#1282,#1290,#1297));
#1273 = ORIENTED_EDGE('',*,*,#1274,.F.);
#1274 = EDGE_CURVE('',#1275,#1275,#1277,.T.);
#1275 = VERTEX_POINT('',#1276);
#1276 = CARTESIAN_POINT('',(-63.59880525106,44.863285467682,
    1.115209510915));
#1277 = CIRCLE('',#1278,11.152095109154);
#1278 = AXIS2_PLACEMENT_3D('',#1279,#1280,#1281);
#1279 = CARTESIAN_POINT('',(-74.75090036021,44.863285467682,
    1.115209510915));
#1280 = DIRECTION('',(0.,0.,1.));
#1281 = DIRECTION('',(1.,0.,-0.));
#1282 = ORIENTED_EDGE('',*,*,#1283,.F.);
#1283 = EDGE_CURVE('',#1284,#1275,#1286,.T.);
#1284 = VERTEX_POINT('',#1285);
#1285 = CARTESIAN_POINT('',(-63.59880525106,44.863285467682,
    -2.389734666247));
#1286 = LINE('',#1287,#1288);
#1287 = CARTESIAN_POINT('',(-63.59880525106,44.863285467682,
    -2.389734666247));
#1288 = VECTOR('',#1289,1.);
#1289 = DIRECTION('',(0.,0.,1.));
#1290 = ORIENTED_EDGE('',*,*,#1291,.T.);
#1291 = EDGE_CURVE('',#1284,#1284,#1292,.T.);
#1292 = CIRCLE('',#1293,11.152095109154);
#1293 = AXIS2_PLACEMENT_3D('',#1294,#1295,#1296);
#1294 = CARTESIAN_POINT('',(-74.75090036021,44.863285467682,
    -2.389734666247));
#1295 = DIRECTION('',(0.,0.,1.));
#1296 = DIRECTION('',(1.,0.,-0.));
#1297 = ORIENTED_EDGE('',*,*,#1283,.T.);
#1298 = CYLINDRICAL_SURFACE('',#1299,11.152095109154);
#1299 = AXIS2_PLACEMENT_3D('',#1300,#1301,#1302);
#1300 = CARTESIAN_POINT('',(-74.75090036021,44.863285467682,
    -2.389734666247));
#1301 = DIRECTION('',(0.,0.,1.));
#1302 = DIRECTION('',(1.,0.,-0.));
#1303 = ADVANCED_FACE('',(#1304),#1307,.T.);
#1304 = FACE_BOUND('',#1305,.T.);
#1305 = EDGE_LOOP('',(#1306));
#1306 = ORIENTED_EDGE('',*,*,#1274,.T.);
#1307 = PLANE('',#1308);
#1308 = AXIS2_PLACEMENT_3D('',#1309,#1310,#1311);
#1309 = CARTESIAN_POINT('',(-74.75090036021,44.863285467682,
    1.115209510915));
#1310 = DIRECTION('',(0.,0.,1.));
#1311 = DIRECTION('',(1.,0.,-0.));
#1312 = ADVANCED_FACE('',(#1313),#1316,.F.);
#1313 = FACE_BOUND('',#1314,.T.);
#1314 = EDGE_LOOP('',(#1315));
#1315 = ORIENTED_EDGE('',*,*,#1291,.F.);
#1316 = PLANE('',#1317);
#1317 = AXIS2_PLACEMENT_3D('',#1318,#1319,#1320);
#1318 = CARTESIAN_POINT('',(-74.75090036021,44.863285467682,
    -2.389734666247));
#1319 = DIRECTION('',(0.,0.,1.));
#1320 = DIRECTION('',(1.,0.,-0.));
#1321 = MANIFOLD_SOLID_BREP('',#1322);
#1322 = CLOSED_SHELL('',(#1323,#1356,#1365));
#1323 = ADVANCED_FACE('',(#1324),#1351,.T.);
#1324 = FACE_BOUND('',#1325,.T.);
#1325 = EDGE_LOOP('',(#1326,#1335,#1343,#1350));
#1326 = ORIENTED_EDGE('',*,*,#1327,.F.);
#1327 = EDGE_CURVE('',#1328,#1328,#1330,.T.);
#1328 = VERTEX_POINT('',#1329);
#1329 = CARTESIAN_POINT('',(-15.23057560621,-44.86328546768,
    1.115209510915));
#1330 = CIRCLE('',#1331,11.152095109154);
#1331 = AXIS2_PLACEMENT_3D('',#1332,#1333,#1334);
#1332 = CARTESIAN_POINT('',(-26.38267071537,-44.86328546768,
    1.115209510915));
#1333 = DIRECTION('',(0.,0.,1.));
#1334 = DIRECTION('',(1.,0.,-0.));
#1335 = ORIENTED_EDGE('',*,*,#1336,.F.);
#1336 = EDGE_CURVE('',#1337,#1328,#1339,.T.);
#1337 = VERTEX_POINT('',#1338);
#1338 = CARTESIAN_POINT('',(-15.23057560621,-44.86328546768,
    -2.389734666247));
#1339 = LINE('',#1340,#1341);
#1340 = CARTESIAN_POINT('',(-15.23057560621,-44.86328546768,
    -2.389734666247));
#1341 = VECTOR('',#1342,1.);
#1342 = DIRECTION('',(0.,0.,1.));
#1343 = ORIENTED_EDGE('',*,*,#1344,.T.);
#1344 = EDGE_CURVE('',#1337,#1337,#1345,.T.);
#1345 = CIRCLE('',#1346,11.152095109154);
#1346 = AXIS2_PLACEMENT_3D('',#1347,#1348,#1349);
#1347 = CARTESIAN_POINT('',(-26.38267071537,-44.86328546768,
    -2.389734666247));
#1348 = DIRECTION('',(0.,0.,1.));
#1349 = DIRECTION('',(1.,0.,-0.));
#1350 = ORIENTED_EDGE('',*,*,#1336,.T.);
#1351 = CYLINDRICAL_SURFACE('',#1352,11.152095109154);
#1352 = AXIS2_PLACEMENT_3D('',#1353,#1354,#1355);
#1353 = CARTESIAN_POINT('',(-26.38267071537,-44.86328546768,
    -2.389734666247));
#1354 = DIRECTION('',(0.,0.,1.));
#1355 = DIRECTION('',(1.,0.,-0.));
#1356 = ADVANCED_FACE('',(#1357),#1360,.T.);
#1357 = FACE_BOUND('',#1358,.T.);
#1358 = EDGE_LOOP('',(#1359));
#1359 = ORIENTED_EDGE('',*,*,#1327,.T.);
#1360 = PLANE('',#1361);
#1361 = AXIS2_PLACEMENT_3D('',#1362,#1363,#1364);
#1362 = CARTESIAN_POINT('',(-26.38267071537,-44.86328546768,
    1.115209510915));
#1363 = DIRECTION('',(0.,0.,1.));
#1364 = DIRECTION('',(1.,0.,-0.));
#1365 = ADVANCED_FACE('',(#1366),#1369,.F.);
#1366 = FACE_BOUND('',#1367,.T.);
#1367 = EDGE_LOOP('',(#1368));
#1368 = ORIENTED_EDGE('',*,*,#1344,.F.);
#1369 = PLANE('',#1370);
#1370 = AXIS2_PLACEMENT_3D('',#1371,#1372,#1373);
#1371 = CARTESIAN_POINT('',(-26.38267071537,-44.86328546768,
    -2.389734666247));
#1372 = DIRECTION('',(0.,0.,1.));
#1373 = DIRECTION('',(1.,0.,-0.));
#1374 = MANIFOLD_SOLID_BREP('',#1375);
#1375 = CLOSED_SHELL('',(#1376,#1409,#1418));
#1376 = ADVANCED_FACE('',(#1377),#1404,.T.);
#1377 = FACE_BOUND('',#1378,.T.);
#1378 = EDGE_LOOP('',(#1379,#1388,#1396,#1403));
#1379 = ORIENTED_EDGE('',*,*,#1380,.F.);
#1380 = EDGE_CURVE('',#1381,#1381,#1383,.T.);
#1381 = VERTEX_POINT('',#1382);
#1382 = CARTESIAN_POINT('',(-15.23057560621,44.863285467682,
    1.115209510915));
#1383 = CIRCLE('',#1384,11.152095109154);
#1384 = AXIS2_PLACEMENT_3D('',#1385,#1386,#1387);
#1385 = CARTESIAN_POINT('',(-26.38267071537,44.863285467682,
    1.115209510915));
#1386 = DIRECTION('',(0.,0.,1.));
#1387 = DIRECTION('',(1.,0.,-0.));
#1388 = ORIENTED_EDGE('',*,*,#1389,.F.);
#1389 = EDGE_CURVE('',#1390,#1381,#1392,.T.);
#1390 = VERTEX_POINT('',#1391);
#1391 = CARTESIAN_POINT('',(-15.23057560621,44.863285467682,
    -2.389734666247));
#1392 = LINE('',#1393,#1394);
#1393 = CARTESIAN_POINT('',(-15.23057560621,44.863285467682,
    -2.389734666247));
#1394 = VECTOR('',#1395,1.);
#1395 = DIRECTION('',(0.,0.,1.));
#1396 = ORIENTED_EDGE('',*,*,#1397,.T.);
#1397 = EDGE_CURVE('',#1390,#1390,#1398,.T.);
#1398 = CIRCLE('',#1399,11.152095109154);
#1399 = AXIS2_PLACEMENT_3D('',#1400,#1401,#1402);
#1400 = CARTESIAN_POINT('',(-26.38267071537,44.863285467682,
    -2.389734666247));
#1401 = DIRECTION('',(0.,0.,1.));
#1402 = DIRECTION('',(1.,0.,-0.));
#1403 = ORIENTED_EDGE('',*,*,#1389,.T.);
#1404 = CYLINDRICAL_SURFACE('',#1405,11.152095109154);
#1405 = AXIS2_PLACEMENT_3D('',#1406,#1407,#1408);
#1406 = CARTESIAN_POINT('',(-26.38267071537,44.863285467682,
    -2.389734666247));
#1407 = DIRECTION('',(0.,0.,1.));
#1408 = DIRECTION('',(1.,0.,-0.));
#1409 = ADVANCED_FACE('',(#1410),#1413,.T.);
#1410 = FACE_BOUND('',#1411,.T.);
#1411 = EDGE_LOOP('',(#1412));
#1412 = ORIENTED_EDGE('',*,*,#1380,.T.);
#1413 = PLANE('',#1414);
#1414 = AXIS2_PLACEMENT_3D('',#1415,#1416,#1417);
#1415 = CARTESIAN_POINT('',(-26.38267071537,44.863285467682,
    1.115209510915));
#1416 = DIRECTION('',(0.,0.,1.));
#1417 = DIRECTION('',(1.,0.,-0.));
#1418 = ADVANCED_FACE('',(#1419),#1422,.F.);
#1419 = FACE_BOUND('',#1420,.T.);
#1420 = EDGE_LOOP('',(#1421));
#1421 = ORIENTED_EDGE('',*,*,#1397,.F.);
#1422 = PLANE('',#1423);
#1423 = AXIS2_PLACEMENT_3D('',#1424,#1425,#1426);
#1424 = CARTESIAN_POINT('',(-26.38267071537,44.863285467682,
    -2.389734666247));
#1425 = DIRECTION('',(0.,0.,1.));
#1426 = DIRECTION('',(1.,0.,-0.));
#1427 = MANIFOLD_SOLID_BREP('',#1428);
#1428 = CLOSED_SHELL('',(#1429,#1462,#1471));
#1429 = ADVANCED_FACE('',(#1430),#1457,.T.);
#1430 = FACE_BOUND('',#1431,.T.);
#1431 = EDGE_LOOP('',(#1432,#1441,#1449,#1456));
#1432 = ORIENTED_EDGE('',*,*,#1433,.F.);
#1433 = EDGE_CURVE('',#1434,#1434,#1436,.T.);
#1434 = VERTEX_POINT('',#1435);
#1435 = CARTESIAN_POINT('',(37.534765824524,-44.86328546768,
    1.115209510915));
#1436 = CIRCLE('',#1437,11.152095109154);
#1437 = AXIS2_PLACEMENT_3D('',#1438,#1439,#1440);
#1438 = CARTESIAN_POINT('',(26.38267071537,-44.86328546768,
    1.115209510915));
#1439 = DIRECTION('',(0.,0.,1.));
#1440 = DIRECTION('',(1.,0.,-0.));
#1441 = ORIENTED_EDGE('',*,*,#1442,.F.);
#1442 = EDGE_CURVE('',#1443,#1434,#1445,.T.);
#1443 = VERTEX_POINT('',#1444);
#1444 = CARTESIAN_POINT('',(37.534765824524,-44.86328546768,
    -2.389734666247));
#1445 = LINE('',#1446,#1447);
#1446 = CARTESIAN_POINT('',(37.534765824524,-44.86328546768,
    -2.389734666247));
#1447 = VECTOR('',#1448,1.);
#1448 = DIRECTION('',(0.,0.,1.));
#1449 = ORIENTED_EDGE('',*,*,#1450,.T.);
#1450 = EDGE_CURVE('',#1443,#1443,#1451,.T.);
#1451 = CIRCLE('',#1452,11.152095109154);
#1452 = AXIS2_PLACEMENT_3D('',#1453,#1454,#1455);
#1453 = CARTESIAN_POINT('',(26.38267071537,-44.86328546768,
    -2.389734666247));
#1454 = DIRECTION('',(0.,0.,1.));
#1455 = DIRECTION('',(1.,0.,-0.));
#1456 = ORIENTED_EDGE('',*,*,#1442,.T.);
#1457 = CYLINDRICAL_SURFACE('',#1458,11.152095109154);
#1458 = AXIS2_PLACEMENT_3D('',#1459,#1460,#1461);
#1459 = CARTESIAN_POINT('',(26.38267071537,-44.86328546768,
    -2.389734666247));
#1460 = DIRECTION('',(0.,0.,1.));
#1461 = DIRECTION('',(1.,0.,-0.));
#1462 = ADVANCED_FACE('',(#1463),#1466,.T.);
#1463 = FACE_BOUND('',#1464,.T.);
#1464 = EDGE_LOOP('',(#1465));
#1465 = ORIENTED_EDGE('',*,*,#1433,.T.);
#1466 = PLANE('',#1467);
#1467 = AXIS2_PLACEMENT_3D('',#1468,#1469,#1470);
#1468 = CARTESIAN_POINT('',(26.38267071537,-44.86328546768,
    1.115209510915));
#1469 = DIRECTION('',(0.,0.,1.));
#1470 = DIRECTION('',(1.,0.,-0.));
#1471 = ADVANCED_FACE('',(#1472),#1475,.F.);
#1472 = FACE_BOUND('',#1473,.T.);
#1473 = EDGE_LOOP('',(#1474));
#1474 = ORIENTED_EDGE('',*,*,#1450,.F.);
#1475 = PLANE('',#1476);
#1476 = AXIS2_PLACEMENT_3D('',#1477,#1478,#1479);
#1477 = CARTESIAN_POINT('',(26.38267071537,-44.86328546768,
    -2.389734666247));
#1478 = DIRECTION('',(0.,0.,1.));
#1479 = DIRECTION('',(1.,0.,-0.));
#1480 = MANIFOLD_SOLID_BREP('',#1481);
#1481 = CLOSED_SHELL('',(#1482,#1515,#1524));
#1482 = ADVANCED_FACE('',(#1483),#1510,.T.);
#1483 = FACE_BOUND('',#1484,.T.);
#1484 = EDGE_LOOP('',(#1485,#1494,#1502,#1509));
#1485 = ORIENTED_EDGE('',*,*,#1486,.F.);
#1486 = EDGE_CURVE('',#1487,#1487,#1489,.T.);
#1487 = VERTEX_POINT('',#1488);
#1488 = CARTESIAN_POINT('',(37.534765824524,44.863285467682,
    1.115209510915));
#1489 = CIRCLE('',#1490,11.152095109154);
#1490 = AXIS2_PLACEMENT_3D('',#1491,#1492,#1493);
#1491 = CARTESIAN_POINT('',(26.38267071537,44.863285467682,
    1.115209510915));
#1492 = DIRECTION('',(0.,0.,1.));
#1493 = DIRECTION('',(1.,0.,-0.));
#1494 = ORIENTED_EDGE('',*,*,#1495,.F.);
#1495 = EDGE_CURVE('',#1496,#1487,#1498,.T.);
#1496 = VERTEX_POINT('',#1497);
#1497 = CARTESIAN_POINT('',(37.534765824524,44.863285467682,
    -2.389734666247));
#1498 = LINE('',#1499,#1500);
#1499 = CARTESIAN_POINT('',(37.534765824524,44.863285467682,
    -2.389734666247));
#1500 = VECTOR('',#1501,1.);
#1501 = DIRECTION('',(0.,0.,1.));
#1502 = ORIENTED_EDGE('',*,*,#1503,.T.);
#1503 = EDGE_CURVE('',#1496,#1496,#1504,.T.);
#1504 = CIRCLE('',#1505,11.152095109154);
#1505 = AXIS2_PLACEMENT_3D('',#1506,#1507,#1508);
#1506 = CARTESIAN_POINT('',(26.38267071537,44.863285467682,
    -2.389734666247));
#1507 = DIRECTION('',(0.,0.,1.));
#1508 = DIRECTION('',(1.,0.,-0.));
#1509 = ORIENTED_EDGE('',*,*,#1495,.T.);
#1510 = CYLINDRICAL_SURFACE('',#1511,11.152095109154);
#1511 = AXIS2_PLACEMENT_3D('',#1512,#1513,#1514);
#1512 = CARTESIAN_POINT('',(26.38267071537,44.863285467682,
    -2.389734666247));
#1513 = DIRECTION('',(0.,0.,1.));
#1514 = DIRECTION('',(1.,0.,-0.));
#1515 = ADVANCED_FACE('',(#1516),#1519,.T.);
#1516 = FACE_BOUND('',#1517,.T.);
#1517 = EDGE_LOOP('',(#1518));
#1518 = ORIENTED_EDGE('',*,*,#1486,.T.);
#1519 = PLANE('',#1520);
#1520 = AXIS2_PLACEMENT_3D('',#1521,#1522,#1523);
#1521 = CARTESIAN_POINT('',(26.38267071537,44.863285467682,
    1.115209510915));
#1522 = DIRECTION('',(0.,0.,1.));
#1523 = DIRECTION('',(1.,0.,-0.));
#1524 = ADVANCED_FACE('',(#1525),#1528,.F.);
#1525 = FACE_BOUND('',#1526,.T.);
#1526 = EDGE_LOOP('',(#1527));
#1527 = ORIENTED_EDGE('',*,*,#1503,.F.);
#1528 = PLANE('',#1529);
#1529 = AXIS2_PLACEMENT_3D('',#1530,#1531,#1532);
#1530 = CARTESIAN_POINT('',(26.38267071537,44.863285467682,
    -2.389734666247));
#1531 = DIRECTION('',(0.,0.,1.));
#1532 = DIRECTION('',(1.,0.,-0.));
#1533 = MANIFOLD_SOLID_BREP('',#1534);
#1534 = CLOSED_SHELL('',(#1535,#1568,#1577));
#1535 = ADVANCED_FACE('',(#1536),#1563,.T.);
#1536 = FACE_BOUND('',#1537,.T.);
#1537 = EDGE_LOOP('',(#1538,#1547,#1555,#1562));
#1538 = ORIENTED_EDGE('',*,*,#1539,.F.);
#1539 = EDGE_CURVE('',#1540,#1540,#1542,.T.);
#1540 = VERTEX_POINT('',#1541);
#1541 = CARTESIAN_POINT('',(85.902995469368,-44.86328546768,
    1.115209510915));
#1542 = CIRCLE('',#1543,11.152095109154);
#1543 = AXIS2_PLACEMENT_3D('',#1544,#1545,#1546);
#1544 = CARTESIAN_POINT('',(74.750900360214,-44.86328546768,
    1.115209510915));
#1545 = DIRECTION('',(0.,0.,1.));
#1546 = DIRECTION('',(1.,0.,-0.));
#1547 = ORIENTED_EDGE('',*,*,#1548,.F.);
#1548 = EDGE_CURVE('',#1549,#1540,#1551,.T.);
#1549 = VERTEX_POINT('',#1550);
#1550 = CARTESIAN_POINT('',(85.902995469368,-44.86328546768,
    -2.389734666247));
#1551 = LINE('',#1552,#1553);
#1552 = CARTESIAN_POINT('',(85.902995469368,-44.86328546768,
    -2.389734666247));
#1553 = VECTOR('',#1554,1.);
#1554 = DIRECTION('',(0.,0.,1.));
#1555 = ORIENTED_EDGE('',*,*,#1556,.T.);
#1556 = EDGE_CURVE('',#1549,#1549,#1557,.T.);
#1557 = CIRCLE('',#1558,11.152095109154);
#1558 = AXIS2_PLACEMENT_3D('',#1559,#1560,#1561);
#1559 = CARTESIAN_POINT('',(74.750900360214,-44.86328546768,
    -2.389734666247));
#1560 = DIRECTION('',(0.,0.,1.));
#1561 = DIRECTION('',(1.,0.,-0.));
#1562 = ORIENTED_EDGE('',*,*,#1548,.T.);
#1563 = CYLINDRICAL_SURFACE('',#1564,11.152095109154);
#1564 = AXIS2_PLACEMENT_3D('',#1565,#1566,#1567);
#1565 = CARTESIAN_POINT('',(74.750900360214,-44.86328546768,
    -2.389734666247));
#1566 = DIRECTION('',(0.,0.,1.));
#1567 = DIRECTION('',(1.,0.,-0.));
#1568 = ADVANCED_FACE('',(#1569),#1572,.T.);
#1569 = FACE_BOUND('',#1570,.T.);
#1570 = EDGE_LOOP('',(#1571));
#1571 = ORIENTED_EDGE('',*,*,#1539,.T.);
#1572 = PLANE('',#1573);
#1573 = AXIS2_PLACEMENT_3D('',#1574,#1575,#1576);
#1574 = CARTESIAN_POINT('',(74.750900360214,-44.86328546768,
    1.115209510915));
#1575 = DIRECTION('',(0.,0.,1.));
#1576 = DIRECTION('',(1.,0.,-0.));
#1577 = ADVANCED_FACE('',(#1578),#1581,.F.);
#1578 = FACE_BOUND('',#1579,.T.);
#1579 = EDGE_LOOP('',(#1580));
#1580 = ORIENTED_EDGE('',*,*,#1556,.F.);
#1581 = PLANE('',#1582);
#1582 = AXIS2_PLACEMENT_3D('',#1583,#1584,#1585);
#1583 = CARTESIAN_POINT('',(74.750900360214,-44.86328546768,
    -2.389734666247));
#1584 = DIRECTION('',(0.,0.,1.));
#1585 = DIRECTION('',(1.,0.,-0.));
#1586 = MANIFOLD_SOLID_BREP('',#1587);
#1587 = CLOSED_SHELL('',(#1588,#1621,#1630));
#1588 = ADVANCED_FACE('',(#1589),#1616,.T.);
#1589 = FACE_BOUND('',#1590,.T.);
#1590 = EDGE_LOOP('',(#1591,#1600,#1608,#1615));
#1591 = ORIENTED_EDGE('',*,*,#1592,.F.);
#1592 = EDGE_CURVE('',#1593,#1593,#1595,.T.);
#1593 = VERTEX_POINT('',#1594);
#1594 = CARTESIAN_POINT('',(85.902995469368,44.863285467682,
    1.115209510915));
#1595 = CIRCLE('',#1596,11.152095109154);
#1596 = AXIS2_PLACEMENT_3D('',#1597,#1598,#1599);
#1597 = CARTESIAN_POINT('',(74.750900360214,44.863285467682,
    1.115209510915));
#1598 = DIRECTION('',(0.,0.,1.));
#1599 = DIRECTION('',(1.,0.,-0.));
#1600 = ORIENTED_EDGE('',*,*,#1601,.F.);
#1601 = EDGE_CURVE('',#1602,#1593,#1604,.T.);
#1602 = VERTEX_POINT('',#1603);
#1603 = CARTESIAN_POINT('',(85.902995469368,44.863285467682,
    -2.389734666247));
#1604 = LINE('',#1605,#1606);
#1605 = CARTESIAN_POINT('',(85.902995469368,44.863285467682,
    -2.389734666247));
#1606 = VECTOR('',#1607,1.);
#1607 = DIRECTION('',(0.,0.,1.));
#1608 = ORIENTED_EDGE('',*,*,#1609,.T.);
#1609 = EDGE_CURVE('',#1602,#1602,#1610,.T.);
#1610 = CIRCLE('',#1611,11.152095109154);
#1611 = AXIS2_PLACEMENT_3D('',#1612,#1613,#1614);
#1612 = CARTESIAN_POINT('',(74.750900360214,44.863285467682,
    -2.389734666247));
#1613 = DIRECTION('',(0.,0.,1.));
#1614 = DIRECTION('',(1.,0.,-0.));
#1615 = ORIENTED_EDGE('',*,*,#1601,.T.);
#1616 = CYLINDRICAL_SURFACE('',#1617,11.152095109154);
#1617 = AXIS2_PLACEMENT_3D('',#1618,#1619,#1620);
#1618 = CARTESIAN_POINT('',(74.750900360214,44.863285467682,
    -2.389734666247));
#1619 = DIRECTION('',(0.,0.,1.));
#1620 = DIRECTION('',(1.,0.,-0.));
#1621 = ADVANCED_FACE('',(#1622),#1625,.T.);
#1622 = FACE_BOUND('',#1623,.T.);
#1623 = EDGE_LOOP('',(#1624));
#1624 = ORIENTED_EDGE('',*,*,#1592,.T.);
#1625 = PLANE('',#1626);
#1626 = AXIS2_PLACEMENT_3D('',#1627,#1628,#1629);
#1627 = CARTESIAN_POINT('',(74.750900360214,44.863285467682,
    1.115209510915));
#1628 = DIRECTION('',(0.,0.,1.));
#1629 = DIRECTION('',(1.,0.,-0.));
#1630 = ADVANCED_FACE('',(#1631),#1634,.F.);
#1631 = FACE_BOUND('',#1632,.T.);
#1632 = EDGE_LOOP('',(#1633));
#1633 = ORIENTED_EDGE('',*,*,#1609,.F.);
#1634 = PLANE('',#1635);
#1635 = AXIS2_PLACEMENT_3D('',#1636,#1637,#1638);
#1636 = CARTESIAN_POINT('',(74.750900360214,44.863285467682,
    -2.389734666247));
#1637 = DIRECTION('',(0.,0.,1.));
#1638 = DIRECTION('',(1.,0.,-0.));
#1639 = MANIFOLD_SOLID_BREP('',#1640);
#1640 = CLOSED_SHELL('',(#1641,#1674,#1683));
#1641 = ADVANCED_FACE('',(#1642),#1669,.T.);
#1642 = FACE_BOUND('',#1643,.T.);
#1643 = EDGE_LOOP('',(#1644,#1653,#1661,#1668));
#1644 = ORIENTED_EDGE('',*,*,#1645,.F.);
#1645 = EDGE_CURVE('',#1646,#1646,#1648,.T.);
#1646 = VERTEX_POINT('',#1647);
#1647 = CARTESIAN_POINT('',(-88.42018265114,-101.9620124265,
    429.10656794715));
#1648 = CIRCLE('',#1649,21.507611996225);
#1649 = AXIS2_PLACEMENT_3D('',#1650,#1651,#1652);
#1650 = CARTESIAN_POINT('',(-109.9277946473,-101.9620124265,
    429.10656794715));
#1651 = DIRECTION('',(0.,0.,1.));
#1652 = DIRECTION('',(1.,0.,-0.));
#1653 = ORIENTED_EDGE('',*,*,#1654,.F.);
#1654 = EDGE_CURVE('',#1655,#1646,#1657,.T.);
#1655 = VERTEX_POINT('',#1656);
#1656 = CARTESIAN_POINT('',(-88.42018265114,-101.9620124265,
    -30.26997243913));
#1657 = LINE('',#1658,#1659);
#1658 = CARTESIAN_POINT('',(-88.42018265114,-101.9620124265,
    -30.26997243913));
#1659 = VECTOR('',#1660,1.);
#1660 = DIRECTION('',(0.,0.,1.));
#1661 = ORIENTED_EDGE('',*,*,#1662,.T.);
#1662 = EDGE_CURVE('',#1655,#1655,#1663,.T.);
#1663 = CIRCLE('',#1664,21.507611996225);
#1664 = AXIS2_PLACEMENT_3D('',#1665,#1666,#1667);
#1665 = CARTESIAN_POINT('',(-109.9277946473,-101.9620124265,
    -30.26997243913));
#1666 = DIRECTION('',(0.,0.,1.));
#1667 = DIRECTION('',(1.,0.,-0.));
#1668 = ORIENTED_EDGE('',*,*,#1654,.T.);
#1669 = CYLINDRICAL_SURFACE('',#1670,21.507611996225);
#1670 = AXIS2_PLACEMENT_3D('',#1671,#1672,#1673);
#1671 = CARTESIAN_POINT('',(-109.9277946473,-101.9620124265,
    -30.26997243913));
#1672 = DIRECTION('',(0.,0.,1.));
#1673 = DIRECTION('',(1.,0.,-0.));
#1674 = ADVANCED_FACE('',(#1675),#1678,.T.);
#1675 = FACE_BOUND('',#1676,.T.);
#1676 = EDGE_LOOP('',(#1677));
#1677 = ORIENTED_EDGE('',*,*,#1645,.T.);
#1678 = PLANE('',#1679);
#1679 = AXIS2_PLACEMENT_3D('',#1680,#1681,#1682);
#1680 = CARTESIAN_POINT('',(-109.9277946473,-101.9620124265,
    429.10656794715));
#1681 = DIRECTION('',(0.,0.,1.));
#1682 = DIRECTION('',(1.,0.,-0.));
#1683 = ADVANCED_FACE('',(#1684),#1687,.F.);
#1684 = FACE_BOUND('',#1685,.T.);
#1685 = EDGE_LOOP('',(#1686));
#1686 = ORIENTED_EDGE('',*,*,#1662,.F.);
#1687 = PLANE('',#1688);
#1688 = AXIS2_PLACEMENT_3D('',#1689,#1690,#1691);
#1689 = CARTESIAN_POINT('',(-109.9277946473,-101.9620124265,
    -30.26997243913));
#1690 = DIRECTION('',(0.,0.,1.));
#1691 = DIRECTION('',(1.,0.,-0.));
#1692 = MANIFOLD_SOLID_BREP('',#1693);
#1693 = CLOSED_SHELL('',(#1694,#1727,#1736));
#1694 = ADVANCED_FACE('',(#1695),#1722,.T.);
#1695 = FACE_BOUND('',#1696,.T.);
#1696 = EDGE_LOOP('',(#1697,#1706,#1714,#1721));
#1697 = ORIENTED_EDGE('',*,*,#1698,.F.);
#1698 = EDGE_CURVE('',#1699,#1699,#1701,.T.);
#1699 = VERTEX_POINT('',#1700);
#1700 = CARTESIAN_POINT('',(-94.87246625001,-101.9620124265,
    443.44497594463));
#1701 = CIRCLE('',#1702,15.055328397358);
#1702 = AXIS2_PLACEMENT_3D('',#1703,#1704,#1705);
#1703 = CARTESIAN_POINT('',(-109.9277946473,-101.9620124265,
    443.44497594463));
#1704 = DIRECTION('',(0.,0.,1.));
#1705 = DIRECTION('',(1.,0.,-0.));
#1706 = ORIENTED_EDGE('',*,*,#1707,.F.);
#1707 = EDGE_CURVE('',#1708,#1699,#1710,.T.);
#1708 = VERTEX_POINT('',#1709);
#1709 = CARTESIAN_POINT('',(-94.87246625001,-101.9620124265,
    427.51341150298));
#1710 = LINE('',#1711,#1712);
#1711 = CARTESIAN_POINT('',(-94.87246625001,-101.9620124265,
    427.51341150298));
#1712 = VECTOR('',#1713,1.);
#1713 = DIRECTION('',(0.,0.,1.));
#1714 = ORIENTED_EDGE('',*,*,#1715,.T.);
#1715 = EDGE_CURVE('',#1708,#1708,#1716,.T.);
#1716 = CIRCLE('',#1717,15.055328397358);
#1717 = AXIS2_PLACEMENT_3D('',#1718,#1719,#1720);
#1718 = CARTESIAN_POINT('',(-109.9277946473,-101.9620124265,
    427.51341150298));
#1719 = DIRECTION('',(0.,0.,1.));
#1720 = DIRECTION('',(1.,0.,-0.));
#1721 = ORIENTED_EDGE('',*,*,#1707,.T.);
#1722 = CYLINDRICAL_SURFACE('',#1723,15.055328397358);
#1723 = AXIS2_PLACEMENT_3D('',#1724,#1725,#1726);
#1724 = CARTESIAN_POINT('',(-109.9277946473,-101.9620124265,
    427.51341150298));
#1725 = DIRECTION('',(0.,0.,1.));
#1726 = DIRECTION('',(1.,0.,-0.));
#1727 = ADVANCED_FACE('',(#1728),#1731,.T.);
#1728 = FACE_BOUND('',#1729,.T.);
#1729 = EDGE_LOOP('',(#1730));
#1730 = ORIENTED_EDGE('',*,*,#1698,.T.);
#1731 = PLANE('',#1732);
#1732 = AXIS2_PLACEMENT_3D('',#1733,#1734,#1735);
#1733 = CARTESIAN_POINT('',(-109.9277946473,-101.9620124265,
    443.44497594463));
#1734 = DIRECTION('',(0.,0.,1.));
#1735 = DIRECTION('',(1.,0.,-0.));
#1736 = ADVANCED_FACE('',(#1737),#1740,.F.);
#1737 = FACE_BOUND('',#1738,.T.);
#1738 = EDGE_LOOP('',(#1739));
#1739 = ORIENTED_EDGE('',*,*,#1715,.F.);
#1740 = PLANE('',#1741);
#1741 = AXIS2_PLACEMENT_3D('',#1742,#1743,#1744);
#1742 = CARTESIAN_POINT('',(-109.9277946473,-101.9620124265,
    427.51341150298));
#1743 = DIRECTION('',(0.,0.,1.));
#1744 = DIRECTION('',(1.,0.,-0.));
#1745 = MANIFOLD_SOLID_BREP('',#1746);
#1746 = CLOSED_SHELL('',(#1747,#1780,#1789));
#1747 = ADVANCED_FACE('',(#1748),#1775,.T.);
#1748 = FACE_BOUND('',#1749,.T.);
#1749 = EDGE_LOOP('',(#1750,#1759,#1767,#1774));
#1750 = ORIENTED_EDGE('',*,*,#1751,.F.);
#1751 = EDGE_CURVE('',#1752,#1752,#1754,.T.);
#1752 = VERTEX_POINT('',#1753);
#1753 = CARTESIAN_POINT('',(-103.8738001595,-133.0285630877,
    284.22699715201));
#1754 = CIRCLE('',#1755,6.053994487826);
#1755 = AXIS2_PLACEMENT_3D('',#1756,#1757,#1758);
#1756 = CARTESIAN_POINT('',(-109.9277946473,-133.0285630877,
    284.22699715201));
#1757 = DIRECTION('',(0.,0.,1.));
#1758 = DIRECTION('',(1.,0.,-0.));
#1759 = ORIENTED_EDGE('',*,*,#1760,.F.);
#1760 = EDGE_CURVE('',#1761,#1752,#1763,.T.);
#1761 = VERTEX_POINT('',#1762);
#1762 = CARTESIAN_POINT('',(-103.8738001595,-133.0285630877,
    63.726257766593));
#1763 = LINE('',#1764,#1765);
#1764 = CARTESIAN_POINT('',(-103.8738001595,-133.0285630877,
    63.726257766593));
#1765 = VECTOR('',#1766,1.);
#1766 = DIRECTION('',(0.,0.,1.));
#1767 = ORIENTED_EDGE('',*,*,#1768,.T.);
#1768 = EDGE_CURVE('',#1761,#1761,#1769,.T.);
#1769 = CIRCLE('',#1770,6.053994487826);
#1770 = AXIS2_PLACEMENT_3D('',#1771,#1772,#1773);
#1771 = CARTESIAN_POINT('',(-109.9277946473,-133.0285630877,
    63.726257766593));
#1772 = DIRECTION('',(0.,0.,1.));
#1773 = DIRECTION('',(1.,0.,-0.));
#1774 = ORIENTED_EDGE('',*,*,#1760,.T.);
#1775 = CYLINDRICAL_SURFACE('',#1776,6.053994487826);
#1776 = AXIS2_PLACEMENT_3D('',#1777,#1778,#1779);
#1777 = CARTESIAN_POINT('',(-109.9277946473,-133.0285630877,
    63.726257766593));
#1778 = DIRECTION('',(0.,0.,1.));
#1779 = DIRECTION('',(1.,0.,-0.));
#1780 = ADVANCED_FACE('',(#1781),#1784,.T.);
#1781 = FACE_BOUND('',#1782,.T.);
#1782 = EDGE_LOOP('',(#1783));
#1783 = ORIENTED_EDGE('',*,*,#1751,.T.);
#1784 = PLANE('',#1785);
#1785 = AXIS2_PLACEMENT_3D('',#1786,#1787,#1788);
#1786 = CARTESIAN_POINT('',(-109.9277946473,-133.0285630877,
    284.22699715201));
#1787 = DIRECTION('',(0.,0.,1.));
#1788 = DIRECTION('',(1.,0.,-0.));
#1789 = ADVANCED_FACE('',(#1790),#1793,.F.);
#1790 = FACE_BOUND('',#1791,.T.);
#1791 = EDGE_LOOP('',(#1792));
#1792 = ORIENTED_EDGE('',*,*,#1768,.F.);
#1793 = PLANE('',#1794);
#1794 = AXIS2_PLACEMENT_3D('',#1795,#1796,#1797);
#1795 = CARTESIAN_POINT('',(-109.9277946473,-133.0285630877,
    63.726257766593));
#1796 = DIRECTION('',(0.,0.,1.));
#1797 = DIRECTION('',(1.,0.,-0.));
#1798 = MANIFOLD_SOLID_BREP('',#1799);
#1799 = CLOSED_SHELL('',(#1800));
#1800 = ADVANCED_FACE('',(#1801),#1821,.T.);
#1801 = FACE_BOUND('',#1802,.T.);
#1802 = EDGE_LOOP('',(#1803,#1812,#1819,#1820));
#1803 = ORIENTED_EDGE('',*,*,#1804,.F.);
#1804 = EDGE_CURVE('',#1805,#1805,#1807,.T.);
#1805 = VERTEX_POINT('',#1806);
#1806 = CARTESIAN_POINT('',(-116.9376830016,-120.2833115344,
    246.93924884554));
#1807 = CIRCLE('',#1808,21.666927640642);
#1808 = AXIS2_PLACEMENT_3D('',#1809,#1810,#1811);
#1809 = CARTESIAN_POINT('',(-138.6046106423,-120.2833115344,
    246.93924884554));
#1810 = DIRECTION('',(0.,-1.,1.110223024625E-16));
#1811 = DIRECTION('',(1.,0.,0.));
#1812 = ORIENTED_EDGE('',*,*,#1813,.F.);
#1813 = EDGE_CURVE('',#1805,#1805,#1814,.T.);
#1814 = CIRCLE('',#1815,4.142206754829);
#1815 = AXIS2_PLACEMENT_3D('',#1816,#1817,#1818);
#1816 = CARTESIAN_POINT('',(-121.0798897565,-120.2833115344,
    246.93924884554));
#1817 = DIRECTION('',(-2.449293598295E-16,-1.110223024625E-16,-1.));
#1818 = DIRECTION('',(1.,-2.719262146894E-32,-2.449293598295E-16));
#1819 = ORIENTED_EDGE('',*,*,#1804,.T.);
#1820 = ORIENTED_EDGE('',*,*,#1813,.T.);
#1821 = TOROIDAL_SURFACE('',#1822,17.524720885813,4.142206754829);
#1822 = AXIS2_PLACEMENT_3D('',#1823,#1824,#1825);
#1823 = CARTESIAN_POINT('',(-138.6046106423,-120.2833115344,
    246.93924884554));
#1824 = DIRECTION('',(0.,-1.,1.110223024625E-16));
#1825 = DIRECTION('',(1.,0.,0.));
#1826 = MANIFOLD_SOLID_BREP('',#1827);
#1827 = CLOSED_SHELL('',(#1828,#1861,#1870));
#1828 = ADVANCED_FACE('',(#1829),#1856,.T.);
#1829 = FACE_BOUND('',#1830,.T.);
#1830 = EDGE_LOOP('',(#1831,#1840,#1848,#1855));
#1831 = ORIENTED_EDGE('',*,*,#1832,.F.);
#1832 = EDGE_CURVE('',#1833,#1833,#1835,.T.);
#1833 = VERTEX_POINT('',#1834);
#1834 = CARTESIAN_POINT('',(131.43540664359,-101.9620124265,
    429.10656794715));
#1835 = CIRCLE('',#1836,21.507611996225);
#1836 = AXIS2_PLACEMENT_3D('',#1837,#1838,#1839);
#1837 = CARTESIAN_POINT('',(109.92779464737,-101.9620124265,
    429.10656794715));
#1838 = DIRECTION('',(0.,0.,1.));
#1839 = DIRECTION('',(1.,0.,-0.));
#1840 = ORIENTED_EDGE('',*,*,#1841,.F.);
#1841 = EDGE_CURVE('',#1842,#1833,#1844,.T.);
#1842 = VERTEX_POINT('',#1843);
#1843 = CARTESIAN_POINT('',(131.43540664359,-101.9620124265,
    -30.26997243913));
#1844 = LINE('',#1845,#1846);
#1845 = CARTESIAN_POINT('',(131.43540664359,-101.9620124265,
    -30.26997243913));
#1846 = VECTOR('',#1847,1.);
#1847 = DIRECTION('',(0.,0.,1.));
#1848 = ORIENTED_EDGE('',*,*,#1849,.T.);
#1849 = EDGE_CURVE('',#1842,#1842,#1850,.T.);
#1850 = CIRCLE('',#1851,21.507611996225);
#1851 = AXIS2_PLACEMENT_3D('',#1852,#1853,#1854);
#1852 = CARTESIAN_POINT('',(109.92779464737,-101.9620124265,
    -30.26997243913));
#1853 = DIRECTION('',(0.,0.,1.));
#1854 = DIRECTION('',(1.,0.,-0.));
#1855 = ORIENTED_EDGE('',*,*,#1841,.T.);
#1856 = CYLINDRICAL_SURFACE('',#1857,21.507611996225);
#1857 = AXIS2_PLACEMENT_3D('',#1858,#1859,#1860);
#1858 = CARTESIAN_POINT('',(109.92779464737,-101.9620124265,
    -30.26997243913));
#1859 = DIRECTION('',(0.,0.,1.));
#1860 = DIRECTION('',(1.,0.,-0.));
#1861 = ADVANCED_FACE('',(#1862),#1865,.T.);
#1862 = FACE_BOUND('',#1863,.T.);
#1863 = EDGE_LOOP('',(#1864));
#1864 = ORIENTED_EDGE('',*,*,#1832,.T.);
#1865 = PLANE('',#1866);
#1866 = AXIS2_PLACEMENT_3D('',#1867,#1868,#1869);
#1867 = CARTESIAN_POINT('',(109.92779464737,-101.9620124265,
    429.10656794715));
#1868 = DIRECTION('',(0.,0.,1.));
#1869 = DIRECTION('',(1.,0.,-0.));
#1870 = ADVANCED_FACE('',(#1871),#1874,.F.);
#1871 = FACE_BOUND('',#1872,.T.);
#1872 = EDGE_LOOP('',(#1873));
#1873 = ORIENTED_EDGE('',*,*,#1849,.F.);
#1874 = PLANE('',#1875);
#1875 = AXIS2_PLACEMENT_3D('',#1876,#1877,#1878);
#1876 = CARTESIAN_POINT('',(109.92779464737,-101.9620124265,
    -30.26997243913));
#1877 = DIRECTION('',(0.,0.,1.));
#1878 = DIRECTION('',(1.,0.,-0.));
#1879 = MANIFOLD_SOLID_BREP('',#1880);
#1880 = CLOSED_SHELL('',(#1881,#1914,#1923));
#1881 = ADVANCED_FACE('',(#1882),#1909,.T.);
#1882 = FACE_BOUND('',#1883,.T.);
#1883 = EDGE_LOOP('',(#1884,#1893,#1901,#1908));
#1884 = ORIENTED_EDGE('',*,*,#1885,.F.);
#1885 = EDGE_CURVE('',#1886,#1886,#1888,.T.);
#1886 = VERTEX_POINT('',#1887);
#1887 = CARTESIAN_POINT('',(124.98312304473,-101.9620124265,
    443.44497594463));
#1888 = CIRCLE('',#1889,15.055328397358);
#1889 = AXIS2_PLACEMENT_3D('',#1890,#1891,#1892);
#1890 = CARTESIAN_POINT('',(109.92779464737,-101.9620124265,
    443.44497594463));
#1891 = DIRECTION('',(0.,0.,1.));
#1892 = DIRECTION('',(1.,0.,-0.));
#1893 = ORIENTED_EDGE('',*,*,#1894,.F.);
#1894 = EDGE_CURVE('',#1895,#1886,#1897,.T.);
#1895 = VERTEX_POINT('',#1896);
#1896 = CARTESIAN_POINT('',(124.98312304473,-101.9620124265,
    427.51341150298));
#1897 = LINE('',#1898,#1899);
#1898 = CARTESIAN_POINT('',(124.98312304473,-101.9620124265,
    427.51341150298));
#1899 = VECTOR('',#1900,1.);
#1900 = DIRECTION('',(0.,0.,1.));
#1901 = ORIENTED_EDGE('',*,*,#1902,.T.);
#1902 = EDGE_CURVE('',#1895,#1895,#1903,.T.);
#1903 = CIRCLE('',#1904,15.055328397358);
#1904 = AXIS2_PLACEMENT_3D('',#1905,#1906,#1907);
#1905 = CARTESIAN_POINT('',(109.92779464737,-101.9620124265,
    427.51341150298));
#1906 = DIRECTION('',(0.,0.,1.));
#1907 = DIRECTION('',(1.,0.,-0.));
#1908 = ORIENTED_EDGE('',*,*,#1894,.T.);
#1909 = CYLINDRICAL_SURFACE('',#1910,15.055328397358);
#1910 = AXIS2_PLACEMENT_3D('',#1911,#1912,#1913);
#1911 = CARTESIAN_POINT('',(109.92779464737,-101.9620124265,
    427.51341150298));
#1912 = DIRECTION('',(0.,0.,1.));
#1913 = DIRECTION('',(1.,0.,-0.));
#1914 = ADVANCED_FACE('',(#1915),#1918,.T.);
#1915 = FACE_BOUND('',#1916,.T.);
#1916 = EDGE_LOOP('',(#1917));
#1917 = ORIENTED_EDGE('',*,*,#1885,.T.);
#1918 = PLANE('',#1919);
#1919 = AXIS2_PLACEMENT_3D('',#1920,#1921,#1922);
#1920 = CARTESIAN_POINT('',(109.92779464737,-101.9620124265,
    443.44497594463));
#1921 = DIRECTION('',(0.,0.,1.));
#1922 = DIRECTION('',(1.,0.,-0.));
#1923 = ADVANCED_FACE('',(#1924),#1927,.F.);
#1924 = FACE_BOUND('',#1925,.T.);
#1925 = EDGE_LOOP('',(#1926));
#1926 = ORIENTED_EDGE('',*,*,#1902,.F.);
#1927 = PLANE('',#1928);
#1928 = AXIS2_PLACEMENT_3D('',#1929,#1930,#1931);
#1929 = CARTESIAN_POINT('',(109.92779464737,-101.9620124265,
    427.51341150298));
#1930 = DIRECTION('',(0.,0.,1.));
#1931 = DIRECTION('',(1.,0.,-0.));
#1932 = MANIFOLD_SOLID_BREP('',#1933);
#1933 = CLOSED_SHELL('',(#1934,#1967,#1976));
#1934 = ADVANCED_FACE('',(#1935),#1962,.T.);
#1935 = FACE_BOUND('',#1936,.T.);
#1936 = EDGE_LOOP('',(#1937,#1946,#1954,#1961));
#1937 = ORIENTED_EDGE('',*,*,#1938,.F.);
#1938 = EDGE_CURVE('',#1939,#1939,#1941,.T.);
#1939 = VERTEX_POINT('',#1940);
#1940 = CARTESIAN_POINT('',(115.9817891352,-133.0285630877,
    284.22699715201));
#1941 = CIRCLE('',#1942,6.053994487826);
#1942 = AXIS2_PLACEMENT_3D('',#1943,#1944,#1945);
#1943 = CARTESIAN_POINT('',(109.92779464737,-133.0285630877,
    284.22699715201));
#1944 = DIRECTION('',(0.,0.,1.));
#1945 = DIRECTION('',(1.,0.,-0.));
#1946 = ORIENTED_EDGE('',*,*,#1947,.F.);
#1947 = EDGE_CURVE('',#1948,#1939,#1950,.T.);
#1948 = VERTEX_POINT('',#1949);
#1949 = CARTESIAN_POINT('',(115.9817891352,-133.0285630877,
    63.726257766593));
#1950 = LINE('',#1951,#1952);
#1951 = CARTESIAN_POINT('',(115.9817891352,-133.0285630877,
    63.726257766593));
#1952 = VECTOR('',#1953,1.);
#1953 = DIRECTION('',(0.,0.,1.));
#1954 = ORIENTED_EDGE('',*,*,#1955,.T.);
#1955 = EDGE_CURVE('',#1948,#1948,#1956,.T.);
#1956 = CIRCLE('',#1957,6.053994487826);
#1957 = AXIS2_PLACEMENT_3D('',#1958,#1959,#1960);
#1958 = CARTESIAN_POINT('',(109.92779464737,-133.0285630877,
    63.726257766593));
#1959 = DIRECTION('',(0.,0.,1.));
#1960 = DIRECTION('',(1.,0.,-0.));
#1961 = ORIENTED_EDGE('',*,*,#1947,.T.);
#1962 = CYLINDRICAL_SURFACE('',#1963,6.053994487826);
#1963 = AXIS2_PLACEMENT_3D('',#1964,#1965,#1966);
#1964 = CARTESIAN_POINT('',(109.92779464737,-133.0285630877,
    63.726257766593));
#1965 = DIRECTION('',(0.,0.,1.));
#1966 = DIRECTION('',(1.,0.,-0.));
#1967 = ADVANCED_FACE('',(#1968),#1971,.T.);
#1968 = FACE_BOUND('',#1969,.T.);
#1969 = EDGE_LOOP('',(#1970));
#1970 = ORIENTED_EDGE('',*,*,#1938,.T.);
#1971 = PLANE('',#1972);
#1972 = AXIS2_PLACEMENT_3D('',#1973,#1974,#1975);
#1973 = CARTESIAN_POINT('',(109.92779464737,-133.0285630877,
    284.22699715201));
#1974 = DIRECTION('',(0.,0.,1.));
#1975 = DIRECTION('',(1.,0.,-0.));
#1976 = ADVANCED_FACE('',(#1977),#1980,.F.);
#1977 = FACE_BOUND('',#1978,.T.);
#1978 = EDGE_LOOP('',(#1979));
#1979 = ORIENTED_EDGE('',*,*,#1955,.F.);
#1980 = PLANE('',#1981);
#1981 = AXIS2_PLACEMENT_3D('',#1982,#1983,#1984);
#1982 = CARTESIAN_POINT('',(109.92779464737,-133.0285630877,
    63.726257766593));
#1983 = DIRECTION('',(0.,0.,1.));
#1984 = DIRECTION('',(1.,0.,-0.));
#1985 = MANIFOLD_SOLID_BREP('',#1986);
#1986 = CLOSED_SHELL('',(#1987));
#1987 = ADVANCED_FACE('',(#1988),#2008,.T.);
#1988 = FACE_BOUND('',#1989,.T.);
#1989 = EDGE_LOOP('',(#1990,#1999,#2006,#2007));
#1990 = ORIENTED_EDGE('',*,*,#1991,.F.);
#1991 = EDGE_CURVE('',#1992,#1992,#1994,.T.);
#1992 = VERTEX_POINT('',#1993);
#1993 = CARTESIAN_POINT('',(160.27153828298,-120.2833115344,
    246.93924884554));
#1994 = CIRCLE('',#1995,21.666927640642);
#1995 = AXIS2_PLACEMENT_3D('',#1996,#1997,#1998);
#1996 = CARTESIAN_POINT('',(138.60461064234,-120.2833115344,
    246.93924884554));
#1997 = DIRECTION('',(0.,-1.,1.110223024625E-16));
#1998 = DIRECTION('',(1.,0.,0.));
#1999 = ORIENTED_EDGE('',*,*,#2000,.F.);
#2000 = EDGE_CURVE('',#1992,#1992,#2001,.T.);
#2001 = CIRCLE('',#2002,4.142206754829);
#2002 = AXIS2_PLACEMENT_3D('',#2003,#2004,#2005);
#2003 = CARTESIAN_POINT('',(156.12933152815,-120.2833115344,
    246.93924884554));
#2004 = DIRECTION('',(-2.449293598295E-16,-1.110223024625E-16,-1.));
#2005 = DIRECTION('',(1.,-2.719262146894E-32,-2.449293598295E-16));
#2006 = ORIENTED_EDGE('',*,*,#1991,.T.);
#2007 = ORIENTED_EDGE('',*,*,#2000,.T.);
#2008 = TOROIDAL_SURFACE('',#2009,17.524720885813,4.142206754829);
#2009 = AXIS2_PLACEMENT_3D('',#2010,#2011,#2012);
#2010 = CARTESIAN_POINT('',(138.60461064234,-120.2833115344,
    246.93924884554));
#2011 = DIRECTION('',(0.,-1.,1.110223024625E-16));
#2012 = DIRECTION('',(1.,0.,0.));
#2013 = MANIFOLD_SOLID_BREP('',#2014);
#2014 = CLOSED_SHELL('',(#2015,#2048,#2057));
#2015 = ADVANCED_FACE('',(#2016),#2043,.T.);
#2016 = FACE_BOUND('',#2017,.T.);
#2017 = EDGE_LOOP('',(#2018,#2027,#2035,#2042));
#2018 = ORIENTED_EDGE('',*,*,#2019,.F.);
#2019 = EDGE_CURVE('',#2020,#2020,#2022,.T.);
#2020 = VERTEX_POINT('',#2021);
#2021 = CARTESIAN_POINT('',(-88.42018265114,101.96201242654,
    429.10656794715));
#2022 = CIRCLE('',#2023,21.507611996225);
#2023 = AXIS2_PLACEMENT_3D('',#2024,#2025,#2026);
#2024 = CARTESIAN_POINT('',(-109.9277946473,101.96201242654,
    429.10656794715));
#2025 = DIRECTION('',(0.,0.,1.));
#2026 = DIRECTION('',(1.,0.,-0.));
#2027 = ORIENTED_EDGE('',*,*,#2028,.F.);
#2028 = EDGE_CURVE('',#2029,#2020,#2031,.T.);
#2029 = VERTEX_POINT('',#2030);
#2030 = CARTESIAN_POINT('',(-88.42018265114,101.96201242654,
    -30.26997243913));
#2031 = LINE('',#2032,#2033);
#2032 = CARTESIAN_POINT('',(-88.42018265114,101.96201242654,
    -30.26997243913));
#2033 = VECTOR('',#2034,1.);
#2034 = DIRECTION('',(0.,0.,1.));
#2035 = ORIENTED_EDGE('',*,*,#2036,.T.);
#2036 = EDGE_CURVE('',#2029,#2029,#2037,.T.);
#2037 = CIRCLE('',#2038,21.507611996225);
#2038 = AXIS2_PLACEMENT_3D('',#2039,#2040,#2041);
#2039 = CARTESIAN_POINT('',(-109.9277946473,101.96201242654,
    -30.26997243913));
#2040 = DIRECTION('',(0.,0.,1.));
#2041 = DIRECTION('',(1.,0.,-0.));
#2042 = ORIENTED_EDGE('',*,*,#2028,.T.);
#2043 = CYLINDRICAL_SURFACE('',#2044,21.507611996225);
#2044 = AXIS2_PLACEMENT_3D('',#2045,#2046,#2047);
#2045 = CARTESIAN_POINT('',(-109.9277946473,101.96201242654,
    -30.26997243913));
#2046 = DIRECTION('',(0.,0.,1.));
#2047 = DIRECTION('',(1.,0.,-0.));
#2048 = ADVANCED_FACE('',(#2049),#2052,.T.);
#2049 = FACE_BOUND('',#2050,.T.);
#2050 = EDGE_LOOP('',(#2051));
#2051 = ORIENTED_EDGE('',*,*,#2019,.T.);
#2052 = PLANE('',#2053);
#2053 = AXIS2_PLACEMENT_3D('',#2054,#2055,#2056);
#2054 = CARTESIAN_POINT('',(-109.9277946473,101.96201242654,
    429.10656794715));
#2055 = DIRECTION('',(0.,0.,1.));
#2056 = DIRECTION('',(1.,0.,-0.));
#2057 = ADVANCED_FACE('',(#2058),#2061,.F.);
#2058 = FACE_BOUND('',#2059,.T.);
#2059 = EDGE_LOOP('',(#2060));
#2060 = ORIENTED_EDGE('',*,*,#2036,.F.);
#2061 = PLANE('',#2062);
#2062 = AXIS2_PLACEMENT_3D('',#2063,#2064,#2065);
#2063 = CARTESIAN_POINT('',(-109.9277946473,101.96201242654,
    -30.26997243913));
#2064 = DIRECTION('',(0.,0.,1.));
#2065 = DIRECTION('',(1.,0.,-0.));
#2066 = MANIFOLD_SOLID_BREP('',#2067);
#2067 = CLOSED_SHELL('',(#2068,#2101,#2110));
#2068 = ADVANCED_FACE('',(#2069),#2096,.T.);
#2069 = FACE_BOUND('',#2070,.T.);
#2070 = EDGE_LOOP('',(#2071,#2080,#2088,#2095));
#2071 = ORIENTED_EDGE('',*,*,#2072,.F.);
#2072 = EDGE_CURVE('',#2073,#2073,#2075,.T.);
#2073 = VERTEX_POINT('',#2074);
#2074 = CARTESIAN_POINT('',(-94.87246625001,101.96201242654,
    443.44497594463));
#2075 = CIRCLE('',#2076,15.055328397358);
#2076 = AXIS2_PLACEMENT_3D('',#2077,#2078,#2079);
#2077 = CARTESIAN_POINT('',(-109.9277946473,101.96201242654,
    443.44497594463));
#2078 = DIRECTION('',(0.,0.,1.));
#2079 = DIRECTION('',(1.,0.,-0.));
#2080 = ORIENTED_EDGE('',*,*,#2081,.F.);
#2081 = EDGE_CURVE('',#2082,#2073,#2084,.T.);
#2082 = VERTEX_POINT('',#2083);
#2083 = CARTESIAN_POINT('',(-94.87246625001,101.96201242654,
    427.51341150298));
#2084 = LINE('',#2085,#2086);
#2085 = CARTESIAN_POINT('',(-94.87246625001,101.96201242654,
    427.51341150298));
#2086 = VECTOR('',#2087,1.);
#2087 = DIRECTION('',(0.,0.,1.));
#2088 = ORIENTED_EDGE('',*,*,#2089,.T.);
#2089 = EDGE_CURVE('',#2082,#2082,#2090,.T.);
#2090 = CIRCLE('',#2091,15.055328397358);
#2091 = AXIS2_PLACEMENT_3D('',#2092,#2093,#2094);
#2092 = CARTESIAN_POINT('',(-109.9277946473,101.96201242654,
    427.51341150298));
#2093 = DIRECTION('',(0.,0.,1.));
#2094 = DIRECTION('',(1.,0.,-0.));
#2095 = ORIENTED_EDGE('',*,*,#2081,.T.);
#2096 = CYLINDRICAL_SURFACE('',#2097,15.055328397358);
#2097 = AXIS2_PLACEMENT_3D('',#2098,#2099,#2100);
#2098 = CARTESIAN_POINT('',(-109.9277946473,101.96201242654,
    427.51341150298));
#2099 = DIRECTION('',(0.,0.,1.));
#2100 = DIRECTION('',(1.,0.,-0.));
#2101 = ADVANCED_FACE('',(#2102),#2105,.T.);
#2102 = FACE_BOUND('',#2103,.T.);
#2103 = EDGE_LOOP('',(#2104));
#2104 = ORIENTED_EDGE('',*,*,#2072,.T.);
#2105 = PLANE('',#2106);
#2106 = AXIS2_PLACEMENT_3D('',#2107,#2108,#2109);
#2107 = CARTESIAN_POINT('',(-109.9277946473,101.96201242654,
    443.44497594463));
#2108 = DIRECTION('',(0.,0.,1.));
#2109 = DIRECTION('',(1.,0.,-0.));
#2110 = ADVANCED_FACE('',(#2111),#2114,.F.);
#2111 = FACE_BOUND('',#2112,.T.);
#2112 = EDGE_LOOP('',(#2113));
#2113 = ORIENTED_EDGE('',*,*,#2089,.F.);
#2114 = PLANE('',#2115);
#2115 = AXIS2_PLACEMENT_3D('',#2116,#2117,#2118);
#2116 = CARTESIAN_POINT('',(-109.9277946473,101.96201242654,
    427.51341150298));
#2117 = DIRECTION('',(0.,0.,1.));
#2118 = DIRECTION('',(1.,0.,-0.));
#2119 = MANIFOLD_SOLID_BREP('',#2120);
#2120 = CLOSED_SHELL('',(#2121,#2154,#2163));
#2121 = ADVANCED_FACE('',(#2122),#2149,.T.);
#2122 = FACE_BOUND('',#2123,.T.);
#2123 = EDGE_LOOP('',(#2124,#2133,#2141,#2148));
#2124 = ORIENTED_EDGE('',*,*,#2125,.F.);
#2125 = EDGE_CURVE('',#2126,#2126,#2128,.T.);
#2126 = VERTEX_POINT('',#2127);
#2127 = CARTESIAN_POINT('',(131.43540664359,101.96201242654,
    429.10656794715));
#2128 = CIRCLE('',#2129,21.507611996225);
#2129 = AXIS2_PLACEMENT_3D('',#2130,#2131,#2132);
#2130 = CARTESIAN_POINT('',(109.92779464737,101.96201242654,
    429.10656794715));
#2131 = DIRECTION('',(0.,0.,1.));
#2132 = DIRECTION('',(1.,0.,-0.));
#2133 = ORIENTED_EDGE('',*,*,#2134,.F.);
#2134 = EDGE_CURVE('',#2135,#2126,#2137,.T.);
#2135 = VERTEX_POINT('',#2136);
#2136 = CARTESIAN_POINT('',(131.43540664359,101.96201242654,
    -30.26997243913));
#2137 = LINE('',#2138,#2139);
#2138 = CARTESIAN_POINT('',(131.43540664359,101.96201242654,
    -30.26997243913));
#2139 = VECTOR('',#2140,1.);
#2140 = DIRECTION('',(0.,0.,1.));
#2141 = ORIENTED_EDGE('',*,*,#2142,.T.);
#2142 = EDGE_CURVE('',#2135,#2135,#2143,.T.);
#2143 = CIRCLE('',#2144,21.507611996225);
#2144 = AXIS2_PLACEMENT_3D('',#2145,#2146,#2147);
#2145 = CARTESIAN_POINT('',(109.92779464737,101.96201242654,
    -30.26997243913));
#2146 = DIRECTION('',(0.,0.,1.));
#2147 = DIRECTION('',(1.,0.,-0.));
#2148 = ORIENTED_EDGE('',*,*,#2134,.T.);
#2149 = CYLINDRICAL_SURFACE('',#2150,21.507611996225);
#2150 = AXIS2_PLACEMENT_3D('',#2151,#2152,#2153);
#2151 = CARTESIAN_POINT('',(109.92779464737,101.96201242654,
    -30.26997243913));
#2152 = DIRECTION('',(0.,0.,1.));
#2153 = DIRECTION('',(1.,0.,-0.));
#2154 = ADVANCED_FACE('',(#2155),#2158,.T.);
#2155 = FACE_BOUND('',#2156,.T.);
#2156 = EDGE_LOOP('',(#2157));
#2157 = ORIENTED_EDGE('',*,*,#2125,.T.);
#2158 = PLANE('',#2159);
#2159 = AXIS2_PLACEMENT_3D('',#2160,#2161,#2162);
#2160 = CARTESIAN_POINT('',(109.92779464737,101.96201242654,
    429.10656794715));
#2161 = DIRECTION('',(0.,0.,1.));
#2162 = DIRECTION('',(1.,0.,-0.));
#2163 = ADVANCED_FACE('',(#2164),#2167,.F.);
#2164 = FACE_BOUND('',#2165,.T.);
#2165 = EDGE_LOOP('',(#2166));
#2166 = ORIENTED_EDGE('',*,*,#2142,.F.);
#2167 = PLANE('',#2168);
#2168 = AXIS2_PLACEMENT_3D('',#2169,#2170,#2171);
#2169 = CARTESIAN_POINT('',(109.92779464737,101.96201242654,
    -30.26997243913));
#2170 = DIRECTION('',(0.,0.,1.));
#2171 = DIRECTION('',(1.,0.,-0.));
#2172 = MANIFOLD_SOLID_BREP('',#2173);
#2173 = CLOSED_SHELL('',(#2174,#2207,#2216));
#2174 = ADVANCED_FACE('',(#2175),#2202,.T.);
#2175 = FACE_BOUND('',#2176,.T.);
#2176 = EDGE_LOOP('',(#2177,#2186,#2194,#2201));
#2177 = ORIENTED_EDGE('',*,*,#2178,.F.);
#2178 = EDGE_CURVE('',#2179,#2179,#2181,.T.);
#2179 = VERTEX_POINT('',#2180);
#2180 = CARTESIAN_POINT('',(124.98312304473,101.96201242654,
    443.44497594463));
#2181 = CIRCLE('',#2182,15.055328397358);
#2182 = AXIS2_PLACEMENT_3D('',#2183,#2184,#2185);
#2183 = CARTESIAN_POINT('',(109.92779464737,101.96201242654,
    443.44497594463));
#2184 = DIRECTION('',(0.,0.,1.));
#2185 = DIRECTION('',(1.,0.,-0.));
#2186 = ORIENTED_EDGE('',*,*,#2187,.F.);
#2187 = EDGE_CURVE('',#2188,#2179,#2190,.T.);
#2188 = VERTEX_POINT('',#2189);
#2189 = CARTESIAN_POINT('',(124.98312304473,101.96201242654,
    427.51341150298));
#2190 = LINE('',#2191,#2192);
#2191 = CARTESIAN_POINT('',(124.98312304473,101.96201242654,
    427.51341150298));
#2192 = VECTOR('',#2193,1.);
#2193 = DIRECTION('',(0.,0.,1.));
#2194 = ORIENTED_EDGE('',*,*,#2195,.T.);
#2195 = EDGE_CURVE('',#2188,#2188,#2196,.T.);
#2196 = CIRCLE('',#2197,15.055328397358);
#2197 = AXIS2_PLACEMENT_3D('',#2198,#2199,#2200);
#2198 = CARTESIAN_POINT('',(109.92779464737,101.96201242654,
    427.51341150298));
#2199 = DIRECTION('',(0.,0.,1.));
#2200 = DIRECTION('',(1.,0.,-0.));
#2201 = ORIENTED_EDGE('',*,*,#2187,.T.);
#2202 = CYLINDRICAL_SURFACE('',#2203,15.055328397358);
#2203 = AXIS2_PLACEMENT_3D('',#2204,#2205,#2206);
#2204 = CARTESIAN_POINT('',(109.92779464737,101.96201242654,
    427.51341150298));
#2205 = DIRECTION('',(0.,0.,1.));
#2206 = DIRECTION('',(1.,0.,-0.));
#2207 = ADVANCED_FACE('',(#2208),#2211,.T.);
#2208 = FACE_BOUND('',#2209,.T.);
#2209 = EDGE_LOOP('',(#2210));
#2210 = ORIENTED_EDGE('',*,*,#2178,.T.);
#2211 = PLANE('',#2212);
#2212 = AXIS2_PLACEMENT_3D('',#2213,#2214,#2215);
#2213 = CARTESIAN_POINT('',(109.92779464737,101.96201242654,
    443.44497594463));
#2214 = DIRECTION('',(0.,0.,1.));
#2215 = DIRECTION('',(1.,0.,-0.));
#2216 = ADVANCED_FACE('',(#2217),#2220,.F.);
#2217 = FACE_BOUND('',#2218,.T.);
#2218 = EDGE_LOOP('',(#2219));
#2219 = ORIENTED_EDGE('',*,*,#2195,.F.);
#2220 = PLANE('',#2221);
#2221 = AXIS2_PLACEMENT_3D('',#2222,#2223,#2224);
#2222 = CARTESIAN_POINT('',(109.92779464737,101.96201242654,
    427.51341150298));
#2223 = DIRECTION('',(0.,0.,1.));
#2224 = DIRECTION('',(1.,0.,-0.));
#2225 = MANIFOLD_SOLID_BREP('',#2226);
#2226 = CLOSED_SHELL('',(#2227,#2267,#2298,#2322,#2346,#2374,#2386,#2411
    ));
#2227 = ADVANCED_FACE('',(#2228),#2262,.F.);
#2228 = FACE_BOUND('',#2229,.F.);
#2229 = EDGE_LOOP('',(#2230,#2240,#2248,#2256));
#2230 = ORIENTED_EDGE('',*,*,#2231,.F.);
#2231 = EDGE_CURVE('',#2232,#2234,#2236,.T.);
#2232 = VERTEX_POINT('',#2233);
#2233 = CARTESIAN_POINT('',(-142.5875017527,-134.6217195319,
    381.3118746222));
#2234 = VERTEX_POINT('',#2235);
#2235 = CARTESIAN_POINT('',(-142.5875017527,-134.6217195319,
    425.92025505882));
#2236 = LINE('',#2237,#2238);
#2237 = CARTESIAN_POINT('',(-142.5875017527,-134.6217195319,
    381.3118746222));
#2238 = VECTOR('',#2239,1.);
#2239 = DIRECTION('',(0.,0.,1.));
#2240 = ORIENTED_EDGE('',*,*,#2241,.T.);
#2241 = EDGE_CURVE('',#2232,#2242,#2244,.T.);
#2242 = VERTEX_POINT('',#2243);
#2243 = CARTESIAN_POINT('',(-142.5875017527,134.62171953192,
    381.3118746222));
#2244 = LINE('',#2245,#2246);
#2245 = CARTESIAN_POINT('',(-142.5875017527,-134.6217195319,
    381.3118746222));
#2246 = VECTOR('',#2247,1.);
#2247 = DIRECTION('',(-0.,1.,0.));
#2248 = ORIENTED_EDGE('',*,*,#2249,.T.);
#2249 = EDGE_CURVE('',#2242,#2250,#2252,.T.);
#2250 = VERTEX_POINT('',#2251);
#2251 = CARTESIAN_POINT('',(-142.5875017527,134.62171953192,
    425.92025505882));
#2252 = LINE('',#2253,#2254);
#2253 = CARTESIAN_POINT('',(-142.5875017527,134.62171953192,
    381.3118746222));
#2254 = VECTOR('',#2255,1.);
#2255 = DIRECTION('',(0.,0.,1.));
#2256 = ORIENTED_EDGE('',*,*,#2257,.F.);
#2257 = EDGE_CURVE('',#2234,#2250,#2258,.T.);
#2258 = LINE('',#2259,#2260);
#2259 = CARTESIAN_POINT('',(-142.5875017527,-134.6217195319,
    425.92025505882));
#2260 = VECTOR('',#2261,1.);
#2261 = DIRECTION('',(-0.,1.,0.));
#2262 = PLANE('',#2263);
#2263 = AXIS2_PLACEMENT_3D('',#2264,#2265,#2266);
#2264 = CARTESIAN_POINT('',(-142.5875017527,-134.6217195319,
    381.3118746222));
#2265 = DIRECTION('',(1.,0.,-0.));
#2266 = DIRECTION('',(0.,0.,1.));
#2267 = ADVANCED_FACE('',(#2268),#2293,.F.);
#2268 = FACE_BOUND('',#2269,.F.);
#2269 = EDGE_LOOP('',(#2270,#2278,#2279,#2287));
#2270 = ORIENTED_EDGE('',*,*,#2271,.F.);
#2271 = EDGE_CURVE('',#2232,#2272,#2274,.T.);
#2272 = VERTEX_POINT('',#2273);
#2273 = CARTESIAN_POINT('',(142.58750175275,-134.6217195319,
    381.3118746222));
#2274 = LINE('',#2275,#2276);
#2275 = CARTESIAN_POINT('',(-142.5875017527,-134.6217195319,
    381.3118746222));
#2276 = VECTOR('',#2277,1.);
#2277 = DIRECTION('',(1.,0.,-0.));
#2278 = ORIENTED_EDGE('',*,*,#2231,.T.);
#2279 = ORIENTED_EDGE('',*,*,#2280,.T.);
#2280 = EDGE_CURVE('',#2234,#2281,#2283,.T.);
#2281 = VERTEX_POINT('',#2282);
#2282 = CARTESIAN_POINT('',(142.58750175275,-134.6217195319,
    425.92025505882));
#2283 = LINE('',#2284,#2285);
#2284 = CARTESIAN_POINT('',(-142.5875017527,-134.6217195319,
    425.92025505882));
#2285 = VECTOR('',#2286,1.);
#2286 = DIRECTION('',(1.,0.,-0.));
#2287 = ORIENTED_EDGE('',*,*,#2288,.F.);
#2288 = EDGE_CURVE('',#2272,#2281,#2289,.T.);
#2289 = LINE('',#2290,#2291);
#2290 = CARTESIAN_POINT('',(142.58750175275,-134.6217195319,
    381.3118746222));
#2291 = VECTOR('',#2292,1.);
#2292 = DIRECTION('',(0.,0.,1.));
#2293 = PLANE('',#2294);
#2294 = AXIS2_PLACEMENT_3D('',#2295,#2296,#2297);
#2295 = CARTESIAN_POINT('',(-142.5875017527,-134.6217195319,
    381.3118746222));
#2296 = DIRECTION('',(-0.,1.,0.));
#2297 = DIRECTION('',(0.,0.,1.));
#2298 = ADVANCED_FACE('',(#2299),#2317,.T.);
#2299 = FACE_BOUND('',#2300,.T.);
#2300 = EDGE_LOOP('',(#2301,#2302,#2303,#2311));
#2301 = ORIENTED_EDGE('',*,*,#2257,.F.);
#2302 = ORIENTED_EDGE('',*,*,#2280,.T.);
#2303 = ORIENTED_EDGE('',*,*,#2304,.T.);
#2304 = EDGE_CURVE('',#2281,#2305,#2307,.T.);
#2305 = VERTEX_POINT('',#2306);
#2306 = CARTESIAN_POINT('',(142.58750175275,134.62171953192,
    425.92025505882));
#2307 = LINE('',#2308,#2309);
#2308 = CARTESIAN_POINT('',(142.58750175275,-134.6217195319,
    425.92025505882));
#2309 = VECTOR('',#2310,1.);
#2310 = DIRECTION('',(-0.,1.,0.));
#2311 = ORIENTED_EDGE('',*,*,#2312,.F.);
#2312 = EDGE_CURVE('',#2250,#2305,#2313,.T.);
#2313 = LINE('',#2314,#2315);
#2314 = CARTESIAN_POINT('',(-142.5875017527,134.62171953192,
    425.92025505882));
#2315 = VECTOR('',#2316,1.);
#2316 = DIRECTION('',(1.,0.,-0.));
#2317 = PLANE('',#2318);
#2318 = AXIS2_PLACEMENT_3D('',#2319,#2320,#2321);
#2319 = CARTESIAN_POINT('',(-142.5875017527,-134.6217195319,
    425.92025505882));
#2320 = DIRECTION('',(0.,0.,1.));
#2321 = DIRECTION('',(1.,0.,-0.));
#2322 = ADVANCED_FACE('',(#2323),#2341,.T.);
#2323 = FACE_BOUND('',#2324,.T.);
#2324 = EDGE_LOOP('',(#2325,#2333,#2334,#2335));
#2325 = ORIENTED_EDGE('',*,*,#2326,.F.);
#2326 = EDGE_CURVE('',#2242,#2327,#2329,.T.);
#2327 = VERTEX_POINT('',#2328);
#2328 = CARTESIAN_POINT('',(142.58750175275,134.62171953192,
    381.3118746222));
#2329 = LINE('',#2330,#2331);
#2330 = CARTESIAN_POINT('',(-142.5875017527,134.62171953192,
    381.3118746222));
#2331 = VECTOR('',#2332,1.);
#2332 = DIRECTION('',(1.,0.,-0.));
#2333 = ORIENTED_EDGE('',*,*,#2249,.T.);
#2334 = ORIENTED_EDGE('',*,*,#2312,.T.);
#2335 = ORIENTED_EDGE('',*,*,#2336,.F.);
#2336 = EDGE_CURVE('',#2327,#2305,#2337,.T.);
#2337 = LINE('',#2338,#2339);
#2338 = CARTESIAN_POINT('',(142.58750175275,134.62171953192,
    381.3118746222));
#2339 = VECTOR('',#2340,1.);
#2340 = DIRECTION('',(0.,0.,1.));
#2341 = PLANE('',#2342);
#2342 = AXIS2_PLACEMENT_3D('',#2343,#2344,#2345);
#2343 = CARTESIAN_POINT('',(-142.5875017527,134.62171953192,
    381.3118746222));
#2344 = DIRECTION('',(-0.,1.,0.));
#2345 = DIRECTION('',(0.,0.,1.));
#2346 = ADVANCED_FACE('',(#2347,#2358),#2369,.F.);
#2347 = FACE_BOUND('',#2348,.F.);
#2348 = EDGE_LOOP('',(#2349,#2350,#2351,#2357));
#2349 = ORIENTED_EDGE('',*,*,#2241,.F.);
#2350 = ORIENTED_EDGE('',*,*,#2271,.T.);
#2351 = ORIENTED_EDGE('',*,*,#2352,.T.);
#2352 = EDGE_CURVE('',#2272,#2327,#2353,.T.);
#2353 = LINE('',#2354,#2355);
#2354 = CARTESIAN_POINT('',(142.58750175275,-134.6217195319,
    381.3118746222));
#2355 = VECTOR('',#2356,1.);
#2356 = DIRECTION('',(-0.,1.,0.));
#2357 = ORIENTED_EDGE('',*,*,#2326,.F.);
#2358 = FACE_BOUND('',#2359,.F.);
#2359 = EDGE_LOOP('',(#2360));
#2360 = ORIENTED_EDGE('',*,*,#2361,.F.);
#2361 = EDGE_CURVE('',#2362,#2362,#2364,.T.);
#2362 = VERTEX_POINT('',#2363);
#2363 = CARTESIAN_POINT('',(57.512947634351,-1.408660944599E-14,
    381.3118746222));
#2364 = CIRCLE('',#2365,57.512947634351);
#2365 = AXIS2_PLACEMENT_3D('',#2366,#2367,#2368);
#2366 = CARTESIAN_POINT('',(0.,0.,381.3118746222));
#2367 = DIRECTION('',(0.,0.,1.));
#2368 = DIRECTION('',(1.,0.,-0.));
#2369 = PLANE('',#2370);
#2370 = AXIS2_PLACEMENT_3D('',#2371,#2372,#2373);
#2371 = CARTESIAN_POINT('',(-142.5875017527,-134.6217195319,
    381.3118746222));
#2372 = DIRECTION('',(0.,0.,1.));
#2373 = DIRECTION('',(1.,0.,-0.));
#2374 = ADVANCED_FACE('',(#2375),#2381,.T.);
#2375 = FACE_BOUND('',#2376,.T.);
#2376 = EDGE_LOOP('',(#2377,#2378,#2379,#2380));
#2377 = ORIENTED_EDGE('',*,*,#2288,.F.);
#2378 = ORIENTED_EDGE('',*,*,#2352,.T.);
#2379 = ORIENTED_EDGE('',*,*,#2336,.T.);
#2380 = ORIENTED_EDGE('',*,*,#2304,.F.);
#2381 = PLANE('',#2382);
#2382 = AXIS2_PLACEMENT_3D('',#2383,#2384,#2385);
#2383 = CARTESIAN_POINT('',(142.58750175275,-134.6217195319,
    381.3118746222));
#2384 = DIRECTION('',(1.,0.,-0.));
#2385 = DIRECTION('',(0.,0.,1.));
#2386 = ADVANCED_FACE('',(#2387),#2406,.F.);
#2387 = FACE_BOUND('',#2388,.F.);
#2388 = EDGE_LOOP('',(#2389,#2397,#2404,#2405));
#2389 = ORIENTED_EDGE('',*,*,#2390,.T.);
#2390 = EDGE_CURVE('',#2362,#2391,#2393,.T.);
#2391 = VERTEX_POINT('',#2392);
#2392 = CARTESIAN_POINT('',(57.512947634351,-1.408660944599E-14,
    404.61606484051));
#2393 = LINE('',#2394,#2395);
#2394 = CARTESIAN_POINT('',(57.512947634351,-1.408660944599E-14,
    380.3118746222));
#2395 = VECTOR('',#2396,1.);
#2396 = DIRECTION('',(0.,0.,1.));
#2397 = ORIENTED_EDGE('',*,*,#2398,.F.);
#2398 = EDGE_CURVE('',#2391,#2391,#2399,.T.);
#2399 = CIRCLE('',#2400,57.512947634351);
#2400 = AXIS2_PLACEMENT_3D('',#2401,#2402,#2403);
#2401 = CARTESIAN_POINT('',(0.,0.,404.61606484051));
#2402 = DIRECTION('',(0.,0.,1.));
#2403 = DIRECTION('',(1.,0.,-0.));
#2404 = ORIENTED_EDGE('',*,*,#2390,.F.);
#2405 = ORIENTED_EDGE('',*,*,#2361,.T.);
#2406 = CYLINDRICAL_SURFACE('',#2407,57.512947634351);
#2407 = AXIS2_PLACEMENT_3D('',#2408,#2409,#2410);
#2408 = CARTESIAN_POINT('',(0.,0.,380.3118746222));
#2409 = DIRECTION('',(0.,0.,1.));
#2410 = DIRECTION('',(1.,0.,-0.));
#2411 = ADVANCED_FACE('',(#2412),#2415,.F.);
#2412 = FACE_BOUND('',#2413,.F.);
#2413 = EDGE_LOOP('',(#2414));
#2414 = ORIENTED_EDGE('',*,*,#2398,.T.);
#2415 = PLANE('',#2416);
#2416 = AXIS2_PLACEMENT_3D('',#2417,#2418,#2419);
#2417 = CARTESIAN_POINT('',(0.,0.,404.61606484051));
#2418 = DIRECTION('',(0.,0.,1.));
#2419 = DIRECTION('',(1.,0.,-0.));
#2420 = MANIFOLD_SOLID_BREP('',#2421);
#2421 = CLOSED_SHELL('',(#2422,#2455,#2464));
#2422 = ADVANCED_FACE('',(#2423),#2450,.T.);
#2423 = FACE_BOUND('',#2424,.T.);
#2424 = EDGE_LOOP('',(#2425,#2434,#2442,#2449));
#2425 = ORIENTED_EDGE('',*,*,#2426,.F.);
#2426 = EDGE_CURVE('',#2427,#2427,#2429,.T.);
#2427 = VERTEX_POINT('',#2428);
#2428 = CARTESIAN_POINT('',(76.471509319912,-1.873011782292E-14,
    401.38564581868));
#2429 = CIRCLE('',#2430,76.471509319912);
#2430 = AXIS2_PLACEMENT_3D('',#2431,#2432,#2433);
#2431 = CARTESIAN_POINT('',(0.,0.,401.38564581868));
#2432 = DIRECTION('',(0.,0.,1.));
#2433 = DIRECTION('',(1.,0.,-0.));
#2434 = ORIENTED_EDGE('',*,*,#2435,.F.);
#2435 = EDGE_CURVE('',#2436,#2427,#2438,.T.);
#2436 = VERTEX_POINT('',#2437);
#2437 = CARTESIAN_POINT('',(76.471509319912,-1.873011782292E-14,
    388.0031316877));
#2438 = LINE('',#2439,#2440);
#2439 = CARTESIAN_POINT('',(76.471509319912,-1.873011782292E-14,
    388.0031316877));
#2440 = VECTOR('',#2441,1.);
#2441 = DIRECTION('',(0.,0.,1.));
#2442 = ORIENTED_EDGE('',*,*,#2443,.T.);
#2443 = EDGE_CURVE('',#2436,#2436,#2444,.T.);
#2444 = CIRCLE('',#2445,76.471509319912);
#2445 = AXIS2_PLACEMENT_3D('',#2446,#2447,#2448);
#2446 = CARTESIAN_POINT('',(0.,0.,388.0031316877));
#2447 = DIRECTION('',(0.,0.,1.));
#2448 = DIRECTION('',(1.,0.,-0.));
#2449 = ORIENTED_EDGE('',*,*,#2435,.T.);
#2450 = CYLINDRICAL_SURFACE('',#2451,76.471509319912);
#2451 = AXIS2_PLACEMENT_3D('',#2452,#2453,#2454);
#2452 = CARTESIAN_POINT('',(0.,0.,388.0031316877));
#2453 = DIRECTION('',(0.,0.,1.));
#2454 = DIRECTION('',(1.,0.,-0.));
#2455 = ADVANCED_FACE('',(#2456),#2459,.T.);
#2456 = FACE_BOUND('',#2457,.T.);
#2457 = EDGE_LOOP('',(#2458));
#2458 = ORIENTED_EDGE('',*,*,#2426,.T.);
#2459 = PLANE('',#2460);
#2460 = AXIS2_PLACEMENT_3D('',#2461,#2462,#2463);
#2461 = CARTESIAN_POINT('',(0.,0.,401.38564581868));
#2462 = DIRECTION('',(0.,0.,1.));
#2463 = DIRECTION('',(1.,0.,-0.));
#2464 = ADVANCED_FACE('',(#2465),#2468,.F.);
#2465 = FACE_BOUND('',#2466,.T.);
#2466 = EDGE_LOOP('',(#2467));
#2467 = ORIENTED_EDGE('',*,*,#2443,.F.);
#2468 = PLANE('',#2469);
#2469 = AXIS2_PLACEMENT_3D('',#2470,#2471,#2472);
#2470 = CARTESIAN_POINT('',(0.,0.,388.0031316877));
#2471 = DIRECTION('',(0.,0.,1.));
#2472 = DIRECTION('',(1.,0.,-0.));
#2473 = MANIFOLD_SOLID_BREP('',#2474);
#2474 = CLOSED_SHELL('',(#2475,#2515,#2555,#2577,#2599,#2611));
#2475 = ADVANCED_FACE('',(#2476),#2510,.F.);
#2476 = FACE_BOUND('',#2477,.F.);
#2477 = EDGE_LOOP('',(#2478,#2488,#2496,#2504));
#2478 = ORIENTED_EDGE('',*,*,#2479,.F.);
#2479 = EDGE_CURVE('',#2480,#2482,#2484,.T.);
#2480 = VERTEX_POINT('',#2481);
#2481 = CARTESIAN_POINT('',(-108.3346382032,-81.56960994124,
    381.3118746222));
#2482 = VERTEX_POINT('',#2483);
#2483 = CARTESIAN_POINT('',(-108.3346382032,-81.56960994124,
    421.45941701516));
#2484 = LINE('',#2485,#2486);
#2485 = CARTESIAN_POINT('',(-108.3346382032,-81.56960994124,
    381.3118746222));
#2486 = VECTOR('',#2487,1.);
#2487 = DIRECTION('',(0.,0.,1.));
#2488 = ORIENTED_EDGE('',*,*,#2489,.T.);
#2489 = EDGE_CURVE('',#2480,#2490,#2492,.T.);
#2490 = VERTEX_POINT('',#2491);
#2491 = CARTESIAN_POINT('',(-108.3346382032,81.56960994124,
    381.3118746222));
#2492 = LINE('',#2493,#2494);
#2493 = CARTESIAN_POINT('',(-108.3346382032,-81.56960994124,
    381.3118746222));
#2494 = VECTOR('',#2495,1.);
#2495 = DIRECTION('',(-0.,1.,0.));
#2496 = ORIENTED_EDGE('',*,*,#2497,.T.);
#2497 = EDGE_CURVE('',#2490,#2498,#2500,.T.);
#2498 = VERTEX_POINT('',#2499);
#2499 = CARTESIAN_POINT('',(-108.3346382032,81.56960994124,
    421.45941701516));
#2500 = LINE('',#2501,#2502);
#2501 = CARTESIAN_POINT('',(-108.3346382032,81.56960994124,
    381.3118746222));
#2502 = VECTOR('',#2503,1.);
#2503 = DIRECTION('',(0.,0.,1.));
#2504 = ORIENTED_EDGE('',*,*,#2505,.F.);
#2505 = EDGE_CURVE('',#2482,#2498,#2506,.T.);
#2506 = LINE('',#2507,#2508);
#2507 = CARTESIAN_POINT('',(-108.3346382032,-81.56960994124,
    421.45941701516));
#2508 = VECTOR('',#2509,1.);
#2509 = DIRECTION('',(-0.,1.,0.));
#2510 = PLANE('',#2511);
#2511 = AXIS2_PLACEMENT_3D('',#2512,#2513,#2514);
#2512 = CARTESIAN_POINT('',(-108.3346382032,-81.56960994124,
    381.3118746222));
#2513 = DIRECTION('',(1.,0.,-0.));
#2514 = DIRECTION('',(0.,0.,1.));
#2515 = ADVANCED_FACE('',(#2516),#2550,.T.);
#2516 = FACE_BOUND('',#2517,.T.);
#2517 = EDGE_LOOP('',(#2518,#2528,#2536,#2544));
#2518 = ORIENTED_EDGE('',*,*,#2519,.F.);
#2519 = EDGE_CURVE('',#2520,#2522,#2524,.T.);
#2520 = VERTEX_POINT('',#2521);
#2521 = CARTESIAN_POINT('',(-92.40307376156,-81.56960994124,
    381.3118746222));
#2522 = VERTEX_POINT('',#2523);
#2523 = CARTESIAN_POINT('',(-92.40307376156,-81.56960994124,
    421.45941701516));
#2524 = LINE('',#2525,#2526);
#2525 = CARTESIAN_POINT('',(-92.40307376156,-81.56960994124,
    381.3118746222));
#2526 = VECTOR('',#2527,1.);
#2527 = DIRECTION('',(0.,0.,1.));
#2528 = ORIENTED_EDGE('',*,*,#2529,.T.);
#2529 = EDGE_CURVE('',#2520,#2530,#2532,.T.);
#2530 = VERTEX_POINT('',#2531);
#2531 = CARTESIAN_POINT('',(-92.40307376156,81.56960994124,
    381.3118746222));
#2532 = LINE('',#2533,#2534);
#2533 = CARTESIAN_POINT('',(-92.40307376156,-81.56960994124,
    381.3118746222));
#2534 = VECTOR('',#2535,1.);
#2535 = DIRECTION('',(-0.,1.,0.));
#2536 = ORIENTED_EDGE('',*,*,#2537,.T.);
#2537 = EDGE_CURVE('',#2530,#2538,#2540,.T.);
#2538 = VERTEX_POINT('',#2539);
#2539 = CARTESIAN_POINT('',(-92.40307376156,81.56960994124,
    421.45941701516));
#2540 = LINE('',#2541,#2542);
#2541 = CARTESIAN_POINT('',(-92.40307376156,81.56960994124,
    381.3118746222));
#2542 = VECTOR('',#2543,1.);
#2543 = DIRECTION('',(0.,0.,1.));
#2544 = ORIENTED_EDGE('',*,*,#2545,.F.);
#2545 = EDGE_CURVE('',#2522,#2538,#2546,.T.);
#2546 = LINE('',#2547,#2548);
#2547 = CARTESIAN_POINT('',(-92.40307376156,-81.56960994124,
    421.45941701516));
#2548 = VECTOR('',#2549,1.);
#2549 = DIRECTION('',(-0.,1.,0.));
#2550 = PLANE('',#2551);
#2551 = AXIS2_PLACEMENT_3D('',#2552,#2553,#2554);
#2552 = CARTESIAN_POINT('',(-92.40307376156,-81.56960994124,
    381.3118746222));
#2553 = DIRECTION('',(1.,0.,-0.));
#2554 = DIRECTION('',(0.,0.,1.));
#2555 = ADVANCED_FACE('',(#2556),#2572,.F.);
#2556 = FACE_BOUND('',#2557,.F.);
#2557 = EDGE_LOOP('',(#2558,#2564,#2565,#2571));
#2558 = ORIENTED_EDGE('',*,*,#2559,.F.);
#2559 = EDGE_CURVE('',#2480,#2520,#2560,.T.);
#2560 = LINE('',#2561,#2562);
#2561 = CARTESIAN_POINT('',(-108.3346382032,-81.56960994124,
    381.3118746222));
#2562 = VECTOR('',#2563,1.);
#2563 = DIRECTION('',(1.,0.,-0.));
#2564 = ORIENTED_EDGE('',*,*,#2479,.T.);
#2565 = ORIENTED_EDGE('',*,*,#2566,.T.);
#2566 = EDGE_CURVE('',#2482,#2522,#2567,.T.);
#2567 = LINE('',#2568,#2569);
#2568 = CARTESIAN_POINT('',(-108.3346382032,-81.56960994124,
    421.45941701516));
#2569 = VECTOR('',#2570,1.);
#2570 = DIRECTION('',(1.,0.,-0.));
#2571 = ORIENTED_EDGE('',*,*,#2519,.F.);
#2572 = PLANE('',#2573);
#2573 = AXIS2_PLACEMENT_3D('',#2574,#2575,#2576);
#2574 = CARTESIAN_POINT('',(-108.3346382032,-81.56960994124,
    381.3118746222));
#2575 = DIRECTION('',(-0.,1.,0.));
#2576 = DIRECTION('',(0.,0.,1.));
#2577 = ADVANCED_FACE('',(#2578),#2594,.T.);
#2578 = FACE_BOUND('',#2579,.T.);
#2579 = EDGE_LOOP('',(#2580,#2586,#2587,#2593));
#2580 = ORIENTED_EDGE('',*,*,#2581,.F.);
#2581 = EDGE_CURVE('',#2490,#2530,#2582,.T.);
#2582 = LINE('',#2583,#2584);
#2583 = CARTESIAN_POINT('',(-108.3346382032,81.56960994124,
    381.3118746222));
#2584 = VECTOR('',#2585,1.);
#2585 = DIRECTION('',(1.,0.,-0.));
#2586 = ORIENTED_EDGE('',*,*,#2497,.T.);
#2587 = ORIENTED_EDGE('',*,*,#2588,.T.);
#2588 = EDGE_CURVE('',#2498,#2538,#2589,.T.);
#2589 = LINE('',#2590,#2591);
#2590 = CARTESIAN_POINT('',(-108.3346382032,81.56960994124,
    421.45941701516));
#2591 = VECTOR('',#2592,1.);
#2592 = DIRECTION('',(1.,0.,-0.));
#2593 = ORIENTED_EDGE('',*,*,#2537,.F.);
#2594 = PLANE('',#2595);
#2595 = AXIS2_PLACEMENT_3D('',#2596,#2597,#2598);
#2596 = CARTESIAN_POINT('',(-108.3346382032,81.56960994124,
    381.3118746222));
#2597 = DIRECTION('',(-0.,1.,0.));
#2598 = DIRECTION('',(0.,0.,1.));
#2599 = ADVANCED_FACE('',(#2600),#2606,.F.);
#2600 = FACE_BOUND('',#2601,.F.);
#2601 = EDGE_LOOP('',(#2602,#2603,#2604,#2605));
#2602 = ORIENTED_EDGE('',*,*,#2489,.F.);
#2603 = ORIENTED_EDGE('',*,*,#2559,.T.);
#2604 = ORIENTED_EDGE('',*,*,#2529,.T.);
#2605 = ORIENTED_EDGE('',*,*,#2581,.F.);
#2606 = PLANE('',#2607);
#2607 = AXIS2_PLACEMENT_3D('',#2608,#2609,#2610);
#2608 = CARTESIAN_POINT('',(-108.3346382032,-81.56960994124,
    381.3118746222));
#2609 = DIRECTION('',(0.,0.,1.));
#2610 = DIRECTION('',(1.,0.,-0.));
#2611 = ADVANCED_FACE('',(#2612),#2618,.T.);
#2612 = FACE_BOUND('',#2613,.T.);
#2613 = EDGE_LOOP('',(#2614,#2615,#2616,#2617));
#2614 = ORIENTED_EDGE('',*,*,#2505,.F.);
#2615 = ORIENTED_EDGE('',*,*,#2566,.T.);
#2616 = ORIENTED_EDGE('',*,*,#2545,.T.);
#2617 = ORIENTED_EDGE('',*,*,#2588,.F.);
#2618 = PLANE('',#2619);
#2619 = AXIS2_PLACEMENT_3D('',#2620,#2621,#2622);
#2620 = CARTESIAN_POINT('',(-108.3346382032,-81.56960994124,
    421.45941701516));
#2621 = DIRECTION('',(0.,0.,1.));
#2622 = DIRECTION('',(1.,0.,-0.));
#2623 = MANIFOLD_SOLID_BREP('',#2624);
#2624 = CLOSED_SHELL('',(#2625,#2665,#2705,#2727,#2749,#2761));
#2625 = ADVANCED_FACE('',(#2626),#2660,.F.);
#2626 = FACE_BOUND('',#2627,.F.);
#2627 = EDGE_LOOP('',(#2628,#2638,#2646,#2654));
#2628 = ORIENTED_EDGE('',*,*,#2629,.F.);
#2629 = EDGE_CURVE('',#2630,#2632,#2634,.T.);
#2630 = VERTEX_POINT('',#2631);
#2631 = CARTESIAN_POINT('',(92.40307376156,-81.56960994124,
    381.3118746222));
#2632 = VERTEX_POINT('',#2633);
#2633 = CARTESIAN_POINT('',(92.40307376156,-81.56960994124,
    421.45941701516));
#2634 = LINE('',#2635,#2636);
#2635 = CARTESIAN_POINT('',(92.40307376156,-81.56960994124,
    381.3118746222));
#2636 = VECTOR('',#2637,1.);
#2637 = DIRECTION('',(0.,0.,1.));
#2638 = ORIENTED_EDGE('',*,*,#2639,.T.);
#2639 = EDGE_CURVE('',#2630,#2640,#2642,.T.);
#2640 = VERTEX_POINT('',#2641);
#2641 = CARTESIAN_POINT('',(92.40307376156,81.56960994124,381.3118746222
    ));
#2642 = LINE('',#2643,#2644);
#2643 = CARTESIAN_POINT('',(92.40307376156,-81.56960994124,
    381.3118746222));
#2644 = VECTOR('',#2645,1.);
#2645 = DIRECTION('',(-0.,1.,0.));
#2646 = ORIENTED_EDGE('',*,*,#2647,.T.);
#2647 = EDGE_CURVE('',#2640,#2648,#2650,.T.);
#2648 = VERTEX_POINT('',#2649);
#2649 = CARTESIAN_POINT('',(92.40307376156,81.56960994124,
    421.45941701516));
#2650 = LINE('',#2651,#2652);
#2651 = CARTESIAN_POINT('',(92.40307376156,81.56960994124,381.3118746222
    ));
#2652 = VECTOR('',#2653,1.);
#2653 = DIRECTION('',(0.,0.,1.));
#2654 = ORIENTED_EDGE('',*,*,#2655,.F.);
#2655 = EDGE_CURVE('',#2632,#2648,#2656,.T.);
#2656 = LINE('',#2657,#2658);
#2657 = CARTESIAN_POINT('',(92.40307376156,-81.56960994124,
    421.45941701516));
#2658 = VECTOR('',#2659,1.);
#2659 = DIRECTION('',(-0.,1.,0.));
#2660 = PLANE('',#2661);
#2661 = AXIS2_PLACEMENT_3D('',#2662,#2663,#2664);
#2662 = CARTESIAN_POINT('',(92.40307376156,-81.56960994124,
    381.3118746222));
#2663 = DIRECTION('',(1.,0.,-0.));
#2664 = DIRECTION('',(0.,0.,1.));
#2665 = ADVANCED_FACE('',(#2666),#2700,.T.);
#2666 = FACE_BOUND('',#2667,.T.);
#2667 = EDGE_LOOP('',(#2668,#2678,#2686,#2694));
#2668 = ORIENTED_EDGE('',*,*,#2669,.F.);
#2669 = EDGE_CURVE('',#2670,#2672,#2674,.T.);
#2670 = VERTEX_POINT('',#2671);
#2671 = CARTESIAN_POINT('',(108.3346382032,-81.56960994124,
    381.3118746222));
#2672 = VERTEX_POINT('',#2673);
#2673 = CARTESIAN_POINT('',(108.3346382032,-81.56960994124,
    421.45941701516));
#2674 = LINE('',#2675,#2676);
#2675 = CARTESIAN_POINT('',(108.3346382032,-81.56960994124,
    381.3118746222));
#2676 = VECTOR('',#2677,1.);
#2677 = DIRECTION('',(0.,0.,1.));
#2678 = ORIENTED_EDGE('',*,*,#2679,.T.);
#2679 = EDGE_CURVE('',#2670,#2680,#2682,.T.);
#2680 = VERTEX_POINT('',#2681);
#2681 = CARTESIAN_POINT('',(108.3346382032,81.56960994124,381.3118746222
    ));
#2682 = LINE('',#2683,#2684);
#2683 = CARTESIAN_POINT('',(108.3346382032,-81.56960994124,
    381.3118746222));
#2684 = VECTOR('',#2685,1.);
#2685 = DIRECTION('',(-0.,1.,0.));
#2686 = ORIENTED_EDGE('',*,*,#2687,.T.);
#2687 = EDGE_CURVE('',#2680,#2688,#2690,.T.);
#2688 = VERTEX_POINT('',#2689);
#2689 = CARTESIAN_POINT('',(108.3346382032,81.56960994124,
    421.45941701516));
#2690 = LINE('',#2691,#2692);
#2691 = CARTESIAN_POINT('',(108.3346382032,81.56960994124,381.3118746222
    ));
#2692 = VECTOR('',#2693,1.);
#2693 = DIRECTION('',(0.,0.,1.));
#2694 = ORIENTED_EDGE('',*,*,#2695,.F.);
#2695 = EDGE_CURVE('',#2672,#2688,#2696,.T.);
#2696 = LINE('',#2697,#2698);
#2697 = CARTESIAN_POINT('',(108.3346382032,-81.56960994124,
    421.45941701516));
#2698 = VECTOR('',#2699,1.);
#2699 = DIRECTION('',(-0.,1.,0.));
#2700 = PLANE('',#2701);
#2701 = AXIS2_PLACEMENT_3D('',#2702,#2703,#2704);
#2702 = CARTESIAN_POINT('',(108.3346382032,-81.56960994124,
    381.3118746222));
#2703 = DIRECTION('',(1.,0.,-0.));
#2704 = DIRECTION('',(0.,0.,1.));
#2705 = ADVANCED_FACE('',(#2706),#2722,.F.);
#2706 = FACE_BOUND('',#2707,.F.);
#2707 = EDGE_LOOP('',(#2708,#2714,#2715,#2721));
#2708 = ORIENTED_EDGE('',*,*,#2709,.F.);
#2709 = EDGE_CURVE('',#2630,#2670,#2710,.T.);
#2710 = LINE('',#2711,#2712);
#2711 = CARTESIAN_POINT('',(92.40307376156,-81.56960994124,
    381.3118746222));
#2712 = VECTOR('',#2713,1.);
#2713 = DIRECTION('',(1.,0.,-0.));
#2714 = ORIENTED_EDGE('',*,*,#2629,.T.);
#2715 = ORIENTED_EDGE('',*,*,#2716,.T.);
#2716 = EDGE_CURVE('',#2632,#2672,#2717,.T.);
#2717 = LINE('',#2718,#2719);
#2718 = CARTESIAN_POINT('',(92.40307376156,-81.56960994124,
    421.45941701516));
#2719 = VECTOR('',#2720,1.);
#2720 = DIRECTION('',(1.,0.,-0.));
#2721 = ORIENTED_EDGE('',*,*,#2669,.F.);
#2722 = PLANE('',#2723);
#2723 = AXIS2_PLACEMENT_3D('',#2724,#2725,#2726);
#2724 = CARTESIAN_POINT('',(92.40307376156,-81.56960994124,
    381.3118746222));
#2725 = DIRECTION('',(-0.,1.,0.));
#2726 = DIRECTION('',(0.,0.,1.));
#2727 = ADVANCED_FACE('',(#2728),#2744,.T.);
#2728 = FACE_BOUND('',#2729,.T.);
#2729 = EDGE_LOOP('',(#2730,#2736,#2737,#2743));
#2730 = ORIENTED_EDGE('',*,*,#2731,.F.);
#2731 = EDGE_CURVE('',#2640,#2680,#2732,.T.);
#2732 = LINE('',#2733,#2734);
#2733 = CARTESIAN_POINT('',(92.40307376156,81.56960994124,381.3118746222
    ));
#2734 = VECTOR('',#2735,1.);
#2735 = DIRECTION('',(1.,0.,-0.));
#2736 = ORIENTED_EDGE('',*,*,#2647,.T.);
#2737 = ORIENTED_EDGE('',*,*,#2738,.T.);
#2738 = EDGE_CURVE('',#2648,#2688,#2739,.T.);
#2739 = LINE('',#2740,#2741);
#2740 = CARTESIAN_POINT('',(92.40307376156,81.56960994124,
    421.45941701516));
#2741 = VECTOR('',#2742,1.);
#2742 = DIRECTION('',(1.,0.,-0.));
#2743 = ORIENTED_EDGE('',*,*,#2687,.F.);
#2744 = PLANE('',#2745);
#2745 = AXIS2_PLACEMENT_3D('',#2746,#2747,#2748);
#2746 = CARTESIAN_POINT('',(92.40307376156,81.56960994124,381.3118746222
    ));
#2747 = DIRECTION('',(-0.,1.,0.));
#2748 = DIRECTION('',(0.,0.,1.));
#2749 = ADVANCED_FACE('',(#2750),#2756,.F.);
#2750 = FACE_BOUND('',#2751,.F.);
#2751 = EDGE_LOOP('',(#2752,#2753,#2754,#2755));
#2752 = ORIENTED_EDGE('',*,*,#2639,.F.);
#2753 = ORIENTED_EDGE('',*,*,#2709,.T.);
#2754 = ORIENTED_EDGE('',*,*,#2679,.T.);
#2755 = ORIENTED_EDGE('',*,*,#2731,.F.);
#2756 = PLANE('',#2757);
#2757 = AXIS2_PLACEMENT_3D('',#2758,#2759,#2760);
#2758 = CARTESIAN_POINT('',(92.40307376156,-81.56960994124,
    381.3118746222));
#2759 = DIRECTION('',(0.,0.,1.));
#2760 = DIRECTION('',(1.,0.,-0.));
#2761 = ADVANCED_FACE('',(#2762),#2768,.T.);
#2762 = FACE_BOUND('',#2763,.T.);
#2763 = EDGE_LOOP('',(#2764,#2765,#2766,#2767));
#2764 = ORIENTED_EDGE('',*,*,#2655,.F.);
#2765 = ORIENTED_EDGE('',*,*,#2716,.T.);
#2766 = ORIENTED_EDGE('',*,*,#2695,.T.);
#2767 = ORIENTED_EDGE('',*,*,#2738,.F.);
#2768 = PLANE('',#2769);
#2769 = AXIS2_PLACEMENT_3D('',#2770,#2771,#2772);
#2770 = CARTESIAN_POINT('',(92.40307376156,-81.56960994124,
    421.45941701516));
#2771 = DIRECTION('',(0.,0.,1.));
#2772 = DIRECTION('',(1.,0.,-0.));
#2773 = MANIFOLD_SOLID_BREP('',#2774);
#2774 = CLOSED_SHELL('',(#2775,#2815,#2855,#2877,#2899,#2911));
#2775 = ADVANCED_FACE('',(#2776),#2810,.F.);
#2776 = FACE_BOUND('',#2777,.F.);
#2777 = EDGE_LOOP('',(#2778,#2788,#2796,#2804));
#2778 = ORIENTED_EDGE('',*,*,#2779,.F.);
#2779 = EDGE_CURVE('',#2780,#2782,#2784,.T.);
#2780 = VERTEX_POINT('',#2781);
#2781 = CARTESIAN_POINT('',(-128.3287515774,-115.7746787974,
    425.92025505882));
#2782 = VERTEX_POINT('',#2783);
#2783 = CARTESIAN_POINT('',(-128.3287515774,-115.7746787974,
    457.78338394212));
#2784 = LINE('',#2785,#2786);
#2785 = CARTESIAN_POINT('',(-128.3287515774,-115.7746787974,
    425.92025505882));
#2786 = VECTOR('',#2787,1.);
#2787 = DIRECTION('',(0.,0.,1.));
#2788 = ORIENTED_EDGE('',*,*,#2789,.T.);
#2789 = EDGE_CURVE('',#2780,#2790,#2792,.T.);
#2790 = VERTEX_POINT('',#2791);
#2791 = CARTESIAN_POINT('',(-128.3287515774,115.77467879745,
    425.92025505882));
#2792 = LINE('',#2793,#2794);
#2793 = CARTESIAN_POINT('',(-128.3287515774,-115.7746787974,
    425.92025505882));
#2794 = VECTOR('',#2795,1.);
#2795 = DIRECTION('',(-0.,1.,0.));
#2796 = ORIENTED_EDGE('',*,*,#2797,.T.);
#2797 = EDGE_CURVE('',#2790,#2798,#2800,.T.);
#2798 = VERTEX_POINT('',#2799);
#2799 = CARTESIAN_POINT('',(-128.3287515774,115.77467879745,
    457.78338394212));
#2800 = LINE('',#2801,#2802);
#2801 = CARTESIAN_POINT('',(-128.3287515774,115.77467879745,
    425.92025505882));
#2802 = VECTOR('',#2803,1.);
#2803 = DIRECTION('',(0.,0.,1.));
#2804 = ORIENTED_EDGE('',*,*,#2805,.F.);
#2805 = EDGE_CURVE('',#2782,#2798,#2806,.T.);
#2806 = LINE('',#2807,#2808);
#2807 = CARTESIAN_POINT('',(-128.3287515774,-115.7746787974,
    457.78338394212));
#2808 = VECTOR('',#2809,1.);
#2809 = DIRECTION('',(-0.,1.,0.));
#2810 = PLANE('',#2811);
#2811 = AXIS2_PLACEMENT_3D('',#2812,#2813,#2814);
#2812 = CARTESIAN_POINT('',(-128.3287515774,-115.7746787974,
    425.92025505882));
#2813 = DIRECTION('',(1.,0.,-0.));
#2814 = DIRECTION('',(0.,0.,1.));
#2815 = ADVANCED_FACE('',(#2816),#2850,.T.);
#2816 = FACE_BOUND('',#2817,.T.);
#2817 = EDGE_LOOP('',(#2818,#2828,#2836,#2844));
#2818 = ORIENTED_EDGE('',*,*,#2819,.F.);
#2819 = EDGE_CURVE('',#2820,#2822,#2824,.T.);
#2820 = VERTEX_POINT('',#2821);
#2821 = CARTESIAN_POINT('',(128.32875157747,-115.7746787974,
    425.92025505882));
#2822 = VERTEX_POINT('',#2823);
#2823 = CARTESIAN_POINT('',(128.32875157747,-115.7746787974,
    457.78338394212));
#2824 = LINE('',#2825,#2826);
#2825 = CARTESIAN_POINT('',(128.32875157747,-115.7746787974,
    425.92025505882));
#2826 = VECTOR('',#2827,1.);
#2827 = DIRECTION('',(0.,0.,1.));
#2828 = ORIENTED_EDGE('',*,*,#2829,.T.);
#2829 = EDGE_CURVE('',#2820,#2830,#2832,.T.);
#2830 = VERTEX_POINT('',#2831);
#2831 = CARTESIAN_POINT('',(128.32875157747,115.77467879745,
    425.92025505882));
#2832 = LINE('',#2833,#2834);
#2833 = CARTESIAN_POINT('',(128.32875157747,-115.7746787974,
    425.92025505882));
#2834 = VECTOR('',#2835,1.);
#2835 = DIRECTION('',(-0.,1.,0.));
#2836 = ORIENTED_EDGE('',*,*,#2837,.T.);
#2837 = EDGE_CURVE('',#2830,#2838,#2840,.T.);
#2838 = VERTEX_POINT('',#2839);
#2839 = CARTESIAN_POINT('',(128.32875157747,115.77467879745,
    457.78338394212));
#2840 = LINE('',#2841,#2842);
#2841 = CARTESIAN_POINT('',(128.32875157747,115.77467879745,
    425.92025505882));
#2842 = VECTOR('',#2843,1.);
#2843 = DIRECTION('',(0.,0.,1.));
#2844 = ORIENTED_EDGE('',*,*,#2845,.F.);
#2845 = EDGE_CURVE('',#2822,#2838,#2846,.T.);
#2846 = LINE('',#2847,#2848);
#2847 = CARTESIAN_POINT('',(128.32875157747,-115.7746787974,
    457.78338394212));
#2848 = VECTOR('',#2849,1.);
#2849 = DIRECTION('',(-0.,1.,0.));
#2850 = PLANE('',#2851);
#2851 = AXIS2_PLACEMENT_3D('',#2852,#2853,#2854);
#2852 = CARTESIAN_POINT('',(128.32875157747,-115.7746787974,
    425.92025505882));
#2853 = DIRECTION('',(1.,0.,-0.));
#2854 = DIRECTION('',(0.,0.,1.));
#2855 = ADVANCED_FACE('',(#2856),#2872,.F.);
#2856 = FACE_BOUND('',#2857,.F.);
#2857 = EDGE_LOOP('',(#2858,#2864,#2865,#2871));
#2858 = ORIENTED_EDGE('',*,*,#2859,.F.);
#2859 = EDGE_CURVE('',#2780,#2820,#2860,.T.);
#2860 = LINE('',#2861,#2862);
#2861 = CARTESIAN_POINT('',(-128.3287515774,-115.7746787974,
    425.92025505882));
#2862 = VECTOR('',#2863,1.);
#2863 = DIRECTION('',(1.,0.,-0.));
#2864 = ORIENTED_EDGE('',*,*,#2779,.T.);
#2865 = ORIENTED_EDGE('',*,*,#2866,.T.);
#2866 = EDGE_CURVE('',#2782,#2822,#2867,.T.);
#2867 = LINE('',#2868,#2869);
#2868 = CARTESIAN_POINT('',(-128.3287515774,-115.7746787974,
    457.78338394212));
#2869 = VECTOR('',#2870,1.);
#2870 = DIRECTION('',(1.,0.,-0.));
#2871 = ORIENTED_EDGE('',*,*,#2819,.F.);
#2872 = PLANE('',#2873);
#2873 = AXIS2_PLACEMENT_3D('',#2874,#2875,#2876);
#2874 = CARTESIAN_POINT('',(-128.3287515774,-115.7746787974,
    425.92025505882));
#2875 = DIRECTION('',(-0.,1.,0.));
#2876 = DIRECTION('',(0.,0.,1.));
#2877 = ADVANCED_FACE('',(#2878),#2894,.T.);
#2878 = FACE_BOUND('',#2879,.T.);
#2879 = EDGE_LOOP('',(#2880,#2886,#2887,#2893));
#2880 = ORIENTED_EDGE('',*,*,#2881,.F.);
#2881 = EDGE_CURVE('',#2790,#2830,#2882,.T.);
#2882 = LINE('',#2883,#2884);
#2883 = CARTESIAN_POINT('',(-128.3287515774,115.77467879745,
    425.92025505882));
#2884 = VECTOR('',#2885,1.);
#2885 = DIRECTION('',(1.,0.,-0.));
#2886 = ORIENTED_EDGE('',*,*,#2797,.T.);
#2887 = ORIENTED_EDGE('',*,*,#2888,.T.);
#2888 = EDGE_CURVE('',#2798,#2838,#2889,.T.);
#2889 = LINE('',#2890,#2891);
#2890 = CARTESIAN_POINT('',(-128.3287515774,115.77467879745,
    457.78338394212));
#2891 = VECTOR('',#2892,1.);
#2892 = DIRECTION('',(1.,0.,-0.));
#2893 = ORIENTED_EDGE('',*,*,#2837,.F.);
#2894 = PLANE('',#2895);
#2895 = AXIS2_PLACEMENT_3D('',#2896,#2897,#2898);
#2896 = CARTESIAN_POINT('',(-128.3287515774,115.77467879745,
    425.92025505882));
#2897 = DIRECTION('',(-0.,1.,0.));
#2898 = DIRECTION('',(0.,0.,1.));
#2899 = ADVANCED_FACE('',(#2900),#2906,.F.);
#2900 = FACE_BOUND('',#2901,.F.);
#2901 = EDGE_LOOP('',(#2902,#2903,#2904,#2905));
#2902 = ORIENTED_EDGE('',*,*,#2789,.F.);
#2903 = ORIENTED_EDGE('',*,*,#2859,.T.);
#2904 = ORIENTED_EDGE('',*,*,#2829,.T.);
#2905 = ORIENTED_EDGE('',*,*,#2881,.F.);
#2906 = PLANE('',#2907);
#2907 = AXIS2_PLACEMENT_3D('',#2908,#2909,#2910);
#2908 = CARTESIAN_POINT('',(-128.3287515774,-115.7746787974,
    425.92025505882));
#2909 = DIRECTION('',(0.,0.,1.));
#2910 = DIRECTION('',(1.,0.,-0.));
#2911 = ADVANCED_FACE('',(#2912),#2918,.T.);
#2912 = FACE_BOUND('',#2913,.T.);
#2913 = EDGE_LOOP('',(#2914,#2915,#2916,#2917));
#2914 = ORIENTED_EDGE('',*,*,#2805,.F.);
#2915 = ORIENTED_EDGE('',*,*,#2866,.T.);
#2916 = ORIENTED_EDGE('',*,*,#2845,.T.);
#2917 = ORIENTED_EDGE('',*,*,#2888,.F.);
#2918 = PLANE('',#2919);
#2919 = AXIS2_PLACEMENT_3D('',#2920,#2921,#2922);
#2920 = CARTESIAN_POINT('',(-128.3287515774,-115.7746787974,
    457.78338394212));
#2921 = DIRECTION('',(0.,0.,1.));
#2922 = DIRECTION('',(1.,0.,-0.));
#2923 = MANIFOLD_SOLID_BREP('',#2924);
#2924 = CLOSED_SHELL('',(#2925,#2965,#3005,#3027,#3049,#3061));
#2925 = ADVANCED_FACE('',(#2926),#2960,.F.);
#2926 = FACE_BOUND('',#2927,.F.);
#2927 = EDGE_LOOP('',(#2928,#2938,#2946,#2954));
#2928 = ORIENTED_EDGE('',*,*,#2929,.F.);
#2929 = EDGE_CURVE('',#2930,#2932,#2934,.T.);
#2930 = VERTEX_POINT('',#2931);
#2931 = CARTESIAN_POINT('',(-123.1956015143,-111.1436916455,
    453.00391460962));
#2932 = VERTEX_POINT('',#2933);
#2933 = CARTESIAN_POINT('',(-123.1956015143,-111.1436916455,
    459.37654038628));
#2934 = LINE('',#2935,#2936);
#2935 = CARTESIAN_POINT('',(-123.1956015143,-111.1436916455,
    453.00391460962));
#2936 = VECTOR('',#2937,1.);
#2937 = DIRECTION('',(0.,0.,1.));
#2938 = ORIENTED_EDGE('',*,*,#2939,.T.);
#2939 = EDGE_CURVE('',#2930,#2940,#2942,.T.);
#2940 = VERTEX_POINT('',#2941);
#2941 = CARTESIAN_POINT('',(-123.1956015143,111.14369164556,
    453.00391460962));
#2942 = LINE('',#2943,#2944);
#2943 = CARTESIAN_POINT('',(-123.1956015143,-111.1436916455,
    453.00391460962));
#2944 = VECTOR('',#2945,1.);
#2945 = DIRECTION('',(-0.,1.,0.));
#2946 = ORIENTED_EDGE('',*,*,#2947,.T.);
#2947 = EDGE_CURVE('',#2940,#2948,#2950,.T.);
#2948 = VERTEX_POINT('',#2949);
#2949 = CARTESIAN_POINT('',(-123.1956015143,111.14369164556,
    459.37654038628));
#2950 = LINE('',#2951,#2952);
#2951 = CARTESIAN_POINT('',(-123.1956015143,111.14369164556,
    453.00391460962));
#2952 = VECTOR('',#2953,1.);
#2953 = DIRECTION('',(0.,0.,1.));
#2954 = ORIENTED_EDGE('',*,*,#2955,.F.);
#2955 = EDGE_CURVE('',#2932,#2948,#2956,.T.);
#2956 = LINE('',#2957,#2958);
#2957 = CARTESIAN_POINT('',(-123.1956015143,-111.1436916455,
    459.37654038628));
#2958 = VECTOR('',#2959,1.);
#2959 = DIRECTION('',(-0.,1.,0.));
#2960 = PLANE('',#2961);
#2961 = AXIS2_PLACEMENT_3D('',#2962,#2963,#2964);
#2962 = CARTESIAN_POINT('',(-123.1956015143,-111.1436916455,
    453.00391460962));
#2963 = DIRECTION('',(1.,0.,-0.));
#2964 = DIRECTION('',(0.,0.,1.));
#2965 = ADVANCED_FACE('',(#2966),#3000,.T.);
#2966 = FACE_BOUND('',#2967,.T.);
#2967 = EDGE_LOOP('',(#2968,#2978,#2986,#2994));
#2968 = ORIENTED_EDGE('',*,*,#2969,.F.);
#2969 = EDGE_CURVE('',#2970,#2972,#2974,.T.);
#2970 = VERTEX_POINT('',#2971);
#2971 = CARTESIAN_POINT('',(123.19560151437,-111.1436916455,
    453.00391460962));
#2972 = VERTEX_POINT('',#2973);
#2973 = CARTESIAN_POINT('',(123.19560151437,-111.1436916455,
    459.37654038628));
#2974 = LINE('',#2975,#2976);
#2975 = CARTESIAN_POINT('',(123.19560151437,-111.1436916455,
    453.00391460962));
#2976 = VECTOR('',#2977,1.);
#2977 = DIRECTION('',(0.,0.,1.));
#2978 = ORIENTED_EDGE('',*,*,#2979,.T.);
#2979 = EDGE_CURVE('',#2970,#2980,#2982,.T.);
#2980 = VERTEX_POINT('',#2981);
#2981 = CARTESIAN_POINT('',(123.19560151437,111.14369164556,
    453.00391460962));
#2982 = LINE('',#2983,#2984);
#2983 = CARTESIAN_POINT('',(123.19560151437,-111.1436916455,
    453.00391460962));
#2984 = VECTOR('',#2985,1.);
#2985 = DIRECTION('',(-0.,1.,0.));
#2986 = ORIENTED_EDGE('',*,*,#2987,.T.);
#2987 = EDGE_CURVE('',#2980,#2988,#2990,.T.);
#2988 = VERTEX_POINT('',#2989);
#2989 = CARTESIAN_POINT('',(123.19560151437,111.14369164556,
    459.37654038628));
#2990 = LINE('',#2991,#2992);
#2991 = CARTESIAN_POINT('',(123.19560151437,111.14369164556,
    453.00391460962));
#2992 = VECTOR('',#2993,1.);
#2993 = DIRECTION('',(0.,0.,1.));
#2994 = ORIENTED_EDGE('',*,*,#2995,.F.);
#2995 = EDGE_CURVE('',#2972,#2988,#2996,.T.);
#2996 = LINE('',#2997,#2998);
#2997 = CARTESIAN_POINT('',(123.19560151437,-111.1436916455,
    459.37654038628));
#2998 = VECTOR('',#2999,1.);
#2999 = DIRECTION('',(-0.,1.,0.));
#3000 = PLANE('',#3001);
#3001 = AXIS2_PLACEMENT_3D('',#3002,#3003,#3004);
#3002 = CARTESIAN_POINT('',(123.19560151437,-111.1436916455,
    453.00391460962));
#3003 = DIRECTION('',(1.,0.,-0.));
#3004 = DIRECTION('',(0.,0.,1.));
#3005 = ADVANCED_FACE('',(#3006),#3022,.F.);
#3006 = FACE_BOUND('',#3007,.F.);
#3007 = EDGE_LOOP('',(#3008,#3014,#3015,#3021));
#3008 = ORIENTED_EDGE('',*,*,#3009,.F.);
#3009 = EDGE_CURVE('',#2930,#2970,#3010,.T.);
#3010 = LINE('',#3011,#3012);
#3011 = CARTESIAN_POINT('',(-123.1956015143,-111.1436916455,
    453.00391460962));
#3012 = VECTOR('',#3013,1.);
#3013 = DIRECTION('',(1.,0.,-0.));
#3014 = ORIENTED_EDGE('',*,*,#2929,.T.);
#3015 = ORIENTED_EDGE('',*,*,#3016,.T.);
#3016 = EDGE_CURVE('',#2932,#2972,#3017,.T.);
#3017 = LINE('',#3018,#3019);
#3018 = CARTESIAN_POINT('',(-123.1956015143,-111.1436916455,
    459.37654038628));
#3019 = VECTOR('',#3020,1.);
#3020 = DIRECTION('',(1.,0.,-0.));
#3021 = ORIENTED_EDGE('',*,*,#2969,.F.);
#3022 = PLANE('',#3023);
#3023 = AXIS2_PLACEMENT_3D('',#3024,#3025,#3026);
#3024 = CARTESIAN_POINT('',(-123.1956015143,-111.1436916455,
    453.00391460962));
#3025 = DIRECTION('',(-0.,1.,0.));
#3026 = DIRECTION('',(0.,0.,1.));
#3027 = ADVANCED_FACE('',(#3028),#3044,.T.);
#3028 = FACE_BOUND('',#3029,.T.);
#3029 = EDGE_LOOP('',(#3030,#3036,#3037,#3043));
#3030 = ORIENTED_EDGE('',*,*,#3031,.F.);
#3031 = EDGE_CURVE('',#2940,#2980,#3032,.T.);
#3032 = LINE('',#3033,#3034);
#3033 = CARTESIAN_POINT('',(-123.1956015143,111.14369164556,
    453.00391460962));
#3034 = VECTOR('',#3035,1.);
#3035 = DIRECTION('',(1.,0.,-0.));
#3036 = ORIENTED_EDGE('',*,*,#2947,.T.);
#3037 = ORIENTED_EDGE('',*,*,#3038,.T.);
#3038 = EDGE_CURVE('',#2948,#2988,#3039,.T.);
#3039 = LINE('',#3040,#3041);
#3040 = CARTESIAN_POINT('',(-123.1956015143,111.14369164556,
    459.37654038628));
#3041 = VECTOR('',#3042,1.);
#3042 = DIRECTION('',(1.,0.,-0.));
#3043 = ORIENTED_EDGE('',*,*,#2987,.F.);
#3044 = PLANE('',#3045);
#3045 = AXIS2_PLACEMENT_3D('',#3046,#3047,#3048);
#3046 = CARTESIAN_POINT('',(-123.1956015143,111.14369164556,
    453.00391460962));
#3047 = DIRECTION('',(-0.,1.,0.));
#3048 = DIRECTION('',(0.,0.,1.));
#3049 = ADVANCED_FACE('',(#3050),#3056,.F.);
#3050 = FACE_BOUND('',#3051,.F.);
#3051 = EDGE_LOOP('',(#3052,#3053,#3054,#3055));
#3052 = ORIENTED_EDGE('',*,*,#2939,.F.);
#3053 = ORIENTED_EDGE('',*,*,#3009,.T.);
#3054 = ORIENTED_EDGE('',*,*,#2979,.T.);
#3055 = ORIENTED_EDGE('',*,*,#3031,.F.);
#3056 = PLANE('',#3057);
#3057 = AXIS2_PLACEMENT_3D('',#3058,#3059,#3060);
#3058 = CARTESIAN_POINT('',(-123.1956015143,-111.1436916455,
    453.00391460962));
#3059 = DIRECTION('',(0.,0.,1.));
#3060 = DIRECTION('',(1.,0.,-0.));
#3061 = ADVANCED_FACE('',(#3062),#3068,.T.);
#3062 = FACE_BOUND('',#3063,.T.);
#3063 = EDGE_LOOP('',(#3064,#3065,#3066,#3067));
#3064 = ORIENTED_EDGE('',*,*,#2955,.F.);
#3065 = ORIENTED_EDGE('',*,*,#3016,.T.);
#3066 = ORIENTED_EDGE('',*,*,#2995,.T.);
#3067 = ORIENTED_EDGE('',*,*,#3038,.F.);
#3068 = PLANE('',#3069);
#3069 = AXIS2_PLACEMENT_3D('',#3070,#3071,#3072);
#3070 = CARTESIAN_POINT('',(-123.1956015143,-111.1436916455,
    459.37654038628));
#3071 = DIRECTION('',(0.,0.,1.));
#3072 = DIRECTION('',(1.,0.,-0.));
#3073 = MANIFOLD_SOLID_BREP('',#3074);
#3074 = CLOSED_SHELL('',(#3075,#3115,#3155,#3177,#3199,#3211));
#3075 = ADVANCED_FACE('',(#3076),#3110,.F.);
#3076 = FACE_BOUND('',#3077,.F.);
#3077 = EDGE_LOOP('',(#3078,#3088,#3096,#3104));
#3078 = ORIENTED_EDGE('',*,*,#3079,.F.);
#3079 = EDGE_CURVE('',#3080,#3082,#3084,.T.);
#3080 = VERTEX_POINT('',#3081);
#3081 = CARTESIAN_POINT('',(-119.7735014723,-140.9943453085,
    387.68450039886));
#3082 = VERTEX_POINT('',#3083);
#3083 = CARTESIAN_POINT('',(-119.7735014723,-140.9943453085,
    425.60162376999));
#3084 = LINE('',#3085,#3086);
#3085 = CARTESIAN_POINT('',(-119.7735014723,-140.9943453085,
    387.68450039886));
#3086 = VECTOR('',#3087,1.);
#3087 = DIRECTION('',(0.,0.,1.));
#3088 = ORIENTED_EDGE('',*,*,#3089,.T.);
#3089 = EDGE_CURVE('',#3080,#3090,#3092,.T.);
#3090 = VERTEX_POINT('',#3091);
#3091 = CARTESIAN_POINT('',(-119.7735014723,-134.6217195319,
    387.68450039886));
#3092 = LINE('',#3093,#3094);
#3093 = CARTESIAN_POINT('',(-119.7735014723,-140.9943453085,
    387.68450039886));
#3094 = VECTOR('',#3095,1.);
#3095 = DIRECTION('',(-0.,1.,0.));
#3096 = ORIENTED_EDGE('',*,*,#3097,.T.);
#3097 = EDGE_CURVE('',#3090,#3098,#3100,.T.);
#3098 = VERTEX_POINT('',#3099);
#3099 = CARTESIAN_POINT('',(-119.7735014723,-134.6217195319,
    425.60162376999));
#3100 = LINE('',#3101,#3102);
#3101 = CARTESIAN_POINT('',(-119.7735014723,-134.6217195319,
    387.68450039886));
#3102 = VECTOR('',#3103,1.);
#3103 = DIRECTION('',(0.,0.,1.));
#3104 = ORIENTED_EDGE('',*,*,#3105,.F.);
#3105 = EDGE_CURVE('',#3082,#3098,#3106,.T.);
#3106 = LINE('',#3107,#3108);
#3107 = CARTESIAN_POINT('',(-119.7735014723,-140.9943453085,
    425.60162376999));
#3108 = VECTOR('',#3109,1.);
#3109 = DIRECTION('',(-0.,1.,0.));
#3110 = PLANE('',#3111);
#3111 = AXIS2_PLACEMENT_3D('',#3112,#3113,#3114);
#3112 = CARTESIAN_POINT('',(-119.7735014723,-140.9943453085,
    387.68450039886));
#3113 = DIRECTION('',(1.,0.,-0.));
#3114 = DIRECTION('',(0.,0.,1.));
#3115 = ADVANCED_FACE('',(#3116),#3150,.T.);
#3116 = FACE_BOUND('',#3117,.T.);
#3117 = EDGE_LOOP('',(#3118,#3128,#3136,#3144));
#3118 = ORIENTED_EDGE('',*,*,#3119,.F.);
#3119 = EDGE_CURVE('',#3120,#3122,#3124,.T.);
#3120 = VERTEX_POINT('',#3121);
#3121 = CARTESIAN_POINT('',(119.77350147231,-140.9943453085,
    387.68450039886));
#3122 = VERTEX_POINT('',#3123);
#3123 = CARTESIAN_POINT('',(119.77350147231,-140.9943453085,
    425.60162376999));
#3124 = LINE('',#3125,#3126);
#3125 = CARTESIAN_POINT('',(119.77350147231,-140.9943453085,
    387.68450039886));
#3126 = VECTOR('',#3127,1.);
#3127 = DIRECTION('',(0.,0.,1.));
#3128 = ORIENTED_EDGE('',*,*,#3129,.T.);
#3129 = EDGE_CURVE('',#3120,#3130,#3132,.T.);
#3130 = VERTEX_POINT('',#3131);
#3131 = CARTESIAN_POINT('',(119.77350147231,-134.6217195319,
    387.68450039886));
#3132 = LINE('',#3133,#3134);
#3133 = CARTESIAN_POINT('',(119.77350147231,-140.9943453085,
    387.68450039886));
#3134 = VECTOR('',#3135,1.);
#3135 = DIRECTION('',(-0.,1.,0.));
#3136 = ORIENTED_EDGE('',*,*,#3137,.T.);
#3137 = EDGE_CURVE('',#3130,#3138,#3140,.T.);
#3138 = VERTEX_POINT('',#3139);
#3139 = CARTESIAN_POINT('',(119.77350147231,-134.6217195319,
    425.60162376999));
#3140 = LINE('',#3141,#3142);
#3141 = CARTESIAN_POINT('',(119.77350147231,-134.6217195319,
    387.68450039886));
#3142 = VECTOR('',#3143,1.);
#3143 = DIRECTION('',(0.,0.,1.));
#3144 = ORIENTED_EDGE('',*,*,#3145,.F.);
#3145 = EDGE_CURVE('',#3122,#3138,#3146,.T.);
#3146 = LINE('',#3147,#3148);
#3147 = CARTESIAN_POINT('',(119.77350147231,-140.9943453085,
    425.60162376999));
#3148 = VECTOR('',#3149,1.);
#3149 = DIRECTION('',(-0.,1.,0.));
#3150 = PLANE('',#3151);
#3151 = AXIS2_PLACEMENT_3D('',#3152,#3153,#3154);
#3152 = CARTESIAN_POINT('',(119.77350147231,-140.9943453085,
    387.68450039886));
#3153 = DIRECTION('',(1.,0.,-0.));
#3154 = DIRECTION('',(0.,0.,1.));
#3155 = ADVANCED_FACE('',(#3156),#3172,.F.);
#3156 = FACE_BOUND('',#3157,.F.);
#3157 = EDGE_LOOP('',(#3158,#3164,#3165,#3171));
#3158 = ORIENTED_EDGE('',*,*,#3159,.F.);
#3159 = EDGE_CURVE('',#3080,#3120,#3160,.T.);
#3160 = LINE('',#3161,#3162);
#3161 = CARTESIAN_POINT('',(-119.7735014723,-140.9943453085,
    387.68450039886));
#3162 = VECTOR('',#3163,1.);
#3163 = DIRECTION('',(1.,0.,-0.));
#3164 = ORIENTED_EDGE('',*,*,#3079,.T.);
#3165 = ORIENTED_EDGE('',*,*,#3166,.T.);
#3166 = EDGE_CURVE('',#3082,#3122,#3167,.T.);
#3167 = LINE('',#3168,#3169);
#3168 = CARTESIAN_POINT('',(-119.7735014723,-140.9943453085,
    425.60162376999));
#3169 = VECTOR('',#3170,1.);
#3170 = DIRECTION('',(1.,0.,-0.));
#3171 = ORIENTED_EDGE('',*,*,#3119,.F.);
#3172 = PLANE('',#3173);
#3173 = AXIS2_PLACEMENT_3D('',#3174,#3175,#3176);
#3174 = CARTESIAN_POINT('',(-119.7735014723,-140.9943453085,
    387.68450039886));
#3175 = DIRECTION('',(-0.,1.,0.));
#3176 = DIRECTION('',(0.,0.,1.));
#3177 = ADVANCED_FACE('',(#3178),#3194,.T.);
#3178 = FACE_BOUND('',#3179,.T.);
#3179 = EDGE_LOOP('',(#3180,#3186,#3187,#3193));
#3180 = ORIENTED_EDGE('',*,*,#3181,.F.);
#3181 = EDGE_CURVE('',#3090,#3130,#3182,.T.);
#3182 = LINE('',#3183,#3184);
#3183 = CARTESIAN_POINT('',(-119.7735014723,-134.6217195319,
    387.68450039886));
#3184 = VECTOR('',#3185,1.);
#3185 = DIRECTION('',(1.,0.,-0.));
#3186 = ORIENTED_EDGE('',*,*,#3097,.T.);
#3187 = ORIENTED_EDGE('',*,*,#3188,.T.);
#3188 = EDGE_CURVE('',#3098,#3138,#3189,.T.);
#3189 = LINE('',#3190,#3191);
#3190 = CARTESIAN_POINT('',(-119.7735014723,-134.6217195319,
    425.60162376999));
#3191 = VECTOR('',#3192,1.);
#3192 = DIRECTION('',(1.,0.,-0.));
#3193 = ORIENTED_EDGE('',*,*,#3137,.F.);
#3194 = PLANE('',#3195);
#3195 = AXIS2_PLACEMENT_3D('',#3196,#3197,#3198);
#3196 = CARTESIAN_POINT('',(-119.7735014723,-134.6217195319,
    387.68450039886));
#3197 = DIRECTION('',(-0.,1.,0.));
#3198 = DIRECTION('',(0.,0.,1.));
#3199 = ADVANCED_FACE('',(#3200),#3206,.F.);
#3200 = FACE_BOUND('',#3201,.F.);
#3201 = EDGE_LOOP('',(#3202,#3203,#3204,#3205));
#3202 = ORIENTED_EDGE('',*,*,#3089,.F.);
#3203 = ORIENTED_EDGE('',*,*,#3159,.T.);
#3204 = ORIENTED_EDGE('',*,*,#3129,.T.);
#3205 = ORIENTED_EDGE('',*,*,#3181,.F.);
#3206 = PLANE('',#3207);
#3207 = AXIS2_PLACEMENT_3D('',#3208,#3209,#3210);
#3208 = CARTESIAN_POINT('',(-119.7735014723,-140.9943453085,
    387.68450039886));
#3209 = DIRECTION('',(0.,0.,1.));
#3210 = DIRECTION('',(1.,0.,-0.));
#3211 = ADVANCED_FACE('',(#3212),#3218,.T.);
#3212 = FACE_BOUND('',#3213,.T.);
#3213 = EDGE_LOOP('',(#3214,#3215,#3216,#3217));
#3214 = ORIENTED_EDGE('',*,*,#3105,.F.);
#3215 = ORIENTED_EDGE('',*,*,#3166,.T.);
#3216 = ORIENTED_EDGE('',*,*,#3145,.T.);
#3217 = ORIENTED_EDGE('',*,*,#3188,.F.);
#3218 = PLANE('',#3219);
#3219 = AXIS2_PLACEMENT_3D('',#3220,#3221,#3222);
#3220 = CARTESIAN_POINT('',(-119.7735014723,-140.9943453085,
    425.60162376999));
#3221 = DIRECTION('',(0.,0.,1.));
#3222 = DIRECTION('',(1.,0.,-0.));
#3223 = MANIFOLD_SOLID_BREP('',#3224);
#3224 = CLOSED_SHELL('',(#3225,#3265,#3305,#3327,#3349,#3361));
#3225 = ADVANCED_FACE('',(#3226),#3260,.F.);
#3226 = FACE_BOUND('',#3227,.F.);
#3227 = EDGE_LOOP('',(#3228,#3238,#3246,#3254));
#3228 = ORIENTED_EDGE('',*,*,#3229,.F.);
#3229 = EDGE_CURVE('',#3230,#3232,#3234,.T.);
#3230 = VERTEX_POINT('',#3231);
#3231 = CARTESIAN_POINT('',(-50.98100621327,-143.3840799748,
    393.80222114446));
#3232 = VERTEX_POINT('',#3233);
#3233 = CARTESIAN_POINT('',(-50.98100621327,-143.3840799748,
    419.29272425109));
#3234 = LINE('',#3235,#3236);
#3235 = CARTESIAN_POINT('',(-50.98100621327,-143.3840799748,
    393.80222114446));
#3236 = VECTOR('',#3237,1.);
#3237 = DIRECTION('',(0.,0.,1.));
#3238 = ORIENTED_EDGE('',*,*,#3239,.T.);
#3239 = EDGE_CURVE('',#3230,#3240,#3242,.T.);
#3240 = VERTEX_POINT('',#3241);
#3241 = CARTESIAN_POINT('',(-50.98100621327,-140.5163983753,
    393.80222114446));
#3242 = LINE('',#3243,#3244);
#3243 = CARTESIAN_POINT('',(-50.98100621327,-143.3840799748,
    393.80222114446));
#3244 = VECTOR('',#3245,1.);
#3245 = DIRECTION('',(-0.,1.,0.));
#3246 = ORIENTED_EDGE('',*,*,#3247,.T.);
#3247 = EDGE_CURVE('',#3240,#3248,#3250,.T.);
#3248 = VERTEX_POINT('',#3249);
#3249 = CARTESIAN_POINT('',(-50.98100621327,-140.5163983753,
    419.29272425109));
#3250 = LINE('',#3251,#3252);
#3251 = CARTESIAN_POINT('',(-50.98100621327,-140.5163983753,
    393.80222114446));
#3252 = VECTOR('',#3253,1.);
#3253 = DIRECTION('',(0.,0.,1.));
#3254 = ORIENTED_EDGE('',*,*,#3255,.F.);
#3255 = EDGE_CURVE('',#3232,#3248,#3256,.T.);
#3256 = LINE('',#3257,#3258);
#3257 = CARTESIAN_POINT('',(-50.98100621327,-143.3840799748,
    419.29272425109));
#3258 = VECTOR('',#3259,1.);
#3259 = DIRECTION('',(-0.,1.,0.));
#3260 = PLANE('',#3261);
#3261 = AXIS2_PLACEMENT_3D('',#3262,#3263,#3264);
#3262 = CARTESIAN_POINT('',(-50.98100621327,-143.3840799748,
    393.80222114446));
#3263 = DIRECTION('',(1.,0.,-0.));
#3264 = DIRECTION('',(0.,0.,1.));
#3265 = ADVANCED_FACE('',(#3266),#3300,.T.);
#3266 = FACE_BOUND('',#3267,.T.);
#3267 = EDGE_LOOP('',(#3268,#3278,#3286,#3294));
#3268 = ORIENTED_EDGE('',*,*,#3269,.F.);
#3269 = EDGE_CURVE('',#3270,#3272,#3274,.T.);
#3270 = VERTEX_POINT('',#3271);
#3271 = CARTESIAN_POINT('',(50.981006213275,-143.3840799748,
    393.80222114446));
#3272 = VERTEX_POINT('',#3273);
#3273 = CARTESIAN_POINT('',(50.981006213275,-143.3840799748,
    419.29272425109));
#3274 = LINE('',#3275,#3276);
#3275 = CARTESIAN_POINT('',(50.981006213275,-143.3840799748,
    393.80222114446));
#3276 = VECTOR('',#3277,1.);
#3277 = DIRECTION('',(0.,0.,1.));
#3278 = ORIENTED_EDGE('',*,*,#3279,.T.);
#3279 = EDGE_CURVE('',#3270,#3280,#3282,.T.);
#3280 = VERTEX_POINT('',#3281);
#3281 = CARTESIAN_POINT('',(50.981006213275,-140.5163983753,
    393.80222114446));
#3282 = LINE('',#3283,#3284);
#3283 = CARTESIAN_POINT('',(50.981006213275,-143.3840799748,
    393.80222114446));
#3284 = VECTOR('',#3285,1.);
#3285 = DIRECTION('',(-0.,1.,0.));
#3286 = ORIENTED_EDGE('',*,*,#3287,.T.);
#3287 = EDGE_CURVE('',#3280,#3288,#3290,.T.);
#3288 = VERTEX_POINT('',#3289);
#3289 = CARTESIAN_POINT('',(50.981006213275,-140.5163983753,
    419.29272425109));
#3290 = LINE('',#3291,#3292);
#3291 = CARTESIAN_POINT('',(50.981006213275,-140.5163983753,
    393.80222114446));
#3292 = VECTOR('',#3293,1.);
#3293 = DIRECTION('',(0.,0.,1.));
#3294 = ORIENTED_EDGE('',*,*,#3295,.F.);
#3295 = EDGE_CURVE('',#3272,#3288,#3296,.T.);
#3296 = LINE('',#3297,#3298);
#3297 = CARTESIAN_POINT('',(50.981006213275,-143.3840799748,
    419.29272425109));
#3298 = VECTOR('',#3299,1.);
#3299 = DIRECTION('',(-0.,1.,0.));
#3300 = PLANE('',#3301);
#3301 = AXIS2_PLACEMENT_3D('',#3302,#3303,#3304);
#3302 = CARTESIAN_POINT('',(50.981006213275,-143.3840799748,
    393.80222114446));
#3303 = DIRECTION('',(1.,0.,-0.));
#3304 = DIRECTION('',(0.,0.,1.));
#3305 = ADVANCED_FACE('',(#3306),#3322,.F.);
#3306 = FACE_BOUND('',#3307,.F.);
#3307 = EDGE_LOOP('',(#3308,#3314,#3315,#3321));
#3308 = ORIENTED_EDGE('',*,*,#3309,.F.);
#3309 = EDGE_CURVE('',#3230,#3270,#3310,.T.);
#3310 = LINE('',#3311,#3312);
#3311 = CARTESIAN_POINT('',(-50.98100621327,-143.3840799748,
    393.80222114446));
#3312 = VECTOR('',#3313,1.);
#3313 = DIRECTION('',(1.,0.,-0.));
#3314 = ORIENTED_EDGE('',*,*,#3229,.T.);
#3315 = ORIENTED_EDGE('',*,*,#3316,.T.);
#3316 = EDGE_CURVE('',#3232,#3272,#3317,.T.);
#3317 = LINE('',#3318,#3319);
#3318 = CARTESIAN_POINT('',(-50.98100621327,-143.3840799748,
    419.29272425109));
#3319 = VECTOR('',#3320,1.);
#3320 = DIRECTION('',(1.,0.,-0.));
#3321 = ORIENTED_EDGE('',*,*,#3269,.F.);
#3322 = PLANE('',#3323);
#3323 = AXIS2_PLACEMENT_3D('',#3324,#3325,#3326);
#3324 = CARTESIAN_POINT('',(-50.98100621327,-143.3840799748,
    393.80222114446));
#3325 = DIRECTION('',(-0.,1.,0.));
#3326 = DIRECTION('',(0.,0.,1.));
#3327 = ADVANCED_FACE('',(#3328),#3344,.T.);
#3328 = FACE_BOUND('',#3329,.T.);
#3329 = EDGE_LOOP('',(#3330,#3336,#3337,#3343));
#3330 = ORIENTED_EDGE('',*,*,#3331,.F.);
#3331 = EDGE_CURVE('',#3240,#3280,#3332,.T.);
#3332 = LINE('',#3333,#3334);
#3333 = CARTESIAN_POINT('',(-50.98100621327,-140.5163983753,
    393.80222114446));
#3334 = VECTOR('',#3335,1.);
#3335 = DIRECTION('',(1.,0.,-0.));
#3336 = ORIENTED_EDGE('',*,*,#3247,.T.);
#3337 = ORIENTED_EDGE('',*,*,#3338,.T.);
#3338 = EDGE_CURVE('',#3248,#3288,#3339,.T.);
#3339 = LINE('',#3340,#3341);
#3340 = CARTESIAN_POINT('',(-50.98100621327,-140.5163983753,
    419.29272425109));
#3341 = VECTOR('',#3342,1.);
#3342 = DIRECTION('',(1.,0.,-0.));
#3343 = ORIENTED_EDGE('',*,*,#3287,.F.);
#3344 = PLANE('',#3345);
#3345 = AXIS2_PLACEMENT_3D('',#3346,#3347,#3348);
#3346 = CARTESIAN_POINT('',(-50.98100621327,-140.5163983753,
    393.80222114446));
#3347 = DIRECTION('',(-0.,1.,0.));
#3348 = DIRECTION('',(0.,0.,1.));
#3349 = ADVANCED_FACE('',(#3350),#3356,.F.);
#3350 = FACE_BOUND('',#3351,.F.);
#3351 = EDGE_LOOP('',(#3352,#3353,#3354,#3355));
#3352 = ORIENTED_EDGE('',*,*,#3239,.F.);
#3353 = ORIENTED_EDGE('',*,*,#3309,.T.);
#3354 = ORIENTED_EDGE('',*,*,#3279,.T.);
#3355 = ORIENTED_EDGE('',*,*,#3331,.F.);
#3356 = PLANE('',#3357);
#3357 = AXIS2_PLACEMENT_3D('',#3358,#3359,#3360);
#3358 = CARTESIAN_POINT('',(-50.98100621327,-143.3840799748,
    393.80222114446));
#3359 = DIRECTION('',(0.,0.,1.));
#3360 = DIRECTION('',(1.,0.,-0.));
#3361 = ADVANCED_FACE('',(#3362),#3368,.T.);
#3362 = FACE_BOUND('',#3363,.T.);
#3363 = EDGE_LOOP('',(#3364,#3365,#3366,#3367));
#3364 = ORIENTED_EDGE('',*,*,#3255,.F.);
#3365 = ORIENTED_EDGE('',*,*,#3316,.T.);
#3366 = ORIENTED_EDGE('',*,*,#3295,.T.);
#3367 = ORIENTED_EDGE('',*,*,#3338,.F.);
#3368 = PLANE('',#3369);
#3369 = AXIS2_PLACEMENT_3D('',#3370,#3371,#3372);
#3370 = CARTESIAN_POINT('',(-50.98100621327,-143.3840799748,
    419.29272425109));
#3371 = DIRECTION('',(0.,0.,1.));
#3372 = DIRECTION('',(1.,0.,-0.));
#3373 = MANIFOLD_SOLID_BREP('',#3374);
#3374 = CLOSED_SHELL('',(#3375,#3408,#3417));
#3375 = ADVANCED_FACE('',(#3376),#3403,.T.);
#3376 = FACE_BOUND('',#3377,.T.);
#3377 = EDGE_LOOP('',(#3378,#3387,#3395,#3402));
#3378 = ORIENTED_EDGE('',*,*,#3379,.F.);
#3379 = EDGE_CURVE('',#3380,#3380,#3382,.T.);
#3380 = VERTEX_POINT('',#3381);
#3381 = CARTESIAN_POINT('',(-31.86312888329,-126.1301956845,
    425.92025505882));
#3382 = CIRCLE('',#3383,17.524720885813);
#3383 = AXIS2_PLACEMENT_3D('',#3384,#3385,#3386);
#3384 = CARTESIAN_POINT('',(-31.86312888329,-126.1301956845,
    443.44497594463));
#3385 = DIRECTION('',(0.,-1.,0.));
#3386 = DIRECTION('',(0.,-0.,-1.));
#3387 = ORIENTED_EDGE('',*,*,#3388,.F.);
#3388 = EDGE_CURVE('',#3389,#3380,#3391,.T.);
#3389 = VERTEX_POINT('',#3390);
#3390 = CARTESIAN_POINT('',(-31.86312888329,-118.1644134637,
    425.92025505882));
#3391 = LINE('',#3392,#3393);
#3392 = CARTESIAN_POINT('',(-31.86312888329,-118.1644134637,
    425.92025505882));
#3393 = VECTOR('',#3394,1.);
#3394 = DIRECTION('',(0.,-1.,0.));
#3395 = ORIENTED_EDGE('',*,*,#3396,.T.);
#3396 = EDGE_CURVE('',#3389,#3389,#3397,.T.);
#3397 = CIRCLE('',#3398,17.524720885813);
#3398 = AXIS2_PLACEMENT_3D('',#3399,#3400,#3401);
#3399 = CARTESIAN_POINT('',(-31.86312888329,-118.1644134637,
    443.44497594463));
#3400 = DIRECTION('',(0.,-1.,0.));
#3401 = DIRECTION('',(0.,-0.,-1.));
#3402 = ORIENTED_EDGE('',*,*,#3388,.T.);
#3403 = CYLINDRICAL_SURFACE('',#3404,17.524720885813);
#3404 = AXIS2_PLACEMENT_3D('',#3405,#3406,#3407);
#3405 = CARTESIAN_POINT('',(-31.86312888329,-118.1644134637,
    443.44497594463));
#3406 = DIRECTION('',(0.,-1.,0.));
#3407 = DIRECTION('',(0.,-0.,-1.));
#3408 = ADVANCED_FACE('',(#3409),#3412,.T.);
#3409 = FACE_BOUND('',#3410,.T.);
#3410 = EDGE_LOOP('',(#3411));
#3411 = ORIENTED_EDGE('',*,*,#3379,.T.);
#3412 = PLANE('',#3413);
#3413 = AXIS2_PLACEMENT_3D('',#3414,#3415,#3416);
#3414 = CARTESIAN_POINT('',(-31.86312888329,-126.1301956845,
    443.44497594463));
#3415 = DIRECTION('',(0.,-1.,0.));
#3416 = DIRECTION('',(0.,-0.,-1.));
#3417 = ADVANCED_FACE('',(#3418),#3421,.F.);
#3418 = FACE_BOUND('',#3419,.T.);
#3419 = EDGE_LOOP('',(#3420));
#3420 = ORIENTED_EDGE('',*,*,#3396,.F.);
#3421 = PLANE('',#3422);
#3422 = AXIS2_PLACEMENT_3D('',#3423,#3424,#3425);
#3423 = CARTESIAN_POINT('',(-31.86312888329,-118.1644134637,
    443.44497594463));
#3424 = DIRECTION('',(0.,-1.,0.));
#3425 = DIRECTION('',(0.,-0.,-1.));
#3426 = MANIFOLD_SOLID_BREP('',#3427);
#3427 = CLOSED_SHELL('',(#3428,#3461,#3470));
#3428 = ADVANCED_FACE('',(#3429),#3456,.T.);
#3429 = FACE_BOUND('',#3430,.T.);
#3430 = EDGE_LOOP('',(#3431,#3440,#3448,#3455));
#3431 = ORIENTED_EDGE('',*,*,#3432,.F.);
#3432 = EDGE_CURVE('',#3433,#3433,#3435,.T.);
#3433 = VERTEX_POINT('',#3434);
#3434 = CARTESIAN_POINT('',(-31.86312888329,-127.2454051954,
    429.07470481827));
#3435 = CIRCLE('',#3436,14.370271126367);
#3436 = AXIS2_PLACEMENT_3D('',#3437,#3438,#3439);
#3437 = CARTESIAN_POINT('',(-31.86312888329,-127.2454051954,
    443.44497594463));
#3438 = DIRECTION('',(0.,-1.,0.));
#3439 = DIRECTION('',(0.,-0.,-1.));
#3440 = ORIENTED_EDGE('',*,*,#3441,.F.);
#3441 = EDGE_CURVE('',#3442,#3433,#3444,.T.);
#3442 = VERTEX_POINT('',#3443);
#3443 = CARTESIAN_POINT('',(-31.86312888329,-125.3336174624,
    429.07470481827));
#3444 = LINE('',#3445,#3446);
#3445 = CARTESIAN_POINT('',(-31.86312888329,-125.3336174624,
    429.07470481827));
#3446 = VECTOR('',#3447,1.);
#3447 = DIRECTION('',(0.,-1.,0.));
#3448 = ORIENTED_EDGE('',*,*,#3449,.T.);
#3449 = EDGE_CURVE('',#3442,#3442,#3450,.T.);
#3450 = CIRCLE('',#3451,14.370271126367);
#3451 = AXIS2_PLACEMENT_3D('',#3452,#3453,#3454);
#3452 = CARTESIAN_POINT('',(-31.86312888329,-125.3336174624,
    443.44497594463));
#3453 = DIRECTION('',(0.,-1.,0.));
#3454 = DIRECTION('',(0.,-0.,-1.));
#3455 = ORIENTED_EDGE('',*,*,#3441,.T.);
#3456 = CYLINDRICAL_SURFACE('',#3457,14.370271126367);
#3457 = AXIS2_PLACEMENT_3D('',#3458,#3459,#3460);
#3458 = CARTESIAN_POINT('',(-31.86312888329,-125.3336174624,
    443.44497594463));
#3459 = DIRECTION('',(0.,-1.,0.));
#3460 = DIRECTION('',(0.,-0.,-1.));
#3461 = ADVANCED_FACE('',(#3462),#3465,.T.);
#3462 = FACE_BOUND('',#3463,.T.);
#3463 = EDGE_LOOP('',(#3464));
#3464 = ORIENTED_EDGE('',*,*,#3432,.T.);
#3465 = PLANE('',#3466);
#3466 = AXIS2_PLACEMENT_3D('',#3467,#3468,#3469);
#3467 = CARTESIAN_POINT('',(-31.86312888329,-127.2454051954,
    443.44497594463));
#3468 = DIRECTION('',(0.,-1.,0.));
#3469 = DIRECTION('',(0.,-0.,-1.));
#3470 = ADVANCED_FACE('',(#3471),#3474,.F.);
#3471 = FACE_BOUND('',#3472,.T.);
#3472 = EDGE_LOOP('',(#3473));
#3473 = ORIENTED_EDGE('',*,*,#3449,.F.);
#3474 = PLANE('',#3475);
#3475 = AXIS2_PLACEMENT_3D('',#3476,#3477,#3478);
#3476 = CARTESIAN_POINT('',(-31.86312888329,-125.3336174624,
    443.44497594463));
#3477 = DIRECTION('',(0.,-1.,0.));
#3478 = DIRECTION('',(0.,-0.,-1.));
#3479 = MANIFOLD_SOLID_BREP('',#3480);
#3480 = CLOSED_SHELL('',(#3481,#3514,#3523));
#3481 = ADVANCED_FACE('',(#3482),#3509,.T.);
#3482 = FACE_BOUND('',#3483,.T.);
#3483 = EDGE_LOOP('',(#3484,#3493,#3501,#3508));
#3484 = ORIENTED_EDGE('',*,*,#3485,.F.);
#3485 = EDGE_CURVE('',#3486,#3486,#3488,.T.);
#3486 = VERTEX_POINT('',#3487);
#3487 = CARTESIAN_POINT('',(-31.86312888329,-128.997877284,
    441.34200943834));
#3488 = CIRCLE('',#3489,2.102966506298);
#3489 = AXIS2_PLACEMENT_3D('',#3490,#3491,#3492);
#3490 = CARTESIAN_POINT('',(-31.86312888329,-128.997877284,
    443.44497594463));
#3491 = DIRECTION('',(0.,-1.,0.));
#3492 = DIRECTION('',(0.,-0.,-1.));
#3493 = ORIENTED_EDGE('',*,*,#3494,.F.);
#3494 = EDGE_CURVE('',#3495,#3486,#3497,.T.);
#3495 = VERTEX_POINT('',#3496);
#3496 = CARTESIAN_POINT('',(-31.86312888329,-126.4488269733,
    441.34200943834));
#3497 = LINE('',#3498,#3499);
#3498 = CARTESIAN_POINT('',(-31.86312888329,-126.4488269733,
    441.34200943834));
#3499 = VECTOR('',#3500,1.);
#3500 = DIRECTION('',(0.,-1.,0.));
#3501 = ORIENTED_EDGE('',*,*,#3502,.T.);
#3502 = EDGE_CURVE('',#3495,#3495,#3503,.T.);
#3503 = CIRCLE('',#3504,2.102966506298);
#3504 = AXIS2_PLACEMENT_3D('',#3505,#3506,#3507);
#3505 = CARTESIAN_POINT('',(-31.86312888329,-126.4488269733,
    443.44497594463));
#3506 = DIRECTION('',(0.,-1.,0.));
#3507 = DIRECTION('',(0.,-0.,-1.));
#3508 = ORIENTED_EDGE('',*,*,#3494,.T.);
#3509 = CYLINDRICAL_SURFACE('',#3510,2.102966506298);
#3510 = AXIS2_PLACEMENT_3D('',#3511,#3512,#3513);
#3511 = CARTESIAN_POINT('',(-31.86312888329,-126.4488269733,
    443.44497594463));
#3512 = DIRECTION('',(0.,-1.,0.));
#3513 = DIRECTION('',(0.,-0.,-1.));
#3514 = ADVANCED_FACE('',(#3515),#3518,.T.);
#3515 = FACE_BOUND('',#3516,.T.);
#3516 = EDGE_LOOP('',(#3517));
#3517 = ORIENTED_EDGE('',*,*,#3485,.T.);
#3518 = PLANE('',#3519);
#3519 = AXIS2_PLACEMENT_3D('',#3520,#3521,#3522);
#3520 = CARTESIAN_POINT('',(-31.86312888329,-128.997877284,
    443.44497594463));
#3521 = DIRECTION('',(0.,-1.,0.));
#3522 = DIRECTION('',(0.,-0.,-1.));
#3523 = ADVANCED_FACE('',(#3524),#3527,.F.);
#3524 = FACE_BOUND('',#3525,.T.);
#3525 = EDGE_LOOP('',(#3526));
#3526 = ORIENTED_EDGE('',*,*,#3502,.F.);
#3527 = PLANE('',#3528);
#3528 = AXIS2_PLACEMENT_3D('',#3529,#3530,#3531);
#3529 = CARTESIAN_POINT('',(-31.86312888329,-126.4488269733,
    443.44497594463));
#3530 = DIRECTION('',(0.,-1.,0.));
#3531 = DIRECTION('',(0.,-0.,-1.));
#3532 = MANIFOLD_SOLID_BREP('',#3533);
#3533 = CLOSED_SHELL('',(#3534,#3567,#3576));
#3534 = ADVANCED_FACE('',(#3535),#3562,.T.);
#3535 = FACE_BOUND('',#3536,.T.);
#3536 = EDGE_LOOP('',(#3537,#3546,#3554,#3561));
#3537 = ORIENTED_EDGE('',*,*,#3538,.F.);
#3538 = EDGE_CURVE('',#3539,#3539,#3541,.T.);
#3539 = VERTEX_POINT('',#3540);
#3540 = CARTESIAN_POINT('',(31.863128883297,-126.1301956845,
    425.92025505882));
#3541 = CIRCLE('',#3542,17.524720885813);
#3542 = AXIS2_PLACEMENT_3D('',#3543,#3544,#3545);
#3543 = CARTESIAN_POINT('',(31.863128883297,-126.1301956845,
    443.44497594463));
#3544 = DIRECTION('',(0.,-1.,0.));
#3545 = DIRECTION('',(0.,-0.,-1.));
#3546 = ORIENTED_EDGE('',*,*,#3547,.F.);
#3547 = EDGE_CURVE('',#3548,#3539,#3550,.T.);
#3548 = VERTEX_POINT('',#3549);
#3549 = CARTESIAN_POINT('',(31.863128883297,-118.1644134637,
    425.92025505882));
#3550 = LINE('',#3551,#3552);
#3551 = CARTESIAN_POINT('',(31.863128883297,-118.1644134637,
    425.92025505882));
#3552 = VECTOR('',#3553,1.);
#3553 = DIRECTION('',(0.,-1.,0.));
#3554 = ORIENTED_EDGE('',*,*,#3555,.T.);
#3555 = EDGE_CURVE('',#3548,#3548,#3556,.T.);
#3556 = CIRCLE('',#3557,17.524720885813);
#3557 = AXIS2_PLACEMENT_3D('',#3558,#3559,#3560);
#3558 = CARTESIAN_POINT('',(31.863128883297,-118.1644134637,
    443.44497594463));
#3559 = DIRECTION('',(0.,-1.,0.));
#3560 = DIRECTION('',(0.,-0.,-1.));
#3561 = ORIENTED_EDGE('',*,*,#3547,.T.);
#3562 = CYLINDRICAL_SURFACE('',#3563,17.524720885813);
#3563 = AXIS2_PLACEMENT_3D('',#3564,#3565,#3566);
#3564 = CARTESIAN_POINT('',(31.863128883297,-118.1644134637,
    443.44497594463));
#3565 = DIRECTION('',(0.,-1.,0.));
#3566 = DIRECTION('',(0.,-0.,-1.));
#3567 = ADVANCED_FACE('',(#3568),#3571,.T.);
#3568 = FACE_BOUND('',#3569,.T.);
#3569 = EDGE_LOOP('',(#3570));
#3570 = ORIENTED_EDGE('',*,*,#3538,.T.);
#3571 = PLANE('',#3572);
#3572 = AXIS2_PLACEMENT_3D('',#3573,#3574,#3575);
#3573 = CARTESIAN_POINT('',(31.863128883297,-126.1301956845,
    443.44497594463));
#3574 = DIRECTION('',(0.,-1.,0.));
#3575 = DIRECTION('',(0.,-0.,-1.));
#3576 = ADVANCED_FACE('',(#3577),#3580,.F.);
#3577 = FACE_BOUND('',#3578,.T.);
#3578 = EDGE_LOOP('',(#3579));
#3579 = ORIENTED_EDGE('',*,*,#3555,.F.);
#3580 = PLANE('',#3581);
#3581 = AXIS2_PLACEMENT_3D('',#3582,#3583,#3584);
#3582 = CARTESIAN_POINT('',(31.863128883297,-118.1644134637,
    443.44497594463));
#3583 = DIRECTION('',(0.,-1.,0.));
#3584 = DIRECTION('',(0.,-0.,-1.));
#3585 = MANIFOLD_SOLID_BREP('',#3586);
#3586 = CLOSED_SHELL('',(#3587,#3620,#3629));
#3587 = ADVANCED_FACE('',(#3588),#3615,.T.);
#3588 = FACE_BOUND('',#3589,.T.);
#3589 = EDGE_LOOP('',(#3590,#3599,#3607,#3614));
#3590 = ORIENTED_EDGE('',*,*,#3591,.F.);
#3591 = EDGE_CURVE('',#3592,#3592,#3594,.T.);
#3592 = VERTEX_POINT('',#3593);
#3593 = CARTESIAN_POINT('',(31.863128883297,-127.2454051954,
    429.07470481827));
#3594 = CIRCLE('',#3595,14.370271126367);
#3595 = AXIS2_PLACEMENT_3D('',#3596,#3597,#3598);
#3596 = CARTESIAN_POINT('',(31.863128883297,-127.2454051954,
    443.44497594463));
#3597 = DIRECTION('',(0.,-1.,0.));
#3598 = DIRECTION('',(0.,-0.,-1.));
#3599 = ORIENTED_EDGE('',*,*,#3600,.F.);
#3600 = EDGE_CURVE('',#3601,#3592,#3603,.T.);
#3601 = VERTEX_POINT('',#3602);
#3602 = CARTESIAN_POINT('',(31.863128883297,-125.3336174624,
    429.07470481827));
#3603 = LINE('',#3604,#3605);
#3604 = CARTESIAN_POINT('',(31.863128883297,-125.3336174624,
    429.07470481827));
#3605 = VECTOR('',#3606,1.);
#3606 = DIRECTION('',(0.,-1.,0.));
#3607 = ORIENTED_EDGE('',*,*,#3608,.T.);
#3608 = EDGE_CURVE('',#3601,#3601,#3609,.T.);
#3609 = CIRCLE('',#3610,14.370271126367);
#3610 = AXIS2_PLACEMENT_3D('',#3611,#3612,#3613);
#3611 = CARTESIAN_POINT('',(31.863128883297,-125.3336174624,
    443.44497594463));
#3612 = DIRECTION('',(0.,-1.,0.));
#3613 = DIRECTION('',(0.,-0.,-1.));
#3614 = ORIENTED_EDGE('',*,*,#3600,.T.);
#3615 = CYLINDRICAL_SURFACE('',#3616,14.370271126367);
#3616 = AXIS2_PLACEMENT_3D('',#3617,#3618,#3619);
#3617 = CARTESIAN_POINT('',(31.863128883297,-125.3336174624,
    443.44497594463));
#3618 = DIRECTION('',(0.,-1.,0.));
#3619 = DIRECTION('',(0.,-0.,-1.));
#3620 = ADVANCED_FACE('',(#3621),#3624,.T.);
#3621 = FACE_BOUND('',#3622,.T.);
#3622 = EDGE_LOOP('',(#3623));
#3623 = ORIENTED_EDGE('',*,*,#3591,.T.);
#3624 = PLANE('',#3625);
#3625 = AXIS2_PLACEMENT_3D('',#3626,#3627,#3628);
#3626 = CARTESIAN_POINT('',(31.863128883297,-127.2454051954,
    443.44497594463));
#3627 = DIRECTION('',(0.,-1.,0.));
#3628 = DIRECTION('',(0.,-0.,-1.));
#3629 = ADVANCED_FACE('',(#3630),#3633,.F.);
#3630 = FACE_BOUND('',#3631,.T.);
#3631 = EDGE_LOOP('',(#3632));
#3632 = ORIENTED_EDGE('',*,*,#3608,.F.);
#3633 = PLANE('',#3634);
#3634 = AXIS2_PLACEMENT_3D('',#3635,#3636,#3637);
#3635 = CARTESIAN_POINT('',(31.863128883297,-125.3336174624,
    443.44497594463));
#3636 = DIRECTION('',(0.,-1.,0.));
#3637 = DIRECTION('',(0.,-0.,-1.));
#3638 = MANIFOLD_SOLID_BREP('',#3639);
#3639 = CLOSED_SHELL('',(#3640,#3673,#3682));
#3640 = ADVANCED_FACE('',(#3641),#3668,.T.);
#3641 = FACE_BOUND('',#3642,.T.);
#3642 = EDGE_LOOP('',(#3643,#3652,#3660,#3667));
#3643 = ORIENTED_EDGE('',*,*,#3644,.F.);
#3644 = EDGE_CURVE('',#3645,#3645,#3647,.T.);
#3645 = VERTEX_POINT('',#3646);
#3646 = CARTESIAN_POINT('',(31.863128883297,-128.997877284,
    441.34200943834));
#3647 = CIRCLE('',#3648,2.102966506298);
#3648 = AXIS2_PLACEMENT_3D('',#3649,#3650,#3651);
#3649 = CARTESIAN_POINT('',(31.863128883297,-128.997877284,
    443.44497594463));
#3650 = DIRECTION('',(0.,-1.,0.));
#3651 = DIRECTION('',(0.,-0.,-1.));
#3652 = ORIENTED_EDGE('',*,*,#3653,.F.);
#3653 = EDGE_CURVE('',#3654,#3645,#3656,.T.);
#3654 = VERTEX_POINT('',#3655);
#3655 = CARTESIAN_POINT('',(31.863128883297,-126.4488269733,
    441.34200943834));
#3656 = LINE('',#3657,#3658);
#3657 = CARTESIAN_POINT('',(31.863128883297,-126.4488269733,
    441.34200943834));
#3658 = VECTOR('',#3659,1.);
#3659 = DIRECTION('',(0.,-1.,0.));
#3660 = ORIENTED_EDGE('',*,*,#3661,.T.);
#3661 = EDGE_CURVE('',#3654,#3654,#3662,.T.);
#3662 = CIRCLE('',#3663,2.102966506298);
#3663 = AXIS2_PLACEMENT_3D('',#3664,#3665,#3666);
#3664 = CARTESIAN_POINT('',(31.863128883297,-126.4488269733,
    443.44497594463));
#3665 = DIRECTION('',(0.,-1.,0.));
#3666 = DIRECTION('',(0.,-0.,-1.));
#3667 = ORIENTED_EDGE('',*,*,#3653,.T.);
#3668 = CYLINDRICAL_SURFACE('',#3669,2.102966506298);
#3669 = AXIS2_PLACEMENT_3D('',#3670,#3671,#3672);
#3670 = CARTESIAN_POINT('',(31.863128883297,-126.4488269733,
    443.44497594463));
#3671 = DIRECTION('',(0.,-1.,0.));
#3672 = DIRECTION('',(0.,-0.,-1.));
#3673 = ADVANCED_FACE('',(#3674),#3677,.T.);
#3674 = FACE_BOUND('',#3675,.T.);
#3675 = EDGE_LOOP('',(#3676));
#3676 = ORIENTED_EDGE('',*,*,#3644,.T.);
#3677 = PLANE('',#3678);
#3678 = AXIS2_PLACEMENT_3D('',#3679,#3680,#3681);
#3679 = CARTESIAN_POINT('',(31.863128883297,-128.997877284,
    443.44497594463));
#3680 = DIRECTION('',(0.,-1.,0.));
#3681 = DIRECTION('',(0.,-0.,-1.));
#3682 = ADVANCED_FACE('',(#3683),#3686,.F.);
#3683 = FACE_BOUND('',#3684,.T.);
#3684 = EDGE_LOOP('',(#3685));
#3685 = ORIENTED_EDGE('',*,*,#3661,.F.);
#3686 = PLANE('',#3687);
#3687 = AXIS2_PLACEMENT_3D('',#3688,#3689,#3690);
#3688 = CARTESIAN_POINT('',(31.863128883297,-126.4488269733,
    443.44497594463));
#3689 = DIRECTION('',(0.,-1.,0.));
#3690 = DIRECTION('',(0.,-0.,-1.));
#3691 = MANIFOLD_SOLID_BREP('',#3692);
#3692 = CLOSED_SHELL('',(#3693,#3726,#3735));
#3693 = ADVANCED_FACE('',(#3694),#3721,.T.);
#3694 = FACE_BOUND('',#3695,.T.);
#3695 = EDGE_LOOP('',(#3696,#3705,#3713,#3720));
#3696 = ORIENTED_EDGE('',*,*,#3697,.F.);
#3697 = EDGE_CURVE('',#3698,#3698,#3700,.T.);
#3698 = VERTEX_POINT('',#3699);
#3699 = CARTESIAN_POINT('',(66.912570654923,-1.638885309505E-14,
    175.79469332494));
#3700 = CIRCLE('',#3701,66.912570654923);
#3701 = AXIS2_PLACEMENT_3D('',#3702,#3703,#3704);
#3702 = CARTESIAN_POINT('',(0.,0.,175.79469332494));
#3703 = DIRECTION('',(0.,0.,1.));
#3704 = DIRECTION('',(1.,0.,-0.));
#3705 = ORIENTED_EDGE('',*,*,#3706,.F.);
#3706 = EDGE_CURVE('',#3707,#3698,#3709,.T.);
#3707 = VERTEX_POINT('',#3708);
#3708 = CARTESIAN_POINT('',(66.912570654923,-1.638885309505E-14,
    150.3041902183));
#3709 = LINE('',#3710,#3711);
#3710 = CARTESIAN_POINT('',(66.912570654923,-1.638885309505E-14,
    150.3041902183));
#3711 = VECTOR('',#3712,1.);
#3712 = DIRECTION('',(0.,0.,1.));
#3713 = ORIENTED_EDGE('',*,*,#3714,.T.);
#3714 = EDGE_CURVE('',#3707,#3707,#3715,.T.);
#3715 = CIRCLE('',#3716,66.912570654923);
#3716 = AXIS2_PLACEMENT_3D('',#3717,#3718,#3719);
#3717 = CARTESIAN_POINT('',(0.,0.,150.3041902183));
#3718 = DIRECTION('',(0.,0.,1.));
#3719 = DIRECTION('',(1.,0.,-0.));
#3720 = ORIENTED_EDGE('',*,*,#3706,.T.);
#3721 = CYLINDRICAL_SURFACE('',#3722,66.912570654923);
#3722 = AXIS2_PLACEMENT_3D('',#3723,#3724,#3725);
#3723 = CARTESIAN_POINT('',(0.,0.,150.3041902183));
#3724 = DIRECTION('',(0.,0.,1.));
#3725 = DIRECTION('',(1.,0.,-0.));
#3726 = ADVANCED_FACE('',(#3727),#3730,.T.);
#3727 = FACE_BOUND('',#3728,.T.);
#3728 = EDGE_LOOP('',(#3729));
#3729 = ORIENTED_EDGE('',*,*,#3697,.T.);
#3730 = PLANE('',#3731);
#3731 = AXIS2_PLACEMENT_3D('',#3732,#3733,#3734);
#3732 = CARTESIAN_POINT('',(0.,0.,175.79469332494));
#3733 = DIRECTION('',(0.,0.,1.));
#3734 = DIRECTION('',(1.,0.,-0.));
#3735 = ADVANCED_FACE('',(#3736),#3739,.F.);
#3736 = FACE_BOUND('',#3737,.T.);
#3737 = EDGE_LOOP('',(#3738));
#3738 = ORIENTED_EDGE('',*,*,#3714,.F.);
#3739 = PLANE('',#3740);
#3740 = AXIS2_PLACEMENT_3D('',#3741,#3742,#3743);
#3741 = CARTESIAN_POINT('',(0.,0.,150.3041902183));
#3742 = DIRECTION('',(0.,0.,1.));
#3743 = DIRECTION('',(1.,0.,-0.));
#3744 = MANIFOLD_SOLID_BREP('',#3745);
#3745 = CLOSED_SHELL('',(#3746,#3779,#3788));
#3746 = ADVANCED_FACE('',(#3747),#3774,.T.);
#3747 = FACE_BOUND('',#3748,.T.);
#3748 = EDGE_LOOP('',(#3749,#3758,#3766,#3773));
#3749 = ORIENTED_EDGE('',*,*,#3750,.F.);
#3750 = EDGE_CURVE('',#3751,#3751,#3753,.T.);
#3751 = VERTEX_POINT('',#3752);
#3752 = CARTESIAN_POINT('',(57.353631989934,-1.404758836719E-14,
    233.14832531487));
#3753 = CIRCLE('',#3754,57.353631989934);
#3754 = AXIS2_PLACEMENT_3D('',#3755,#3756,#3757);
#3755 = CARTESIAN_POINT('',(0.,0.,233.14832531487));
#3756 = DIRECTION('',(0.,0.,1.));
#3757 = DIRECTION('',(1.,0.,-0.));
#3758 = ORIENTED_EDGE('',*,*,#3759,.F.);
#3759 = EDGE_CURVE('',#3760,#3751,#3762,.T.);
#3760 = VERTEX_POINT('',#3761);
#3761 = CARTESIAN_POINT('',(57.353631989934,-1.404758836719E-14,
    175.79469332494));
#3762 = LINE('',#3763,#3764);
#3763 = CARTESIAN_POINT('',(57.353631989934,-1.404758836719E-14,
    175.79469332494));
#3764 = VECTOR('',#3765,1.);
#3765 = DIRECTION('',(0.,0.,1.));
#3766 = ORIENTED_EDGE('',*,*,#3767,.T.);
#3767 = EDGE_CURVE('',#3760,#3760,#3768,.T.);
#3768 = CIRCLE('',#3769,57.353631989934);
#3769 = AXIS2_PLACEMENT_3D('',#3770,#3771,#3772);
#3770 = CARTESIAN_POINT('',(0.,0.,175.79469332494));
#3771 = DIRECTION('',(0.,0.,1.));
#3772 = DIRECTION('',(1.,0.,-0.));
#3773 = ORIENTED_EDGE('',*,*,#3759,.T.);
#3774 = CYLINDRICAL_SURFACE('',#3775,57.353631989934);
#3775 = AXIS2_PLACEMENT_3D('',#3776,#3777,#3778);
#3776 = CARTESIAN_POINT('',(0.,0.,175.79469332494));
#3777 = DIRECTION('',(0.,0.,1.));
#3778 = DIRECTION('',(1.,0.,-0.));
#3779 = ADVANCED_FACE('',(#3780),#3783,.T.);
#3780 = FACE_BOUND('',#3781,.T.);
#3781 = EDGE_LOOP('',(#3782));
#3782 = ORIENTED_EDGE('',*,*,#3750,.T.);
#3783 = PLANE('',#3784);
#3784 = AXIS2_PLACEMENT_3D('',#3785,#3786,#3787);
#3785 = CARTESIAN_POINT('',(0.,0.,233.14832531487));
#3786 = DIRECTION('',(0.,0.,1.));
#3787 = DIRECTION('',(1.,0.,-0.));
#3788 = ADVANCED_FACE('',(#3789),#3792,.F.);
#3789 = FACE_BOUND('',#3790,.T.);
#3790 = EDGE_LOOP('',(#3791));
#3791 = ORIENTED_EDGE('',*,*,#3767,.F.);
#3792 = PLANE('',#3793);
#3793 = AXIS2_PLACEMENT_3D('',#3794,#3795,#3796);
#3794 = CARTESIAN_POINT('',(0.,0.,175.79469332494));
#3795 = DIRECTION('',(0.,0.,1.));
#3796 = DIRECTION('',(1.,0.,-0.));
#3797 = MANIFOLD_SOLID_BREP('',#3798);
#3798 = CLOSED_SHELL('',(#3799,#3832,#3841));
#3799 = ADVANCED_FACE('',(#3800),#3827,.T.);
#3800 = FACE_BOUND('',#3801,.T.);
#3801 = EDGE_LOOP('',(#3802,#3811,#3819,#3826));
#3802 = ORIENTED_EDGE('',*,*,#3803,.F.);
#3803 = EDGE_CURVE('',#3804,#3804,#3806,.T.);
#3804 = VERTEX_POINT('',#3805);
#3805 = CARTESIAN_POINT('',(76.471509319912,-1.873011782292E-14,
    250.67304620069));
#3806 = CIRCLE('',#3807,76.471509319912);
#3807 = AXIS2_PLACEMENT_3D('',#3808,#3809,#3810);
#3808 = CARTESIAN_POINT('',(0.,0.,250.67304620069));
#3809 = DIRECTION('',(0.,0.,1.));
#3810 = DIRECTION('',(1.,0.,-0.));
#3811 = ORIENTED_EDGE('',*,*,#3812,.F.);
#3812 = EDGE_CURVE('',#3813,#3804,#3815,.T.);
#3813 = VERTEX_POINT('',#3814);
#3814 = CARTESIAN_POINT('',(76.471509319912,-1.873011782292E-14,
    233.14832531487));
#3815 = LINE('',#3816,#3817);
#3816 = CARTESIAN_POINT('',(76.471509319912,-1.873011782292E-14,
    233.14832531487));
#3817 = VECTOR('',#3818,1.);
#3818 = DIRECTION('',(0.,0.,1.));
#3819 = ORIENTED_EDGE('',*,*,#3820,.T.);
#3820 = EDGE_CURVE('',#3813,#3813,#3821,.T.);
#3821 = CIRCLE('',#3822,76.471509319912);
#3822 = AXIS2_PLACEMENT_3D('',#3823,#3824,#3825);
#3823 = CARTESIAN_POINT('',(0.,0.,233.14832531487));
#3824 = DIRECTION('',(0.,0.,1.));
#3825 = DIRECTION('',(1.,0.,-0.));
#3826 = ORIENTED_EDGE('',*,*,#3812,.T.);
#3827 = CYLINDRICAL_SURFACE('',#3828,76.471509319912);
#3828 = AXIS2_PLACEMENT_3D('',#3829,#3830,#3831);
#3829 = CARTESIAN_POINT('',(0.,0.,233.14832531487));
#3830 = DIRECTION('',(0.,0.,1.));
#3831 = DIRECTION('',(1.,0.,-0.));
#3832 = ADVANCED_FACE('',(#3833),#3836,.T.);
#3833 = FACE_BOUND('',#3834,.T.);
#3834 = EDGE_LOOP('',(#3835));
#3835 = ORIENTED_EDGE('',*,*,#3803,.T.);
#3836 = PLANE('',#3837);
#3837 = AXIS2_PLACEMENT_3D('',#3838,#3839,#3840);
#3838 = CARTESIAN_POINT('',(0.,0.,250.67304620069));
#3839 = DIRECTION('',(0.,0.,1.));
#3840 = DIRECTION('',(1.,0.,-0.));
#3841 = ADVANCED_FACE('',(#3842),#3845,.F.);
#3842 = FACE_BOUND('',#3843,.T.);
#3843 = EDGE_LOOP('',(#3844));
#3844 = ORIENTED_EDGE('',*,*,#3820,.F.);
#3845 = PLANE('',#3846);
#3846 = AXIS2_PLACEMENT_3D('',#3847,#3848,#3849);
#3847 = CARTESIAN_POINT('',(0.,0.,233.14832531487));
#3848 = DIRECTION('',(0.,0.,1.));
#3849 = DIRECTION('',(1.,0.,-0.));
#3850 = MANIFOLD_SOLID_BREP('',#3851);
#3851 = CLOSED_SHELL('',(#3852,#3885,#3894));
#3852 = ADVANCED_FACE('',(#3853),#3880,.T.);
#3853 = FACE_BOUND('',#3854,.T.);
#3854 = EDGE_LOOP('',(#3855,#3864,#3872,#3879));
#3855 = ORIENTED_EDGE('',*,*,#3856,.F.);
#3856 = EDGE_CURVE('',#3857,#3857,#3859,.T.);
#3857 = VERTEX_POINT('',#3858);
#3858 = CARTESIAN_POINT('',(60.539944878264,-1.482800994314E-14,
    397.24343906385));
#3859 = CIRCLE('',#3860,60.539944878264);
#3860 = AXIS2_PLACEMENT_3D('',#3861,#3862,#3863);
#3861 = CARTESIAN_POINT('',(0.,0.,397.24343906385));
#3862 = DIRECTION('',(0.,0.,1.));
#3863 = DIRECTION('',(1.,0.,-0.));
#3864 = ORIENTED_EDGE('',*,*,#3865,.F.);
#3865 = EDGE_CURVE('',#3866,#3857,#3868,.T.);
#3866 = VERTEX_POINT('',#3867);
#3867 = CARTESIAN_POINT('',(60.539944878264,-1.482800994314E-14,
    245.89357686819));
#3868 = LINE('',#3869,#3870);
#3869 = CARTESIAN_POINT('',(60.539944878264,-1.482800994314E-14,
    245.89357686819));
#3870 = VECTOR('',#3871,1.);
#3871 = DIRECTION('',(0.,0.,1.));
#3872 = ORIENTED_EDGE('',*,*,#3873,.T.);
#3873 = EDGE_CURVE('',#3866,#3866,#3874,.T.);
#3874 = CIRCLE('',#3875,60.539944878264);
#3875 = AXIS2_PLACEMENT_3D('',#3876,#3877,#3878);
#3876 = CARTESIAN_POINT('',(0.,0.,245.89357686819));
#3877 = DIRECTION('',(0.,0.,1.));
#3878 = DIRECTION('',(1.,0.,-0.));
#3879 = ORIENTED_EDGE('',*,*,#3865,.T.);
#3880 = CYLINDRICAL_SURFACE('',#3881,60.539944878264);
#3881 = AXIS2_PLACEMENT_3D('',#3882,#3883,#3884);
#3882 = CARTESIAN_POINT('',(0.,0.,245.89357686819));
#3883 = DIRECTION('',(0.,0.,1.));
#3884 = DIRECTION('',(1.,0.,-0.));
#3885 = ADVANCED_FACE('',(#3886),#3889,.T.);
#3886 = FACE_BOUND('',#3887,.T.);
#3887 = EDGE_LOOP('',(#3888));
#3888 = ORIENTED_EDGE('',*,*,#3856,.T.);
#3889 = PLANE('',#3890);
#3890 = AXIS2_PLACEMENT_3D('',#3891,#3892,#3893);
#3891 = CARTESIAN_POINT('',(0.,0.,397.24343906385));
#3892 = DIRECTION('',(0.,0.,1.));
#3893 = DIRECTION('',(1.,0.,-0.));
#3894 = ADVANCED_FACE('',(#3895),#3898,.F.);
#3895 = FACE_BOUND('',#3896,.T.);
#3896 = EDGE_LOOP('',(#3897));
#3897 = ORIENTED_EDGE('',*,*,#3873,.F.);
#3898 = PLANE('',#3899);
#3899 = AXIS2_PLACEMENT_3D('',#3900,#3901,#3902);
#3900 = CARTESIAN_POINT('',(0.,0.,245.89357686819));
#3901 = DIRECTION('',(0.,0.,1.));
#3902 = DIRECTION('',(1.,0.,-0.));
#3903 = MANIFOLD_SOLID_BREP('',#3904);
#3904 = CLOSED_SHELL('',(#3905,#3938,#3947));
#3905 = ADVANCED_FACE('',(#3906),#3933,.T.);
#3906 = FACE_BOUND('',#3907,.T.);
#3907 = EDGE_LOOP('',(#3908,#3917,#3925,#3932));
#3908 = ORIENTED_EDGE('',*,*,#3909,.F.);
#3909 = EDGE_CURVE('',#3910,#3910,#3912,.T.);
#3910 = VERTEX_POINT('',#3911);
#3911 = CARTESIAN_POINT('',(62.451732611262,-1.529626288872E-14,
    328.57839632035));
#3912 = CIRCLE('',#3913,62.451732611262);
#3913 = AXIS2_PLACEMENT_3D('',#3914,#3915,#3916);
#3914 = CARTESIAN_POINT('',(0.,0.,328.57839632035));
#3915 = DIRECTION('',(0.,0.,1.));
#3916 = DIRECTION('',(1.,0.,-0.));
#3917 = ORIENTED_EDGE('',*,*,#3918,.F.);
#3918 = EDGE_CURVE('',#3919,#3910,#3921,.T.);
#3919 = VERTEX_POINT('',#3920);
#3920 = CARTESIAN_POINT('',(62.451732611262,-1.529626288872E-14,
    309.46051899037));
#3921 = LINE('',#3922,#3923);
#3922 = CARTESIAN_POINT('',(62.451732611262,-1.529626288872E-14,
    309.46051899037));
#3923 = VECTOR('',#3924,1.);
#3924 = DIRECTION('',(0.,0.,1.));
#3925 = ORIENTED_EDGE('',*,*,#3926,.T.);
#3926 = EDGE_CURVE('',#3919,#3919,#3927,.T.);
#3927 = CIRCLE('',#3928,62.451732611262);
#3928 = AXIS2_PLACEMENT_3D('',#3929,#3930,#3931);
#3929 = CARTESIAN_POINT('',(0.,0.,309.46051899037));
#3930 = DIRECTION('',(0.,0.,1.));
#3931 = DIRECTION('',(1.,0.,-0.));
#3932 = ORIENTED_EDGE('',*,*,#3918,.T.);
#3933 = CYLINDRICAL_SURFACE('',#3934,62.451732611262);
#3934 = AXIS2_PLACEMENT_3D('',#3935,#3936,#3937);
#3935 = CARTESIAN_POINT('',(0.,0.,309.46051899037));
#3936 = DIRECTION('',(0.,0.,1.));
#3937 = DIRECTION('',(1.,0.,-0.));
#3938 = ADVANCED_FACE('',(#3939),#3942,.T.);
#3939 = FACE_BOUND('',#3940,.T.);
#3940 = EDGE_LOOP('',(#3941));
#3941 = ORIENTED_EDGE('',*,*,#3909,.T.);
#3942 = PLANE('',#3943);
#3943 = AXIS2_PLACEMENT_3D('',#3944,#3945,#3946);
#3944 = CARTESIAN_POINT('',(0.,0.,328.57839632035));
#3945 = DIRECTION('',(0.,0.,1.));
#3946 = DIRECTION('',(1.,0.,-0.));
#3947 = ADVANCED_FACE('',(#3948),#3951,.F.);
#3948 = FACE_BOUND('',#3949,.T.);
#3949 = EDGE_LOOP('',(#3950));
#3950 = ORIENTED_EDGE('',*,*,#3926,.F.);
#3951 = PLANE('',#3952);
#3952 = AXIS2_PLACEMENT_3D('',#3953,#3954,#3955);
#3953 = CARTESIAN_POINT('',(0.,0.,309.46051899037));
#3954 = DIRECTION('',(0.,0.,1.));
#3955 = DIRECTION('',(1.,0.,-0.));
#3956 = MANIFOLD_SOLID_BREP('',#3957);
#3957 = CLOSED_SHELL('',(#3958,#3991,#4000));
#3958 = ADVANCED_FACE('',(#3959),#3986,.T.);
#3959 = FACE_BOUND('',#3960,.T.);
#3960 = EDGE_LOOP('',(#3961,#3970,#3978,#3985));
#3961 = ORIENTED_EDGE('',*,*,#3962,.F.);
#3962 = EDGE_CURVE('',#3963,#3963,#3965,.T.);
#3963 = VERTEX_POINT('',#3964);
#3964 = CARTESIAN_POINT('',(55.696749288003,-1.364176914769E-14,
    400.42975195218));
#3965 = CIRCLE('',#3966,55.696749288003);
#3966 = AXIS2_PLACEMENT_3D('',#3967,#3968,#3969);
#3967 = CARTESIAN_POINT('',(0.,0.,400.42975195218));
#3968 = DIRECTION('',(0.,0.,1.));
#3969 = DIRECTION('',(1.,0.,-0.));
#3970 = ORIENTED_EDGE('',*,*,#3971,.F.);
#3971 = EDGE_CURVE('',#3972,#3963,#3974,.T.);
#3972 = VERTEX_POINT('',#3973);
#3973 = CARTESIAN_POINT('',(55.696749288003,-1.364176914769E-14,
    390.87081328719));
#3974 = LINE('',#3975,#3976);
#3975 = CARTESIAN_POINT('',(55.696749288003,-1.364176914769E-14,
    390.87081328719));
#3976 = VECTOR('',#3977,1.);
#3977 = DIRECTION('',(0.,0.,1.));
#3978 = ORIENTED_EDGE('',*,*,#3979,.T.);
#3979 = EDGE_CURVE('',#3972,#3972,#3980,.T.);
#3980 = CIRCLE('',#3981,55.696749288003);
#3981 = AXIS2_PLACEMENT_3D('',#3982,#3983,#3984);
#3982 = CARTESIAN_POINT('',(0.,0.,390.87081328719));
#3983 = DIRECTION('',(0.,0.,1.));
#3984 = DIRECTION('',(1.,0.,-0.));
#3985 = ORIENTED_EDGE('',*,*,#3971,.T.);
#3986 = CYLINDRICAL_SURFACE('',#3987,55.696749288003);
#3987 = AXIS2_PLACEMENT_3D('',#3988,#3989,#3990);
#3988 = CARTESIAN_POINT('',(0.,0.,390.87081328719));
#3989 = DIRECTION('',(0.,0.,1.));
#3990 = DIRECTION('',(1.,0.,-0.));
#3991 = ADVANCED_FACE('',(#3992),#3995,.T.);
#3992 = FACE_BOUND('',#3993,.T.);
#3993 = EDGE_LOOP('',(#3994));
#3994 = ORIENTED_EDGE('',*,*,#3962,.T.);
#3995 = PLANE('',#3996);
#3996 = AXIS2_PLACEMENT_3D('',#3997,#3998,#3999);
#3997 = CARTESIAN_POINT('',(0.,0.,400.42975195218));
#3998 = DIRECTION('',(0.,0.,1.));
#3999 = DIRECTION('',(1.,0.,-0.));
#4000 = ADVANCED_FACE('',(#4001),#4004,.F.);
#4001 = FACE_BOUND('',#4002,.T.);
#4002 = EDGE_LOOP('',(#4003));
#4003 = ORIENTED_EDGE('',*,*,#3979,.F.);
#4004 = PLANE('',#4005);
#4005 = AXIS2_PLACEMENT_3D('',#4006,#4007,#4008);
#4006 = CARTESIAN_POINT('',(0.,0.,390.87081328719));
#4007 = DIRECTION('',(0.,0.,1.));
#4008 = DIRECTION('',(1.,0.,-0.));
#4009 = MANIFOLD_SOLID_BREP('',#4010);
#4010 = CLOSED_SHELL('',(#4011,#4044,#4053));
#4011 = ADVANCED_FACE('',(#4012),#4039,.T.);
#4012 = FACE_BOUND('',#4013,.T.);
#4013 = EDGE_LOOP('',(#4014,#4023,#4031,#4038));
#4014 = ORIENTED_EDGE('',*,*,#4015,.F.);
#4015 = EDGE_CURVE('',#4016,#4016,#4018,.T.);
#4016 = VERTEX_POINT('',#4017);
#4017 = CARTESIAN_POINT('',(68.505727099088,-1.677906388303E-14,
    255.45251553318));
#4018 = CIRCLE('',#4019,68.505727099088);
#4019 = AXIS2_PLACEMENT_3D('',#4020,#4021,#4022);
#4020 = CARTESIAN_POINT('',(0.,0.,255.45251553318));
#4021 = DIRECTION('',(0.,0.,1.));
#4022 = DIRECTION('',(1.,0.,-0.));
#4023 = ORIENTED_EDGE('',*,*,#4024,.F.);
#4024 = EDGE_CURVE('',#4025,#4016,#4027,.T.);
#4025 = VERTEX_POINT('',#4026);
#4026 = CARTESIAN_POINT('',(68.505727099088,-1.677906388303E-14,
    242.70726397986));
#4027 = LINE('',#4028,#4029);
#4028 = CARTESIAN_POINT('',(68.505727099088,-1.677906388303E-14,
    242.70726397986));
#4029 = VECTOR('',#4030,1.);
#4030 = DIRECTION('',(0.,0.,1.));
#4031 = ORIENTED_EDGE('',*,*,#4032,.T.);
#4032 = EDGE_CURVE('',#4025,#4025,#4033,.T.);
#4033 = CIRCLE('',#4034,68.505727099088);
#4034 = AXIS2_PLACEMENT_3D('',#4035,#4036,#4037);
#4035 = CARTESIAN_POINT('',(0.,0.,242.70726397986));
#4036 = DIRECTION('',(0.,0.,1.));
#4037 = DIRECTION('',(1.,0.,-0.));
#4038 = ORIENTED_EDGE('',*,*,#4024,.T.);
#4039 = CYLINDRICAL_SURFACE('',#4040,68.505727099088);
#4040 = AXIS2_PLACEMENT_3D('',#4041,#4042,#4043);
#4041 = CARTESIAN_POINT('',(0.,0.,242.70726397986));
#4042 = DIRECTION('',(0.,0.,1.));
#4043 = DIRECTION('',(1.,0.,-0.));
#4044 = ADVANCED_FACE('',(#4045),#4048,.T.);
#4045 = FACE_BOUND('',#4046,.T.);
#4046 = EDGE_LOOP('',(#4047));
#4047 = ORIENTED_EDGE('',*,*,#4015,.T.);
#4048 = PLANE('',#4049);
#4049 = AXIS2_PLACEMENT_3D('',#4050,#4051,#4052);
#4050 = CARTESIAN_POINT('',(0.,0.,255.45251553318));
#4051 = DIRECTION('',(0.,0.,1.));
#4052 = DIRECTION('',(1.,0.,-0.));
#4053 = ADVANCED_FACE('',(#4054),#4057,.F.);
#4054 = FACE_BOUND('',#4055,.T.);
#4055 = EDGE_LOOP('',(#4056));
#4056 = ORIENTED_EDGE('',*,*,#4032,.F.);
#4057 = PLANE('',#4058);
#4058 = AXIS2_PLACEMENT_3D('',#4059,#4060,#4061);
#4059 = CARTESIAN_POINT('',(0.,0.,242.70726397986));
#4060 = DIRECTION('',(0.,0.,1.));
#4061 = DIRECTION('',(1.,0.,-0.));
#4062 = MANIFOLD_SOLID_BREP('',#4063);
#4063 = CLOSED_SHELL('',(#4064,#4104,#4144,#4166,#4188,#4200));
#4064 = ADVANCED_FACE('',(#4065),#4099,.F.);
#4065 = FACE_BOUND('',#4066,.F.);
#4066 = EDGE_LOOP('',(#4067,#4077,#4085,#4093));
#4067 = ORIENTED_EDGE('',*,*,#4068,.F.);
#4068 = EDGE_CURVE('',#4069,#4071,#4073,.T.);
#4069 = VERTEX_POINT('',#4070);
#4070 = CARTESIAN_POINT('',(-28.67681599496,58.628157145266,
    318.54151072211));
#4071 = VERTEX_POINT('',#4072);
#4072 = CARTESIAN_POINT('',(-28.67681599496,58.628157145266,
    331.28676227543));
#4073 = LINE('',#4074,#4075);
#4074 = CARTESIAN_POINT('',(-28.67681599496,58.628157145266,
    318.54151072211));
#4075 = VECTOR('',#4076,1.);
#4076 = DIRECTION('',(0.,0.,1.));
#4077 = ORIENTED_EDGE('',*,*,#4078,.T.);
#4078 = EDGE_CURVE('',#4069,#4079,#4081,.T.);
#4079 = VERTEX_POINT('',#4080);
#4080 = CARTESIAN_POINT('',(-28.67681599496,63.088995188927,
    318.54151072211));
#4081 = LINE('',#4082,#4083);
#4082 = CARTESIAN_POINT('',(-28.67681599496,58.628157145266,
    318.54151072211));
#4083 = VECTOR('',#4084,1.);
#4084 = DIRECTION('',(-0.,1.,0.));
#4085 = ORIENTED_EDGE('',*,*,#4086,.T.);
#4086 = EDGE_CURVE('',#4079,#4087,#4089,.T.);
#4087 = VERTEX_POINT('',#4088);
#4088 = CARTESIAN_POINT('',(-28.67681599496,63.088995188927,
    331.28676227543));
#4089 = LINE('',#4090,#4091);
#4090 = CARTESIAN_POINT('',(-28.67681599496,63.088995188927,
    318.54151072211));
#4091 = VECTOR('',#4092,1.);
#4092 = DIRECTION('',(0.,0.,1.));
#4093 = ORIENTED_EDGE('',*,*,#4094,.F.);
#4094 = EDGE_CURVE('',#4071,#4087,#4095,.T.);
#4095 = LINE('',#4096,#4097);
#4096 = CARTESIAN_POINT('',(-28.67681599496,58.628157145266,
    331.28676227543));
#4097 = VECTOR('',#4098,1.);
#4098 = DIRECTION('',(-0.,1.,0.));
#4099 = PLANE('',#4100);
#4100 = AXIS2_PLACEMENT_3D('',#4101,#4102,#4103);
#4101 = CARTESIAN_POINT('',(-28.67681599496,58.628157145266,
    318.54151072211));
#4102 = DIRECTION('',(1.,0.,-0.));
#4103 = DIRECTION('',(0.,0.,1.));
#4104 = ADVANCED_FACE('',(#4105),#4139,.T.);
#4105 = FACE_BOUND('',#4106,.T.);
#4106 = EDGE_LOOP('',(#4107,#4117,#4125,#4133));
#4107 = ORIENTED_EDGE('',*,*,#4108,.F.);
#4108 = EDGE_CURVE('',#4109,#4111,#4113,.T.);
#4109 = VERTEX_POINT('',#4110);
#4110 = CARTESIAN_POINT('',(28.676815994967,58.628157145266,
    318.54151072211));
#4111 = VERTEX_POINT('',#4112);
#4112 = CARTESIAN_POINT('',(28.676815994967,58.628157145266,
    331.28676227543));
#4113 = LINE('',#4114,#4115);
#4114 = CARTESIAN_POINT('',(28.676815994967,58.628157145266,
    318.54151072211));
#4115 = VECTOR('',#4116,1.);
#4116 = DIRECTION('',(0.,0.,1.));
#4117 = ORIENTED_EDGE('',*,*,#4118,.T.);
#4118 = EDGE_CURVE('',#4109,#4119,#4121,.T.);
#4119 = VERTEX_POINT('',#4120);
#4120 = CARTESIAN_POINT('',(28.676815994967,63.088995188927,
    318.54151072211));
#4121 = LINE('',#4122,#4123);
#4122 = CARTESIAN_POINT('',(28.676815994967,58.628157145266,
    318.54151072211));
#4123 = VECTOR('',#4124,1.);
#4124 = DIRECTION('',(-0.,1.,0.));
#4125 = ORIENTED_EDGE('',*,*,#4126,.T.);
#4126 = EDGE_CURVE('',#4119,#4127,#4129,.T.);
#4127 = VERTEX_POINT('',#4128);
#4128 = CARTESIAN_POINT('',(28.676815994967,63.088995188927,
    331.28676227543));
#4129 = LINE('',#4130,#4131);
#4130 = CARTESIAN_POINT('',(28.676815994967,63.088995188927,
    318.54151072211));
#4131 = VECTOR('',#4132,1.);
#4132 = DIRECTION('',(0.,0.,1.));
#4133 = ORIENTED_EDGE('',*,*,#4134,.F.);
#4134 = EDGE_CURVE('',#4111,#4127,#4135,.T.);
#4135 = LINE('',#4136,#4137);
#4136 = CARTESIAN_POINT('',(28.676815994967,58.628157145266,
    331.28676227543));
#4137 = VECTOR('',#4138,1.);
#4138 = DIRECTION('',(-0.,1.,0.));
#4139 = PLANE('',#4140);
#4140 = AXIS2_PLACEMENT_3D('',#4141,#4142,#4143);
#4141 = CARTESIAN_POINT('',(28.676815994967,58.628157145266,
    318.54151072211));
#4142 = DIRECTION('',(1.,0.,-0.));
#4143 = DIRECTION('',(0.,0.,1.));
#4144 = ADVANCED_FACE('',(#4145),#4161,.F.);
#4145 = FACE_BOUND('',#4146,.F.);
#4146 = EDGE_LOOP('',(#4147,#4153,#4154,#4160));
#4147 = ORIENTED_EDGE('',*,*,#4148,.F.);
#4148 = EDGE_CURVE('',#4069,#4109,#4149,.T.);
#4149 = LINE('',#4150,#4151);
#4150 = CARTESIAN_POINT('',(-28.67681599496,58.628157145266,
    318.54151072211));
#4151 = VECTOR('',#4152,1.);
#4152 = DIRECTION('',(1.,0.,-0.));
#4153 = ORIENTED_EDGE('',*,*,#4068,.T.);
#4154 = ORIENTED_EDGE('',*,*,#4155,.T.);
#4155 = EDGE_CURVE('',#4071,#4111,#4156,.T.);
#4156 = LINE('',#4157,#4158);
#4157 = CARTESIAN_POINT('',(-28.67681599496,58.628157145266,
    331.28676227543));
#4158 = VECTOR('',#4159,1.);
#4159 = DIRECTION('',(1.,0.,-0.));
#4160 = ORIENTED_EDGE('',*,*,#4108,.F.);
#4161 = PLANE('',#4162);
#4162 = AXIS2_PLACEMENT_3D('',#4163,#4164,#4165);
#4163 = CARTESIAN_POINT('',(-28.67681599496,58.628157145266,
    318.54151072211));
#4164 = DIRECTION('',(-0.,1.,0.));
#4165 = DIRECTION('',(0.,0.,1.));
#4166 = ADVANCED_FACE('',(#4167),#4183,.T.);
#4167 = FACE_BOUND('',#4168,.T.);
#4168 = EDGE_LOOP('',(#4169,#4175,#4176,#4182));
#4169 = ORIENTED_EDGE('',*,*,#4170,.F.);
#4170 = EDGE_CURVE('',#4079,#4119,#4171,.T.);
#4171 = LINE('',#4172,#4173);
#4172 = CARTESIAN_POINT('',(-28.67681599496,63.088995188927,
    318.54151072211));
#4173 = VECTOR('',#4174,1.);
#4174 = DIRECTION('',(1.,0.,-0.));
#4175 = ORIENTED_EDGE('',*,*,#4086,.T.);
#4176 = ORIENTED_EDGE('',*,*,#4177,.T.);
#4177 = EDGE_CURVE('',#4087,#4127,#4178,.T.);
#4178 = LINE('',#4179,#4180);
#4179 = CARTESIAN_POINT('',(-28.67681599496,63.088995188927,
    331.28676227543));
#4180 = VECTOR('',#4181,1.);
#4181 = DIRECTION('',(1.,0.,-0.));
#4182 = ORIENTED_EDGE('',*,*,#4126,.F.);
#4183 = PLANE('',#4184);
#4184 = AXIS2_PLACEMENT_3D('',#4185,#4186,#4187);
#4185 = CARTESIAN_POINT('',(-28.67681599496,63.088995188927,
    318.54151072211));
#4186 = DIRECTION('',(-0.,1.,0.));
#4187 = DIRECTION('',(0.,0.,1.));
#4188 = ADVANCED_FACE('',(#4189),#4195,.F.);
#4189 = FACE_BOUND('',#4190,.F.);
#4190 = EDGE_LOOP('',(#4191,#4192,#4193,#4194));
#4191 = ORIENTED_EDGE('',*,*,#4078,.F.);
#4192 = ORIENTED_EDGE('',*,*,#4148,.T.);
#4193 = ORIENTED_EDGE('',*,*,#4118,.T.);
#4194 = ORIENTED_EDGE('',*,*,#4170,.F.);
#4195 = PLANE('',#4196);
#4196 = AXIS2_PLACEMENT_3D('',#4197,#4198,#4199);
#4197 = CARTESIAN_POINT('',(-28.67681599496,58.628157145266,
    318.54151072211));
#4198 = DIRECTION('',(0.,0.,1.));
#4199 = DIRECTION('',(1.,0.,-0.));
#4200 = ADVANCED_FACE('',(#4201),#4207,.T.);
#4201 = FACE_BOUND('',#4202,.T.);
#4202 = EDGE_LOOP('',(#4203,#4204,#4205,#4206));
#4203 = ORIENTED_EDGE('',*,*,#4094,.F.);
#4204 = ORIENTED_EDGE('',*,*,#4155,.T.);
#4205 = ORIENTED_EDGE('',*,*,#4134,.T.);
#4206 = ORIENTED_EDGE('',*,*,#4177,.F.);
#4207 = PLANE('',#4208);
#4208 = AXIS2_PLACEMENT_3D('',#4209,#4210,#4211);
#4209 = CARTESIAN_POINT('',(-28.67681599496,58.628157145266,
    331.28676227543));
#4210 = DIRECTION('',(0.,0.,1.));
#4211 = DIRECTION('',(1.,0.,-0.));
#4212 = MANIFOLD_SOLID_BREP('',#4213);
#4213 = CLOSED_SHELL('',(#4214,#4247,#4256));
#4214 = ADVANCED_FACE('',(#4215),#4242,.T.);
#4215 = FACE_BOUND('',#4216,.T.);
#4216 = EDGE_LOOP('',(#4217,#4226,#4234,#4241));
#4217 = ORIENTED_EDGE('',*,*,#4218,.F.);
#4218 = EDGE_CURVE('',#4219,#4219,#4221,.T.);
#4219 = VERTEX_POINT('',#4220);
#4220 = CARTESIAN_POINT('',(92.40307376156,-2.263222570269E-14,
    15.612933152815));
#4221 = CIRCLE('',#4222,92.40307376156);
#4222 = AXIS2_PLACEMENT_3D('',#4223,#4224,#4225);
#4223 = CARTESIAN_POINT('',(0.,0.,15.612933152815));
#4224 = DIRECTION('',(0.,0.,1.));
#4225 = DIRECTION('',(1.,0.,-0.));
#4226 = ORIENTED_EDGE('',*,*,#4227,.F.);
#4227 = EDGE_CURVE('',#4228,#4219,#4230,.T.);
#4228 = VERTEX_POINT('',#4229);
#4229 = CARTESIAN_POINT('',(92.40307376156,-2.263222570269E-14,0.));
#4230 = LINE('',#4231,#4232);
#4231 = CARTESIAN_POINT('',(92.40307376156,-2.263222570269E-14,0.));
#4232 = VECTOR('',#4233,1.);
#4233 = DIRECTION('',(0.,0.,1.));
#4234 = ORIENTED_EDGE('',*,*,#4235,.T.);
#4235 = EDGE_CURVE('',#4228,#4228,#4236,.T.);
#4236 = CIRCLE('',#4237,92.40307376156);
#4237 = AXIS2_PLACEMENT_3D('',#4238,#4239,#4240);
#4238 = CARTESIAN_POINT('',(0.,0.,0.));
#4239 = DIRECTION('',(0.,0.,1.));
#4240 = DIRECTION('',(1.,0.,-0.));
#4241 = ORIENTED_EDGE('',*,*,#4227,.T.);
#4242 = CYLINDRICAL_SURFACE('',#4243,92.40307376156);
#4243 = AXIS2_PLACEMENT_3D('',#4244,#4245,#4246);
#4244 = CARTESIAN_POINT('',(0.,0.,0.));
#4245 = DIRECTION('',(0.,0.,1.));
#4246 = DIRECTION('',(1.,0.,-0.));
#4247 = ADVANCED_FACE('',(#4248),#4251,.T.);
#4248 = FACE_BOUND('',#4249,.T.);
#4249 = EDGE_LOOP('',(#4250));
#4250 = ORIENTED_EDGE('',*,*,#4218,.T.);
#4251 = PLANE('',#4252);
#4252 = AXIS2_PLACEMENT_3D('',#4253,#4254,#4255);
#4253 = CARTESIAN_POINT('',(0.,0.,15.612933152815));
#4254 = DIRECTION('',(0.,0.,1.));
#4255 = DIRECTION('',(1.,0.,-0.));
#4256 = ADVANCED_FACE('',(#4257),#4260,.F.);
#4257 = FACE_BOUND('',#4258,.T.);
#4258 = EDGE_LOOP('',(#4259));
#4259 = ORIENTED_EDGE('',*,*,#4235,.F.);
#4260 = PLANE('',#4261);
#4261 = AXIS2_PLACEMENT_3D('',#4262,#4263,#4264);
#4262 = CARTESIAN_POINT('',(0.,0.,0.));
#4263 = DIRECTION('',(0.,0.,1.));
#4264 = DIRECTION('',(1.,0.,-0.));
#4265 = MANIFOLD_SOLID_BREP('',#4266);
#4266 = CLOSED_SHELL('',(#4267,#4300,#4309));
#4267 = ADVANCED_FACE('',(#4268),#4295,.T.);
#4268 = FACE_BOUND('',#4269,.T.);
#4269 = EDGE_LOOP('',(#4270,#4279,#4287,#4294));
#4270 = ORIENTED_EDGE('',*,*,#4271,.F.);
#4271 = EDGE_CURVE('',#4272,#4272,#4274,.T.);
#4272 = VERTEX_POINT('',#4273);
#4273 = CARTESIAN_POINT('',(87.623604429066,-2.146159333876E-14,
    22.304190218308));
#4274 = CIRCLE('',#4275,87.623604429066);
#4275 = AXIS2_PLACEMENT_3D('',#4276,#4277,#4278);
#4276 = CARTESIAN_POINT('',(0.,0.,22.304190218308));
#4277 = DIRECTION('',(0.,0.,1.));
#4278 = DIRECTION('',(1.,0.,-0.));
#4279 = ORIENTED_EDGE('',*,*,#4280,.F.);
#4280 = EDGE_CURVE('',#4281,#4272,#4283,.T.);
#4281 = VERTEX_POINT('',#4282);
#4282 = CARTESIAN_POINT('',(87.623604429066,-2.146159333876E-14,
    15.612933152815));
#4283 = LINE('',#4284,#4285);
#4284 = CARTESIAN_POINT('',(87.623604429066,-2.146159333876E-14,
    15.612933152815));
#4285 = VECTOR('',#4286,1.);
#4286 = DIRECTION('',(0.,0.,1.));
#4287 = ORIENTED_EDGE('',*,*,#4288,.T.);
#4288 = EDGE_CURVE('',#4281,#4281,#4289,.T.);
#4289 = CIRCLE('',#4290,87.623604429066);
#4290 = AXIS2_PLACEMENT_3D('',#4291,#4292,#4293);
#4291 = CARTESIAN_POINT('',(0.,0.,15.612933152815));
#4292 = DIRECTION('',(0.,0.,1.));
#4293 = DIRECTION('',(1.,0.,-0.));
#4294 = ORIENTED_EDGE('',*,*,#4280,.T.);
#4295 = CYLINDRICAL_SURFACE('',#4296,87.623604429066);
#4296 = AXIS2_PLACEMENT_3D('',#4297,#4298,#4299);
#4297 = CARTESIAN_POINT('',(0.,0.,15.612933152815));
#4298 = DIRECTION('',(0.,0.,1.));
#4299 = DIRECTION('',(1.,0.,-0.));
#4300 = ADVANCED_FACE('',(#4301),#4304,.T.);
#4301 = FACE_BOUND('',#4302,.T.);
#4302 = EDGE_LOOP('',(#4303));
#4303 = ORIENTED_EDGE('',*,*,#4271,.T.);
#4304 = PLANE('',#4305);
#4305 = AXIS2_PLACEMENT_3D('',#4306,#4307,#4308);
#4306 = CARTESIAN_POINT('',(0.,0.,22.304190218308));
#4307 = DIRECTION('',(0.,0.,1.));
#4308 = DIRECTION('',(1.,0.,-0.));
#4309 = ADVANCED_FACE('',(#4310),#4313,.F.);
#4310 = FACE_BOUND('',#4311,.T.);
#4311 = EDGE_LOOP('',(#4312));
#4312 = ORIENTED_EDGE('',*,*,#4288,.F.);
#4313 = PLANE('',#4314);
#4314 = AXIS2_PLACEMENT_3D('',#4315,#4316,#4317);
#4315 = CARTESIAN_POINT('',(0.,0.,15.612933152815));
#4316 = DIRECTION('',(0.,0.,1.));
#4317 = DIRECTION('',(1.,0.,-0.));
#4318 = MANIFOLD_SOLID_BREP('',#4319);
#4319 = CLOSED_SHELL('',(#4320,#4360,#4400,#4422,#4444,#4456));
#4320 = ADVANCED_FACE('',(#4321),#4355,.F.);
#4321 = FACE_BOUND('',#4322,.F.);
#4322 = EDGE_LOOP('',(#4323,#4333,#4341,#4349));
#4323 = ORIENTED_EDGE('',*,*,#4324,.F.);
#4324 = EDGE_CURVE('',#4325,#4327,#4329,.T.);
#4325 = VERTEX_POINT('',#4326);
#4326 = CARTESIAN_POINT('',(203.12744663101,-32.11803391436,
    -162.5019573048));
#4327 = VERTEX_POINT('',#4328);
#4328 = CARTESIAN_POINT('',(203.12744663101,-32.11803391436,
    457.78338394212));
#4329 = LINE('',#4330,#4331);
#4330 = CARTESIAN_POINT('',(203.12744663101,-32.11803391436,
    -162.5019573048));
#4331 = VECTOR('',#4332,1.);
#4332 = DIRECTION('',(0.,0.,1.));
#4333 = ORIENTED_EDGE('',*,*,#4334,.T.);
#4334 = EDGE_CURVE('',#4325,#4335,#4337,.T.);
#4335 = VERTEX_POINT('',#4336);
#4336 = CARTESIAN_POINT('',(203.12744663101,82.589230065505,
    -162.5019573048));
#4337 = LINE('',#4338,#4339);
#4338 = CARTESIAN_POINT('',(203.12744663101,-32.11803391436,
    -162.5019573048));
#4339 = VECTOR('',#4340,1.);
#4340 = DIRECTION('',(-0.,1.,0.));
#4341 = ORIENTED_EDGE('',*,*,#4342,.T.);
#4342 = EDGE_CURVE('',#4335,#4343,#4345,.T.);
#4343 = VERTEX_POINT('',#4344);
#4344 = CARTESIAN_POINT('',(203.12744663101,82.589230065505,
    457.78338394212));
#4345 = LINE('',#4346,#4347);
#4346 = CARTESIAN_POINT('',(203.12744663101,82.589230065505,
    -162.5019573048));
#4347 = VECTOR('',#4348,1.);
#4348 = DIRECTION('',(0.,0.,1.));
#4349 = ORIENTED_EDGE('',*,*,#4350,.F.);
#4350 = EDGE_CURVE('',#4327,#4343,#4351,.T.);
#4351 = LINE('',#4352,#4353);
#4352 = CARTESIAN_POINT('',(203.12744663101,-32.11803391436,
    457.78338394212));
#4353 = VECTOR('',#4354,1.);
#4354 = DIRECTION('',(-0.,1.,0.));
#4355 = PLANE('',#4356);
#4356 = AXIS2_PLACEMENT_3D('',#4357,#4358,#4359);
#4357 = CARTESIAN_POINT('',(203.12744663101,-32.11803391436,
    -162.5019573048));
#4358 = DIRECTION('',(1.,0.,-0.));
#4359 = DIRECTION('',(0.,0.,1.));
#4360 = ADVANCED_FACE('',(#4361),#4395,.T.);
#4361 = FACE_BOUND('',#4362,.T.);
#4362 = EDGE_LOOP('',(#4363,#4373,#4381,#4389));
#4363 = ORIENTED_EDGE('',*,*,#4364,.F.);
#4364 = EDGE_CURVE('',#4365,#4367,#4369,.T.);
#4365 = VERTEX_POINT('',#4366);
#4366 = CARTESIAN_POINT('',(285.97158172758,-32.11803391436,
    -162.5019573048));
#4367 = VERTEX_POINT('',#4368);
#4368 = CARTESIAN_POINT('',(285.97158172758,-32.11803391436,
    457.78338394212));
#4369 = LINE('',#4370,#4371);
#4370 = CARTESIAN_POINT('',(285.97158172758,-32.11803391436,
    -162.5019573048));
#4371 = VECTOR('',#4372,1.);
#4372 = DIRECTION('',(0.,0.,1.));
#4373 = ORIENTED_EDGE('',*,*,#4374,.T.);
#4374 = EDGE_CURVE('',#4365,#4375,#4377,.T.);
#4375 = VERTEX_POINT('',#4376);
#4376 = CARTESIAN_POINT('',(285.97158172758,82.589230065505,
    -162.5019573048));
#4377 = LINE('',#4378,#4379);
#4378 = CARTESIAN_POINT('',(285.97158172758,-32.11803391436,
    -162.5019573048));
#4379 = VECTOR('',#4380,1.);
#4380 = DIRECTION('',(-0.,1.,0.));
#4381 = ORIENTED_EDGE('',*,*,#4382,.T.);
#4382 = EDGE_CURVE('',#4375,#4383,#4385,.T.);
#4383 = VERTEX_POINT('',#4384);
#4384 = CARTESIAN_POINT('',(285.97158172758,82.589230065505,
    457.78338394212));
#4385 = LINE('',#4386,#4387);
#4386 = CARTESIAN_POINT('',(285.97158172758,82.589230065505,
    -162.5019573048));
#4387 = VECTOR('',#4388,1.);
#4388 = DIRECTION('',(0.,0.,1.));
#4389 = ORIENTED_EDGE('',*,*,#4390,.F.);
#4390 = EDGE_CURVE('',#4367,#4383,#4391,.T.);
#4391 = LINE('',#4392,#4393);
#4392 = CARTESIAN_POINT('',(285.97158172758,-32.11803391436,
    457.78338394212));
#4393 = VECTOR('',#4394,1.);
#4394 = DIRECTION('',(-0.,1.,0.));
#4395 = PLANE('',#4396);
#4396 = AXIS2_PLACEMENT_3D('',#4397,#4398,#4399);
#4397 = CARTESIAN_POINT('',(285.97158172758,-32.11803391436,
    -162.5019573048));
#4398 = DIRECTION('',(1.,0.,-0.));
#4399 = DIRECTION('',(0.,0.,1.));
#4400 = ADVANCED_FACE('',(#4401),#4417,.F.);
#4401 = FACE_BOUND('',#4402,.F.);
#4402 = EDGE_LOOP('',(#4403,#4409,#4410,#4416));
#4403 = ORIENTED_EDGE('',*,*,#4404,.F.);
#4404 = EDGE_CURVE('',#4325,#4365,#4405,.T.);
#4405 = LINE('',#4406,#4407);
#4406 = CARTESIAN_POINT('',(203.12744663101,-32.11803391436,
    -162.5019573048));
#4407 = VECTOR('',#4408,1.);
#4408 = DIRECTION('',(1.,0.,-0.));
#4409 = ORIENTED_EDGE('',*,*,#4324,.T.);
#4410 = ORIENTED_EDGE('',*,*,#4411,.T.);
#4411 = EDGE_CURVE('',#4327,#4367,#4412,.T.);
#4412 = LINE('',#4413,#4414);
#4413 = CARTESIAN_POINT('',(203.12744663101,-32.11803391436,
    457.78338394212));
#4414 = VECTOR('',#4415,1.);
#4415 = DIRECTION('',(1.,0.,-0.));
#4416 = ORIENTED_EDGE('',*,*,#4364,.F.);
#4417 = PLANE('',#4418);
#4418 = AXIS2_PLACEMENT_3D('',#4419,#4420,#4421);
#4419 = CARTESIAN_POINT('',(203.12744663101,-32.11803391436,
    -162.5019573048));
#4420 = DIRECTION('',(-0.,1.,0.));
#4421 = DIRECTION('',(0.,0.,1.));
#4422 = ADVANCED_FACE('',(#4423),#4439,.T.);
#4423 = FACE_BOUND('',#4424,.T.);
#4424 = EDGE_LOOP('',(#4425,#4431,#4432,#4438));
#4425 = ORIENTED_EDGE('',*,*,#4426,.F.);
#4426 = EDGE_CURVE('',#4335,#4375,#4427,.T.);
#4427 = LINE('',#4428,#4429);
#4428 = CARTESIAN_POINT('',(203.12744663101,82.589230065505,
    -162.5019573048));
#4429 = VECTOR('',#4430,1.);
#4430 = DIRECTION('',(1.,0.,-0.));
#4431 = ORIENTED_EDGE('',*,*,#4342,.T.);
#4432 = ORIENTED_EDGE('',*,*,#4433,.T.);
#4433 = EDGE_CURVE('',#4343,#4383,#4434,.T.);
#4434 = LINE('',#4435,#4436);
#4435 = CARTESIAN_POINT('',(203.12744663101,82.589230065505,
    457.78338394212));
#4436 = VECTOR('',#4437,1.);
#4437 = DIRECTION('',(1.,0.,-0.));
#4438 = ORIENTED_EDGE('',*,*,#4382,.F.);
#4439 = PLANE('',#4440);
#4440 = AXIS2_PLACEMENT_3D('',#4441,#4442,#4443);
#4441 = CARTESIAN_POINT('',(203.12744663101,82.589230065505,
    -162.5019573048));
#4442 = DIRECTION('',(-0.,1.,0.));
#4443 = DIRECTION('',(0.,0.,1.));
#4444 = ADVANCED_FACE('',(#4445),#4451,.F.);
#4445 = FACE_BOUND('',#4446,.F.);
#4446 = EDGE_LOOP('',(#4447,#4448,#4449,#4450));
#4447 = ORIENTED_EDGE('',*,*,#4334,.F.);
#4448 = ORIENTED_EDGE('',*,*,#4404,.T.);
#4449 = ORIENTED_EDGE('',*,*,#4374,.T.);
#4450 = ORIENTED_EDGE('',*,*,#4426,.F.);
#4451 = PLANE('',#4452);
#4452 = AXIS2_PLACEMENT_3D('',#4453,#4454,#4455);
#4453 = CARTESIAN_POINT('',(203.12744663101,-32.11803391436,
    -162.5019573048));
#4454 = DIRECTION('',(0.,0.,1.));
#4455 = DIRECTION('',(1.,0.,-0.));
#4456 = ADVANCED_FACE('',(#4457),#4463,.T.);
#4457 = FACE_BOUND('',#4458,.T.);
#4458 = EDGE_LOOP('',(#4459,#4460,#4461,#4462));
#4459 = ORIENTED_EDGE('',*,*,#4350,.F.);
#4460 = ORIENTED_EDGE('',*,*,#4411,.T.);
#4461 = ORIENTED_EDGE('',*,*,#4390,.T.);
#4462 = ORIENTED_EDGE('',*,*,#4433,.F.);
#4463 = PLANE('',#4464);
#4464 = AXIS2_PLACEMENT_3D('',#4465,#4466,#4467);
#4465 = CARTESIAN_POINT('',(203.12744663101,-32.11803391436,
    457.78338394212));
#4466 = DIRECTION('',(0.,0.,1.));
#4467 = DIRECTION('',(1.,0.,-0.));
#4468 = MANIFOLD_SOLID_BREP('',#4469);
#4469 = CLOSED_SHELL('',(#4470,#4510,#4550,#4572,#4594,#4606));
#4470 = ADVANCED_FACE('',(#4471),#4505,.F.);
#4471 = FACE_BOUND('',#4472,.F.);
#4472 = EDGE_LOOP('',(#4473,#4483,#4491,#4499));
#4473 = ORIENTED_EDGE('',*,*,#4474,.F.);
#4474 = EDGE_CURVE('',#4475,#4477,#4479,.T.);
#4475 = VERTEX_POINT('',#4476);
#4476 = CARTESIAN_POINT('',(199.94113374268,-22.55909524937,
    -122.6730462006));
#4477 = VERTEX_POINT('',#4478);
#4478 = CARTESIAN_POINT('',(199.94113374268,-22.55909524937,
    417.954472838));
#4479 = LINE('',#4480,#4481);
#4480 = CARTESIAN_POINT('',(199.94113374268,-22.55909524937,
    -122.6730462006));
#4481 = VECTOR('',#4482,1.);
#4482 = DIRECTION('',(0.,0.,1.));
#4483 = ORIENTED_EDGE('',*,*,#4484,.T.);
#4484 = EDGE_CURVE('',#4475,#4485,#4487,.T.);
#4485 = VERTEX_POINT('',#4486);
#4486 = CARTESIAN_POINT('',(199.94113374268,73.030291400516,
    -122.6730462006));
#4487 = LINE('',#4488,#4489);
#4488 = CARTESIAN_POINT('',(199.94113374268,-22.55909524937,
    -122.6730462006));
#4489 = VECTOR('',#4490,1.);
#4490 = DIRECTION('',(-0.,1.,0.));
#4491 = ORIENTED_EDGE('',*,*,#4492,.T.);
#4492 = EDGE_CURVE('',#4485,#4493,#4495,.T.);
#4493 = VERTEX_POINT('',#4494);
#4494 = CARTESIAN_POINT('',(199.94113374268,73.030291400516,
    417.954472838));
#4495 = LINE('',#4496,#4497);
#4496 = CARTESIAN_POINT('',(199.94113374268,73.030291400516,
    -122.6730462006));
#4497 = VECTOR('',#4498,1.);
#4498 = DIRECTION('',(0.,0.,1.));
#4499 = ORIENTED_EDGE('',*,*,#4500,.F.);
#4500 = EDGE_CURVE('',#4477,#4493,#4501,.T.);
#4501 = LINE('',#4502,#4503);
#4502 = CARTESIAN_POINT('',(199.94113374268,-22.55909524937,
    417.954472838));
#4503 = VECTOR('',#4504,1.);
#4504 = DIRECTION('',(-0.,1.,0.));
#4505 = PLANE('',#4506);
#4506 = AXIS2_PLACEMENT_3D('',#4507,#4508,#4509);
#4507 = CARTESIAN_POINT('',(199.94113374268,-22.55909524937,
    -122.6730462006));
#4508 = DIRECTION('',(1.,0.,-0.));
#4509 = DIRECTION('',(0.,0.,1.));
#4510 = ADVANCED_FACE('',(#4511),#4545,.T.);
#4511 = FACE_BOUND('',#4512,.T.);
#4512 = EDGE_LOOP('',(#4513,#4523,#4531,#4539));
#4513 = ORIENTED_EDGE('',*,*,#4514,.F.);
#4514 = EDGE_CURVE('',#4515,#4517,#4519,.T.);
#4515 = VERTEX_POINT('',#4516);
#4516 = CARTESIAN_POINT('',(203.92402485309,-22.55909524937,
    -122.6730462006));
#4517 = VERTEX_POINT('',#4518);
#4518 = CARTESIAN_POINT('',(203.92402485309,-22.55909524937,
    417.954472838));
#4519 = LINE('',#4520,#4521);
#4520 = CARTESIAN_POINT('',(203.92402485309,-22.55909524937,
    -122.6730462006));
#4521 = VECTOR('',#4522,1.);
#4522 = DIRECTION('',(0.,0.,1.));
#4523 = ORIENTED_EDGE('',*,*,#4524,.T.);
#4524 = EDGE_CURVE('',#4515,#4525,#4527,.T.);
#4525 = VERTEX_POINT('',#4526);
#4526 = CARTESIAN_POINT('',(203.92402485309,73.030291400516,
    -122.6730462006));
#4527 = LINE('',#4528,#4529);
#4528 = CARTESIAN_POINT('',(203.92402485309,-22.55909524937,
    -122.6730462006));
#4529 = VECTOR('',#4530,1.);
#4530 = DIRECTION('',(-0.,1.,0.));
#4531 = ORIENTED_EDGE('',*,*,#4532,.T.);
#4532 = EDGE_CURVE('',#4525,#4533,#4535,.T.);
#4533 = VERTEX_POINT('',#4534);
#4534 = CARTESIAN_POINT('',(203.92402485309,73.030291400516,
    417.954472838));
#4535 = LINE('',#4536,#4537);
#4536 = CARTESIAN_POINT('',(203.92402485309,73.030291400516,
    -122.6730462006));
#4537 = VECTOR('',#4538,1.);
#4538 = DIRECTION('',(0.,0.,1.));
#4539 = ORIENTED_EDGE('',*,*,#4540,.F.);
#4540 = EDGE_CURVE('',#4517,#4533,#4541,.T.);
#4541 = LINE('',#4542,#4543);
#4542 = CARTESIAN_POINT('',(203.92402485309,-22.55909524937,
    417.954472838));
#4543 = VECTOR('',#4544,1.);
#4544 = DIRECTION('',(-0.,1.,0.));
#4545 = PLANE('',#4546);
#4546 = AXIS2_PLACEMENT_3D('',#4547,#4548,#4549);
#4547 = CARTESIAN_POINT('',(203.92402485309,-22.55909524937,
    -122.6730462006));
#4548 = DIRECTION('',(1.,0.,-0.));
#4549 = DIRECTION('',(0.,0.,1.));
#4550 = ADVANCED_FACE('',(#4551),#4567,.F.);
#4551 = FACE_BOUND('',#4552,.F.);
#4552 = EDGE_LOOP('',(#4553,#4559,#4560,#4566));
#4553 = ORIENTED_EDGE('',*,*,#4554,.F.);
#4554 = EDGE_CURVE('',#4475,#4515,#4555,.T.);
#4555 = LINE('',#4556,#4557);
#4556 = CARTESIAN_POINT('',(199.94113374268,-22.55909524937,
    -122.6730462006));
#4557 = VECTOR('',#4558,1.);
#4558 = DIRECTION('',(1.,0.,-0.));
#4559 = ORIENTED_EDGE('',*,*,#4474,.T.);
#4560 = ORIENTED_EDGE('',*,*,#4561,.T.);
#4561 = EDGE_CURVE('',#4477,#4517,#4562,.T.);
#4562 = LINE('',#4563,#4564);
#4563 = CARTESIAN_POINT('',(199.94113374268,-22.55909524937,
    417.954472838));
#4564 = VECTOR('',#4565,1.);
#4565 = DIRECTION('',(1.,0.,-0.));
#4566 = ORIENTED_EDGE('',*,*,#4514,.F.);
#4567 = PLANE('',#4568);
#4568 = AXIS2_PLACEMENT_3D('',#4569,#4570,#4571);
#4569 = CARTESIAN_POINT('',(199.94113374268,-22.55909524937,
    -122.6730462006));
#4570 = DIRECTION('',(-0.,1.,0.));
#4571 = DIRECTION('',(0.,0.,1.));
#4572 = ADVANCED_FACE('',(#4573),#4589,.T.);
#4573 = FACE_BOUND('',#4574,.T.);
#4574 = EDGE_LOOP('',(#4575,#4581,#4582,#4588));
#4575 = ORIENTED_EDGE('',*,*,#4576,.F.);
#4576 = EDGE_CURVE('',#4485,#4525,#4577,.T.);
#4577 = LINE('',#4578,#4579);
#4578 = CARTESIAN_POINT('',(199.94113374268,73.030291400516,
    -122.6730462006));
#4579 = VECTOR('',#4580,1.);
#4580 = DIRECTION('',(1.,0.,-0.));
#4581 = ORIENTED_EDGE('',*,*,#4492,.T.);
#4582 = ORIENTED_EDGE('',*,*,#4583,.T.);
#4583 = EDGE_CURVE('',#4493,#4533,#4584,.T.);
#4584 = LINE('',#4585,#4586);
#4585 = CARTESIAN_POINT('',(199.94113374268,73.030291400516,
    417.954472838));
#4586 = VECTOR('',#4587,1.);
#4587 = DIRECTION('',(1.,0.,-0.));
#4588 = ORIENTED_EDGE('',*,*,#4532,.F.);
#4589 = PLANE('',#4590);
#4590 = AXIS2_PLACEMENT_3D('',#4591,#4592,#4593);
#4591 = CARTESIAN_POINT('',(199.94113374268,73.030291400516,
    -122.6730462006));
#4592 = DIRECTION('',(-0.,1.,0.));
#4593 = DIRECTION('',(0.,0.,1.));
#4594 = ADVANCED_FACE('',(#4595),#4601,.F.);
#4595 = FACE_BOUND('',#4596,.F.);
#4596 = EDGE_LOOP('',(#4597,#4598,#4599,#4600));
#4597 = ORIENTED_EDGE('',*,*,#4484,.F.);
#4598 = ORIENTED_EDGE('',*,*,#4554,.T.);
#4599 = ORIENTED_EDGE('',*,*,#4524,.T.);
#4600 = ORIENTED_EDGE('',*,*,#4576,.F.);
#4601 = PLANE('',#4602);
#4602 = AXIS2_PLACEMENT_3D('',#4603,#4604,#4605);
#4603 = CARTESIAN_POINT('',(199.94113374268,-22.55909524937,
    -122.6730462006));
#4604 = DIRECTION('',(0.,0.,1.));
#4605 = DIRECTION('',(1.,0.,-0.));
#4606 = ADVANCED_FACE('',(#4607),#4613,.T.);
#4607 = FACE_BOUND('',#4608,.T.);
#4608 = EDGE_LOOP('',(#4609,#4610,#4611,#4612));
#4609 = ORIENTED_EDGE('',*,*,#4500,.F.);
#4610 = ORIENTED_EDGE('',*,*,#4561,.T.);
#4611 = ORIENTED_EDGE('',*,*,#4540,.T.);
#4612 = ORIENTED_EDGE('',*,*,#4583,.F.);
#4613 = PLANE('',#4614);
#4614 = AXIS2_PLACEMENT_3D('',#4615,#4616,#4617);
#4615 = CARTESIAN_POINT('',(199.94113374268,-22.55909524937,
    417.954472838));
#4616 = DIRECTION('',(0.,0.,1.));
#4617 = DIRECTION('',(1.,0.,-0.));
#4618 = MANIFOLD_SOLID_BREP('',#4619);
#4619 = CLOSED_SHELL('',(#4620,#4660,#4700,#4722,#4744,#4756));
#4620 = ADVANCED_FACE('',(#4621),#4655,.F.);
#4621 = FACE_BOUND('',#4622,.F.);
#4622 = EDGE_LOOP('',(#4623,#4633,#4641,#4649));
#4623 = ORIENTED_EDGE('',*,*,#4624,.F.);
#4624 = EDGE_CURVE('',#4625,#4627,#4629,.T.);
#4625 = VERTEX_POINT('',#4626);
#4626 = CARTESIAN_POINT('',(198.34797729852,18.862972298912,
    322.36508618811));
#4627 = VERTEX_POINT('',#4628);
#4628 = CARTESIAN_POINT('',(198.34797729852,18.862972298912,
    357.41452795973));
#4629 = LINE('',#4630,#4631);
#4630 = CARTESIAN_POINT('',(198.34797729852,18.862972298912,
    322.36508618811));
#4631 = VECTOR('',#4632,1.);
#4632 = DIRECTION('',(0.,0.,1.));
#4633 = ORIENTED_EDGE('',*,*,#4634,.T.);
#4634 = EDGE_CURVE('',#4625,#4635,#4637,.T.);
#4635 = VERTEX_POINT('',#4636);
#4636 = CARTESIAN_POINT('',(198.34797729852,66.657665623857,
    322.36508618811));
#4637 = LINE('',#4638,#4639);
#4638 = CARTESIAN_POINT('',(198.34797729852,18.862972298912,
    322.36508618811));
#4639 = VECTOR('',#4640,1.);
#4640 = DIRECTION('',(-0.,1.,0.));
#4641 = ORIENTED_EDGE('',*,*,#4642,.T.);
#4642 = EDGE_CURVE('',#4635,#4643,#4645,.T.);
#4643 = VERTEX_POINT('',#4644);
#4644 = CARTESIAN_POINT('',(198.34797729852,66.657665623857,
    357.41452795973));
#4645 = LINE('',#4646,#4647);
#4646 = CARTESIAN_POINT('',(198.34797729852,66.657665623857,
    322.36508618811));
#4647 = VECTOR('',#4648,1.);
#4648 = DIRECTION('',(0.,0.,1.));
#4649 = ORIENTED_EDGE('',*,*,#4650,.F.);
#4650 = EDGE_CURVE('',#4627,#4643,#4651,.T.);
#4651 = LINE('',#4652,#4653);
#4652 = CARTESIAN_POINT('',(198.34797729852,18.862972298912,
    357.41452795973));
#4653 = VECTOR('',#4654,1.);
#4654 = DIRECTION('',(-0.,1.,0.));
#4655 = PLANE('',#4656);
#4656 = AXIS2_PLACEMENT_3D('',#4657,#4658,#4659);
#4657 = CARTESIAN_POINT('',(198.34797729852,18.862972298912,
    322.36508618811));
#4658 = DIRECTION('',(1.,0.,-0.));
#4659 = DIRECTION('',(0.,0.,1.));
#4660 = ADVANCED_FACE('',(#4661),#4695,.T.);
#4661 = FACE_BOUND('',#4662,.T.);
#4662 = EDGE_LOOP('',(#4663,#4673,#4681,#4689));
#4663 = ORIENTED_EDGE('',*,*,#4664,.F.);
#4664 = EDGE_CURVE('',#4665,#4667,#4669,.T.);
#4665 = VERTEX_POINT('',#4666);
#4666 = CARTESIAN_POINT('',(201.53429018685,18.862972298912,
    322.36508618811));
#4667 = VERTEX_POINT('',#4668);
#4668 = CARTESIAN_POINT('',(201.53429018685,18.862972298912,
    357.41452795973));
#4669 = LINE('',#4670,#4671);
#4670 = CARTESIAN_POINT('',(201.53429018685,18.862972298912,
    322.36508618811));
#4671 = VECTOR('',#4672,1.);
#4672 = DIRECTION('',(0.,0.,1.));
#4673 = ORIENTED_EDGE('',*,*,#4674,.T.);
#4674 = EDGE_CURVE('',#4665,#4675,#4677,.T.);
#4675 = VERTEX_POINT('',#4676);
#4676 = CARTESIAN_POINT('',(201.53429018685,66.657665623857,
    322.36508618811));
#4677 = LINE('',#4678,#4679);
#4678 = CARTESIAN_POINT('',(201.53429018685,18.862972298912,
    322.36508618811));
#4679 = VECTOR('',#4680,1.);
#4680 = DIRECTION('',(-0.,1.,0.));
#4681 = ORIENTED_EDGE('',*,*,#4682,.T.);
#4682 = EDGE_CURVE('',#4675,#4683,#4685,.T.);
#4683 = VERTEX_POINT('',#4684);
#4684 = CARTESIAN_POINT('',(201.53429018685,66.657665623857,
    357.41452795973));
#4685 = LINE('',#4686,#4687);
#4686 = CARTESIAN_POINT('',(201.53429018685,66.657665623857,
    322.36508618811));
#4687 = VECTOR('',#4688,1.);
#4688 = DIRECTION('',(0.,0.,1.));
#4689 = ORIENTED_EDGE('',*,*,#4690,.F.);
#4690 = EDGE_CURVE('',#4667,#4683,#4691,.T.);
#4691 = LINE('',#4692,#4693);
#4692 = CARTESIAN_POINT('',(201.53429018685,18.862972298912,
    357.41452795973));
#4693 = VECTOR('',#4694,1.);
#4694 = DIRECTION('',(-0.,1.,0.));
#4695 = PLANE('',#4696);
#4696 = AXIS2_PLACEMENT_3D('',#4697,#4698,#4699);
#4697 = CARTESIAN_POINT('',(201.53429018685,18.862972298912,
    322.36508618811));
#4698 = DIRECTION('',(1.,0.,-0.));
#4699 = DIRECTION('',(0.,0.,1.));
#4700 = ADVANCED_FACE('',(#4701),#4717,.F.);
#4701 = FACE_BOUND('',#4702,.F.);
#4702 = EDGE_LOOP('',(#4703,#4709,#4710,#4716));
#4703 = ORIENTED_EDGE('',*,*,#4704,.F.);
#4704 = EDGE_CURVE('',#4625,#4665,#4705,.T.);
#4705 = LINE('',#4706,#4707);
#4706 = CARTESIAN_POINT('',(198.34797729852,18.862972298912,
    322.36508618811));
#4707 = VECTOR('',#4708,1.);
#4708 = DIRECTION('',(1.,0.,-0.));
#4709 = ORIENTED_EDGE('',*,*,#4624,.T.);
#4710 = ORIENTED_EDGE('',*,*,#4711,.T.);
#4711 = EDGE_CURVE('',#4627,#4667,#4712,.T.);
#4712 = LINE('',#4713,#4714);
#4713 = CARTESIAN_POINT('',(198.34797729852,18.862972298912,
    357.41452795973));
#4714 = VECTOR('',#4715,1.);
#4715 = DIRECTION('',(1.,0.,-0.));
#4716 = ORIENTED_EDGE('',*,*,#4664,.F.);
#4717 = PLANE('',#4718);
#4718 = AXIS2_PLACEMENT_3D('',#4719,#4720,#4721);
#4719 = CARTESIAN_POINT('',(198.34797729852,18.862972298912,
    322.36508618811));
#4720 = DIRECTION('',(-0.,1.,0.));
#4721 = DIRECTION('',(0.,0.,1.));
#4722 = ADVANCED_FACE('',(#4723),#4739,.T.);
#4723 = FACE_BOUND('',#4724,.T.);
#4724 = EDGE_LOOP('',(#4725,#4731,#4732,#4738));
#4725 = ORIENTED_EDGE('',*,*,#4726,.F.);
#4726 = EDGE_CURVE('',#4635,#4675,#4727,.T.);
#4727 = LINE('',#4728,#4729);
#4728 = CARTESIAN_POINT('',(198.34797729852,66.657665623857,
    322.36508618811));
#4729 = VECTOR('',#4730,1.);
#4730 = DIRECTION('',(1.,0.,-0.));
#4731 = ORIENTED_EDGE('',*,*,#4642,.T.);
#4732 = ORIENTED_EDGE('',*,*,#4733,.T.);
#4733 = EDGE_CURVE('',#4643,#4683,#4734,.T.);
#4734 = LINE('',#4735,#4736);
#4735 = CARTESIAN_POINT('',(198.34797729852,66.657665623857,
    357.41452795973));
#4736 = VECTOR('',#4737,1.);
#4737 = DIRECTION('',(1.,0.,-0.));
#4738 = ORIENTED_EDGE('',*,*,#4682,.F.);
#4739 = PLANE('',#4740);
#4740 = AXIS2_PLACEMENT_3D('',#4741,#4742,#4743);
#4741 = CARTESIAN_POINT('',(198.34797729852,66.657665623857,
    322.36508618811));
#4742 = DIRECTION('',(-0.,1.,0.));
#4743 = DIRECTION('',(0.,0.,1.));
#4744 = ADVANCED_FACE('',(#4745),#4751,.F.);
#4745 = FACE_BOUND('',#4746,.F.);
#4746 = EDGE_LOOP('',(#4747,#4748,#4749,#4750));
#4747 = ORIENTED_EDGE('',*,*,#4634,.F.);
#4748 = ORIENTED_EDGE('',*,*,#4704,.T.);
#4749 = ORIENTED_EDGE('',*,*,#4674,.T.);
#4750 = ORIENTED_EDGE('',*,*,#4726,.F.);
#4751 = PLANE('',#4752);
#4752 = AXIS2_PLACEMENT_3D('',#4753,#4754,#4755);
#4753 = CARTESIAN_POINT('',(198.34797729852,18.862972298912,
    322.36508618811));
#4754 = DIRECTION('',(0.,0.,1.));
#4755 = DIRECTION('',(1.,0.,-0.));
#4756 = ADVANCED_FACE('',(#4757),#4763,.T.);
#4757 = FACE_BOUND('',#4758,.T.);
#4758 = EDGE_LOOP('',(#4759,#4760,#4761,#4762));
#4759 = ORIENTED_EDGE('',*,*,#4650,.F.);
#4760 = ORIENTED_EDGE('',*,*,#4711,.T.);
#4761 = ORIENTED_EDGE('',*,*,#4690,.T.);
#4762 = ORIENTED_EDGE('',*,*,#4733,.F.);
#4763 = PLANE('',#4764);
#4764 = AXIS2_PLACEMENT_3D('',#4765,#4766,#4767);
#4765 = CARTESIAN_POINT('',(198.34797729852,18.862972298912,
    357.41452795973));
#4766 = DIRECTION('',(0.,0.,1.));
#4767 = DIRECTION('',(1.,0.,-0.));
#4768 = MANIFOLD_SOLID_BREP('',#4769);
#4769 = CLOSED_SHELL('',(#4770,#4803,#4812));
#4770 = ADVANCED_FACE('',(#4771),#4798,.T.);
#4771 = FACE_BOUND('',#4772,.T.);
#4772 = EDGE_LOOP('',(#4773,#4782,#4790,#4797));
#4773 = ORIENTED_EDGE('',*,*,#4774,.F.);
#4774 = EDGE_CURVE('',#4775,#4775,#4777,.T.);
#4775 = VERTEX_POINT('',#4776);
#4776 = CARTESIAN_POINT('',(211.09322885184,76.216604288846,
    276.96012752941));
#4777 = CIRCLE('',#4778,10.355516887071);
#4778 = AXIS2_PLACEMENT_3D('',#4779,#4780,#4781);
#4779 = CARTESIAN_POINT('',(211.09322885184,76.216604288846,
    266.60461064234));
#4780 = DIRECTION('',(1.,0.,0.));
#4781 = DIRECTION('',(-0.,0.,1.));
#4782 = ORIENTED_EDGE('',*,*,#4783,.F.);
#4783 = EDGE_CURVE('',#4784,#4775,#4786,.T.);
#4784 = VERTEX_POINT('',#4785);
#4785 = CARTESIAN_POINT('',(196.75482085435,76.216604288846,
    276.96012752941));
#4786 = LINE('',#4787,#4788);
#4787 = CARTESIAN_POINT('',(196.75482085435,76.216604288846,
    276.96012752941));
#4788 = VECTOR('',#4789,1.);
#4789 = DIRECTION('',(1.,0.,0.));
#4790 = ORIENTED_EDGE('',*,*,#4791,.T.);
#4791 = EDGE_CURVE('',#4784,#4784,#4792,.T.);
#4792 = CIRCLE('',#4793,10.355516887071);
#4793 = AXIS2_PLACEMENT_3D('',#4794,#4795,#4796);
#4794 = CARTESIAN_POINT('',(196.75482085435,76.216604288846,
    266.60461064234));
#4795 = DIRECTION('',(1.,0.,0.));
#4796 = DIRECTION('',(-0.,0.,1.));
#4797 = ORIENTED_EDGE('',*,*,#4783,.T.);
#4798 = CYLINDRICAL_SURFACE('',#4799,10.355516887071);
#4799 = AXIS2_PLACEMENT_3D('',#4800,#4801,#4802);
#4800 = CARTESIAN_POINT('',(196.75482085435,76.216604288846,
    266.60461064234));
#4801 = DIRECTION('',(1.,0.,0.));
#4802 = DIRECTION('',(-0.,0.,1.));
#4803 = ADVANCED_FACE('',(#4804),#4807,.T.);
#4804 = FACE_BOUND('',#4805,.T.);
#4805 = EDGE_LOOP('',(#4806));
#4806 = ORIENTED_EDGE('',*,*,#4774,.T.);
#4807 = PLANE('',#4808);
#4808 = AXIS2_PLACEMENT_3D('',#4809,#4810,#4811);
#4809 = CARTESIAN_POINT('',(211.09322885184,76.216604288846,
    266.60461064234));
#4810 = DIRECTION('',(1.,0.,0.));
#4811 = DIRECTION('',(-0.,0.,1.));
#4812 = ADVANCED_FACE('',(#4813),#4816,.F.);
#4813 = FACE_BOUND('',#4814,.T.);
#4814 = EDGE_LOOP('',(#4815));
#4815 = ORIENTED_EDGE('',*,*,#4791,.F.);
#4816 = PLANE('',#4817);
#4817 = AXIS2_PLACEMENT_3D('',#4818,#4819,#4820);
#4818 = CARTESIAN_POINT('',(196.75482085435,76.216604288846,
    266.60461064234));
#4819 = DIRECTION('',(1.,0.,0.));
#4820 = DIRECTION('',(-0.,0.,1.));
#4821 = MANIFOLD_SOLID_BREP('',#4822);
#4822 = CLOSED_SHELL('',(#4823,#4863,#4903,#4925,#4947,#4959));
#4823 = ADVANCED_FACE('',(#4824),#4858,.F.);
#4824 = FACE_BOUND('',#4825,.F.);
#4825 = EDGE_LOOP('',(#4826,#4836,#4844,#4852));
#4826 = ORIENTED_EDGE('',*,*,#4827,.F.);
#4827 = EDGE_CURVE('',#4828,#4830,#4832,.T.);
#4828 = VERTEX_POINT('',#4829);
#4829 = CARTESIAN_POINT('',(198.34797729852,12.490346522252,
    -19.11787732997));
#4830 = VERTEX_POINT('',#4831);
#4831 = CARTESIAN_POINT('',(198.34797729852,12.490346522252,
    -4.779469332495));
#4832 = LINE('',#4833,#4834);
#4833 = CARTESIAN_POINT('',(198.34797729852,12.490346522252,
    -19.11787732997));
#4834 = VECTOR('',#4835,1.);
#4835 = DIRECTION('',(0.,0.,1.));
#4836 = ORIENTED_EDGE('',*,*,#4837,.T.);
#4837 = EDGE_CURVE('',#4828,#4838,#4840,.T.);
#4838 = VERTEX_POINT('',#4839);
#4839 = CARTESIAN_POINT('',(198.34797729852,33.201380296395,
    -19.11787732997));
#4840 = LINE('',#4841,#4842);
#4841 = CARTESIAN_POINT('',(198.34797729852,12.490346522252,
    -19.11787732997));
#4842 = VECTOR('',#4843,1.);
#4843 = DIRECTION('',(-0.,1.,0.));
#4844 = ORIENTED_EDGE('',*,*,#4845,.T.);
#4845 = EDGE_CURVE('',#4838,#4846,#4848,.T.);
#4846 = VERTEX_POINT('',#4847);
#4847 = CARTESIAN_POINT('',(198.34797729852,33.201380296395,
    -4.779469332495));
#4848 = LINE('',#4849,#4850);
#4849 = CARTESIAN_POINT('',(198.34797729852,33.201380296395,
    -19.11787732997));
#4850 = VECTOR('',#4851,1.);
#4851 = DIRECTION('',(0.,0.,1.));
#4852 = ORIENTED_EDGE('',*,*,#4853,.F.);
#4853 = EDGE_CURVE('',#4830,#4846,#4854,.T.);
#4854 = LINE('',#4855,#4856);
#4855 = CARTESIAN_POINT('',(198.34797729852,12.490346522252,
    -4.779469332495));
#4856 = VECTOR('',#4857,1.);
#4857 = DIRECTION('',(-0.,1.,0.));
#4858 = PLANE('',#4859);
#4859 = AXIS2_PLACEMENT_3D('',#4860,#4861,#4862);
#4860 = CARTESIAN_POINT('',(198.34797729852,12.490346522252,
    -19.11787732997));
#4861 = DIRECTION('',(1.,0.,-0.));
#4862 = DIRECTION('',(0.,0.,1.));
#4863 = ADVANCED_FACE('',(#4864),#4898,.T.);
#4864 = FACE_BOUND('',#4865,.T.);
#4865 = EDGE_LOOP('',(#4866,#4876,#4884,#4892));
#4866 = ORIENTED_EDGE('',*,*,#4867,.F.);
#4867 = EDGE_CURVE('',#4868,#4870,#4872,.T.);
#4868 = VERTEX_POINT('',#4869);
#4869 = CARTESIAN_POINT('',(201.53429018685,12.490346522252,
    -19.11787732997));
#4870 = VERTEX_POINT('',#4871);
#4871 = CARTESIAN_POINT('',(201.53429018685,12.490346522252,
    -4.779469332495));
#4872 = LINE('',#4873,#4874);
#4873 = CARTESIAN_POINT('',(201.53429018685,12.490346522252,
    -19.11787732997));
#4874 = VECTOR('',#4875,1.);
#4875 = DIRECTION('',(0.,0.,1.));
#4876 = ORIENTED_EDGE('',*,*,#4877,.T.);
#4877 = EDGE_CURVE('',#4868,#4878,#4880,.T.);
#4878 = VERTEX_POINT('',#4879);
#4879 = CARTESIAN_POINT('',(201.53429018685,33.201380296395,
    -19.11787732997));
#4880 = LINE('',#4881,#4882);
#4881 = CARTESIAN_POINT('',(201.53429018685,12.490346522252,
    -19.11787732997));
#4882 = VECTOR('',#4883,1.);
#4883 = DIRECTION('',(-0.,1.,0.));
#4884 = ORIENTED_EDGE('',*,*,#4885,.T.);
#4885 = EDGE_CURVE('',#4878,#4886,#4888,.T.);
#4886 = VERTEX_POINT('',#4887);
#4887 = CARTESIAN_POINT('',(201.53429018685,33.201380296395,
    -4.779469332495));
#4888 = LINE('',#4889,#4890);
#4889 = CARTESIAN_POINT('',(201.53429018685,33.201380296395,
    -19.11787732997));
#4890 = VECTOR('',#4891,1.);
#4891 = DIRECTION('',(0.,0.,1.));
#4892 = ORIENTED_EDGE('',*,*,#4893,.F.);
#4893 = EDGE_CURVE('',#4870,#4886,#4894,.T.);
#4894 = LINE('',#4895,#4896);
#4895 = CARTESIAN_POINT('',(201.53429018685,12.490346522252,
    -4.779469332495));
#4896 = VECTOR('',#4897,1.);
#4897 = DIRECTION('',(-0.,1.,0.));
#4898 = PLANE('',#4899);
#4899 = AXIS2_PLACEMENT_3D('',#4900,#4901,#4902);
#4900 = CARTESIAN_POINT('',(201.53429018685,12.490346522252,
    -19.11787732997));
#4901 = DIRECTION('',(1.,0.,-0.));
#4902 = DIRECTION('',(0.,0.,1.));
#4903 = ADVANCED_FACE('',(#4904),#4920,.F.);
#4904 = FACE_BOUND('',#4905,.F.);
#4905 = EDGE_LOOP('',(#4906,#4912,#4913,#4919));
#4906 = ORIENTED_EDGE('',*,*,#4907,.F.);
#4907 = EDGE_CURVE('',#4828,#4868,#4908,.T.);
#4908 = LINE('',#4909,#4910);
#4909 = CARTESIAN_POINT('',(198.34797729852,12.490346522252,
    -19.11787732997));
#4910 = VECTOR('',#4911,1.);
#4911 = DIRECTION('',(1.,0.,-0.));
#4912 = ORIENTED_EDGE('',*,*,#4827,.T.);
#4913 = ORIENTED_EDGE('',*,*,#4914,.T.);
#4914 = EDGE_CURVE('',#4830,#4870,#4915,.T.);
#4915 = LINE('',#4916,#4917);
#4916 = CARTESIAN_POINT('',(198.34797729852,12.490346522252,
    -4.779469332495));
#4917 = VECTOR('',#4918,1.);
#4918 = DIRECTION('',(1.,0.,-0.));
#4919 = ORIENTED_EDGE('',*,*,#4867,.F.);
#4920 = PLANE('',#4921);
#4921 = AXIS2_PLACEMENT_3D('',#4922,#4923,#4924);
#4922 = CARTESIAN_POINT('',(198.34797729852,12.490346522252,
    -19.11787732997));
#4923 = DIRECTION('',(-0.,1.,0.));
#4924 = DIRECTION('',(0.,0.,1.));
#4925 = ADVANCED_FACE('',(#4926),#4942,.T.);
#4926 = FACE_BOUND('',#4927,.T.);
#4927 = EDGE_LOOP('',(#4928,#4934,#4935,#4941));
#4928 = ORIENTED_EDGE('',*,*,#4929,.F.);
#4929 = EDGE_CURVE('',#4838,#4878,#4930,.T.);
#4930 = LINE('',#4931,#4932);
#4931 = CARTESIAN_POINT('',(198.34797729852,33.201380296395,
    -19.11787732997));
#4932 = VECTOR('',#4933,1.);
#4933 = DIRECTION('',(1.,0.,-0.));
#4934 = ORIENTED_EDGE('',*,*,#4845,.T.);
#4935 = ORIENTED_EDGE('',*,*,#4936,.T.);
#4936 = EDGE_CURVE('',#4846,#4886,#4937,.T.);
#4937 = LINE('',#4938,#4939);
#4938 = CARTESIAN_POINT('',(198.34797729852,33.201380296395,
    -4.779469332495));
#4939 = VECTOR('',#4940,1.);
#4940 = DIRECTION('',(1.,0.,-0.));
#4941 = ORIENTED_EDGE('',*,*,#4885,.F.);
#4942 = PLANE('',#4943);
#4943 = AXIS2_PLACEMENT_3D('',#4944,#4945,#4946);
#4944 = CARTESIAN_POINT('',(198.34797729852,33.201380296395,
    -19.11787732997));
#4945 = DIRECTION('',(-0.,1.,0.));
#4946 = DIRECTION('',(0.,0.,1.));
#4947 = ADVANCED_FACE('',(#4948),#4954,.F.);
#4948 = FACE_BOUND('',#4949,.F.);
#4949 = EDGE_LOOP('',(#4950,#4951,#4952,#4953));
#4950 = ORIENTED_EDGE('',*,*,#4837,.F.);
#4951 = ORIENTED_EDGE('',*,*,#4907,.T.);
#4952 = ORIENTED_EDGE('',*,*,#4877,.T.);
#4953 = ORIENTED_EDGE('',*,*,#4929,.F.);
#4954 = PLANE('',#4955);
#4955 = AXIS2_PLACEMENT_3D('',#4956,#4957,#4958);
#4956 = CARTESIAN_POINT('',(198.34797729852,12.490346522252,
    -19.11787732997));
#4957 = DIRECTION('',(0.,0.,1.));
#4958 = DIRECTION('',(1.,0.,-0.));
#4959 = ADVANCED_FACE('',(#4960),#4966,.T.);
#4960 = FACE_BOUND('',#4961,.T.);
#4961 = EDGE_LOOP('',(#4962,#4963,#4964,#4965));
#4962 = ORIENTED_EDGE('',*,*,#4853,.F.);
#4963 = ORIENTED_EDGE('',*,*,#4914,.T.);
#4964 = ORIENTED_EDGE('',*,*,#4893,.T.);
#4965 = ORIENTED_EDGE('',*,*,#4936,.F.);
#4966 = PLANE('',#4967);
#4967 = AXIS2_PLACEMENT_3D('',#4968,#4969,#4970);
#4968 = CARTESIAN_POINT('',(198.34797729852,12.490346522252,
    -4.779469332495));
#4969 = DIRECTION('',(0.,0.,1.));
#4970 = DIRECTION('',(1.,0.,-0.));
#4971 = MANIFOLD_SOLID_BREP('',#4972);
#4972 = CLOSED_SHELL('',(#4973,#5013,#5053,#5075,#5097,#5109));
#4973 = ADVANCED_FACE('',(#4974),#5008,.F.);
#4974 = FACE_BOUND('',#4975,.F.);
#4975 = EDGE_LOOP('',(#4976,#4986,#4994,#5002));
#4976 = ORIENTED_EDGE('',*,*,#4977,.F.);
#4977 = EDGE_CURVE('',#4978,#4980,#4982,.T.);
#4978 = VERTEX_POINT('',#4979);
#4979 = CARTESIAN_POINT('',(198.34797729852,12.490346522252,
    -43.01522399245));
#4980 = VERTEX_POINT('',#4981);
#4981 = CARTESIAN_POINT('',(198.34797729852,12.490346522252,
    -28.67681599496));
#4982 = LINE('',#4983,#4984);
#4983 = CARTESIAN_POINT('',(198.34797729852,12.490346522252,
    -43.01522399245));
#4984 = VECTOR('',#4985,1.);
#4985 = DIRECTION('',(0.,0.,1.));
#4986 = ORIENTED_EDGE('',*,*,#4987,.T.);
#4987 = EDGE_CURVE('',#4978,#4988,#4990,.T.);
#4988 = VERTEX_POINT('',#4989);
#4989 = CARTESIAN_POINT('',(198.34797729852,33.201380296395,
    -43.01522399245));
#4990 = LINE('',#4991,#4992);
#4991 = CARTESIAN_POINT('',(198.34797729852,12.490346522252,
    -43.01522399245));
#4992 = VECTOR('',#4993,1.);
#4993 = DIRECTION('',(-0.,1.,0.));
#4994 = ORIENTED_EDGE('',*,*,#4995,.T.);
#4995 = EDGE_CURVE('',#4988,#4996,#4998,.T.);
#4996 = VERTEX_POINT('',#4997);
#4997 = CARTESIAN_POINT('',(198.34797729852,33.201380296395,
    -28.67681599496));
#4998 = LINE('',#4999,#5000);
#4999 = CARTESIAN_POINT('',(198.34797729852,33.201380296395,
    -43.01522399245));
#5000 = VECTOR('',#5001,1.);
#5001 = DIRECTION('',(0.,0.,1.));
#5002 = ORIENTED_EDGE('',*,*,#5003,.F.);
#5003 = EDGE_CURVE('',#4980,#4996,#5004,.T.);
#5004 = LINE('',#5005,#5006);
#5005 = CARTESIAN_POINT('',(198.34797729852,12.490346522252,
    -28.67681599496));
#5006 = VECTOR('',#5007,1.);
#5007 = DIRECTION('',(-0.,1.,0.));
#5008 = PLANE('',#5009);
#5009 = AXIS2_PLACEMENT_3D('',#5010,#5011,#5012);
#5010 = CARTESIAN_POINT('',(198.34797729852,12.490346522252,
    -43.01522399245));
#5011 = DIRECTION('',(1.,0.,-0.));
#5012 = DIRECTION('',(0.,0.,1.));
#5013 = ADVANCED_FACE('',(#5014),#5048,.T.);
#5014 = FACE_BOUND('',#5015,.T.);
#5015 = EDGE_LOOP('',(#5016,#5026,#5034,#5042));
#5016 = ORIENTED_EDGE('',*,*,#5017,.F.);
#5017 = EDGE_CURVE('',#5018,#5020,#5022,.T.);
#5018 = VERTEX_POINT('',#5019);
#5019 = CARTESIAN_POINT('',(201.53429018685,12.490346522252,
    -43.01522399245));
#5020 = VERTEX_POINT('',#5021);
#5021 = CARTESIAN_POINT('',(201.53429018685,12.490346522252,
    -28.67681599496));
#5022 = LINE('',#5023,#5024);
#5023 = CARTESIAN_POINT('',(201.53429018685,12.490346522252,
    -43.01522399245));
#5024 = VECTOR('',#5025,1.);
#5025 = DIRECTION('',(0.,0.,1.));
#5026 = ORIENTED_EDGE('',*,*,#5027,.T.);
#5027 = EDGE_CURVE('',#5018,#5028,#5030,.T.);
#5028 = VERTEX_POINT('',#5029);
#5029 = CARTESIAN_POINT('',(201.53429018685,33.201380296395,
    -43.01522399245));
#5030 = LINE('',#5031,#5032);
#5031 = CARTESIAN_POINT('',(201.53429018685,12.490346522252,
    -43.01522399245));
#5032 = VECTOR('',#5033,1.);
#5033 = DIRECTION('',(-0.,1.,0.));
#5034 = ORIENTED_EDGE('',*,*,#5035,.T.);
#5035 = EDGE_CURVE('',#5028,#5036,#5038,.T.);
#5036 = VERTEX_POINT('',#5037);
#5037 = CARTESIAN_POINT('',(201.53429018685,33.201380296395,
    -28.67681599496));
#5038 = LINE('',#5039,#5040);
#5039 = CARTESIAN_POINT('',(201.53429018685,33.201380296395,
    -43.01522399245));
#5040 = VECTOR('',#5041,1.);
#5041 = DIRECTION('',(0.,0.,1.));
#5042 = ORIENTED_EDGE('',*,*,#5043,.F.);
#5043 = EDGE_CURVE('',#5020,#5036,#5044,.T.);
#5044 = LINE('',#5045,#5046);
#5045 = CARTESIAN_POINT('',(201.53429018685,12.490346522252,
    -28.67681599496));
#5046 = VECTOR('',#5047,1.);
#5047 = DIRECTION('',(-0.,1.,0.));
#5048 = PLANE('',#5049);
#5049 = AXIS2_PLACEMENT_3D('',#5050,#5051,#5052);
#5050 = CARTESIAN_POINT('',(201.53429018685,12.490346522252,
    -43.01522399245));
#5051 = DIRECTION('',(1.,0.,-0.));
#5052 = DIRECTION('',(0.,0.,1.));
#5053 = ADVANCED_FACE('',(#5054),#5070,.F.);
#5054 = FACE_BOUND('',#5055,.F.);
#5055 = EDGE_LOOP('',(#5056,#5062,#5063,#5069));
#5056 = ORIENTED_EDGE('',*,*,#5057,.F.);
#5057 = EDGE_CURVE('',#4978,#5018,#5058,.T.);
#5058 = LINE('',#5059,#5060);
#5059 = CARTESIAN_POINT('',(198.34797729852,12.490346522252,
    -43.01522399245));
#5060 = VECTOR('',#5061,1.);
#5061 = DIRECTION('',(1.,0.,-0.));
#5062 = ORIENTED_EDGE('',*,*,#4977,.T.);
#5063 = ORIENTED_EDGE('',*,*,#5064,.T.);
#5064 = EDGE_CURVE('',#4980,#5020,#5065,.T.);
#5065 = LINE('',#5066,#5067);
#5066 = CARTESIAN_POINT('',(198.34797729852,12.490346522252,
    -28.67681599496));
#5067 = VECTOR('',#5068,1.);
#5068 = DIRECTION('',(1.,0.,-0.));
#5069 = ORIENTED_EDGE('',*,*,#5017,.F.);
#5070 = PLANE('',#5071);
#5071 = AXIS2_PLACEMENT_3D('',#5072,#5073,#5074);
#5072 = CARTESIAN_POINT('',(198.34797729852,12.490346522252,
    -43.01522399245));
#5073 = DIRECTION('',(-0.,1.,0.));
#5074 = DIRECTION('',(0.,0.,1.));
#5075 = ADVANCED_FACE('',(#5076),#5092,.T.);
#5076 = FACE_BOUND('',#5077,.T.);
#5077 = EDGE_LOOP('',(#5078,#5084,#5085,#5091));
#5078 = ORIENTED_EDGE('',*,*,#5079,.F.);
#5079 = EDGE_CURVE('',#4988,#5028,#5080,.T.);
#5080 = LINE('',#5081,#5082);
#5081 = CARTESIAN_POINT('',(198.34797729852,33.201380296395,
    -43.01522399245));
#5082 = VECTOR('',#5083,1.);
#5083 = DIRECTION('',(1.,0.,-0.));
#5084 = ORIENTED_EDGE('',*,*,#4995,.T.);
#5085 = ORIENTED_EDGE('',*,*,#5086,.T.);
#5086 = EDGE_CURVE('',#4996,#5036,#5087,.T.);
#5087 = LINE('',#5088,#5089);
#5088 = CARTESIAN_POINT('',(198.34797729852,33.201380296395,
    -28.67681599496));
#5089 = VECTOR('',#5090,1.);
#5090 = DIRECTION('',(1.,0.,-0.));
#5091 = ORIENTED_EDGE('',*,*,#5035,.F.);
#5092 = PLANE('',#5093);
#5093 = AXIS2_PLACEMENT_3D('',#5094,#5095,#5096);
#5094 = CARTESIAN_POINT('',(198.34797729852,33.201380296395,
    -43.01522399245));
#5095 = DIRECTION('',(-0.,1.,0.));
#5096 = DIRECTION('',(0.,0.,1.));
#5097 = ADVANCED_FACE('',(#5098),#5104,.F.);
#5098 = FACE_BOUND('',#5099,.F.);
#5099 = EDGE_LOOP('',(#5100,#5101,#5102,#5103));
#5100 = ORIENTED_EDGE('',*,*,#4987,.F.);
#5101 = ORIENTED_EDGE('',*,*,#5057,.T.);
#5102 = ORIENTED_EDGE('',*,*,#5027,.T.);
#5103 = ORIENTED_EDGE('',*,*,#5079,.F.);
#5104 = PLANE('',#5105);
#5105 = AXIS2_PLACEMENT_3D('',#5106,#5107,#5108);
#5106 = CARTESIAN_POINT('',(198.34797729852,12.490346522252,
    -43.01522399245));
#5107 = DIRECTION('',(0.,0.,1.));
#5108 = DIRECTION('',(1.,0.,-0.));
#5109 = ADVANCED_FACE('',(#5110),#5116,.T.);
#5110 = FACE_BOUND('',#5111,.T.);
#5111 = EDGE_LOOP('',(#5112,#5113,#5114,#5115));
#5112 = ORIENTED_EDGE('',*,*,#5003,.F.);
#5113 = ORIENTED_EDGE('',*,*,#5064,.T.);
#5114 = ORIENTED_EDGE('',*,*,#5043,.T.);
#5115 = ORIENTED_EDGE('',*,*,#5086,.F.);
#5116 = PLANE('',#5117);
#5117 = AXIS2_PLACEMENT_3D('',#5118,#5119,#5120);
#5118 = CARTESIAN_POINT('',(198.34797729852,12.490346522252,
    -28.67681599496));
#5119 = DIRECTION('',(0.,0.,1.));
#5120 = DIRECTION('',(1.,0.,-0.));
#5121 = MANIFOLD_SOLID_BREP('',#5122);
#5122 = CLOSED_SHELL('',(#5123,#5163,#5203,#5225,#5247,#5259));
#5123 = ADVANCED_FACE('',(#5124),#5158,.F.);
#5124 = FACE_BOUND('',#5125,.F.);
#5125 = EDGE_LOOP('',(#5126,#5136,#5144,#5152));
#5126 = ORIENTED_EDGE('',*,*,#5127,.F.);
#5127 = EDGE_CURVE('',#5128,#5130,#5132,.T.);
#5128 = VERTEX_POINT('',#5129);
#5129 = CARTESIAN_POINT('',(198.34797729852,12.490346522252,
    -66.91257065492));
#5130 = VERTEX_POINT('',#5131);
#5131 = CARTESIAN_POINT('',(198.34797729852,12.490346522252,
    -52.57416265744));
#5132 = LINE('',#5133,#5134);
#5133 = CARTESIAN_POINT('',(198.34797729852,12.490346522252,
    -66.91257065492));
#5134 = VECTOR('',#5135,1.);
#5135 = DIRECTION('',(0.,0.,1.));
#5136 = ORIENTED_EDGE('',*,*,#5137,.T.);
#5137 = EDGE_CURVE('',#5128,#5138,#5140,.T.);
#5138 = VERTEX_POINT('',#5139);
#5139 = CARTESIAN_POINT('',(198.34797729852,33.201380296395,
    -66.91257065492));
#5140 = LINE('',#5141,#5142);
#5141 = CARTESIAN_POINT('',(198.34797729852,12.490346522252,
    -66.91257065492));
#5142 = VECTOR('',#5143,1.);
#5143 = DIRECTION('',(-0.,1.,0.));
#5144 = ORIENTED_EDGE('',*,*,#5145,.T.);
#5145 = EDGE_CURVE('',#5138,#5146,#5148,.T.);
#5146 = VERTEX_POINT('',#5147);
#5147 = CARTESIAN_POINT('',(198.34797729852,33.201380296395,
    -52.57416265744));
#5148 = LINE('',#5149,#5150);
#5149 = CARTESIAN_POINT('',(198.34797729852,33.201380296395,
    -66.91257065492));
#5150 = VECTOR('',#5151,1.);
#5151 = DIRECTION('',(0.,0.,1.));
#5152 = ORIENTED_EDGE('',*,*,#5153,.F.);
#5153 = EDGE_CURVE('',#5130,#5146,#5154,.T.);
#5154 = LINE('',#5155,#5156);
#5155 = CARTESIAN_POINT('',(198.34797729852,12.490346522252,
    -52.57416265744));
#5156 = VECTOR('',#5157,1.);
#5157 = DIRECTION('',(-0.,1.,0.));
#5158 = PLANE('',#5159);
#5159 = AXIS2_PLACEMENT_3D('',#5160,#5161,#5162);
#5160 = CARTESIAN_POINT('',(198.34797729852,12.490346522252,
    -66.91257065492));
#5161 = DIRECTION('',(1.,0.,-0.));
#5162 = DIRECTION('',(0.,0.,1.));
#5163 = ADVANCED_FACE('',(#5164),#5198,.T.);
#5164 = FACE_BOUND('',#5165,.T.);
#5165 = EDGE_LOOP('',(#5166,#5176,#5184,#5192));
#5166 = ORIENTED_EDGE('',*,*,#5167,.F.);
#5167 = EDGE_CURVE('',#5168,#5170,#5172,.T.);
#5168 = VERTEX_POINT('',#5169);
#5169 = CARTESIAN_POINT('',(201.53429018685,12.490346522252,
    -66.91257065492));
#5170 = VERTEX_POINT('',#5171);
#5171 = CARTESIAN_POINT('',(201.53429018685,12.490346522252,
    -52.57416265744));
#5172 = LINE('',#5173,#5174);
#5173 = CARTESIAN_POINT('',(201.53429018685,12.490346522252,
    -66.91257065492));
#5174 = VECTOR('',#5175,1.);
#5175 = DIRECTION('',(0.,0.,1.));
#5176 = ORIENTED_EDGE('',*,*,#5177,.T.);
#5177 = EDGE_CURVE('',#5168,#5178,#5180,.T.);
#5178 = VERTEX_POINT('',#5179);
#5179 = CARTESIAN_POINT('',(201.53429018685,33.201380296395,
    -66.91257065492));
#5180 = LINE('',#5181,#5182);
#5181 = CARTESIAN_POINT('',(201.53429018685,12.490346522252,
    -66.91257065492));
#5182 = VECTOR('',#5183,1.);
#5183 = DIRECTION('',(-0.,1.,0.));
#5184 = ORIENTED_EDGE('',*,*,#5185,.T.);
#5185 = EDGE_CURVE('',#5178,#5186,#5188,.T.);
#5186 = VERTEX_POINT('',#5187);
#5187 = CARTESIAN_POINT('',(201.53429018685,33.201380296395,
    -52.57416265744));
#5188 = LINE('',#5189,#5190);
#5189 = CARTESIAN_POINT('',(201.53429018685,33.201380296395,
    -66.91257065492));
#5190 = VECTOR('',#5191,1.);
#5191 = DIRECTION('',(0.,0.,1.));
#5192 = ORIENTED_EDGE('',*,*,#5193,.F.);
#5193 = EDGE_CURVE('',#5170,#5186,#5194,.T.);
#5194 = LINE('',#5195,#5196);
#5195 = CARTESIAN_POINT('',(201.53429018685,12.490346522252,
    -52.57416265744));
#5196 = VECTOR('',#5197,1.);
#5197 = DIRECTION('',(-0.,1.,0.));
#5198 = PLANE('',#5199);
#5199 = AXIS2_PLACEMENT_3D('',#5200,#5201,#5202);
#5200 = CARTESIAN_POINT('',(201.53429018685,12.490346522252,
    -66.91257065492));
#5201 = DIRECTION('',(1.,0.,-0.));
#5202 = DIRECTION('',(0.,0.,1.));
#5203 = ADVANCED_FACE('',(#5204),#5220,.F.);
#5204 = FACE_BOUND('',#5205,.F.);
#5205 = EDGE_LOOP('',(#5206,#5212,#5213,#5219));
#5206 = ORIENTED_EDGE('',*,*,#5207,.F.);
#5207 = EDGE_CURVE('',#5128,#5168,#5208,.T.);
#5208 = LINE('',#5209,#5210);
#5209 = CARTESIAN_POINT('',(198.34797729852,12.490346522252,
    -66.91257065492));
#5210 = VECTOR('',#5211,1.);
#5211 = DIRECTION('',(1.,0.,-0.));
#5212 = ORIENTED_EDGE('',*,*,#5127,.T.);
#5213 = ORIENTED_EDGE('',*,*,#5214,.T.);
#5214 = EDGE_CURVE('',#5130,#5170,#5215,.T.);
#5215 = LINE('',#5216,#5217);
#5216 = CARTESIAN_POINT('',(198.34797729852,12.490346522252,
    -52.57416265744));
#5217 = VECTOR('',#5218,1.);
#5218 = DIRECTION('',(1.,0.,-0.));
#5219 = ORIENTED_EDGE('',*,*,#5167,.F.);
#5220 = PLANE('',#5221);
#5221 = AXIS2_PLACEMENT_3D('',#5222,#5223,#5224);
#5222 = CARTESIAN_POINT('',(198.34797729852,12.490346522252,
    -66.91257065492));
#5223 = DIRECTION('',(-0.,1.,0.));
#5224 = DIRECTION('',(0.,0.,1.));
#5225 = ADVANCED_FACE('',(#5226),#5242,.T.);
#5226 = FACE_BOUND('',#5227,.T.);
#5227 = EDGE_LOOP('',(#5228,#5234,#5235,#5241));
#5228 = ORIENTED_EDGE('',*,*,#5229,.F.);
#5229 = EDGE_CURVE('',#5138,#5178,#5230,.T.);
#5230 = LINE('',#5231,#5232);
#5231 = CARTESIAN_POINT('',(198.34797729852,33.201380296395,
    -66.91257065492));
#5232 = VECTOR('',#5233,1.);
#5233 = DIRECTION('',(1.,0.,-0.));
#5234 = ORIENTED_EDGE('',*,*,#5145,.T.);
#5235 = ORIENTED_EDGE('',*,*,#5236,.T.);
#5236 = EDGE_CURVE('',#5146,#5186,#5237,.T.);
#5237 = LINE('',#5238,#5239);
#5238 = CARTESIAN_POINT('',(198.34797729852,33.201380296395,
    -52.57416265744));
#5239 = VECTOR('',#5240,1.);
#5240 = DIRECTION('',(1.,0.,-0.));
#5241 = ORIENTED_EDGE('',*,*,#5185,.F.);
#5242 = PLANE('',#5243);
#5243 = AXIS2_PLACEMENT_3D('',#5244,#5245,#5246);
#5244 = CARTESIAN_POINT('',(198.34797729852,33.201380296395,
    -66.91257065492));
#5245 = DIRECTION('',(-0.,1.,0.));
#5246 = DIRECTION('',(0.,0.,1.));
#5247 = ADVANCED_FACE('',(#5248),#5254,.F.);
#5248 = FACE_BOUND('',#5249,.F.);
#5249 = EDGE_LOOP('',(#5250,#5251,#5252,#5253));
#5250 = ORIENTED_EDGE('',*,*,#5137,.F.);
#5251 = ORIENTED_EDGE('',*,*,#5207,.T.);
#5252 = ORIENTED_EDGE('',*,*,#5177,.T.);
#5253 = ORIENTED_EDGE('',*,*,#5229,.F.);
#5254 = PLANE('',#5255);
#5255 = AXIS2_PLACEMENT_3D('',#5256,#5257,#5258);
#5256 = CARTESIAN_POINT('',(198.34797729852,12.490346522252,
    -66.91257065492));
#5257 = DIRECTION('',(0.,0.,1.));
#5258 = DIRECTION('',(1.,0.,-0.));
#5259 = ADVANCED_FACE('',(#5260),#5266,.T.);
#5260 = FACE_BOUND('',#5261,.T.);
#5261 = EDGE_LOOP('',(#5262,#5263,#5264,#5265));
#5262 = ORIENTED_EDGE('',*,*,#5153,.F.);
#5263 = ORIENTED_EDGE('',*,*,#5214,.T.);
#5264 = ORIENTED_EDGE('',*,*,#5193,.T.);
#5265 = ORIENTED_EDGE('',*,*,#5236,.F.);
#5266 = PLANE('',#5267);
#5267 = AXIS2_PLACEMENT_3D('',#5268,#5269,#5270);
#5268 = CARTESIAN_POINT('',(198.34797729852,12.490346522252,
    -52.57416265744));
#5269 = DIRECTION('',(0.,0.,1.));
#5270 = DIRECTION('',(1.,0.,-0.));
#5271 = MANIFOLD_SOLID_BREP('',#5272);
#5272 = CLOSED_SHELL('',(#5273,#5313,#5353,#5375,#5397,#5409));
#5273 = ADVANCED_FACE('',(#5274),#5308,.F.);
#5274 = FACE_BOUND('',#5275,.F.);
#5275 = EDGE_LOOP('',(#5276,#5286,#5294,#5302));
#5276 = ORIENTED_EDGE('',*,*,#5277,.F.);
#5277 = EDGE_CURVE('',#5278,#5280,#5282,.T.);
#5278 = VERTEX_POINT('',#5279);
#5279 = CARTESIAN_POINT('',(198.34797729852,12.490346522252,
    -90.80991731739));
#5280 = VERTEX_POINT('',#5281);
#5281 = CARTESIAN_POINT('',(198.34797729852,12.490346522252,
    -76.47150931991));
#5282 = LINE('',#5283,#5284);
#5283 = CARTESIAN_POINT('',(198.34797729852,12.490346522252,
    -90.80991731739));
#5284 = VECTOR('',#5285,1.);
#5285 = DIRECTION('',(0.,0.,1.));
#5286 = ORIENTED_EDGE('',*,*,#5287,.T.);
#5287 = EDGE_CURVE('',#5278,#5288,#5290,.T.);
#5288 = VERTEX_POINT('',#5289);
#5289 = CARTESIAN_POINT('',(198.34797729852,33.201380296395,
    -90.80991731739));
#5290 = LINE('',#5291,#5292);
#5291 = CARTESIAN_POINT('',(198.34797729852,12.490346522252,
    -90.80991731739));
#5292 = VECTOR('',#5293,1.);
#5293 = DIRECTION('',(-0.,1.,0.));
#5294 = ORIENTED_EDGE('',*,*,#5295,.T.);
#5295 = EDGE_CURVE('',#5288,#5296,#5298,.T.);
#5296 = VERTEX_POINT('',#5297);
#5297 = CARTESIAN_POINT('',(198.34797729852,33.201380296395,
    -76.47150931991));
#5298 = LINE('',#5299,#5300);
#5299 = CARTESIAN_POINT('',(198.34797729852,33.201380296395,
    -90.80991731739));
#5300 = VECTOR('',#5301,1.);
#5301 = DIRECTION('',(0.,0.,1.));
#5302 = ORIENTED_EDGE('',*,*,#5303,.F.);
#5303 = EDGE_CURVE('',#5280,#5296,#5304,.T.);
#5304 = LINE('',#5305,#5306);
#5305 = CARTESIAN_POINT('',(198.34797729852,12.490346522252,
    -76.47150931991));
#5306 = VECTOR('',#5307,1.);
#5307 = DIRECTION('',(-0.,1.,0.));
#5308 = PLANE('',#5309);
#5309 = AXIS2_PLACEMENT_3D('',#5310,#5311,#5312);
#5310 = CARTESIAN_POINT('',(198.34797729852,12.490346522252,
    -90.80991731739));
#5311 = DIRECTION('',(1.,0.,-0.));
#5312 = DIRECTION('',(0.,0.,1.));
#5313 = ADVANCED_FACE('',(#5314),#5348,.T.);
#5314 = FACE_BOUND('',#5315,.T.);
#5315 = EDGE_LOOP('',(#5316,#5326,#5334,#5342));
#5316 = ORIENTED_EDGE('',*,*,#5317,.F.);
#5317 = EDGE_CURVE('',#5318,#5320,#5322,.T.);
#5318 = VERTEX_POINT('',#5319);
#5319 = CARTESIAN_POINT('',(201.53429018685,12.490346522252,
    -90.80991731739));
#5320 = VERTEX_POINT('',#5321);
#5321 = CARTESIAN_POINT('',(201.53429018685,12.490346522252,
    -76.47150931991));
#5322 = LINE('',#5323,#5324);
#5323 = CARTESIAN_POINT('',(201.53429018685,12.490346522252,
    -90.80991731739));
#5324 = VECTOR('',#5325,1.);
#5325 = DIRECTION('',(0.,0.,1.));
#5326 = ORIENTED_EDGE('',*,*,#5327,.T.);
#5327 = EDGE_CURVE('',#5318,#5328,#5330,.T.);
#5328 = VERTEX_POINT('',#5329);
#5329 = CARTESIAN_POINT('',(201.53429018685,33.201380296395,
    -90.80991731739));
#5330 = LINE('',#5331,#5332);
#5331 = CARTESIAN_POINT('',(201.53429018685,12.490346522252,
    -90.80991731739));
#5332 = VECTOR('',#5333,1.);
#5333 = DIRECTION('',(-0.,1.,0.));
#5334 = ORIENTED_EDGE('',*,*,#5335,.T.);
#5335 = EDGE_CURVE('',#5328,#5336,#5338,.T.);
#5336 = VERTEX_POINT('',#5337);
#5337 = CARTESIAN_POINT('',(201.53429018685,33.201380296395,
    -76.47150931991));
#5338 = LINE('',#5339,#5340);
#5339 = CARTESIAN_POINT('',(201.53429018685,33.201380296395,
    -90.80991731739));
#5340 = VECTOR('',#5341,1.);
#5341 = DIRECTION('',(0.,0.,1.));
#5342 = ORIENTED_EDGE('',*,*,#5343,.F.);
#5343 = EDGE_CURVE('',#5320,#5336,#5344,.T.);
#5344 = LINE('',#5345,#5346);
#5345 = CARTESIAN_POINT('',(201.53429018685,12.490346522252,
    -76.47150931991));
#5346 = VECTOR('',#5347,1.);
#5347 = DIRECTION('',(-0.,1.,0.));
#5348 = PLANE('',#5349);
#5349 = AXIS2_PLACEMENT_3D('',#5350,#5351,#5352);
#5350 = CARTESIAN_POINT('',(201.53429018685,12.490346522252,
    -90.80991731739));
#5351 = DIRECTION('',(1.,0.,-0.));
#5352 = DIRECTION('',(0.,0.,1.));
#5353 = ADVANCED_FACE('',(#5354),#5370,.F.);
#5354 = FACE_BOUND('',#5355,.F.);
#5355 = EDGE_LOOP('',(#5356,#5362,#5363,#5369));
#5356 = ORIENTED_EDGE('',*,*,#5357,.F.);
#5357 = EDGE_CURVE('',#5278,#5318,#5358,.T.);
#5358 = LINE('',#5359,#5360);
#5359 = CARTESIAN_POINT('',(198.34797729852,12.490346522252,
    -90.80991731739));
#5360 = VECTOR('',#5361,1.);
#5361 = DIRECTION('',(1.,0.,-0.));
#5362 = ORIENTED_EDGE('',*,*,#5277,.T.);
#5363 = ORIENTED_EDGE('',*,*,#5364,.T.);
#5364 = EDGE_CURVE('',#5280,#5320,#5365,.T.);
#5365 = LINE('',#5366,#5367);
#5366 = CARTESIAN_POINT('',(198.34797729852,12.490346522252,
    -76.47150931991));
#5367 = VECTOR('',#5368,1.);
#5368 = DIRECTION('',(1.,0.,-0.));
#5369 = ORIENTED_EDGE('',*,*,#5317,.F.);
#5370 = PLANE('',#5371);
#5371 = AXIS2_PLACEMENT_3D('',#5372,#5373,#5374);
#5372 = CARTESIAN_POINT('',(198.34797729852,12.490346522252,
    -90.80991731739));
#5373 = DIRECTION('',(-0.,1.,0.));
#5374 = DIRECTION('',(0.,0.,1.));
#5375 = ADVANCED_FACE('',(#5376),#5392,.T.);
#5376 = FACE_BOUND('',#5377,.T.);
#5377 = EDGE_LOOP('',(#5378,#5384,#5385,#5391));
#5378 = ORIENTED_EDGE('',*,*,#5379,.F.);
#5379 = EDGE_CURVE('',#5288,#5328,#5380,.T.);
#5380 = LINE('',#5381,#5382);
#5381 = CARTESIAN_POINT('',(198.34797729852,33.201380296395,
    -90.80991731739));
#5382 = VECTOR('',#5383,1.);
#5383 = DIRECTION('',(1.,0.,-0.));
#5384 = ORIENTED_EDGE('',*,*,#5295,.T.);
#5385 = ORIENTED_EDGE('',*,*,#5386,.T.);
#5386 = EDGE_CURVE('',#5296,#5336,#5387,.T.);
#5387 = LINE('',#5388,#5389);
#5388 = CARTESIAN_POINT('',(198.34797729852,33.201380296395,
    -76.47150931991));
#5389 = VECTOR('',#5390,1.);
#5390 = DIRECTION('',(1.,0.,-0.));
#5391 = ORIENTED_EDGE('',*,*,#5335,.F.);
#5392 = PLANE('',#5393);
#5393 = AXIS2_PLACEMENT_3D('',#5394,#5395,#5396);
#5394 = CARTESIAN_POINT('',(198.34797729852,33.201380296395,
    -90.80991731739));
#5395 = DIRECTION('',(-0.,1.,0.));
#5396 = DIRECTION('',(0.,0.,1.));
#5397 = ADVANCED_FACE('',(#5398),#5404,.F.);
#5398 = FACE_BOUND('',#5399,.F.);
#5399 = EDGE_LOOP('',(#5400,#5401,#5402,#5403));
#5400 = ORIENTED_EDGE('',*,*,#5287,.F.);
#5401 = ORIENTED_EDGE('',*,*,#5357,.T.);
#5402 = ORIENTED_EDGE('',*,*,#5327,.T.);
#5403 = ORIENTED_EDGE('',*,*,#5379,.F.);
#5404 = PLANE('',#5405);
#5405 = AXIS2_PLACEMENT_3D('',#5406,#5407,#5408);
#5406 = CARTESIAN_POINT('',(198.34797729852,12.490346522252,
    -90.80991731739));
#5407 = DIRECTION('',(0.,0.,1.));
#5408 = DIRECTION('',(1.,0.,-0.));
#5409 = ADVANCED_FACE('',(#5410),#5416,.T.);
#5410 = FACE_BOUND('',#5411,.T.);
#5411 = EDGE_LOOP('',(#5412,#5413,#5414,#5415));
#5412 = ORIENTED_EDGE('',*,*,#5303,.F.);
#5413 = ORIENTED_EDGE('',*,*,#5364,.T.);
#5414 = ORIENTED_EDGE('',*,*,#5343,.T.);
#5415 = ORIENTED_EDGE('',*,*,#5386,.F.);
#5416 = PLANE('',#5417);
#5417 = AXIS2_PLACEMENT_3D('',#5418,#5419,#5420);
#5418 = CARTESIAN_POINT('',(198.34797729852,12.490346522252,
    -76.47150931991));
#5419 = DIRECTION('',(0.,0.,1.));
#5420 = DIRECTION('',(1.,0.,-0.));
#5421 = MANIFOLD_SOLID_BREP('',#5422);
#5422 = CLOSED_SHELL('',(#5423,#5463,#5503,#5525,#5547,#5559));
#5423 = ADVANCED_FACE('',(#5424),#5458,.F.);
#5424 = FACE_BOUND('',#5425,.F.);
#5425 = EDGE_LOOP('',(#5426,#5436,#5444,#5452));
#5426 = ORIENTED_EDGE('',*,*,#5427,.F.);
#5427 = EDGE_CURVE('',#5428,#5430,#5432,.T.);
#5428 = VERTEX_POINT('',#5429);
#5429 = CARTESIAN_POINT('',(198.34797729852,12.490346522252,
    -114.7072639798));
#5430 = VERTEX_POINT('',#5431);
#5431 = CARTESIAN_POINT('',(198.34797729852,12.490346522252,
    -100.3688559823));
#5432 = LINE('',#5433,#5434);
#5433 = CARTESIAN_POINT('',(198.34797729852,12.490346522252,
    -114.7072639798));
#5434 = VECTOR('',#5435,1.);
#5435 = DIRECTION('',(0.,0.,1.));
#5436 = ORIENTED_EDGE('',*,*,#5437,.T.);
#5437 = EDGE_CURVE('',#5428,#5438,#5440,.T.);
#5438 = VERTEX_POINT('',#5439);
#5439 = CARTESIAN_POINT('',(198.34797729852,33.201380296395,
    -114.7072639798));
#5440 = LINE('',#5441,#5442);
#5441 = CARTESIAN_POINT('',(198.34797729852,12.490346522252,
    -114.7072639798));
#5442 = VECTOR('',#5443,1.);
#5443 = DIRECTION('',(-0.,1.,0.));
#5444 = ORIENTED_EDGE('',*,*,#5445,.T.);
#5445 = EDGE_CURVE('',#5438,#5446,#5448,.T.);
#5446 = VERTEX_POINT('',#5447);
#5447 = CARTESIAN_POINT('',(198.34797729852,33.201380296395,
    -100.3688559823));
#5448 = LINE('',#5449,#5450);
#5449 = CARTESIAN_POINT('',(198.34797729852,33.201380296395,
    -114.7072639798));
#5450 = VECTOR('',#5451,1.);
#5451 = DIRECTION('',(0.,0.,1.));
#5452 = ORIENTED_EDGE('',*,*,#5453,.F.);
#5453 = EDGE_CURVE('',#5430,#5446,#5454,.T.);
#5454 = LINE('',#5455,#5456);
#5455 = CARTESIAN_POINT('',(198.34797729852,12.490346522252,
    -100.3688559823));
#5456 = VECTOR('',#5457,1.);
#5457 = DIRECTION('',(-0.,1.,0.));
#5458 = PLANE('',#5459);
#5459 = AXIS2_PLACEMENT_3D('',#5460,#5461,#5462);
#5460 = CARTESIAN_POINT('',(198.34797729852,12.490346522252,
    -114.7072639798));
#5461 = DIRECTION('',(1.,0.,-0.));
#5462 = DIRECTION('',(0.,0.,1.));
#5463 = ADVANCED_FACE('',(#5464),#5498,.T.);
#5464 = FACE_BOUND('',#5465,.T.);
#5465 = EDGE_LOOP('',(#5466,#5476,#5484,#5492));
#5466 = ORIENTED_EDGE('',*,*,#5467,.F.);
#5467 = EDGE_CURVE('',#5468,#5470,#5472,.T.);
#5468 = VERTEX_POINT('',#5469);
#5469 = CARTESIAN_POINT('',(201.53429018685,12.490346522252,
    -114.7072639798));
#5470 = VERTEX_POINT('',#5471);
#5471 = CARTESIAN_POINT('',(201.53429018685,12.490346522252,
    -100.3688559823));
#5472 = LINE('',#5473,#5474);
#5473 = CARTESIAN_POINT('',(201.53429018685,12.490346522252,
    -114.7072639798));
#5474 = VECTOR('',#5475,1.);
#5475 = DIRECTION('',(0.,0.,1.));
#5476 = ORIENTED_EDGE('',*,*,#5477,.T.);
#5477 = EDGE_CURVE('',#5468,#5478,#5480,.T.);
#5478 = VERTEX_POINT('',#5479);
#5479 = CARTESIAN_POINT('',(201.53429018685,33.201380296395,
    -114.7072639798));
#5480 = LINE('',#5481,#5482);
#5481 = CARTESIAN_POINT('',(201.53429018685,12.490346522252,
    -114.7072639798));
#5482 = VECTOR('',#5483,1.);
#5483 = DIRECTION('',(-0.,1.,0.));
#5484 = ORIENTED_EDGE('',*,*,#5485,.T.);
#5485 = EDGE_CURVE('',#5478,#5486,#5488,.T.);
#5486 = VERTEX_POINT('',#5487);
#5487 = CARTESIAN_POINT('',(201.53429018685,33.201380296395,
    -100.3688559823));
#5488 = LINE('',#5489,#5490);
#5489 = CARTESIAN_POINT('',(201.53429018685,33.201380296395,
    -114.7072639798));
#5490 = VECTOR('',#5491,1.);
#5491 = DIRECTION('',(0.,0.,1.));
#5492 = ORIENTED_EDGE('',*,*,#5493,.F.);
#5493 = EDGE_CURVE('',#5470,#5486,#5494,.T.);
#5494 = LINE('',#5495,#5496);
#5495 = CARTESIAN_POINT('',(201.53429018685,12.490346522252,
    -100.3688559823));
#5496 = VECTOR('',#5497,1.);
#5497 = DIRECTION('',(-0.,1.,0.));
#5498 = PLANE('',#5499);
#5499 = AXIS2_PLACEMENT_3D('',#5500,#5501,#5502);
#5500 = CARTESIAN_POINT('',(201.53429018685,12.490346522252,
    -114.7072639798));
#5501 = DIRECTION('',(1.,0.,-0.));
#5502 = DIRECTION('',(0.,0.,1.));
#5503 = ADVANCED_FACE('',(#5504),#5520,.F.);
#5504 = FACE_BOUND('',#5505,.F.);
#5505 = EDGE_LOOP('',(#5506,#5512,#5513,#5519));
#5506 = ORIENTED_EDGE('',*,*,#5507,.F.);
#5507 = EDGE_CURVE('',#5428,#5468,#5508,.T.);
#5508 = LINE('',#5509,#5510);
#5509 = CARTESIAN_POINT('',(198.34797729852,12.490346522252,
    -114.7072639798));
#5510 = VECTOR('',#5511,1.);
#5511 = DIRECTION('',(1.,0.,-0.));
#5512 = ORIENTED_EDGE('',*,*,#5427,.T.);
#5513 = ORIENTED_EDGE('',*,*,#5514,.T.);
#5514 = EDGE_CURVE('',#5430,#5470,#5515,.T.);
#5515 = LINE('',#5516,#5517);
#5516 = CARTESIAN_POINT('',(198.34797729852,12.490346522252,
    -100.3688559823));
#5517 = VECTOR('',#5518,1.);
#5518 = DIRECTION('',(1.,0.,-0.));
#5519 = ORIENTED_EDGE('',*,*,#5467,.F.);
#5520 = PLANE('',#5521);
#5521 = AXIS2_PLACEMENT_3D('',#5522,#5523,#5524);
#5522 = CARTESIAN_POINT('',(198.34797729852,12.490346522252,
    -114.7072639798));
#5523 = DIRECTION('',(-0.,1.,0.));
#5524 = DIRECTION('',(0.,0.,1.));
#5525 = ADVANCED_FACE('',(#5526),#5542,.T.);
#5526 = FACE_BOUND('',#5527,.T.);
#5527 = EDGE_LOOP('',(#5528,#5534,#5535,#5541));
#5528 = ORIENTED_EDGE('',*,*,#5529,.F.);
#5529 = EDGE_CURVE('',#5438,#5478,#5530,.T.);
#5530 = LINE('',#5531,#5532);
#5531 = CARTESIAN_POINT('',(198.34797729852,33.201380296395,
    -114.7072639798));
#5532 = VECTOR('',#5533,1.);
#5533 = DIRECTION('',(1.,0.,-0.));
#5534 = ORIENTED_EDGE('',*,*,#5445,.T.);
#5535 = ORIENTED_EDGE('',*,*,#5536,.T.);
#5536 = EDGE_CURVE('',#5446,#5486,#5537,.T.);
#5537 = LINE('',#5538,#5539);
#5538 = CARTESIAN_POINT('',(198.34797729852,33.201380296395,
    -100.3688559823));
#5539 = VECTOR('',#5540,1.);
#5540 = DIRECTION('',(1.,0.,-0.));
#5541 = ORIENTED_EDGE('',*,*,#5485,.F.);
#5542 = PLANE('',#5543);
#5543 = AXIS2_PLACEMENT_3D('',#5544,#5545,#5546);
#5544 = CARTESIAN_POINT('',(198.34797729852,33.201380296395,
    -114.7072639798));
#5545 = DIRECTION('',(-0.,1.,0.));
#5546 = DIRECTION('',(0.,0.,1.));
#5547 = ADVANCED_FACE('',(#5548),#5554,.F.);
#5548 = FACE_BOUND('',#5549,.F.);
#5549 = EDGE_LOOP('',(#5550,#5551,#5552,#5553));
#5550 = ORIENTED_EDGE('',*,*,#5437,.F.);
#5551 = ORIENTED_EDGE('',*,*,#5507,.T.);
#5552 = ORIENTED_EDGE('',*,*,#5477,.T.);
#5553 = ORIENTED_EDGE('',*,*,#5529,.F.);
#5554 = PLANE('',#5555);
#5555 = AXIS2_PLACEMENT_3D('',#5556,#5557,#5558);
#5556 = CARTESIAN_POINT('',(198.34797729852,12.490346522252,
    -114.7072639798));
#5557 = DIRECTION('',(0.,0.,1.));
#5558 = DIRECTION('',(1.,0.,-0.));
#5559 = ADVANCED_FACE('',(#5560),#5566,.T.);
#5560 = FACE_BOUND('',#5561,.T.);
#5561 = EDGE_LOOP('',(#5562,#5563,#5564,#5565));
#5562 = ORIENTED_EDGE('',*,*,#5453,.F.);
#5563 = ORIENTED_EDGE('',*,*,#5514,.T.);
#5564 = ORIENTED_EDGE('',*,*,#5493,.T.);
#5565 = ORIENTED_EDGE('',*,*,#5536,.F.);
#5566 = PLANE('',#5567);
#5567 = AXIS2_PLACEMENT_3D('',#5568,#5569,#5570);
#5568 = CARTESIAN_POINT('',(198.34797729852,12.490346522252,
    -100.3688559823));
#5569 = DIRECTION('',(0.,0.,1.));
#5570 = DIRECTION('',(1.,0.,-0.));
#5571 = MANIFOLD_SOLID_BREP('',#5572);
#5572 = CLOSED_SHELL('',(#5573,#5609,#5637,#5666,#5695,#5711,#5728));
#5573 = ADVANCED_FACE('',(#5574),#5604,.F.);
#5574 = FACE_BOUND('',#5575,.F.);
#5575 = EDGE_LOOP('',(#5576,#5585,#5592,#5599));
#5576 = ORIENTED_EDGE('',*,*,#5577,.F.);
#5577 = EDGE_CURVE('',#5578,#5580,#5582,.T.);
#5578 = VERTEX_POINT('',#5579);
#5579 = CARTESIAN_POINT('',(-8.881784197001E-16,8.881784197001E-16,
    41.270869221517));
#5580 = VERTEX_POINT('',#5581);
#5581 = CARTESIAN_POINT('',(-15.01110699893,-15.01110699893,
    56.281976220447));
#5582 = B_SPLINE_CURVE_WITH_KNOTS('',1,(#5583,#5584),.UNSPECIFIED.,.F.,
  .F.,(2,2),(0.,26.),.PIECEWISE_BEZIER_KNOTS.);
#5583 = CARTESIAN_POINT('',(-8.881784197001E-16,8.881784197001E-16,
    41.270869221517));
#5584 = CARTESIAN_POINT('',(-15.01110699893,-15.01110699893,
    56.281976220447));
#5585 = ORIENTED_EDGE('',*,*,#5586,.T.);
#5586 = EDGE_CURVE('',#5578,#5587,#5589,.T.);
#5587 = VERTEX_POINT('',#5588);
#5588 = CARTESIAN_POINT('',(-5.494446500535,20.505553499465,
    56.281976220447));
#5589 = B_SPLINE_CURVE_WITH_KNOTS('',1,(#5590,#5591),.UNSPECIFIED.,.F.,
  .F.,(2,2),(0.,26.),.PIECEWISE_BEZIER_KNOTS.);
#5590 = CARTESIAN_POINT('',(-8.881784197001E-16,8.881784197001E-16,
    41.270869221517));
#5591 = CARTESIAN_POINT('',(-5.494446500535,20.505553499465,
    56.281976220447));
#5592 = ORIENTED_EDGE('',*,*,#5593,.T.);
#5593 = EDGE_CURVE('',#5587,#5594,#5596,.T.);
#5594 = VERTEX_POINT('',#5595);
#5595 = CARTESIAN_POINT('',(-20.50555349946,5.494446500535,
    71.293083219377));
#5596 = B_SPLINE_CURVE_WITH_KNOTS('',1,(#5597,#5598),.UNSPECIFIED.,.F.,
  .F.,(2,2),(0.,26.),.PIECEWISE_BEZIER_KNOTS.);
#5597 = CARTESIAN_POINT('',(-5.494446500535,20.505553499465,
    56.281976220447));
#5598 = CARTESIAN_POINT('',(-20.50555349946,5.494446500535,
    71.293083219377));
#5599 = ORIENTED_EDGE('',*,*,#5600,.F.);
#5600 = EDGE_CURVE('',#5580,#5594,#5601,.T.);
#5601 = B_SPLINE_CURVE_WITH_KNOTS('',1,(#5602,#5603),.UNSPECIFIED.,.F.,
  .F.,(2,2),(0.,26.),.PIECEWISE_BEZIER_KNOTS.);
#5602 = CARTESIAN_POINT('',(-15.01110699893,-15.01110699893,
    56.281976220447));
#5603 = CARTESIAN_POINT('',(-20.50555349946,5.494446500535,
    71.293083219377));
#5604 = B_SPLINE_SURFACE_WITH_KNOTS('',1,1,(
    (#5605,#5606)
    ,(#5607,#5608
    )),.UNSPECIFIED.,.F.,.F.,.F.,(2,2),(2,2),(0.,26.),(-26.,0.),
  .PIECEWISE_BEZIER_KNOTS.);
#5605 = CARTESIAN_POINT('',(-5.494446500535,20.505553499465,
    56.281976220447));
#5606 = CARTESIAN_POINT('',(-8.881784197001E-16,8.881784197001E-16,
    41.270869221517));
#5607 = CARTESIAN_POINT('',(-20.50555349946,5.494446500535,
    71.293083219377));
#5608 = CARTESIAN_POINT('',(-15.01110699893,-15.01110699893,
    56.281976220447));
#5609 = ADVANCED_FACE('',(#5610),#5632,.F.);
#5610 = FACE_BOUND('',#5611,.F.);
#5611 = EDGE_LOOP('',(#5612,#5619,#5620,#5627));
#5612 = ORIENTED_EDGE('',*,*,#5613,.F.);
#5613 = EDGE_CURVE('',#5578,#5614,#5616,.T.);
#5614 = VERTEX_POINT('',#5615);
#5615 = CARTESIAN_POINT('',(20.505553499465,-5.494446500535,
    56.281976220447));
#5616 = B_SPLINE_CURVE_WITH_KNOTS('',1,(#5617,#5618),.UNSPECIFIED.,.F.,
  .F.,(2,2),(0.,26.),.PIECEWISE_BEZIER_KNOTS.);
#5617 = CARTESIAN_POINT('',(-8.881784197001E-16,8.881784197001E-16,
    41.270869221517));
#5618 = CARTESIAN_POINT('',(20.505553499465,-5.494446500535,
    56.281976220447));
#5619 = ORIENTED_EDGE('',*,*,#5577,.T.);
#5620 = ORIENTED_EDGE('',*,*,#5621,.T.);
#5621 = EDGE_CURVE('',#5580,#5622,#5624,.T.);
#5622 = VERTEX_POINT('',#5623);
#5623 = CARTESIAN_POINT('',(5.494446500535,-20.50555349946,
    71.293083219377));
#5624 = B_SPLINE_CURVE_WITH_KNOTS('',1,(#5625,#5626),.UNSPECIFIED.,.F.,
  .F.,(2,2),(0.,26.),.PIECEWISE_BEZIER_KNOTS.);
#5625 = CARTESIAN_POINT('',(-15.01110699893,-15.01110699893,
    56.281976220447));
#5626 = CARTESIAN_POINT('',(5.494446500535,-20.50555349946,
    71.293083219377));
#5627 = ORIENTED_EDGE('',*,*,#5628,.F.);
#5628 = EDGE_CURVE('',#5614,#5622,#5629,.T.);
#5629 = B_SPLINE_CURVE_WITH_KNOTS('',1,(#5630,#5631),.UNSPECIFIED.,.F.,
  .F.,(2,2),(0.,26.),.PIECEWISE_BEZIER_KNOTS.);
#5630 = CARTESIAN_POINT('',(20.505553499465,-5.494446500535,
    56.281976220447));
#5631 = CARTESIAN_POINT('',(5.494446500535,-20.50555349946,
    71.293083219377));
#5632 = B_SPLINE_SURFACE_WITH_KNOTS('',1,1,(
    (#5633,#5634)
    ,(#5635,#5636
    )),.UNSPECIFIED.,.F.,.F.,.F.,(2,2),(2,2),(0.,26.),(0.,26.),
  .PIECEWISE_BEZIER_KNOTS.);
#5633 = CARTESIAN_POINT('',(-8.881784197001E-16,8.881784197001E-16,
    41.270869221517));
#5634 = CARTESIAN_POINT('',(20.505553499465,-5.494446500535,
    56.281976220447));
#5635 = CARTESIAN_POINT('',(-15.01110699893,-15.01110699893,
    56.281976220447));
#5636 = CARTESIAN_POINT('',(5.494446500535,-20.50555349946,
    71.293083219377));
#5637 = ADVANCED_FACE('',(#5638),#5661,.T.);
#5638 = FACE_BOUND('',#5639,.T.);
#5639 = EDGE_LOOP('',(#5640,#5647,#5648,#5649,#5656));
#5640 = ORIENTED_EDGE('',*,*,#5641,.F.);
#5641 = EDGE_CURVE('',#5594,#5642,#5644,.T.);
#5642 = VERTEX_POINT('',#5643);
#5643 = CARTESIAN_POINT('',(-4.461420286602,1.195433962891,
    83.038203894597));
#5644 = B_SPLINE_CURVE_WITH_KNOTS('',1,(#5645,#5646),.UNSPECIFIED.,.F.,
  .F.,(2,2),(0.,20.343145750508),.PIECEWISE_BEZIER_KNOTS.);
#5645 = CARTESIAN_POINT('',(-20.50555349946,5.494446500535,
    71.293083219377));
#5646 = CARTESIAN_POINT('',(-4.461420286602,1.195433962891,
    83.038203894597));
#5647 = ORIENTED_EDGE('',*,*,#5600,.F.);
#5648 = ORIENTED_EDGE('',*,*,#5621,.T.);
#5649 = ORIENTED_EDGE('',*,*,#5650,.T.);
#5650 = EDGE_CURVE('',#5622,#5651,#5653,.T.);
#5651 = VERTEX_POINT('',#5652);
#5652 = CARTESIAN_POINT('',(1.195433962891,-4.461420286602,
    83.038203894597));
#5653 = B_SPLINE_CURVE_WITH_KNOTS('',1,(#5654,#5655),.UNSPECIFIED.,.F.,
  .F.,(2,2),(0.,20.343145750508),.PIECEWISE_BEZIER_KNOTS.);
#5654 = CARTESIAN_POINT('',(5.494446500535,-20.50555349946,
    71.293083219377));
#5655 = CARTESIAN_POINT('',(1.195433962891,-4.461420286602,
    83.038203894597));
#5656 = ORIENTED_EDGE('',*,*,#5657,.F.);
#5657 = EDGE_CURVE('',#5642,#5651,#5658,.T.);
#5658 = B_SPLINE_CURVE_WITH_KNOTS('',1,(#5659,#5660),.UNSPECIFIED.,.F.,
  .F.,(2,2),(0.,8.),.PIECEWISE_BEZIER_KNOTS.);
#5659 = CARTESIAN_POINT('',(-4.461420286602,1.195433962891,
    83.038203894597));
#5660 = CARTESIAN_POINT('',(1.195433962891,-4.461420286602,
    83.038203894597));
#5661 = B_SPLINE_SURFACE_WITH_KNOTS('',1,1,(
    (#5662,#5663)
    ,(#5664,#5665
    )),.UNSPECIFIED.,.F.,.F.,.F.,(2,2),(2,2),(0.,26.),(0.,26.),
  .PIECEWISE_BEZIER_KNOTS.);
#5662 = CARTESIAN_POINT('',(-15.01110699893,-15.01110699893,
    56.281976220447));
#5663 = CARTESIAN_POINT('',(-20.50555349946,5.494446500535,
    71.293083219377));
#5664 = CARTESIAN_POINT('',(5.494446500535,-20.50555349946,
    71.293083219377));
#5665 = CARTESIAN_POINT('',(0.,0.,86.304190218308));
#5666 = ADVANCED_FACE('',(#5667),#5690,.T.);
#5667 = FACE_BOUND('',#5668,.T.);
#5668 = EDGE_LOOP('',(#5669,#5678,#5683,#5684,#5685));
#5669 = ORIENTED_EDGE('',*,*,#5670,.F.);
#5670 = EDGE_CURVE('',#5671,#5673,#5675,.T.);
#5671 = VERTEX_POINT('',#5672);
#5672 = CARTESIAN_POINT('',(15.01110699893,15.01110699893,
    71.293083219377));
#5673 = VERTEX_POINT('',#5674);
#5674 = CARTESIAN_POINT('',(3.265986323711,3.265986323711,
    83.038203894597));
#5675 = B_SPLINE_CURVE_WITH_KNOTS('',1,(#5676,#5677),.UNSPECIFIED.,.F.,
  .F.,(2,2),(0.,20.343145750508),.PIECEWISE_BEZIER_KNOTS.);
#5676 = CARTESIAN_POINT('',(15.01110699893,15.01110699893,
    71.293083219377));
#5677 = CARTESIAN_POINT('',(3.265986323711,3.265986323711,
    83.038203894597));
#5678 = ORIENTED_EDGE('',*,*,#5679,.F.);
#5679 = EDGE_CURVE('',#5587,#5671,#5680,.T.);
#5680 = B_SPLINE_CURVE_WITH_KNOTS('',1,(#5681,#5682),.UNSPECIFIED.,.F.,
  .F.,(2,2),(0.,26.),.PIECEWISE_BEZIER_KNOTS.);
#5681 = CARTESIAN_POINT('',(-5.494446500535,20.505553499465,
    56.281976220447));
#5682 = CARTESIAN_POINT('',(15.01110699893,15.01110699893,
    71.293083219377));
#5683 = ORIENTED_EDGE('',*,*,#5593,.T.);
#5684 = ORIENTED_EDGE('',*,*,#5641,.T.);
#5685 = ORIENTED_EDGE('',*,*,#5686,.T.);
#5686 = EDGE_CURVE('',#5642,#5673,#5687,.T.);
#5687 = B_SPLINE_CURVE_WITH_KNOTS('',1,(#5688,#5689),.UNSPECIFIED.,.F.,
  .F.,(2,2),(0.,8.),.PIECEWISE_BEZIER_KNOTS.);
#5688 = CARTESIAN_POINT('',(-4.461420286602,1.195433962891,
    83.038203894597));
#5689 = CARTESIAN_POINT('',(3.265986323711,3.265986323711,
    83.038203894597));
#5690 = B_SPLINE_SURFACE_WITH_KNOTS('',1,1,(
    (#5691,#5692)
    ,(#5693,#5694
    )),.UNSPECIFIED.,.F.,.F.,.F.,(2,2),(2,2),(0.,26.),(0.,26.),
  .PIECEWISE_BEZIER_KNOTS.);
#5691 = CARTESIAN_POINT('',(-5.494446500535,20.505553499465,
    56.281976220447));
#5692 = CARTESIAN_POINT('',(15.01110699893,15.01110699893,
    71.293083219377));
#5693 = CARTESIAN_POINT('',(-20.50555349946,5.494446500535,
    71.293083219377));
#5694 = CARTESIAN_POINT('',(0.,0.,86.304190218308));
#5695 = ADVANCED_FACE('',(#5696),#5706,.F.);
#5696 = FACE_BOUND('',#5697,.F.);
#5697 = EDGE_LOOP('',(#5698,#5699,#5700,#5705));
#5698 = ORIENTED_EDGE('',*,*,#5586,.F.);
#5699 = ORIENTED_EDGE('',*,*,#5613,.T.);
#5700 = ORIENTED_EDGE('',*,*,#5701,.T.);
#5701 = EDGE_CURVE('',#5614,#5671,#5702,.T.);
#5702 = B_SPLINE_CURVE_WITH_KNOTS('',1,(#5703,#5704),.UNSPECIFIED.,.F.,
  .F.,(2,2),(0.,26.),.PIECEWISE_BEZIER_KNOTS.);
#5703 = CARTESIAN_POINT('',(20.505553499465,-5.494446500535,
    56.281976220447));
#5704 = CARTESIAN_POINT('',(15.01110699893,15.01110699893,
    71.293083219377));
#5705 = ORIENTED_EDGE('',*,*,#5679,.F.);
#5706 = B_SPLINE_SURFACE_WITH_KNOTS('',1,1,(
    (#5707,#5708)
    ,(#5709,#5710
    )),.UNSPECIFIED.,.F.,.F.,.F.,(2,2),(2,2),(0.,26.),(0.,26.),
  .PIECEWISE_BEZIER_KNOTS.);
#5707 = CARTESIAN_POINT('',(-8.881784197001E-16,8.881784197001E-16,
    41.270869221517));
#5708 = CARTESIAN_POINT('',(-5.494446500535,20.505553499465,
    56.281976220447));
#5709 = CARTESIAN_POINT('',(20.505553499465,-5.494446500535,
    56.281976220447));
#5710 = CARTESIAN_POINT('',(15.01110699893,15.01110699893,
    71.293083219377));
#5711 = ADVANCED_FACE('',(#5712),#5723,.T.);
#5712 = FACE_BOUND('',#5713,.T.);
#5713 = EDGE_LOOP('',(#5714,#5715,#5716,#5717,#5718));
#5714 = ORIENTED_EDGE('',*,*,#5650,.F.);
#5715 = ORIENTED_EDGE('',*,*,#5628,.F.);
#5716 = ORIENTED_EDGE('',*,*,#5701,.T.);
#5717 = ORIENTED_EDGE('',*,*,#5670,.T.);
#5718 = ORIENTED_EDGE('',*,*,#5719,.F.);
#5719 = EDGE_CURVE('',#5651,#5673,#5720,.T.);
#5720 = B_SPLINE_CURVE_WITH_KNOTS('',1,(#5721,#5722),.UNSPECIFIED.,.F.,
  .F.,(2,2),(0.,8.),.PIECEWISE_BEZIER_KNOTS.);
#5721 = CARTESIAN_POINT('',(1.195433962891,-4.461420286602,
    83.038203894597));
#5722 = CARTESIAN_POINT('',(3.265986323711,3.265986323711,
    83.038203894597));
#5723 = B_SPLINE_SURFACE_WITH_KNOTS('',1,1,(
    (#5724,#5725)
    ,(#5726,#5727
    )),.UNSPECIFIED.,.F.,.F.,.F.,(2,2),(2,2),(0.,26.),(-26.,0.),
  .PIECEWISE_BEZIER_KNOTS.);
#5724 = CARTESIAN_POINT('',(15.01110699893,15.01110699893,
    71.293083219377));
#5725 = CARTESIAN_POINT('',(20.505553499465,-5.494446500535,
    56.281976220447));
#5726 = CARTESIAN_POINT('',(0.,0.,86.304190218308));
#5727 = CARTESIAN_POINT('',(5.494446500535,-20.50555349946,
    71.293083219377));
#5728 = ADVANCED_FACE('',(#5729),#5734,.T.);
#5729 = FACE_BOUND('',#5730,.T.);
#5730 = EDGE_LOOP('',(#5731,#5732,#5733));
#5731 = ORIENTED_EDGE('',*,*,#5657,.T.);
#5732 = ORIENTED_EDGE('',*,*,#5719,.T.);
#5733 = ORIENTED_EDGE('',*,*,#5686,.F.);
#5734 = B_SPLINE_SURFACE_WITH_KNOTS('',1,1,(
    (#5735,#5736)
    ,(#5737,#5738
    )),.UNSPECIFIED.,.F.,.F.,.F.,(2,2),(2,2),(-4.,4.),(-4.618802153517,
    2.309401076759),.PIECEWISE_BEZIER_KNOTS.);
#5735 = CARTESIAN_POINT('',(-2.668269342266,-5.496696467012,
    83.038203894597));
#5736 = CARTESIAN_POINT('',(-4.461420286602,1.195433962891,
    83.038203894597));
#5737 = CARTESIAN_POINT('',(5.059137268047,-3.426144106192,
    83.038203894597));
#5738 = CARTESIAN_POINT('',(3.265986323711,3.265986323711,
    83.038203894597));
#5739 = MANIFOLD_SOLID_BREP('',#5740);
#5740 = CLOSED_SHELL('',(#5741,#5777,#5805,#5827,#5856,#5879,#5896));
#5741 = ADVANCED_FACE('',(#5742),#5772,.F.);
#5742 = FACE_BOUND('',#5743,.F.);
#5743 = EDGE_LOOP('',(#5744,#5753,#5760,#5767));
#5744 = ORIENTED_EDGE('',*,*,#5745,.F.);
#5745 = EDGE_CURVE('',#5746,#5748,#5750,.T.);
#5746 = VERTEX_POINT('',#5747);
#5747 = CARTESIAN_POINT('',(-15.01110699893,-15.01110699893,
    56.281976220447));
#5748 = VERTEX_POINT('',#5749);
#5749 = CARTESIAN_POINT('',(-30.02221399786,-30.02221399786,
    71.293083219377));
#5750 = B_SPLINE_CURVE_WITH_KNOTS('',1,(#5751,#5752),.UNSPECIFIED.,.F.,
  .F.,(2,2),(0.,26.),.PIECEWISE_BEZIER_KNOTS.);
#5751 = CARTESIAN_POINT('',(-15.01110699893,-15.01110699893,
    56.281976220447));
#5752 = CARTESIAN_POINT('',(-30.02221399786,-30.02221399786,
    71.293083219377));
#5753 = ORIENTED_EDGE('',*,*,#5754,.T.);
#5754 = EDGE_CURVE('',#5746,#5755,#5757,.T.);
#5755 = VERTEX_POINT('',#5756);
#5756 = CARTESIAN_POINT('',(-20.50555349946,5.494446500535,
    71.293083219377));
#5757 = B_SPLINE_CURVE_WITH_KNOTS('',1,(#5758,#5759),.UNSPECIFIED.,.F.,
  .F.,(2,2),(0.,26.),.PIECEWISE_BEZIER_KNOTS.);
#5758 = CARTESIAN_POINT('',(-15.01110699893,-15.01110699893,
    56.281976220447));
#5759 = CARTESIAN_POINT('',(-20.50555349946,5.494446500535,
    71.293083219377));
#5760 = ORIENTED_EDGE('',*,*,#5761,.T.);
#5761 = EDGE_CURVE('',#5755,#5762,#5764,.T.);
#5762 = VERTEX_POINT('',#5763);
#5763 = CARTESIAN_POINT('',(-35.51666049839,-9.516660498395,
    86.304190218308));
#5764 = B_SPLINE_CURVE_WITH_KNOTS('',1,(#5765,#5766),.UNSPECIFIED.,.F.,
  .F.,(2,2),(0.,26.),.PIECEWISE_BEZIER_KNOTS.);
#5765 = CARTESIAN_POINT('',(-20.50555349946,5.494446500535,
    71.293083219377));
#5766 = CARTESIAN_POINT('',(-35.51666049839,-9.516660498395,
    86.304190218308));
#5767 = ORIENTED_EDGE('',*,*,#5768,.F.);
#5768 = EDGE_CURVE('',#5748,#5762,#5769,.T.);
#5769 = B_SPLINE_CURVE_WITH_KNOTS('',1,(#5770,#5771),.UNSPECIFIED.,.F.,
  .F.,(2,2),(0.,26.),.PIECEWISE_BEZIER_KNOTS.);
#5770 = CARTESIAN_POINT('',(-30.02221399786,-30.02221399786,
    71.293083219377));
#5771 = CARTESIAN_POINT('',(-35.51666049839,-9.516660498395,
    86.304190218308));
#5772 = B_SPLINE_SURFACE_WITH_KNOTS('',1,1,(
    (#5773,#5774)
    ,(#5775,#5776
    )),.UNSPECIFIED.,.F.,.F.,.F.,(2,2),(2,2),(0.,26.),(-26.,0.),
  .PIECEWISE_BEZIER_KNOTS.);
#5773 = CARTESIAN_POINT('',(-20.50555349946,5.494446500535,
    71.293083219377));
#5774 = CARTESIAN_POINT('',(-15.01110699893,-15.01110699893,
    56.281976220447));
#5775 = CARTESIAN_POINT('',(-35.51666049839,-9.516660498395,
    86.304190218308));
#5776 = CARTESIAN_POINT('',(-30.02221399786,-30.02221399786,
    71.293083219377));
#5777 = ADVANCED_FACE('',(#5778),#5800,.F.);
#5778 = FACE_BOUND('',#5779,.F.);
#5779 = EDGE_LOOP('',(#5780,#5787,#5788,#5795));
#5780 = ORIENTED_EDGE('',*,*,#5781,.F.);
#5781 = EDGE_CURVE('',#5746,#5782,#5784,.T.);
#5782 = VERTEX_POINT('',#5783);
#5783 = CARTESIAN_POINT('',(5.494446500535,-20.50555349946,
    71.293083219377));
#5784 = B_SPLINE_CURVE_WITH_KNOTS('',1,(#5785,#5786),.UNSPECIFIED.,.F.,
  .F.,(2,2),(0.,26.),.PIECEWISE_BEZIER_KNOTS.);
#5785 = CARTESIAN_POINT('',(-15.01110699893,-15.01110699893,
    56.281976220447));
#5786 = CARTESIAN_POINT('',(5.494446500535,-20.50555349946,
    71.293083219377));
#5787 = ORIENTED_EDGE('',*,*,#5745,.T.);
#5788 = ORIENTED_EDGE('',*,*,#5789,.T.);
#5789 = EDGE_CURVE('',#5748,#5790,#5792,.T.);
#5790 = VERTEX_POINT('',#5791);
#5791 = CARTESIAN_POINT('',(-9.516660498395,-35.51666049839,
    86.304190218308));
#5792 = B_SPLINE_CURVE_WITH_KNOTS('',1,(#5793,#5794),.UNSPECIFIED.,.F.,
  .F.,(2,2),(0.,26.),.PIECEWISE_BEZIER_KNOTS.);
#5793 = CARTESIAN_POINT('',(-30.02221399786,-30.02221399786,
    71.293083219377));
#5794 = CARTESIAN_POINT('',(-9.516660498395,-35.51666049839,
    86.304190218308));
#5795 = ORIENTED_EDGE('',*,*,#5796,.F.);
#5796 = EDGE_CURVE('',#5782,#5790,#5797,.T.);
#5797 = B_SPLINE_CURVE_WITH_KNOTS('',1,(#5798,#5799),.UNSPECIFIED.,.F.,
  .F.,(2,2),(0.,26.),.PIECEWISE_BEZIER_KNOTS.);
#5798 = CARTESIAN_POINT('',(5.494446500535,-20.50555349946,
    71.293083219377));
#5799 = CARTESIAN_POINT('',(-9.516660498395,-35.51666049839,
    86.304190218308));
#5800 = B_SPLINE_SURFACE_WITH_KNOTS('',1,1,(
    (#5801,#5802)
    ,(#5803,#5804
    )),.UNSPECIFIED.,.F.,.F.,.F.,(2,2),(2,2),(0.,26.),(0.,26.),
  .PIECEWISE_BEZIER_KNOTS.);
#5801 = CARTESIAN_POINT('',(-15.01110699893,-15.01110699893,
    56.281976220447));
#5802 = CARTESIAN_POINT('',(5.494446500535,-20.50555349946,
    71.293083219377));
#5803 = CARTESIAN_POINT('',(-30.02221399786,-30.02221399786,
    71.293083219377));
#5804 = CARTESIAN_POINT('',(-9.516660498395,-35.51666049839,
    86.304190218308));
#5805 = ADVANCED_FACE('',(#5806),#5822,.T.);
#5806 = FACE_BOUND('',#5807,.T.);
#5807 = EDGE_LOOP('',(#5808,#5809,#5810,#5817));
#5808 = ORIENTED_EDGE('',*,*,#5768,.F.);
#5809 = ORIENTED_EDGE('',*,*,#5789,.T.);
#5810 = ORIENTED_EDGE('',*,*,#5811,.T.);
#5811 = EDGE_CURVE('',#5790,#5812,#5814,.T.);
#5812 = VERTEX_POINT('',#5813);
#5813 = CARTESIAN_POINT('',(-15.01110699893,-15.01110699893,
    101.31529721723));
#5814 = B_SPLINE_CURVE_WITH_KNOTS('',1,(#5815,#5816),.UNSPECIFIED.,.F.,
  .F.,(2,2),(0.,26.),.PIECEWISE_BEZIER_KNOTS.);
#5815 = CARTESIAN_POINT('',(-9.516660498395,-35.51666049839,
    86.304190218308));
#5816 = CARTESIAN_POINT('',(-15.01110699893,-15.01110699893,
    101.31529721723));
#5817 = ORIENTED_EDGE('',*,*,#5818,.F.);
#5818 = EDGE_CURVE('',#5762,#5812,#5819,.T.);
#5819 = B_SPLINE_CURVE_WITH_KNOTS('',1,(#5820,#5821),.UNSPECIFIED.,.F.,
  .F.,(2,2),(0.,26.),.PIECEWISE_BEZIER_KNOTS.);
#5820 = CARTESIAN_POINT('',(-35.51666049839,-9.516660498395,
    86.304190218308));
#5821 = CARTESIAN_POINT('',(-15.01110699893,-15.01110699893,
    101.31529721723));
#5822 = B_SPLINE_SURFACE_WITH_KNOTS('',1,1,(
    (#5823,#5824)
    ,(#5825,#5826
    )),.UNSPECIFIED.,.F.,.F.,.F.,(2,2),(2,2),(0.,26.),(0.,26.),
  .PIECEWISE_BEZIER_KNOTS.);
#5823 = CARTESIAN_POINT('',(-30.02221399786,-30.02221399786,
    71.293083219377));
#5824 = CARTESIAN_POINT('',(-35.51666049839,-9.516660498395,
    86.304190218308));
#5825 = CARTESIAN_POINT('',(-9.516660498395,-35.51666049839,
    86.304190218308));
#5826 = CARTESIAN_POINT('',(-15.01110699893,-15.01110699893,
    101.31529721723));
#5827 = ADVANCED_FACE('',(#5828),#5851,.T.);
#5828 = FACE_BOUND('',#5829,.T.);
#5829 = EDGE_LOOP('',(#5830,#5837,#5838,#5839,#5846));
#5830 = ORIENTED_EDGE('',*,*,#5831,.F.);
#5831 = EDGE_CURVE('',#5755,#5832,#5834,.T.);
#5832 = VERTEX_POINT('',#5833);
#5833 = CARTESIAN_POINT('',(-4.461420286602,1.195433962891,
    83.038203894597));
#5834 = B_SPLINE_CURVE_WITH_KNOTS('',1,(#5835,#5836),.UNSPECIFIED.,.F.,
  .F.,(2,2),(0.,20.343145750508),.PIECEWISE_BEZIER_KNOTS.);
#5835 = CARTESIAN_POINT('',(-20.50555349946,5.494446500535,
    71.293083219377));
#5836 = CARTESIAN_POINT('',(-4.461420286602,1.195433962891,
    83.038203894597));
#5837 = ORIENTED_EDGE('',*,*,#5761,.T.);
#5838 = ORIENTED_EDGE('',*,*,#5818,.T.);
#5839 = ORIENTED_EDGE('',*,*,#5840,.F.);
#5840 = EDGE_CURVE('',#5841,#5812,#5843,.T.);
#5841 = VERTEX_POINT('',#5842);
#5842 = CARTESIAN_POINT('',(-3.265986323711,-3.265986323711,
    89.570176542019));
#5843 = B_SPLINE_CURVE_WITH_KNOTS('',1,(#5844,#5845),.UNSPECIFIED.,.F.,
  .F.,(2,2),(5.656854249492,26.),.PIECEWISE_BEZIER_KNOTS.);
#5844 = CARTESIAN_POINT('',(-3.265986323711,-3.265986323711,
    89.570176542019));
#5845 = CARTESIAN_POINT('',(-15.01110699893,-15.01110699893,
    101.31529721723));
#5846 = ORIENTED_EDGE('',*,*,#5847,.F.);
#5847 = EDGE_CURVE('',#5832,#5841,#5848,.T.);
#5848 = B_SPLINE_CURVE_WITH_KNOTS('',1,(#5849,#5850),.UNSPECIFIED.,.F.,
  .F.,(2,2),(0.,8.),.PIECEWISE_BEZIER_KNOTS.);
#5849 = CARTESIAN_POINT('',(-4.461420286602,1.195433962891,
    83.038203894597));
#5850 = CARTESIAN_POINT('',(-3.265986323711,-3.265986323711,
    89.570176542019));
#5851 = B_SPLINE_SURFACE_WITH_KNOTS('',1,1,(
    (#5852,#5853)
    ,(#5854,#5855
    )),.UNSPECIFIED.,.F.,.F.,.F.,(2,2),(2,2),(0.,26.),(0.,26.),
  .PIECEWISE_BEZIER_KNOTS.);
#5852 = CARTESIAN_POINT('',(-20.50555349946,5.494446500535,
    71.293083219377));
#5853 = CARTESIAN_POINT('',(0.,0.,86.304190218308));
#5854 = CARTESIAN_POINT('',(-35.51666049839,-9.516660498395,
    86.304190218308));
#5855 = CARTESIAN_POINT('',(-15.01110699893,-15.01110699893,
    101.31529721723));
#5856 = ADVANCED_FACE('',(#5857),#5874,.F.);
#5857 = FACE_BOUND('',#5858,.F.);
#5858 = EDGE_LOOP('',(#5859,#5860,#5861,#5862,#5869));
#5859 = ORIENTED_EDGE('',*,*,#5831,.F.);
#5860 = ORIENTED_EDGE('',*,*,#5754,.F.);
#5861 = ORIENTED_EDGE('',*,*,#5781,.T.);
#5862 = ORIENTED_EDGE('',*,*,#5863,.T.);
#5863 = EDGE_CURVE('',#5782,#5864,#5866,.T.);
#5864 = VERTEX_POINT('',#5865);
#5865 = CARTESIAN_POINT('',(1.195433962891,-4.461420286602,
    83.038203894597));
#5866 = B_SPLINE_CURVE_WITH_KNOTS('',1,(#5867,#5868),.UNSPECIFIED.,.F.,
  .F.,(2,2),(0.,20.343145750508),.PIECEWISE_BEZIER_KNOTS.);
#5867 = CARTESIAN_POINT('',(5.494446500535,-20.50555349946,
    71.293083219377));
#5868 = CARTESIAN_POINT('',(1.195433962891,-4.461420286602,
    83.038203894597));
#5869 = ORIENTED_EDGE('',*,*,#5870,.F.);
#5870 = EDGE_CURVE('',#5832,#5864,#5871,.T.);
#5871 = B_SPLINE_CURVE_WITH_KNOTS('',1,(#5872,#5873),.UNSPECIFIED.,.F.,
  .F.,(2,2),(0.,8.),.PIECEWISE_BEZIER_KNOTS.);
#5872 = CARTESIAN_POINT('',(-4.461420286602,1.195433962891,
    83.038203894597));
#5873 = CARTESIAN_POINT('',(1.195433962891,-4.461420286602,
    83.038203894597));
#5874 = B_SPLINE_SURFACE_WITH_KNOTS('',1,1,(
    (#5875,#5876)
    ,(#5877,#5878
    )),.UNSPECIFIED.,.F.,.F.,.F.,(2,2),(2,2),(0.,26.),(0.,26.),
  .PIECEWISE_BEZIER_KNOTS.);
#5875 = CARTESIAN_POINT('',(-15.01110699893,-15.01110699893,
    56.281976220447));
#5876 = CARTESIAN_POINT('',(-20.50555349946,5.494446500535,
    71.293083219377));
#5877 = CARTESIAN_POINT('',(5.494446500535,-20.50555349946,
    71.293083219377));
#5878 = CARTESIAN_POINT('',(0.,0.,86.304190218308));
#5879 = ADVANCED_FACE('',(#5880),#5891,.T.);
#5880 = FACE_BOUND('',#5881,.T.);
#5881 = EDGE_LOOP('',(#5882,#5883,#5884,#5885,#5890));
#5882 = ORIENTED_EDGE('',*,*,#5811,.F.);
#5883 = ORIENTED_EDGE('',*,*,#5796,.F.);
#5884 = ORIENTED_EDGE('',*,*,#5863,.T.);
#5885 = ORIENTED_EDGE('',*,*,#5886,.T.);
#5886 = EDGE_CURVE('',#5864,#5841,#5887,.T.);
#5887 = B_SPLINE_CURVE_WITH_KNOTS('',1,(#5888,#5889),.UNSPECIFIED.,.F.,
  .F.,(2,2),(0.,8.),.PIECEWISE_BEZIER_KNOTS.);
#5888 = CARTESIAN_POINT('',(1.195433962891,-4.461420286602,
    83.038203894597));
#5889 = CARTESIAN_POINT('',(-3.265986323711,-3.265986323711,
    89.570176542019));
#5890 = ORIENTED_EDGE('',*,*,#5840,.T.);
#5891 = B_SPLINE_SURFACE_WITH_KNOTS('',1,1,(
    (#5892,#5893)
    ,(#5894,#5895
    )),.UNSPECIFIED.,.F.,.F.,.F.,(2,2),(2,2),(0.,26.),(-26.,0.),
  .PIECEWISE_BEZIER_KNOTS.);
#5892 = CARTESIAN_POINT('',(0.,0.,86.304190218308));
#5893 = CARTESIAN_POINT('',(5.494446500535,-20.50555349946,
    71.293083219377));
#5894 = CARTESIAN_POINT('',(-15.01110699893,-15.01110699893,
    101.31529721723));
#5895 = CARTESIAN_POINT('',(-9.516660498395,-35.51666049839,
    86.304190218308));
#5896 = ADVANCED_FACE('',(#5897),#5902,.F.);
#5897 = FACE_BOUND('',#5898,.F.);
#5898 = EDGE_LOOP('',(#5899,#5900,#5901));
#5899 = ORIENTED_EDGE('',*,*,#5870,.T.);
#5900 = ORIENTED_EDGE('',*,*,#5886,.T.);
#5901 = ORIENTED_EDGE('',*,*,#5847,.F.);
#5902 = B_SPLINE_SURFACE_WITH_KNOTS('',1,1,(
    (#5903,#5904)
    ,(#5905,#5906
    )),.UNSPECIFIED.,.F.,.F.,.F.,(2,2),(2,2),(-4.,4.),(-4.618802153517,
    2.309401076759),.PIECEWISE_BEZIER_KNOTS.);
#5903 = CARTESIAN_POINT('',(0.597716981445,-2.230710143301,
    79.772217570886));
#5904 = CARTESIAN_POINT('',(-4.461420286602,1.195433962891,
    83.038203894597));
#5905 = CARTESIAN_POINT('',(1.793150944336,-6.692130429902,
    86.304190218308));
#5906 = CARTESIAN_POINT('',(-3.265986323711,-3.265986323711,
    89.570176542019));
#5907 = MANIFOLD_SOLID_BREP('',#5908);
#5908 = CLOSED_SHELL('',(#5909,#5945,#5980,#6009,#6031,#6047,#6064));
#5909 = ADVANCED_FACE('',(#5910),#5940,.F.);
#5910 = FACE_BOUND('',#5911,.F.);
#5911 = EDGE_LOOP('',(#5912,#5921,#5928,#5935));
#5912 = ORIENTED_EDGE('',*,*,#5913,.F.);
#5913 = EDGE_CURVE('',#5914,#5916,#5918,.T.);
#5914 = VERTEX_POINT('',#5915);
#5915 = CARTESIAN_POINT('',(-5.494446500535,20.505553499465,
    56.281976220447));
#5916 = VERTEX_POINT('',#5917);
#5917 = CARTESIAN_POINT('',(-20.50555349946,5.494446500535,
    71.293083219377));
#5918 = B_SPLINE_CURVE_WITH_KNOTS('',1,(#5919,#5920),.UNSPECIFIED.,.F.,
  .F.,(2,2),(0.,26.),.PIECEWISE_BEZIER_KNOTS.);
#5919 = CARTESIAN_POINT('',(-5.494446500535,20.505553499465,
    56.281976220447));
#5920 = CARTESIAN_POINT('',(-20.50555349946,5.494446500535,
    71.293083219377));
#5921 = ORIENTED_EDGE('',*,*,#5922,.T.);
#5922 = EDGE_CURVE('',#5914,#5923,#5925,.T.);
#5923 = VERTEX_POINT('',#5924);
#5924 = CARTESIAN_POINT('',(-10.98889300107,41.01110699893,
    71.293083219377));
#5925 = B_SPLINE_CURVE_WITH_KNOTS('',1,(#5926,#5927),.UNSPECIFIED.,.F.,
  .F.,(2,2),(0.,26.),.PIECEWISE_BEZIER_KNOTS.);
#5926 = CARTESIAN_POINT('',(-5.494446500535,20.505553499465,
    56.281976220447));
#5927 = CARTESIAN_POINT('',(-10.98889300107,41.01110699893,
    71.293083219377));
#5928 = ORIENTED_EDGE('',*,*,#5929,.T.);
#5929 = EDGE_CURVE('',#5923,#5930,#5932,.T.);
#5930 = VERTEX_POINT('',#5931);
#5931 = CARTESIAN_POINT('',(-26.,26.,86.304190218308));
#5932 = B_SPLINE_CURVE_WITH_KNOTS('',1,(#5933,#5934),.UNSPECIFIED.,.F.,
  .F.,(2,2),(0.,26.),.PIECEWISE_BEZIER_KNOTS.);
#5933 = CARTESIAN_POINT('',(-10.98889300107,41.01110699893,
    71.293083219377));
#5934 = CARTESIAN_POINT('',(-26.,26.,86.304190218308));
#5935 = ORIENTED_EDGE('',*,*,#5936,.F.);
#5936 = EDGE_CURVE('',#5916,#5930,#5937,.T.);
#5937 = B_SPLINE_CURVE_WITH_KNOTS('',1,(#5938,#5939),.UNSPECIFIED.,.F.,
  .F.,(2,2),(0.,26.),.PIECEWISE_BEZIER_KNOTS.);
#5938 = CARTESIAN_POINT('',(-20.50555349946,5.494446500535,
    71.293083219377));
#5939 = CARTESIAN_POINT('',(-26.,26.,86.304190218308));
#5940 = B_SPLINE_SURFACE_WITH_KNOTS('',1,1,(
    (#5941,#5942)
    ,(#5943,#5944
    )),.UNSPECIFIED.,.F.,.F.,.F.,(2,2),(2,2),(0.,26.),(-26.,0.),
  .PIECEWISE_BEZIER_KNOTS.);
#5941 = CARTESIAN_POINT('',(-10.98889300107,41.01110699893,
    71.293083219377));
#5942 = CARTESIAN_POINT('',(-5.494446500535,20.505553499465,
    56.281976220447));
#5943 = CARTESIAN_POINT('',(-26.,26.,86.304190218308));
#5944 = CARTESIAN_POINT('',(-20.50555349946,5.494446500535,
    71.293083219377));
#5945 = ADVANCED_FACE('',(#5946),#5975,.F.);
#5946 = FACE_BOUND('',#5947,.F.);
#5947 = EDGE_LOOP('',(#5948,#5957,#5962,#5963,#5970));
#5948 = ORIENTED_EDGE('',*,*,#5949,.F.);
#5949 = EDGE_CURVE('',#5950,#5952,#5954,.T.);
#5950 = VERTEX_POINT('',#5951);
#5951 = CARTESIAN_POINT('',(15.01110699893,15.01110699893,
    71.293083219377));
#5952 = VERTEX_POINT('',#5953);
#5953 = CARTESIAN_POINT('',(3.265986323711,3.265986323711,
    83.038203894597));
#5954 = B_SPLINE_CURVE_WITH_KNOTS('',1,(#5955,#5956),.UNSPECIFIED.,.F.,
  .F.,(2,2),(0.,20.343145750508),.PIECEWISE_BEZIER_KNOTS.);
#5955 = CARTESIAN_POINT('',(15.01110699893,15.01110699893,
    71.293083219377));
#5956 = CARTESIAN_POINT('',(3.265986323711,3.265986323711,
    83.038203894597));
#5957 = ORIENTED_EDGE('',*,*,#5958,.F.);
#5958 = EDGE_CURVE('',#5914,#5950,#5959,.T.);
#5959 = B_SPLINE_CURVE_WITH_KNOTS('',1,(#5960,#5961),.UNSPECIFIED.,.F.,
  .F.,(2,2),(0.,26.),.PIECEWISE_BEZIER_KNOTS.);
#5960 = CARTESIAN_POINT('',(-5.494446500535,20.505553499465,
    56.281976220447));
#5961 = CARTESIAN_POINT('',(15.01110699893,15.01110699893,
    71.293083219377));
#5962 = ORIENTED_EDGE('',*,*,#5913,.T.);
#5963 = ORIENTED_EDGE('',*,*,#5964,.T.);
#5964 = EDGE_CURVE('',#5916,#5965,#5967,.T.);
#5965 = VERTEX_POINT('',#5966);
#5966 = CARTESIAN_POINT('',(-4.461420286602,1.195433962891,
    83.038203894597));
#5967 = B_SPLINE_CURVE_WITH_KNOTS('',1,(#5968,#5969),.UNSPECIFIED.,.F.,
  .F.,(2,2),(0.,20.343145750508),.PIECEWISE_BEZIER_KNOTS.);
#5968 = CARTESIAN_POINT('',(-20.50555349946,5.494446500535,
    71.293083219377));
#5969 = CARTESIAN_POINT('',(-4.461420286602,1.195433962891,
    83.038203894597));
#5970 = ORIENTED_EDGE('',*,*,#5971,.T.);
#5971 = EDGE_CURVE('',#5965,#5952,#5972,.T.);
#5972 = B_SPLINE_CURVE_WITH_KNOTS('',1,(#5973,#5974),.UNSPECIFIED.,.F.,
  .F.,(2,2),(0.,8.),.PIECEWISE_BEZIER_KNOTS.);
#5973 = CARTESIAN_POINT('',(-4.461420286602,1.195433962891,
    83.038203894597));
#5974 = CARTESIAN_POINT('',(3.265986323711,3.265986323711,
    83.038203894597));
#5975 = B_SPLINE_SURFACE_WITH_KNOTS('',1,1,(
    (#5976,#5977)
    ,(#5978,#5979
    )),.UNSPECIFIED.,.F.,.F.,.F.,(2,2),(2,2),(0.,26.),(0.,26.),
  .PIECEWISE_BEZIER_KNOTS.);
#5976 = CARTESIAN_POINT('',(-5.494446500535,20.505553499465,
    56.281976220447));
#5977 = CARTESIAN_POINT('',(15.01110699893,15.01110699893,
    71.293083219377));
#5978 = CARTESIAN_POINT('',(-20.50555349946,5.494446500535,
    71.293083219377));
#5979 = CARTESIAN_POINT('',(0.,0.,86.304190218308));
#5980 = ADVANCED_FACE('',(#5981),#6004,.T.);
#5981 = FACE_BOUND('',#5982,.T.);
#5982 = EDGE_LOOP('',(#5983,#5990,#5991,#5992,#5999));
#5983 = ORIENTED_EDGE('',*,*,#5984,.F.);
#5984 = EDGE_CURVE('',#5930,#5985,#5987,.T.);
#5985 = VERTEX_POINT('',#5986);
#5986 = CARTESIAN_POINT('',(-5.494446500535,20.505553499465,
    101.31529721723));
#5987 = B_SPLINE_CURVE_WITH_KNOTS('',1,(#5988,#5989),.UNSPECIFIED.,.F.,
  .F.,(2,2),(0.,26.),.PIECEWISE_BEZIER_KNOTS.);
#5988 = CARTESIAN_POINT('',(-26.,26.,86.304190218308));
#5989 = CARTESIAN_POINT('',(-5.494446500535,20.505553499465,
    101.31529721723));
#5990 = ORIENTED_EDGE('',*,*,#5936,.F.);
#5991 = ORIENTED_EDGE('',*,*,#5964,.T.);
#5992 = ORIENTED_EDGE('',*,*,#5993,.T.);
#5993 = EDGE_CURVE('',#5965,#5994,#5996,.T.);
#5994 = VERTEX_POINT('',#5995);
#5995 = CARTESIAN_POINT('',(-1.195433962891,4.461420286602,
    89.570176542019));
#5996 = B_SPLINE_CURVE_WITH_KNOTS('',1,(#5997,#5998),.UNSPECIFIED.,.F.,
  .F.,(2,2),(0.,8.),.PIECEWISE_BEZIER_KNOTS.);
#5997 = CARTESIAN_POINT('',(-4.461420286602,1.195433962891,
    83.038203894597));
#5998 = CARTESIAN_POINT('',(-1.195433962891,4.461420286602,
    89.570176542019));
#5999 = ORIENTED_EDGE('',*,*,#6000,.T.);
#6000 = EDGE_CURVE('',#5994,#5985,#6001,.T.);
#6001 = B_SPLINE_CURVE_WITH_KNOTS('',1,(#6002,#6003),.UNSPECIFIED.,.F.,
  .F.,(2,2),(5.656854249492,26.),.PIECEWISE_BEZIER_KNOTS.);
#6002 = CARTESIAN_POINT('',(-1.195433962891,4.461420286602,
    89.570176542019));
#6003 = CARTESIAN_POINT('',(-5.494446500535,20.505553499465,
    101.31529721723));
#6004 = B_SPLINE_SURFACE_WITH_KNOTS('',1,1,(
    (#6005,#6006)
    ,(#6007,#6008
    )),.UNSPECIFIED.,.F.,.F.,.F.,(2,2),(2,2),(0.,26.),(0.,26.),
  .PIECEWISE_BEZIER_KNOTS.);
#6005 = CARTESIAN_POINT('',(-20.50555349946,5.494446500535,
    71.293083219377));
#6006 = CARTESIAN_POINT('',(-26.,26.,86.304190218308));
#6007 = CARTESIAN_POINT('',(0.,0.,86.304190218308));
#6008 = CARTESIAN_POINT('',(-5.494446500535,20.505553499465,
    101.31529721723));
#6009 = ADVANCED_FACE('',(#6010),#6026,.T.);
#6010 = FACE_BOUND('',#6011,.T.);
#6011 = EDGE_LOOP('',(#6012,#6019,#6020,#6021));
#6012 = ORIENTED_EDGE('',*,*,#6013,.F.);
#6013 = EDGE_CURVE('',#5923,#6014,#6016,.T.);
#6014 = VERTEX_POINT('',#6015);
#6015 = CARTESIAN_POINT('',(9.516660498395,35.516660498395,
    86.304190218308));
#6016 = B_SPLINE_CURVE_WITH_KNOTS('',1,(#6017,#6018),.UNSPECIFIED.,.F.,
  .F.,(2,2),(0.,26.),.PIECEWISE_BEZIER_KNOTS.);
#6017 = CARTESIAN_POINT('',(-10.98889300107,41.01110699893,
    71.293083219377));
#6018 = CARTESIAN_POINT('',(9.516660498395,35.516660498395,
    86.304190218308));
#6019 = ORIENTED_EDGE('',*,*,#5929,.T.);
#6020 = ORIENTED_EDGE('',*,*,#5984,.T.);
#6021 = ORIENTED_EDGE('',*,*,#6022,.F.);
#6022 = EDGE_CURVE('',#6014,#5985,#6023,.T.);
#6023 = B_SPLINE_CURVE_WITH_KNOTS('',1,(#6024,#6025),.UNSPECIFIED.,.F.,
  .F.,(2,2),(0.,26.),.PIECEWISE_BEZIER_KNOTS.);
#6024 = CARTESIAN_POINT('',(9.516660498395,35.516660498395,
    86.304190218308));
#6025 = CARTESIAN_POINT('',(-5.494446500535,20.505553499465,
    101.31529721723));
#6026 = B_SPLINE_SURFACE_WITH_KNOTS('',1,1,(
    (#6027,#6028)
    ,(#6029,#6030
    )),.UNSPECIFIED.,.F.,.F.,.F.,(2,2),(2,2),(0.,26.),(0.,26.),
  .PIECEWISE_BEZIER_KNOTS.);
#6027 = CARTESIAN_POINT('',(-10.98889300107,41.01110699893,
    71.293083219377));
#6028 = CARTESIAN_POINT('',(9.516660498395,35.516660498395,
    86.304190218308));
#6029 = CARTESIAN_POINT('',(-26.,26.,86.304190218308));
#6030 = CARTESIAN_POINT('',(-5.494446500535,20.505553499465,
    101.31529721723));
#6031 = ADVANCED_FACE('',(#6032),#6042,.F.);
#6032 = FACE_BOUND('',#6033,.F.);
#6033 = EDGE_LOOP('',(#6034,#6035,#6036,#6041));
#6034 = ORIENTED_EDGE('',*,*,#5922,.F.);
#6035 = ORIENTED_EDGE('',*,*,#5958,.T.);
#6036 = ORIENTED_EDGE('',*,*,#6037,.T.);
#6037 = EDGE_CURVE('',#5950,#6014,#6038,.T.);
#6038 = B_SPLINE_CURVE_WITH_KNOTS('',1,(#6039,#6040),.UNSPECIFIED.,.F.,
  .F.,(2,2),(0.,26.),.PIECEWISE_BEZIER_KNOTS.);
#6039 = CARTESIAN_POINT('',(15.01110699893,15.01110699893,
    71.293083219377));
#6040 = CARTESIAN_POINT('',(9.516660498395,35.516660498395,
    86.304190218308));
#6041 = ORIENTED_EDGE('',*,*,#6013,.F.);
#6042 = B_SPLINE_SURFACE_WITH_KNOTS('',1,1,(
    (#6043,#6044)
    ,(#6045,#6046
    )),.UNSPECIFIED.,.F.,.F.,.F.,(2,2),(2,2),(0.,26.),(0.,26.),
  .PIECEWISE_BEZIER_KNOTS.);
#6043 = CARTESIAN_POINT('',(-5.494446500535,20.505553499465,
    56.281976220447));
#6044 = CARTESIAN_POINT('',(-10.98889300107,41.01110699893,
    71.293083219377));
#6045 = CARTESIAN_POINT('',(15.01110699893,15.01110699893,
    71.293083219377));
#6046 = CARTESIAN_POINT('',(9.516660498395,35.516660498395,
    86.304190218308));
#6047 = ADVANCED_FACE('',(#6048),#6059,.T.);
#6048 = FACE_BOUND('',#6049,.T.);
#6049 = EDGE_LOOP('',(#6050,#6051,#6052,#6053,#6054));
#6050 = ORIENTED_EDGE('',*,*,#5949,.F.);
#6051 = ORIENTED_EDGE('',*,*,#6037,.T.);
#6052 = ORIENTED_EDGE('',*,*,#6022,.T.);
#6053 = ORIENTED_EDGE('',*,*,#6000,.F.);
#6054 = ORIENTED_EDGE('',*,*,#6055,.T.);
#6055 = EDGE_CURVE('',#5994,#5952,#6056,.T.);
#6056 = B_SPLINE_CURVE_WITH_KNOTS('',1,(#6057,#6058),.UNSPECIFIED.,.F.,
  .F.,(2,2),(0.,8.),.PIECEWISE_BEZIER_KNOTS.);
#6057 = CARTESIAN_POINT('',(-1.195433962891,4.461420286602,
    89.570176542019));
#6058 = CARTESIAN_POINT('',(3.265986323711,3.265986323711,
    83.038203894597));
#6059 = B_SPLINE_SURFACE_WITH_KNOTS('',1,1,(
    (#6060,#6061)
    ,(#6062,#6063
    )),.UNSPECIFIED.,.F.,.F.,.F.,(2,2),(2,2),(0.,26.),(-26.,
    2.601414362266E-16),.PIECEWISE_BEZIER_KNOTS.);
#6060 = CARTESIAN_POINT('',(9.516660498395,35.516660498395,
    86.304190218308));
#6061 = CARTESIAN_POINT('',(15.01110699893,15.01110699893,
    71.293083219377));
#6062 = CARTESIAN_POINT('',(-5.494446500535,20.505553499465,
    101.31529721723));
#6063 = CARTESIAN_POINT('',(5.49743539969E-17,-2.051670822297E-16,
    86.304190218308));
#6064 = ADVANCED_FACE('',(#6065),#6070,.F.);
#6065 = FACE_BOUND('',#6066,.F.);
#6066 = EDGE_LOOP('',(#6067,#6068,#6069));
#6067 = ORIENTED_EDGE('',*,*,#5993,.T.);
#6068 = ORIENTED_EDGE('',*,*,#6055,.T.);
#6069 = ORIENTED_EDGE('',*,*,#5971,.F.);
#6070 = B_SPLINE_SURFACE_WITH_KNOTS('',1,1,(
    (#6071,#6072)
    ,(#6073,#6074
    )),.UNSPECIFIED.,.F.,.F.,.F.,(2,2),(2,2),(-4.,4.),(-2.309401076759,
    4.618802153517),.PIECEWISE_BEZIER_KNOTS.);
#6071 = CARTESIAN_POINT('',(3.265986323711,3.265986323711,
    83.038203894597));
#6072 = CARTESIAN_POINT('',(2.668269342266,5.496696467012,
    89.570176542019));
#6073 = CARTESIAN_POINT('',(-4.461420286602,1.195433962891,
    83.038203894597));
#6074 = CARTESIAN_POINT('',(-5.059137268047,3.426144106192,
    89.570176542019));
#6075 = MANIFOLD_SOLID_BREP('',#6076);
#6076 = CLOSED_SHELL('',(#6077,#6113,#6148,#6170,#6192,#6215,#6230));
#6077 = ADVANCED_FACE('',(#6078),#6108,.F.);
#6078 = FACE_BOUND('',#6079,.F.);
#6079 = EDGE_LOOP('',(#6080,#6089,#6096,#6103));
#6080 = ORIENTED_EDGE('',*,*,#6081,.F.);
#6081 = EDGE_CURVE('',#6082,#6084,#6086,.T.);
#6082 = VERTEX_POINT('',#6083);
#6083 = CARTESIAN_POINT('',(-20.50555349946,5.494446500535,
    71.293083219377));
#6084 = VERTEX_POINT('',#6085);
#6085 = CARTESIAN_POINT('',(-35.51666049839,-9.516660498395,
    86.304190218308));
#6086 = B_SPLINE_CURVE_WITH_KNOTS('',1,(#6087,#6088),.UNSPECIFIED.,.F.,
  .F.,(2,2),(0.,26.),.PIECEWISE_BEZIER_KNOTS.);
#6087 = CARTESIAN_POINT('',(-20.50555349946,5.494446500535,
    71.293083219377));
#6088 = CARTESIAN_POINT('',(-35.51666049839,-9.516660498395,
    86.304190218308));
#6089 = ORIENTED_EDGE('',*,*,#6090,.T.);
#6090 = EDGE_CURVE('',#6082,#6091,#6093,.T.);
#6091 = VERTEX_POINT('',#6092);
#6092 = CARTESIAN_POINT('',(-26.,26.,86.304190218308));
#6093 = B_SPLINE_CURVE_WITH_KNOTS('',1,(#6094,#6095),.UNSPECIFIED.,.F.,
  .F.,(2,2),(0.,26.),.PIECEWISE_BEZIER_KNOTS.);
#6094 = CARTESIAN_POINT('',(-20.50555349946,5.494446500535,
    71.293083219377));
#6095 = CARTESIAN_POINT('',(-26.,26.,86.304190218308));
#6096 = ORIENTED_EDGE('',*,*,#6097,.T.);
#6097 = EDGE_CURVE('',#6091,#6098,#6100,.T.);
#6098 = VERTEX_POINT('',#6099);
#6099 = CARTESIAN_POINT('',(-41.01110699893,10.98889300107,
    101.31529721723));
#6100 = B_SPLINE_CURVE_WITH_KNOTS('',1,(#6101,#6102),.UNSPECIFIED.,.F.,
  .F.,(2,2),(0.,26.),.PIECEWISE_BEZIER_KNOTS.);
#6101 = CARTESIAN_POINT('',(-26.,26.,86.304190218308));
#6102 = CARTESIAN_POINT('',(-41.01110699893,10.98889300107,
    101.31529721723));
#6103 = ORIENTED_EDGE('',*,*,#6104,.F.);
#6104 = EDGE_CURVE('',#6084,#6098,#6105,.T.);
#6105 = B_SPLINE_CURVE_WITH_KNOTS('',1,(#6106,#6107),.UNSPECIFIED.,.F.,
  .F.,(2,2),(0.,26.),.PIECEWISE_BEZIER_KNOTS.);
#6106 = CARTESIAN_POINT('',(-35.51666049839,-9.516660498395,
    86.304190218308));
#6107 = CARTESIAN_POINT('',(-41.01110699893,10.98889300107,
    101.31529721723));
#6108 = B_SPLINE_SURFACE_WITH_KNOTS('',1,1,(
    (#6109,#6110)
    ,(#6111,#6112
    )),.UNSPECIFIED.,.F.,.F.,.F.,(2,2),(2,2),(0.,26.),(-26.,0.),
  .PIECEWISE_BEZIER_KNOTS.);
#6109 = CARTESIAN_POINT('',(-26.,26.,86.304190218308));
#6110 = CARTESIAN_POINT('',(-20.50555349946,5.494446500535,
    71.293083219377));
#6111 = CARTESIAN_POINT('',(-41.01110699893,10.98889300107,
    101.31529721723));
#6112 = CARTESIAN_POINT('',(-35.51666049839,-9.516660498395,
    86.304190218308));
#6113 = ADVANCED_FACE('',(#6114),#6143,.F.);
#6114 = FACE_BOUND('',#6115,.F.);
#6115 = EDGE_LOOP('',(#6116,#6123,#6124,#6131,#6138));
#6116 = ORIENTED_EDGE('',*,*,#6117,.F.);
#6117 = EDGE_CURVE('',#6082,#6118,#6120,.T.);
#6118 = VERTEX_POINT('',#6119);
#6119 = CARTESIAN_POINT('',(-4.461420286602,1.195433962891,
    83.038203894597));
#6120 = B_SPLINE_CURVE_WITH_KNOTS('',1,(#6121,#6122),.UNSPECIFIED.,.F.,
  .F.,(2,2),(0.,20.343145750508),.PIECEWISE_BEZIER_KNOTS.);
#6121 = CARTESIAN_POINT('',(-20.50555349946,5.494446500535,
    71.293083219377));
#6122 = CARTESIAN_POINT('',(-4.461420286602,1.195433962891,
    83.038203894597));
#6123 = ORIENTED_EDGE('',*,*,#6081,.T.);
#6124 = ORIENTED_EDGE('',*,*,#6125,.T.);
#6125 = EDGE_CURVE('',#6084,#6126,#6128,.T.);
#6126 = VERTEX_POINT('',#6127);
#6127 = CARTESIAN_POINT('',(-15.01110699893,-15.01110699893,
    101.31529721723));
#6128 = B_SPLINE_CURVE_WITH_KNOTS('',1,(#6129,#6130),.UNSPECIFIED.,.F.,
  .F.,(2,2),(0.,26.),.PIECEWISE_BEZIER_KNOTS.);
#6129 = CARTESIAN_POINT('',(-35.51666049839,-9.516660498395,
    86.304190218308));
#6130 = CARTESIAN_POINT('',(-15.01110699893,-15.01110699893,
    101.31529721723));
#6131 = ORIENTED_EDGE('',*,*,#6132,.F.);
#6132 = EDGE_CURVE('',#6133,#6126,#6135,.T.);
#6133 = VERTEX_POINT('',#6134);
#6134 = CARTESIAN_POINT('',(-3.265986323711,-3.265986323711,
    89.570176542019));
#6135 = B_SPLINE_CURVE_WITH_KNOTS('',1,(#6136,#6137),.UNSPECIFIED.,.F.,
  .F.,(2,2),(5.656854249492,26.),.PIECEWISE_BEZIER_KNOTS.);
#6136 = CARTESIAN_POINT('',(-3.265986323711,-3.265986323711,
    89.570176542019));
#6137 = CARTESIAN_POINT('',(-15.01110699893,-15.01110699893,
    101.31529721723));
#6138 = ORIENTED_EDGE('',*,*,#6139,.F.);
#6139 = EDGE_CURVE('',#6118,#6133,#6140,.T.);
#6140 = B_SPLINE_CURVE_WITH_KNOTS('',1,(#6141,#6142),.UNSPECIFIED.,.F.,
  .F.,(2,2),(0.,8.),.PIECEWISE_BEZIER_KNOTS.);
#6141 = CARTESIAN_POINT('',(-4.461420286602,1.195433962891,
    83.038203894597));
#6142 = CARTESIAN_POINT('',(-3.265986323711,-3.265986323711,
    89.570176542019));
#6143 = B_SPLINE_SURFACE_WITH_KNOTS('',1,1,(
    (#6144,#6145)
    ,(#6146,#6147
    )),.UNSPECIFIED.,.F.,.F.,.F.,(2,2),(2,2),(0.,26.),(0.,26.),
  .PIECEWISE_BEZIER_KNOTS.);
#6144 = CARTESIAN_POINT('',(-20.50555349946,5.494446500535,
    71.293083219377));
#6145 = CARTESIAN_POINT('',(0.,0.,86.304190218308));
#6146 = CARTESIAN_POINT('',(-35.51666049839,-9.516660498395,
    86.304190218308));
#6147 = CARTESIAN_POINT('',(-15.01110699893,-15.01110699893,
    101.31529721723));
#6148 = ADVANCED_FACE('',(#6149),#6165,.T.);
#6149 = FACE_BOUND('',#6150,.T.);
#6150 = EDGE_LOOP('',(#6151,#6152,#6153,#6160));
#6151 = ORIENTED_EDGE('',*,*,#6104,.F.);
#6152 = ORIENTED_EDGE('',*,*,#6125,.T.);
#6153 = ORIENTED_EDGE('',*,*,#6154,.T.);
#6154 = EDGE_CURVE('',#6126,#6155,#6157,.T.);
#6155 = VERTEX_POINT('',#6156);
#6156 = CARTESIAN_POINT('',(-20.50555349946,5.494446500535,
    116.32640421616));
#6157 = B_SPLINE_CURVE_WITH_KNOTS('',1,(#6158,#6159),.UNSPECIFIED.,.F.,
  .F.,(2,2),(0.,26.),.PIECEWISE_BEZIER_KNOTS.);
#6158 = CARTESIAN_POINT('',(-15.01110699893,-15.01110699893,
    101.31529721723));
#6159 = CARTESIAN_POINT('',(-20.50555349946,5.494446500535,
    116.32640421616));
#6160 = ORIENTED_EDGE('',*,*,#6161,.F.);
#6161 = EDGE_CURVE('',#6098,#6155,#6162,.T.);
#6162 = B_SPLINE_CURVE_WITH_KNOTS('',1,(#6163,#6164),.UNSPECIFIED.,.F.,
  .F.,(2,2),(0.,26.),.PIECEWISE_BEZIER_KNOTS.);
#6163 = CARTESIAN_POINT('',(-41.01110699893,10.98889300107,
    101.31529721723));
#6164 = CARTESIAN_POINT('',(-20.50555349946,5.494446500535,
    116.32640421616));
#6165 = B_SPLINE_SURFACE_WITH_KNOTS('',1,1,(
    (#6166,#6167)
    ,(#6168,#6169
    )),.UNSPECIFIED.,.F.,.F.,.F.,(2,2),(2,2),(0.,26.),(0.,26.),
  .PIECEWISE_BEZIER_KNOTS.);
#6166 = CARTESIAN_POINT('',(-35.51666049839,-9.516660498395,
    86.304190218308));
#6167 = CARTESIAN_POINT('',(-41.01110699893,10.98889300107,
    101.31529721723));
#6168 = CARTESIAN_POINT('',(-15.01110699893,-15.01110699893,
    101.31529721723));
#6169 = CARTESIAN_POINT('',(-20.50555349946,5.494446500535,
    116.32640421616));
#6170 = ADVANCED_FACE('',(#6171),#6187,.T.);
#6171 = FACE_BOUND('',#6172,.T.);
#6172 = EDGE_LOOP('',(#6173,#6180,#6181,#6182));
#6173 = ORIENTED_EDGE('',*,*,#6174,.F.);
#6174 = EDGE_CURVE('',#6091,#6175,#6177,.T.);
#6175 = VERTEX_POINT('',#6176);
#6176 = CARTESIAN_POINT('',(-5.494446500535,20.505553499465,
    101.31529721723));
#6177 = B_SPLINE_CURVE_WITH_KNOTS('',1,(#6178,#6179),.UNSPECIFIED.,.F.,
  .F.,(2,2),(0.,26.),.PIECEWISE_BEZIER_KNOTS.);
#6178 = CARTESIAN_POINT('',(-26.,26.,86.304190218308));
#6179 = CARTESIAN_POINT('',(-5.494446500535,20.505553499465,
    101.31529721723));
#6180 = ORIENTED_EDGE('',*,*,#6097,.T.);
#6181 = ORIENTED_EDGE('',*,*,#6161,.T.);
#6182 = ORIENTED_EDGE('',*,*,#6183,.F.);
#6183 = EDGE_CURVE('',#6175,#6155,#6184,.T.);
#6184 = B_SPLINE_CURVE_WITH_KNOTS('',1,(#6185,#6186),.UNSPECIFIED.,.F.,
  .F.,(2,2),(0.,26.),.PIECEWISE_BEZIER_KNOTS.);
#6185 = CARTESIAN_POINT('',(-5.494446500535,20.505553499465,
    101.31529721723));
#6186 = CARTESIAN_POINT('',(-20.50555349946,5.494446500535,
    116.32640421616));
#6187 = B_SPLINE_SURFACE_WITH_KNOTS('',1,1,(
    (#6188,#6189)
    ,(#6190,#6191
    )),.UNSPECIFIED.,.F.,.F.,.F.,(2,2),(2,2),(0.,26.),(0.,26.),
  .PIECEWISE_BEZIER_KNOTS.);
#6188 = CARTESIAN_POINT('',(-26.,26.,86.304190218308));
#6189 = CARTESIAN_POINT('',(-5.494446500535,20.505553499465,
    101.31529721723));
#6190 = CARTESIAN_POINT('',(-41.01110699893,10.98889300107,
    101.31529721723));
#6191 = CARTESIAN_POINT('',(-20.50555349946,5.494446500535,
    116.32640421616));
#6192 = ADVANCED_FACE('',(#6193),#6210,.F.);
#6193 = FACE_BOUND('',#6194,.F.);
#6194 = EDGE_LOOP('',(#6195,#6196,#6197,#6198,#6205));
#6195 = ORIENTED_EDGE('',*,*,#6174,.F.);
#6196 = ORIENTED_EDGE('',*,*,#6090,.F.);
#6197 = ORIENTED_EDGE('',*,*,#6117,.T.);
#6198 = ORIENTED_EDGE('',*,*,#6199,.T.);
#6199 = EDGE_CURVE('',#6118,#6200,#6202,.T.);
#6200 = VERTEX_POINT('',#6201);
#6201 = CARTESIAN_POINT('',(-1.195433962891,4.461420286602,
    89.570176542019));
#6202 = B_SPLINE_CURVE_WITH_KNOTS('',1,(#6203,#6204),.UNSPECIFIED.,.F.,
  .F.,(2,2),(0.,8.),.PIECEWISE_BEZIER_KNOTS.);
#6203 = CARTESIAN_POINT('',(-4.461420286602,1.195433962891,
    83.038203894597));
#6204 = CARTESIAN_POINT('',(-1.195433962891,4.461420286602,
    89.570176542019));
#6205 = ORIENTED_EDGE('',*,*,#6206,.T.);
#6206 = EDGE_CURVE('',#6200,#6175,#6207,.T.);
#6207 = B_SPLINE_CURVE_WITH_KNOTS('',1,(#6208,#6209),.UNSPECIFIED.,.F.,
  .F.,(2,2),(5.656854249492,26.),.PIECEWISE_BEZIER_KNOTS.);
#6208 = CARTESIAN_POINT('',(-1.195433962891,4.461420286602,
    89.570176542019));
#6209 = CARTESIAN_POINT('',(-5.494446500535,20.505553499465,
    101.31529721723));
#6210 = B_SPLINE_SURFACE_WITH_KNOTS('',1,1,(
    (#6211,#6212)
    ,(#6213,#6214
    )),.UNSPECIFIED.,.F.,.F.,.F.,(2,2),(2,2),(0.,26.),(0.,26.),
  .PIECEWISE_BEZIER_KNOTS.);
#6211 = CARTESIAN_POINT('',(-20.50555349946,5.494446500535,
    71.293083219377));
#6212 = CARTESIAN_POINT('',(-26.,26.,86.304190218308));
#6213 = CARTESIAN_POINT('',(0.,0.,86.304190218308));
#6214 = CARTESIAN_POINT('',(-5.494446500535,20.505553499465,
    101.31529721723));
#6215 = ADVANCED_FACE('',(#6216),#6225,.T.);
#6216 = FACE_BOUND('',#6217,.T.);
#6217 = EDGE_LOOP('',(#6218,#6219,#6224));
#6218 = ORIENTED_EDGE('',*,*,#6199,.T.);
#6219 = ORIENTED_EDGE('',*,*,#6220,.T.);
#6220 = EDGE_CURVE('',#6200,#6133,#6221,.T.);
#6221 = B_SPLINE_CURVE_WITH_KNOTS('',1,(#6222,#6223),.UNSPECIFIED.,.F.,
  .F.,(2,2),(0.,8.),.PIECEWISE_BEZIER_KNOTS.);
#6222 = CARTESIAN_POINT('',(-1.195433962891,4.461420286602,
    89.570176542019));
#6223 = CARTESIAN_POINT('',(-3.265986323711,-3.265986323711,
    89.570176542019));
#6224 = ORIENTED_EDGE('',*,*,#6139,.F.);
#6225 = B_SPLINE_SURFACE_WITH_KNOTS('',1,1,(
    (#6226,#6227)
    ,(#6228,#6229
    )),.UNSPECIFIED.,.F.,.F.,.F.,(2,2),(2,2),(-4.,4.),(-2.309401076759,
    4.618802153517),.PIECEWISE_BEZIER_KNOTS.);
#6226 = CARTESIAN_POINT('',(-3.265986323711,-3.265986323711,
    89.570176542019));
#6227 = CARTESIAN_POINT('',(-0.597716981445,2.230710143301,
    92.83616286573));
#6228 = CARTESIAN_POINT('',(-4.461420286602,1.195433962891,
    83.038203894597));
#6229 = CARTESIAN_POINT('',(-1.793150944336,6.692130429902,
    86.304190218308));
#6230 = ADVANCED_FACE('',(#6231),#6238,.T.);
#6231 = FACE_BOUND('',#6232,.T.);
#6232 = EDGE_LOOP('',(#6233,#6234,#6235,#6236,#6237));
#6233 = ORIENTED_EDGE('',*,*,#6132,.F.);
#6234 = ORIENTED_EDGE('',*,*,#6220,.F.);
#6235 = ORIENTED_EDGE('',*,*,#6206,.T.);
#6236 = ORIENTED_EDGE('',*,*,#6183,.T.);
#6237 = ORIENTED_EDGE('',*,*,#6154,.F.);
#6238 = B_SPLINE_SURFACE_WITH_KNOTS('',1,1,(
    (#6239,#6240)
    ,(#6241,#6242
    )),.UNSPECIFIED.,.F.,.F.,.F.,(2,2),(2,2),(0.,26.),(-26.,
    2.601414362266E-16),.PIECEWISE_BEZIER_KNOTS.);
#6239 = CARTESIAN_POINT('',(-5.494446500535,20.505553499465,
    101.31529721723));
#6240 = CARTESIAN_POINT('',(5.49743539969E-17,-2.051670822297E-16,
    86.304190218308));
#6241 = CARTESIAN_POINT('',(-20.50555349946,5.494446500535,
    116.32640421616));
#6242 = CARTESIAN_POINT('',(-15.01110699893,-15.01110699893,
    101.31529721723));
#6243 = MANIFOLD_SOLID_BREP('',#6244);
#6244 = CLOSED_SHELL('',(#6245,#6288,#6323,#6338,#6361,#6383,#6399));
#6245 = ADVANCED_FACE('',(#6246),#6283,.F.);
#6246 = FACE_BOUND('',#6247,.F.);
#6247 = EDGE_LOOP('',(#6248,#6257,#6264,#6271,#6278));
#6248 = ORIENTED_EDGE('',*,*,#6249,.F.);
#6249 = EDGE_CURVE('',#6250,#6252,#6254,.T.);
#6250 = VERTEX_POINT('',#6251);
#6251 = CARTESIAN_POINT('',(5.494446500535,-20.50555349946,
    71.293083219377));
#6252 = VERTEX_POINT('',#6253);
#6253 = CARTESIAN_POINT('',(1.195433962891,-4.461420286602,
    83.038203894597));
#6254 = B_SPLINE_CURVE_WITH_KNOTS('',1,(#6255,#6256),.UNSPECIFIED.,.F.,
  .F.,(2,2),(0.,20.343145750508),.PIECEWISE_BEZIER_KNOTS.);
#6255 = CARTESIAN_POINT('',(5.494446500535,-20.50555349946,
    71.293083219377));
#6256 = CARTESIAN_POINT('',(1.195433962891,-4.461420286602,
    83.038203894597));
#6257 = ORIENTED_EDGE('',*,*,#6258,.F.);
#6258 = EDGE_CURVE('',#6259,#6250,#6261,.T.);
#6259 = VERTEX_POINT('',#6260);
#6260 = CARTESIAN_POINT('',(20.505553499465,-5.494446500535,
    56.281976220447));
#6261 = B_SPLINE_CURVE_WITH_KNOTS('',1,(#6262,#6263),.UNSPECIFIED.,.F.,
  .F.,(2,2),(0.,26.),.PIECEWISE_BEZIER_KNOTS.);
#6262 = CARTESIAN_POINT('',(20.505553499465,-5.494446500535,
    56.281976220447));
#6263 = CARTESIAN_POINT('',(5.494446500535,-20.50555349946,
    71.293083219377));
#6264 = ORIENTED_EDGE('',*,*,#6265,.T.);
#6265 = EDGE_CURVE('',#6259,#6266,#6268,.T.);
#6266 = VERTEX_POINT('',#6267);
#6267 = CARTESIAN_POINT('',(15.01110699893,15.01110699893,
    71.293083219377));
#6268 = B_SPLINE_CURVE_WITH_KNOTS('',1,(#6269,#6270),.UNSPECIFIED.,.F.,
  .F.,(2,2),(0.,26.),.PIECEWISE_BEZIER_KNOTS.);
#6269 = CARTESIAN_POINT('',(20.505553499465,-5.494446500535,
    56.281976220447));
#6270 = CARTESIAN_POINT('',(15.01110699893,15.01110699893,
    71.293083219377));
#6271 = ORIENTED_EDGE('',*,*,#6272,.T.);
#6272 = EDGE_CURVE('',#6266,#6273,#6275,.T.);
#6273 = VERTEX_POINT('',#6274);
#6274 = CARTESIAN_POINT('',(3.265986323711,3.265986323711,
    83.038203894597));
#6275 = B_SPLINE_CURVE_WITH_KNOTS('',1,(#6276,#6277),.UNSPECIFIED.,.F.,
  .F.,(2,2),(0.,20.343145750508),.PIECEWISE_BEZIER_KNOTS.);
#6276 = CARTESIAN_POINT('',(15.01110699893,15.01110699893,
    71.293083219377));
#6277 = CARTESIAN_POINT('',(3.265986323711,3.265986323711,
    83.038203894597));
#6278 = ORIENTED_EDGE('',*,*,#6279,.F.);
#6279 = EDGE_CURVE('',#6252,#6273,#6280,.T.);
#6280 = B_SPLINE_CURVE_WITH_KNOTS('',1,(#6281,#6282),.UNSPECIFIED.,.F.,
  .F.,(2,2),(0.,8.),.PIECEWISE_BEZIER_KNOTS.);
#6281 = CARTESIAN_POINT('',(1.195433962891,-4.461420286602,
    83.038203894597));
#6282 = CARTESIAN_POINT('',(3.265986323711,3.265986323711,
    83.038203894597));
#6283 = B_SPLINE_SURFACE_WITH_KNOTS('',1,1,(
    (#6284,#6285)
    ,(#6286,#6287
    )),.UNSPECIFIED.,.F.,.F.,.F.,(2,2),(2,2),(0.,26.),(-26.,0.),
  .PIECEWISE_BEZIER_KNOTS.);
#6284 = CARTESIAN_POINT('',(15.01110699893,15.01110699893,
    71.293083219377));
#6285 = CARTESIAN_POINT('',(20.505553499465,-5.494446500535,
    56.281976220447));
#6286 = CARTESIAN_POINT('',(0.,0.,86.304190218308));
#6287 = CARTESIAN_POINT('',(5.494446500535,-20.50555349946,
    71.293083219377));
#6288 = ADVANCED_FACE('',(#6289),#6318,.T.);
#6289 = FACE_BOUND('',#6290,.T.);
#6290 = EDGE_LOOP('',(#6291,#6292,#6299,#6306,#6313));
#6291 = ORIENTED_EDGE('',*,*,#6249,.F.);
#6292 = ORIENTED_EDGE('',*,*,#6293,.T.);
#6293 = EDGE_CURVE('',#6250,#6294,#6296,.T.);
#6294 = VERTEX_POINT('',#6295);
#6295 = CARTESIAN_POINT('',(26.,-26.,86.304190218308));
#6296 = B_SPLINE_CURVE_WITH_KNOTS('',1,(#6297,#6298),.UNSPECIFIED.,.F.,
  .F.,(2,2),(0.,26.),.PIECEWISE_BEZIER_KNOTS.);
#6297 = CARTESIAN_POINT('',(5.494446500535,-20.50555349946,
    71.293083219377));
#6298 = CARTESIAN_POINT('',(26.,-26.,86.304190218308));
#6299 = ORIENTED_EDGE('',*,*,#6300,.T.);
#6300 = EDGE_CURVE('',#6294,#6301,#6303,.T.);
#6301 = VERTEX_POINT('',#6302);
#6302 = CARTESIAN_POINT('',(20.505553499465,-5.494446500535,
    101.31529721723));
#6303 = B_SPLINE_CURVE_WITH_KNOTS('',1,(#6304,#6305),.UNSPECIFIED.,.F.,
  .F.,(2,2),(0.,26.),.PIECEWISE_BEZIER_KNOTS.);
#6304 = CARTESIAN_POINT('',(26.,-26.,86.304190218308));
#6305 = CARTESIAN_POINT('',(20.505553499465,-5.494446500535,
    101.31529721723));
#6306 = ORIENTED_EDGE('',*,*,#6307,.F.);
#6307 = EDGE_CURVE('',#6308,#6301,#6310,.T.);
#6308 = VERTEX_POINT('',#6309);
#6309 = CARTESIAN_POINT('',(4.461420286602,-1.195433962891,
    89.570176542019));
#6310 = B_SPLINE_CURVE_WITH_KNOTS('',1,(#6311,#6312),.UNSPECIFIED.,.F.,
  .F.,(2,2),(5.656854249492,26.),.PIECEWISE_BEZIER_KNOTS.);
#6311 = CARTESIAN_POINT('',(4.461420286602,-1.195433962891,
    89.570176542019));
#6312 = CARTESIAN_POINT('',(20.505553499465,-5.494446500535,
    101.31529721723));
#6313 = ORIENTED_EDGE('',*,*,#6314,.T.);
#6314 = EDGE_CURVE('',#6308,#6252,#6315,.T.);
#6315 = B_SPLINE_CURVE_WITH_KNOTS('',1,(#6316,#6317),.UNSPECIFIED.,.F.,
  .F.,(2,2),(0.,8.),.PIECEWISE_BEZIER_KNOTS.);
#6316 = CARTESIAN_POINT('',(4.461420286602,-1.195433962891,
    89.570176542019));
#6317 = CARTESIAN_POINT('',(1.195433962891,-4.461420286602,
    83.038203894597));
#6318 = B_SPLINE_SURFACE_WITH_KNOTS('',1,1,(
    (#6319,#6320)
    ,(#6321,#6322
    )),.UNSPECIFIED.,.F.,.F.,.F.,(2,2),(2,2),(-2.601414362266E-16,26.),(
    0.,26.),.PIECEWISE_BEZIER_KNOTS.);
#6319 = CARTESIAN_POINT('',(5.494446500535,-20.50555349946,
    71.293083219377));
#6320 = CARTESIAN_POINT('',(-2.051670822297E-16,5.49743539969E-17,
    86.304190218308));
#6321 = CARTESIAN_POINT('',(26.,-26.,86.304190218308));
#6322 = CARTESIAN_POINT('',(20.505553499465,-5.494446500535,
    101.31529721723));
#6323 = ADVANCED_FACE('',(#6324),#6333,.F.);
#6324 = FACE_BOUND('',#6325,.F.);
#6325 = EDGE_LOOP('',(#6326,#6327,#6328));
#6326 = ORIENTED_EDGE('',*,*,#6314,.T.);
#6327 = ORIENTED_EDGE('',*,*,#6279,.T.);
#6328 = ORIENTED_EDGE('',*,*,#6329,.F.);
#6329 = EDGE_CURVE('',#6308,#6273,#6330,.T.);
#6330 = B_SPLINE_CURVE_WITH_KNOTS('',1,(#6331,#6332),.UNSPECIFIED.,.F.,
  .F.,(2,2),(0.,8.),.PIECEWISE_BEZIER_KNOTS.);
#6331 = CARTESIAN_POINT('',(4.461420286602,-1.195433962891,
    89.570176542019));
#6332 = CARTESIAN_POINT('',(3.265986323711,3.265986323711,
    83.038203894597));
#6333 = B_SPLINE_SURFACE_WITH_KNOTS('',1,1,(
    (#6334,#6335)
    ,(#6336,#6337
    )),.UNSPECIFIED.,.F.,.F.,.F.,(2,2),(2,2),(-4.,4.),(-4.618802153517,
    2.309401076759),.PIECEWISE_BEZIER_KNOTS.);
#6334 = CARTESIAN_POINT('',(1.793150944336,-6.692130429902,
    86.304190218308));
#6335 = CARTESIAN_POINT('',(4.461420286602,-1.195433962891,
    89.570176542019));
#6336 = CARTESIAN_POINT('',(0.597716981445,-2.230710143301,
    79.772217570886));
#6337 = CARTESIAN_POINT('',(3.265986323711,3.265986323711,
    83.038203894597));
#6338 = ADVANCED_FACE('',(#6339),#6356,.T.);
#6339 = FACE_BOUND('',#6340,.T.);
#6340 = EDGE_LOOP('',(#6341,#6348,#6353,#6354,#6355));
#6341 = ORIENTED_EDGE('',*,*,#6342,.F.);
#6342 = EDGE_CURVE('',#6343,#6301,#6345,.T.);
#6343 = VERTEX_POINT('',#6344);
#6344 = CARTESIAN_POINT('',(35.516660498395,9.516660498395,
    86.304190218308));
#6345 = B_SPLINE_CURVE_WITH_KNOTS('',1,(#6346,#6347),.UNSPECIFIED.,.F.,
  .F.,(2,2),(0.,26.),.PIECEWISE_BEZIER_KNOTS.);
#6346 = CARTESIAN_POINT('',(35.516660498395,9.516660498395,
    86.304190218308));
#6347 = CARTESIAN_POINT('',(20.505553499465,-5.494446500535,
    101.31529721723));
#6348 = ORIENTED_EDGE('',*,*,#6349,.F.);
#6349 = EDGE_CURVE('',#6266,#6343,#6350,.T.);
#6350 = B_SPLINE_CURVE_WITH_KNOTS('',1,(#6351,#6352),.UNSPECIFIED.,.F.,
  .F.,(2,2),(0.,26.),.PIECEWISE_BEZIER_KNOTS.);
#6351 = CARTESIAN_POINT('',(15.01110699893,15.01110699893,
    71.293083219377));
#6352 = CARTESIAN_POINT('',(35.516660498395,9.516660498395,
    86.304190218308));
#6353 = ORIENTED_EDGE('',*,*,#6272,.T.);
#6354 = ORIENTED_EDGE('',*,*,#6329,.F.);
#6355 = ORIENTED_EDGE('',*,*,#6307,.T.);
#6356 = B_SPLINE_SURFACE_WITH_KNOTS('',1,1,(
    (#6357,#6358)
    ,(#6359,#6360
    )),.UNSPECIFIED.,.F.,.F.,.F.,(2,2),(2,2),(0.,26.),(
    -2.601414362266E-16,26.),.PIECEWISE_BEZIER_KNOTS.);
#6357 = CARTESIAN_POINT('',(15.01110699893,15.01110699893,
    71.293083219377));
#6358 = CARTESIAN_POINT('',(35.516660498395,9.516660498395,
    86.304190218308));
#6359 = CARTESIAN_POINT('',(-2.051670822297E-16,5.49743539969E-17,
    86.304190218308));
#6360 = CARTESIAN_POINT('',(20.505553499465,-5.494446500535,
    101.31529721723));
#6361 = ADVANCED_FACE('',(#6362),#6378,.F.);
#6362 = FACE_BOUND('',#6363,.F.);
#6363 = EDGE_LOOP('',(#6364,#6365,#6372,#6377));
#6364 = ORIENTED_EDGE('',*,*,#6265,.F.);
#6365 = ORIENTED_EDGE('',*,*,#6366,.T.);
#6366 = EDGE_CURVE('',#6259,#6367,#6369,.T.);
#6367 = VERTEX_POINT('',#6368);
#6368 = CARTESIAN_POINT('',(41.01110699893,-10.98889300107,
    71.293083219377));
#6369 = B_SPLINE_CURVE_WITH_KNOTS('',1,(#6370,#6371),.UNSPECIFIED.,.F.,
  .F.,(2,2),(0.,26.),.PIECEWISE_BEZIER_KNOTS.);
#6370 = CARTESIAN_POINT('',(20.505553499465,-5.494446500535,
    56.281976220447));
#6371 = CARTESIAN_POINT('',(41.01110699893,-10.98889300107,
    71.293083219377));
#6372 = ORIENTED_EDGE('',*,*,#6373,.T.);
#6373 = EDGE_CURVE('',#6367,#6343,#6374,.T.);
#6374 = B_SPLINE_CURVE_WITH_KNOTS('',1,(#6375,#6376),.UNSPECIFIED.,.F.,
  .F.,(2,2),(0.,26.),.PIECEWISE_BEZIER_KNOTS.);
#6375 = CARTESIAN_POINT('',(41.01110699893,-10.98889300107,
    71.293083219377));
#6376 = CARTESIAN_POINT('',(35.516660498395,9.516660498395,
    86.304190218308));
#6377 = ORIENTED_EDGE('',*,*,#6349,.F.);
#6378 = B_SPLINE_SURFACE_WITH_KNOTS('',1,1,(
    (#6379,#6380)
    ,(#6381,#6382
    )),.UNSPECIFIED.,.F.,.F.,.F.,(2,2),(2,2),(0.,26.),(0.,26.),
  .PIECEWISE_BEZIER_KNOTS.);
#6379 = CARTESIAN_POINT('',(20.505553499465,-5.494446500535,
    56.281976220447));
#6380 = CARTESIAN_POINT('',(15.01110699893,15.01110699893,
    71.293083219377));
#6381 = CARTESIAN_POINT('',(41.01110699893,-10.98889300107,
    71.293083219377));
#6382 = CARTESIAN_POINT('',(35.516660498395,9.516660498395,
    86.304190218308));
#6383 = ADVANCED_FACE('',(#6384),#6394,.F.);
#6384 = FACE_BOUND('',#6385,.F.);
#6385 = EDGE_LOOP('',(#6386,#6387,#6388,#6389));
#6386 = ORIENTED_EDGE('',*,*,#6366,.F.);
#6387 = ORIENTED_EDGE('',*,*,#6258,.T.);
#6388 = ORIENTED_EDGE('',*,*,#6293,.T.);
#6389 = ORIENTED_EDGE('',*,*,#6390,.F.);
#6390 = EDGE_CURVE('',#6367,#6294,#6391,.T.);
#6391 = B_SPLINE_CURVE_WITH_KNOTS('',1,(#6392,#6393),.UNSPECIFIED.,.F.,
  .F.,(2,2),(0.,26.),.PIECEWISE_BEZIER_KNOTS.);
#6392 = CARTESIAN_POINT('',(41.01110699893,-10.98889300107,
    71.293083219377));
#6393 = CARTESIAN_POINT('',(26.,-26.,86.304190218308));
#6394 = B_SPLINE_SURFACE_WITH_KNOTS('',1,1,(
    (#6395,#6396)
    ,(#6397,#6398
    )),.UNSPECIFIED.,.F.,.F.,.F.,(2,2),(2,2),(0.,26.),(0.,26.),
  .PIECEWISE_BEZIER_KNOTS.);
#6395 = CARTESIAN_POINT('',(20.505553499465,-5.494446500535,
    56.281976220447));
#6396 = CARTESIAN_POINT('',(41.01110699893,-10.98889300107,
    71.293083219377));
#6397 = CARTESIAN_POINT('',(5.494446500535,-20.50555349946,
    71.293083219377));
#6398 = CARTESIAN_POINT('',(26.,-26.,86.304190218308));
#6399 = ADVANCED_FACE('',(#6400),#6406,.T.);
#6400 = FACE_BOUND('',#6401,.T.);
#6401 = EDGE_LOOP('',(#6402,#6403,#6404,#6405));
#6402 = ORIENTED_EDGE('',*,*,#6390,.F.);
#6403 = ORIENTED_EDGE('',*,*,#6373,.T.);
#6404 = ORIENTED_EDGE('',*,*,#6342,.T.);
#6405 = ORIENTED_EDGE('',*,*,#6300,.F.);
#6406 = B_SPLINE_SURFACE_WITH_KNOTS('',1,1,(
    (#6407,#6408)
    ,(#6409,#6410
    )),.UNSPECIFIED.,.F.,.F.,.F.,(2,2),(2,2),(0.,26.),(-26.,0.),
  .PIECEWISE_BEZIER_KNOTS.);
#6407 = CARTESIAN_POINT('',(35.516660498395,9.516660498395,
    86.304190218308));
#6408 = CARTESIAN_POINT('',(41.01110699893,-10.98889300107,
    71.293083219377));
#6409 = CARTESIAN_POINT('',(20.505553499465,-5.494446500535,
    101.31529721723));
#6410 = CARTESIAN_POINT('',(26.,-26.,86.304190218308));
#6411 = MANIFOLD_SOLID_BREP('',#6412);
#6412 = CLOSED_SHELL('',(#6413,#6456,#6484,#6513,#6528,#6551,#6567));
#6413 = ADVANCED_FACE('',(#6414),#6451,.F.);
#6414 = FACE_BOUND('',#6415,.F.);
#6415 = EDGE_LOOP('',(#6416,#6425,#6432,#6439,#6446));
#6416 = ORIENTED_EDGE('',*,*,#6417,.F.);
#6417 = EDGE_CURVE('',#6418,#6420,#6422,.T.);
#6418 = VERTEX_POINT('',#6419);
#6419 = CARTESIAN_POINT('',(-9.516660498395,-35.51666049839,
    86.304190218308));
#6420 = VERTEX_POINT('',#6421);
#6421 = CARTESIAN_POINT('',(-15.01110699893,-15.01110699893,
    101.31529721723));
#6422 = B_SPLINE_CURVE_WITH_KNOTS('',1,(#6423,#6424),.UNSPECIFIED.,.F.,
  .F.,(2,2),(0.,26.),.PIECEWISE_BEZIER_KNOTS.);
#6423 = CARTESIAN_POINT('',(-9.516660498395,-35.51666049839,
    86.304190218308));
#6424 = CARTESIAN_POINT('',(-15.01110699893,-15.01110699893,
    101.31529721723));
#6425 = ORIENTED_EDGE('',*,*,#6426,.F.);
#6426 = EDGE_CURVE('',#6427,#6418,#6429,.T.);
#6427 = VERTEX_POINT('',#6428);
#6428 = CARTESIAN_POINT('',(5.494446500535,-20.50555349946,
    71.293083219377));
#6429 = B_SPLINE_CURVE_WITH_KNOTS('',1,(#6430,#6431),.UNSPECIFIED.,.F.,
  .F.,(2,2),(0.,26.),.PIECEWISE_BEZIER_KNOTS.);
#6430 = CARTESIAN_POINT('',(5.494446500535,-20.50555349946,
    71.293083219377));
#6431 = CARTESIAN_POINT('',(-9.516660498395,-35.51666049839,
    86.304190218308));
#6432 = ORIENTED_EDGE('',*,*,#6433,.T.);
#6433 = EDGE_CURVE('',#6427,#6434,#6436,.T.);
#6434 = VERTEX_POINT('',#6435);
#6435 = CARTESIAN_POINT('',(1.195433962891,-4.461420286602,
    83.038203894597));
#6436 = B_SPLINE_CURVE_WITH_KNOTS('',1,(#6437,#6438),.UNSPECIFIED.,.F.,
  .F.,(2,2),(0.,20.343145750508),.PIECEWISE_BEZIER_KNOTS.);
#6437 = CARTESIAN_POINT('',(5.494446500535,-20.50555349946,
    71.293083219377));
#6438 = CARTESIAN_POINT('',(1.195433962891,-4.461420286602,
    83.038203894597));
#6439 = ORIENTED_EDGE('',*,*,#6440,.T.);
#6440 = EDGE_CURVE('',#6434,#6441,#6443,.T.);
#6441 = VERTEX_POINT('',#6442);
#6442 = CARTESIAN_POINT('',(-3.265986323711,-3.265986323711,
    89.570176542019));
#6443 = B_SPLINE_CURVE_WITH_KNOTS('',1,(#6444,#6445),.UNSPECIFIED.,.F.,
  .F.,(2,2),(0.,8.),.PIECEWISE_BEZIER_KNOTS.);
#6444 = CARTESIAN_POINT('',(1.195433962891,-4.461420286602,
    83.038203894597));
#6445 = CARTESIAN_POINT('',(-3.265986323711,-3.265986323711,
    89.570176542019));
#6446 = ORIENTED_EDGE('',*,*,#6447,.T.);
#6447 = EDGE_CURVE('',#6441,#6420,#6448,.T.);
#6448 = B_SPLINE_CURVE_WITH_KNOTS('',1,(#6449,#6450),.UNSPECIFIED.,.F.,
  .F.,(2,2),(5.656854249492,26.),.PIECEWISE_BEZIER_KNOTS.);
#6449 = CARTESIAN_POINT('',(-3.265986323711,-3.265986323711,
    89.570176542019));
#6450 = CARTESIAN_POINT('',(-15.01110699893,-15.01110699893,
    101.31529721723));
#6451 = B_SPLINE_SURFACE_WITH_KNOTS('',1,1,(
    (#6452,#6453)
    ,(#6454,#6455
    )),.UNSPECIFIED.,.F.,.F.,.F.,(2,2),(2,2),(0.,26.),(-26.,0.),
  .PIECEWISE_BEZIER_KNOTS.);
#6452 = CARTESIAN_POINT('',(0.,0.,86.304190218308));
#6453 = CARTESIAN_POINT('',(5.494446500535,-20.50555349946,
    71.293083219377));
#6454 = CARTESIAN_POINT('',(-15.01110699893,-15.01110699893,
    101.31529721723));
#6455 = CARTESIAN_POINT('',(-9.516660498395,-35.51666049839,
    86.304190218308));
#6456 = ADVANCED_FACE('',(#6457),#6479,.T.);
#6457 = FACE_BOUND('',#6458,.T.);
#6458 = EDGE_LOOP('',(#6459,#6460,#6467,#6474));
#6459 = ORIENTED_EDGE('',*,*,#6417,.F.);
#6460 = ORIENTED_EDGE('',*,*,#6461,.T.);
#6461 = EDGE_CURVE('',#6418,#6462,#6464,.T.);
#6462 = VERTEX_POINT('',#6463);
#6463 = CARTESIAN_POINT('',(10.98889300107,-41.01110699893,
    101.31529721723));
#6464 = B_SPLINE_CURVE_WITH_KNOTS('',1,(#6465,#6466),.UNSPECIFIED.,.F.,
  .F.,(2,2),(0.,26.),.PIECEWISE_BEZIER_KNOTS.);
#6465 = CARTESIAN_POINT('',(-9.516660498395,-35.51666049839,
    86.304190218308));
#6466 = CARTESIAN_POINT('',(10.98889300107,-41.01110699893,
    101.31529721723));
#6467 = ORIENTED_EDGE('',*,*,#6468,.T.);
#6468 = EDGE_CURVE('',#6462,#6469,#6471,.T.);
#6469 = VERTEX_POINT('',#6470);
#6470 = CARTESIAN_POINT('',(5.494446500535,-20.50555349946,
    116.32640421616));
#6471 = B_SPLINE_CURVE_WITH_KNOTS('',1,(#6472,#6473),.UNSPECIFIED.,.F.,
  .F.,(2,2),(0.,26.),.PIECEWISE_BEZIER_KNOTS.);
#6472 = CARTESIAN_POINT('',(10.98889300107,-41.01110699893,
    101.31529721723));
#6473 = CARTESIAN_POINT('',(5.494446500535,-20.50555349946,
    116.32640421616));
#6474 = ORIENTED_EDGE('',*,*,#6475,.F.);
#6475 = EDGE_CURVE('',#6420,#6469,#6476,.T.);
#6476 = B_SPLINE_CURVE_WITH_KNOTS('',1,(#6477,#6478),.UNSPECIFIED.,.F.,
  .F.,(2,2),(0.,26.),.PIECEWISE_BEZIER_KNOTS.);
#6477 = CARTESIAN_POINT('',(-15.01110699893,-15.01110699893,
    101.31529721723));
#6478 = CARTESIAN_POINT('',(5.494446500535,-20.50555349946,
    116.32640421616));
#6479 = B_SPLINE_SURFACE_WITH_KNOTS('',1,1,(
    (#6480,#6481)
    ,(#6482,#6483
    )),.UNSPECIFIED.,.F.,.F.,.F.,(2,2),(2,2),(0.,26.),(0.,26.),
  .PIECEWISE_BEZIER_KNOTS.);
#6480 = CARTESIAN_POINT('',(-9.516660498395,-35.51666049839,
    86.304190218308));
#6481 = CARTESIAN_POINT('',(-15.01110699893,-15.01110699893,
    101.31529721723));
#6482 = CARTESIAN_POINT('',(10.98889300107,-41.01110699893,
    101.31529721723));
#6483 = CARTESIAN_POINT('',(5.494446500535,-20.50555349946,
    116.32640421616));
#6484 = ADVANCED_FACE('',(#6485),#6508,.T.);
#6485 = FACE_BOUND('',#6486,.T.);
#6486 = EDGE_LOOP('',(#6487,#6496,#6501,#6502,#6503));
#6487 = ORIENTED_EDGE('',*,*,#6488,.F.);
#6488 = EDGE_CURVE('',#6489,#6491,#6493,.T.);
#6489 = VERTEX_POINT('',#6490);
#6490 = CARTESIAN_POINT('',(4.461420286602,-1.195433962891,
    89.570176542019));
#6491 = VERTEX_POINT('',#6492);
#6492 = CARTESIAN_POINT('',(20.505553499465,-5.494446500535,
    101.31529721723));
#6493 = B_SPLINE_CURVE_WITH_KNOTS('',1,(#6494,#6495),.UNSPECIFIED.,.F.,
  .F.,(2,2),(5.656854249492,26.),.PIECEWISE_BEZIER_KNOTS.);
#6494 = CARTESIAN_POINT('',(4.461420286602,-1.195433962891,
    89.570176542019));
#6495 = CARTESIAN_POINT('',(20.505553499465,-5.494446500535,
    101.31529721723));
#6496 = ORIENTED_EDGE('',*,*,#6497,.T.);
#6497 = EDGE_CURVE('',#6489,#6441,#6498,.T.);
#6498 = B_SPLINE_CURVE_WITH_KNOTS('',1,(#6499,#6500),.UNSPECIFIED.,.F.,
  .F.,(2,2),(0.,8.),.PIECEWISE_BEZIER_KNOTS.);
#6499 = CARTESIAN_POINT('',(4.461420286602,-1.195433962891,
    89.570176542019));
#6500 = CARTESIAN_POINT('',(-3.265986323711,-3.265986323711,
    89.570176542019));
#6501 = ORIENTED_EDGE('',*,*,#6447,.T.);
#6502 = ORIENTED_EDGE('',*,*,#6475,.T.);
#6503 = ORIENTED_EDGE('',*,*,#6504,.F.);
#6504 = EDGE_CURVE('',#6491,#6469,#6505,.T.);
#6505 = B_SPLINE_CURVE_WITH_KNOTS('',1,(#6506,#6507),.UNSPECIFIED.,.F.,
  .F.,(2,2),(0.,26.),.PIECEWISE_BEZIER_KNOTS.);
#6506 = CARTESIAN_POINT('',(20.505553499465,-5.494446500535,
    101.31529721723));
#6507 = CARTESIAN_POINT('',(5.494446500535,-20.50555349946,
    116.32640421616));
#6508 = B_SPLINE_SURFACE_WITH_KNOTS('',1,1,(
    (#6509,#6510)
    ,(#6511,#6512
    )),.UNSPECIFIED.,.F.,.F.,.F.,(2,2),(2,2),(0.,26.),(
    -2.601414362266E-16,26.),.PIECEWISE_BEZIER_KNOTS.);
#6509 = CARTESIAN_POINT('',(-2.051670822297E-16,5.49743539969E-17,
    86.304190218308));
#6510 = CARTESIAN_POINT('',(20.505553499465,-5.494446500535,
    101.31529721723));
#6511 = CARTESIAN_POINT('',(-15.01110699893,-15.01110699893,
    101.31529721723));
#6512 = CARTESIAN_POINT('',(5.494446500535,-20.50555349946,
    116.32640421616));
#6513 = ADVANCED_FACE('',(#6514),#6523,.T.);
#6514 = FACE_BOUND('',#6515,.T.);
#6515 = EDGE_LOOP('',(#6516,#6521,#6522));
#6516 = ORIENTED_EDGE('',*,*,#6517,.T.);
#6517 = EDGE_CURVE('',#6489,#6434,#6518,.T.);
#6518 = B_SPLINE_CURVE_WITH_KNOTS('',1,(#6519,#6520),.UNSPECIFIED.,.F.,
  .F.,(2,2),(0.,8.),.PIECEWISE_BEZIER_KNOTS.);
#6519 = CARTESIAN_POINT('',(4.461420286602,-1.195433962891,
    89.570176542019));
#6520 = CARTESIAN_POINT('',(1.195433962891,-4.461420286602,
    83.038203894597));
#6521 = ORIENTED_EDGE('',*,*,#6440,.T.);
#6522 = ORIENTED_EDGE('',*,*,#6497,.F.);
#6523 = B_SPLINE_SURFACE_WITH_KNOTS('',1,1,(
    (#6524,#6525)
    ,(#6526,#6527
    )),.UNSPECIFIED.,.F.,.F.,.F.,(2,2),(2,2),(-4.,4.),(-4.618802153517,
    2.309401076759),.PIECEWISE_BEZIER_KNOTS.);
#6524 = CARTESIAN_POINT('',(5.059137268047,-3.426144106192,
    83.038203894597));
#6525 = CARTESIAN_POINT('',(4.461420286602,-1.195433962891,
    89.570176542019));
#6526 = CARTESIAN_POINT('',(-2.668269342266,-5.496696467012,
    83.038203894597));
#6527 = CARTESIAN_POINT('',(-3.265986323711,-3.265986323711,
    89.570176542019));
#6528 = ADVANCED_FACE('',(#6529),#6546,.F.);
#6529 = FACE_BOUND('',#6530,.F.);
#6530 = EDGE_LOOP('',(#6531,#6532,#6539,#6544,#6545));
#6531 = ORIENTED_EDGE('',*,*,#6433,.F.);
#6532 = ORIENTED_EDGE('',*,*,#6533,.T.);
#6533 = EDGE_CURVE('',#6427,#6534,#6536,.T.);
#6534 = VERTEX_POINT('',#6535);
#6535 = CARTESIAN_POINT('',(26.,-26.,86.304190218308));
#6536 = B_SPLINE_CURVE_WITH_KNOTS('',1,(#6537,#6538),.UNSPECIFIED.,.F.,
  .F.,(2,2),(0.,26.),.PIECEWISE_BEZIER_KNOTS.);
#6537 = CARTESIAN_POINT('',(5.494446500535,-20.50555349946,
    71.293083219377));
#6538 = CARTESIAN_POINT('',(26.,-26.,86.304190218308));
#6539 = ORIENTED_EDGE('',*,*,#6540,.T.);
#6540 = EDGE_CURVE('',#6534,#6491,#6541,.T.);
#6541 = B_SPLINE_CURVE_WITH_KNOTS('',1,(#6542,#6543),.UNSPECIFIED.,.F.,
  .F.,(2,2),(0.,26.),.PIECEWISE_BEZIER_KNOTS.);
#6542 = CARTESIAN_POINT('',(26.,-26.,86.304190218308));
#6543 = CARTESIAN_POINT('',(20.505553499465,-5.494446500535,
    101.31529721723));
#6544 = ORIENTED_EDGE('',*,*,#6488,.F.);
#6545 = ORIENTED_EDGE('',*,*,#6517,.T.);
#6546 = B_SPLINE_SURFACE_WITH_KNOTS('',1,1,(
    (#6547,#6548)
    ,(#6549,#6550
    )),.UNSPECIFIED.,.F.,.F.,.F.,(2,2),(2,2),(-2.601414362266E-16,26.),(
    0.,26.),.PIECEWISE_BEZIER_KNOTS.);
#6547 = CARTESIAN_POINT('',(5.494446500535,-20.50555349946,
    71.293083219377));
#6548 = CARTESIAN_POINT('',(-2.051670822297E-16,5.49743539969E-17,
    86.304190218308));
#6549 = CARTESIAN_POINT('',(26.,-26.,86.304190218308));
#6550 = CARTESIAN_POINT('',(20.505553499465,-5.494446500535,
    101.31529721723));
#6551 = ADVANCED_FACE('',(#6552),#6562,.F.);
#6552 = FACE_BOUND('',#6553,.F.);
#6553 = EDGE_LOOP('',(#6554,#6555,#6556,#6557));
#6554 = ORIENTED_EDGE('',*,*,#6533,.F.);
#6555 = ORIENTED_EDGE('',*,*,#6426,.T.);
#6556 = ORIENTED_EDGE('',*,*,#6461,.T.);
#6557 = ORIENTED_EDGE('',*,*,#6558,.F.);
#6558 = EDGE_CURVE('',#6534,#6462,#6559,.T.);
#6559 = B_SPLINE_CURVE_WITH_KNOTS('',1,(#6560,#6561),.UNSPECIFIED.,.F.,
  .F.,(2,2),(0.,26.),.PIECEWISE_BEZIER_KNOTS.);
#6560 = CARTESIAN_POINT('',(26.,-26.,86.304190218308));
#6561 = CARTESIAN_POINT('',(10.98889300107,-41.01110699893,
    101.31529721723));
#6562 = B_SPLINE_SURFACE_WITH_KNOTS('',1,1,(
    (#6563,#6564)
    ,(#6565,#6566
    )),.UNSPECIFIED.,.F.,.F.,.F.,(2,2),(2,2),(0.,26.),(0.,26.),
  .PIECEWISE_BEZIER_KNOTS.);
#6563 = CARTESIAN_POINT('',(5.494446500535,-20.50555349946,
    71.293083219377));
#6564 = CARTESIAN_POINT('',(26.,-26.,86.304190218308));
#6565 = CARTESIAN_POINT('',(-9.516660498395,-35.51666049839,
    86.304190218308));
#6566 = CARTESIAN_POINT('',(10.98889300107,-41.01110699893,
    101.31529721723));
#6567 = ADVANCED_FACE('',(#6568),#6574,.T.);
#6568 = FACE_BOUND('',#6569,.T.);
#6569 = EDGE_LOOP('',(#6570,#6571,#6572,#6573));
#6570 = ORIENTED_EDGE('',*,*,#6558,.F.);
#6571 = ORIENTED_EDGE('',*,*,#6540,.T.);
#6572 = ORIENTED_EDGE('',*,*,#6504,.T.);
#6573 = ORIENTED_EDGE('',*,*,#6468,.F.);
#6574 = B_SPLINE_SURFACE_WITH_KNOTS('',1,1,(
    (#6575,#6576)
    ,(#6577,#6578
    )),.UNSPECIFIED.,.F.,.F.,.F.,(2,2),(2,2),(0.,26.),(-26.,0.),
  .PIECEWISE_BEZIER_KNOTS.);
#6575 = CARTESIAN_POINT('',(20.505553499465,-5.494446500535,
    101.31529721723));
#6576 = CARTESIAN_POINT('',(26.,-26.,86.304190218308));
#6577 = CARTESIAN_POINT('',(5.494446500535,-20.50555349946,
    116.32640421616));
#6578 = CARTESIAN_POINT('',(10.98889300107,-41.01110699893,
    101.31529721723));
#6579 = MANIFOLD_SOLID_BREP('',#6580);
#6580 = CLOSED_SHELL('',(#6581,#6624,#6659,#6674,#6697,#6719,#6735));
#6581 = ADVANCED_FACE('',(#6582),#6619,.F.);
#6582 = FACE_BOUND('',#6583,.F.);
#6583 = EDGE_LOOP('',(#6584,#6593,#6600,#6607,#6614));
#6584 = ORIENTED_EDGE('',*,*,#6585,.F.);
#6585 = EDGE_CURVE('',#6586,#6588,#6590,.T.);
#6586 = VERTEX_POINT('',#6587);
#6587 = CARTESIAN_POINT('',(15.01110699893,15.01110699893,
    71.293083219377));
#6588 = VERTEX_POINT('',#6589);
#6589 = CARTESIAN_POINT('',(3.265986323711,3.265986323711,
    83.038203894597));
#6590 = B_SPLINE_CURVE_WITH_KNOTS('',1,(#6591,#6592),.UNSPECIFIED.,.F.,
  .F.,(2,2),(0.,20.343145750508),.PIECEWISE_BEZIER_KNOTS.);
#6591 = CARTESIAN_POINT('',(15.01110699893,15.01110699893,
    71.293083219377));
#6592 = CARTESIAN_POINT('',(3.265986323711,3.265986323711,
    83.038203894597));
#6593 = ORIENTED_EDGE('',*,*,#6594,.T.);
#6594 = EDGE_CURVE('',#6586,#6595,#6597,.T.);
#6595 = VERTEX_POINT('',#6596);
#6596 = CARTESIAN_POINT('',(9.516660498395,35.516660498395,
    86.304190218308));
#6597 = B_SPLINE_CURVE_WITH_KNOTS('',1,(#6598,#6599),.UNSPECIFIED.,.F.,
  .F.,(2,2),(0.,26.),.PIECEWISE_BEZIER_KNOTS.);
#6598 = CARTESIAN_POINT('',(15.01110699893,15.01110699893,
    71.293083219377));
#6599 = CARTESIAN_POINT('',(9.516660498395,35.516660498395,
    86.304190218308));
#6600 = ORIENTED_EDGE('',*,*,#6601,.T.);
#6601 = EDGE_CURVE('',#6595,#6602,#6604,.T.);
#6602 = VERTEX_POINT('',#6603);
#6603 = CARTESIAN_POINT('',(-5.494446500535,20.505553499465,
    101.31529721723));
#6604 = B_SPLINE_CURVE_WITH_KNOTS('',1,(#6605,#6606),.UNSPECIFIED.,.F.,
  .F.,(2,2),(0.,26.),.PIECEWISE_BEZIER_KNOTS.);
#6605 = CARTESIAN_POINT('',(9.516660498395,35.516660498395,
    86.304190218308));
#6606 = CARTESIAN_POINT('',(-5.494446500535,20.505553499465,
    101.31529721723));
#6607 = ORIENTED_EDGE('',*,*,#6608,.F.);
#6608 = EDGE_CURVE('',#6609,#6602,#6611,.T.);
#6609 = VERTEX_POINT('',#6610);
#6610 = CARTESIAN_POINT('',(-1.195433962891,4.461420286602,
    89.570176542019));
#6611 = B_SPLINE_CURVE_WITH_KNOTS('',1,(#6612,#6613),.UNSPECIFIED.,.F.,
  .F.,(2,2),(5.656854249492,26.),.PIECEWISE_BEZIER_KNOTS.);
#6612 = CARTESIAN_POINT('',(-1.195433962891,4.461420286602,
    89.570176542019));
#6613 = CARTESIAN_POINT('',(-5.494446500535,20.505553499465,
    101.31529721723));
#6614 = ORIENTED_EDGE('',*,*,#6615,.T.);
#6615 = EDGE_CURVE('',#6609,#6588,#6616,.T.);
#6616 = B_SPLINE_CURVE_WITH_KNOTS('',1,(#6617,#6618),.UNSPECIFIED.,.F.,
  .F.,(2,2),(0.,8.),.PIECEWISE_BEZIER_KNOTS.);
#6617 = CARTESIAN_POINT('',(-1.195433962891,4.461420286602,
    89.570176542019));
#6618 = CARTESIAN_POINT('',(3.265986323711,3.265986323711,
    83.038203894597));
#6619 = B_SPLINE_SURFACE_WITH_KNOTS('',1,1,(
    (#6620,#6621)
    ,(#6622,#6623
    )),.UNSPECIFIED.,.F.,.F.,.F.,(2,2),(2,2),(0.,26.),(-26.,
    2.601414362266E-16),.PIECEWISE_BEZIER_KNOTS.);
#6620 = CARTESIAN_POINT('',(9.516660498395,35.516660498395,
    86.304190218308));
#6621 = CARTESIAN_POINT('',(15.01110699893,15.01110699893,
    71.293083219377));
#6622 = CARTESIAN_POINT('',(-5.494446500535,20.505553499465,
    101.31529721723));
#6623 = CARTESIAN_POINT('',(5.49743539969E-17,-2.051670822297E-16,
    86.304190218308));
#6624 = ADVANCED_FACE('',(#6625),#6654,.F.);
#6625 = FACE_BOUND('',#6626,.F.);
#6626 = EDGE_LOOP('',(#6627,#6636,#6641,#6642,#6649));
#6627 = ORIENTED_EDGE('',*,*,#6628,.F.);
#6628 = EDGE_CURVE('',#6629,#6631,#6633,.T.);
#6629 = VERTEX_POINT('',#6630);
#6630 = CARTESIAN_POINT('',(35.516660498395,9.516660498395,
    86.304190218308));
#6631 = VERTEX_POINT('',#6632);
#6632 = CARTESIAN_POINT('',(20.505553499465,-5.494446500535,
    101.31529721723));
#6633 = B_SPLINE_CURVE_WITH_KNOTS('',1,(#6634,#6635),.UNSPECIFIED.,.F.,
  .F.,(2,2),(0.,26.),.PIECEWISE_BEZIER_KNOTS.);
#6634 = CARTESIAN_POINT('',(35.516660498395,9.516660498395,
    86.304190218308));
#6635 = CARTESIAN_POINT('',(20.505553499465,-5.494446500535,
    101.31529721723));
#6636 = ORIENTED_EDGE('',*,*,#6637,.F.);
#6637 = EDGE_CURVE('',#6586,#6629,#6638,.T.);
#6638 = B_SPLINE_CURVE_WITH_KNOTS('',1,(#6639,#6640),.UNSPECIFIED.,.F.,
  .F.,(2,2),(0.,26.),.PIECEWISE_BEZIER_KNOTS.);
#6639 = CARTESIAN_POINT('',(15.01110699893,15.01110699893,
    71.293083219377));
#6640 = CARTESIAN_POINT('',(35.516660498395,9.516660498395,
    86.304190218308));
#6641 = ORIENTED_EDGE('',*,*,#6585,.T.);
#6642 = ORIENTED_EDGE('',*,*,#6643,.F.);
#6643 = EDGE_CURVE('',#6644,#6588,#6646,.T.);
#6644 = VERTEX_POINT('',#6645);
#6645 = CARTESIAN_POINT('',(4.461420286602,-1.195433962891,
    89.570176542019));
#6646 = B_SPLINE_CURVE_WITH_KNOTS('',1,(#6647,#6648),.UNSPECIFIED.,.F.,
  .F.,(2,2),(0.,8.),.PIECEWISE_BEZIER_KNOTS.);
#6647 = CARTESIAN_POINT('',(4.461420286602,-1.195433962891,
    89.570176542019));
#6648 = CARTESIAN_POINT('',(3.265986323711,3.265986323711,
    83.038203894597));
#6649 = ORIENTED_EDGE('',*,*,#6650,.T.);
#6650 = EDGE_CURVE('',#6644,#6631,#6651,.T.);
#6651 = B_SPLINE_CURVE_WITH_KNOTS('',1,(#6652,#6653),.UNSPECIFIED.,.F.,
  .F.,(2,2),(5.656854249492,26.),.PIECEWISE_BEZIER_KNOTS.);
#6652 = CARTESIAN_POINT('',(4.461420286602,-1.195433962891,
    89.570176542019));
#6653 = CARTESIAN_POINT('',(20.505553499465,-5.494446500535,
    101.31529721723));
#6654 = B_SPLINE_SURFACE_WITH_KNOTS('',1,1,(
    (#6655,#6656)
    ,(#6657,#6658
    )),.UNSPECIFIED.,.F.,.F.,.F.,(2,2),(2,2),(0.,26.),(
    -2.601414362266E-16,26.),.PIECEWISE_BEZIER_KNOTS.);
#6655 = CARTESIAN_POINT('',(15.01110699893,15.01110699893,
    71.293083219377));
#6656 = CARTESIAN_POINT('',(35.516660498395,9.516660498395,
    86.304190218308));
#6657 = CARTESIAN_POINT('',(-2.051670822297E-16,5.49743539969E-17,
    86.304190218308));
#6658 = CARTESIAN_POINT('',(20.505553499465,-5.494446500535,
    101.31529721723));
#6659 = ADVANCED_FACE('',(#6660),#6669,.T.);
#6660 = FACE_BOUND('',#6661,.T.);
#6661 = EDGE_LOOP('',(#6662,#6667,#6668));
#6662 = ORIENTED_EDGE('',*,*,#6663,.T.);
#6663 = EDGE_CURVE('',#6644,#6609,#6664,.T.);
#6664 = B_SPLINE_CURVE_WITH_KNOTS('',1,(#6665,#6666),.UNSPECIFIED.,.F.,
  .F.,(2,2),(0.,8.),.PIECEWISE_BEZIER_KNOTS.);
#6665 = CARTESIAN_POINT('',(4.461420286602,-1.195433962891,
    89.570176542019));
#6666 = CARTESIAN_POINT('',(-1.195433962891,4.461420286602,
    89.570176542019));
#6667 = ORIENTED_EDGE('',*,*,#6615,.T.);
#6668 = ORIENTED_EDGE('',*,*,#6643,.F.);
#6669 = B_SPLINE_SURFACE_WITH_KNOTS('',1,1,(
    (#6670,#6671)
    ,(#6672,#6673
    )),.UNSPECIFIED.,.F.,.F.,.F.,(2,2),(2,2),(-4.,4.),(-2.309401076759,
    4.618802153517),.PIECEWISE_BEZIER_KNOTS.);
#6670 = CARTESIAN_POINT('',(3.265986323711,3.265986323711,
    83.038203894597));
#6671 = CARTESIAN_POINT('',(-1.793150944336,6.692130429902,
    86.304190218308));
#6672 = CARTESIAN_POINT('',(4.461420286602,-1.195433962891,
    89.570176542019));
#6673 = CARTESIAN_POINT('',(-0.597716981445,2.230710143301,
    92.83616286573));
#6674 = ADVANCED_FACE('',(#6675),#6692,.T.);
#6675 = FACE_BOUND('',#6676,.T.);
#6676 = EDGE_LOOP('',(#6677,#6678,#6679,#6680,#6687));
#6677 = ORIENTED_EDGE('',*,*,#6608,.F.);
#6678 = ORIENTED_EDGE('',*,*,#6663,.F.);
#6679 = ORIENTED_EDGE('',*,*,#6650,.T.);
#6680 = ORIENTED_EDGE('',*,*,#6681,.T.);
#6681 = EDGE_CURVE('',#6631,#6682,#6684,.T.);
#6682 = VERTEX_POINT('',#6683);
#6683 = CARTESIAN_POINT('',(15.01110699893,15.01110699893,
    116.32640421616));
#6684 = B_SPLINE_CURVE_WITH_KNOTS('',1,(#6685,#6686),.UNSPECIFIED.,.F.,
  .F.,(2,2),(0.,26.),.PIECEWISE_BEZIER_KNOTS.);
#6685 = CARTESIAN_POINT('',(20.505553499465,-5.494446500535,
    101.31529721723));
#6686 = CARTESIAN_POINT('',(15.01110699893,15.01110699893,
    116.32640421616));
#6687 = ORIENTED_EDGE('',*,*,#6688,.F.);
#6688 = EDGE_CURVE('',#6602,#6682,#6689,.T.);
#6689 = B_SPLINE_CURVE_WITH_KNOTS('',1,(#6690,#6691),.UNSPECIFIED.,.F.,
  .F.,(2,2),(0.,26.),.PIECEWISE_BEZIER_KNOTS.);
#6690 = CARTESIAN_POINT('',(-5.494446500535,20.505553499465,
    101.31529721723));
#6691 = CARTESIAN_POINT('',(15.01110699893,15.01110699893,
    116.32640421616));
#6692 = B_SPLINE_SURFACE_WITH_KNOTS('',1,1,(
    (#6693,#6694)
    ,(#6695,#6696
    )),.UNSPECIFIED.,.F.,.F.,.F.,(2,2),(2,2),(-2.601414362266E-16,26.),(
    0.,26.),.PIECEWISE_BEZIER_KNOTS.);
#6693 = CARTESIAN_POINT('',(-2.051670822297E-16,5.49743539969E-17,
    86.304190218308));
#6694 = CARTESIAN_POINT('',(-5.494446500535,20.505553499465,
    101.31529721723));
#6695 = CARTESIAN_POINT('',(20.505553499465,-5.494446500535,
    101.31529721723));
#6696 = CARTESIAN_POINT('',(15.01110699893,15.01110699893,
    116.32640421616));
#6697 = ADVANCED_FACE('',(#6698),#6714,.T.);
#6698 = FACE_BOUND('',#6699,.T.);
#6699 = EDGE_LOOP('',(#6700,#6707,#6708,#6709));
#6700 = ORIENTED_EDGE('',*,*,#6701,.F.);
#6701 = EDGE_CURVE('',#6595,#6702,#6704,.T.);
#6702 = VERTEX_POINT('',#6703);
#6703 = CARTESIAN_POINT('',(30.022213997861,30.022213997861,
    101.31529721723));
#6704 = B_SPLINE_CURVE_WITH_KNOTS('',1,(#6705,#6706),.UNSPECIFIED.,.F.,
  .F.,(2,2),(0.,26.),.PIECEWISE_BEZIER_KNOTS.);
#6705 = CARTESIAN_POINT('',(9.516660498395,35.516660498395,
    86.304190218308));
#6706 = CARTESIAN_POINT('',(30.022213997861,30.022213997861,
    101.31529721723));
#6707 = ORIENTED_EDGE('',*,*,#6601,.T.);
#6708 = ORIENTED_EDGE('',*,*,#6688,.T.);
#6709 = ORIENTED_EDGE('',*,*,#6710,.F.);
#6710 = EDGE_CURVE('',#6702,#6682,#6711,.T.);
#6711 = B_SPLINE_CURVE_WITH_KNOTS('',1,(#6712,#6713),.UNSPECIFIED.,.F.,
  .F.,(2,2),(0.,26.),.PIECEWISE_BEZIER_KNOTS.);
#6712 = CARTESIAN_POINT('',(30.022213997861,30.022213997861,
    101.31529721723));
#6713 = CARTESIAN_POINT('',(15.01110699893,15.01110699893,
    116.32640421616));
#6714 = B_SPLINE_SURFACE_WITH_KNOTS('',1,1,(
    (#6715,#6716)
    ,(#6717,#6718
    )),.UNSPECIFIED.,.F.,.F.,.F.,(2,2),(2,2),(0.,26.),(0.,26.),
  .PIECEWISE_BEZIER_KNOTS.);
#6715 = CARTESIAN_POINT('',(9.516660498395,35.516660498395,
    86.304190218308));
#6716 = CARTESIAN_POINT('',(30.022213997861,30.022213997861,
    101.31529721723));
#6717 = CARTESIAN_POINT('',(-5.494446500535,20.505553499465,
    101.31529721723));
#6718 = CARTESIAN_POINT('',(15.01110699893,15.01110699893,
    116.32640421616));
#6719 = ADVANCED_FACE('',(#6720),#6730,.F.);
#6720 = FACE_BOUND('',#6721,.F.);
#6721 = EDGE_LOOP('',(#6722,#6723,#6724,#6729));
#6722 = ORIENTED_EDGE('',*,*,#6594,.F.);
#6723 = ORIENTED_EDGE('',*,*,#6637,.T.);
#6724 = ORIENTED_EDGE('',*,*,#6725,.T.);
#6725 = EDGE_CURVE('',#6629,#6702,#6726,.T.);
#6726 = B_SPLINE_CURVE_WITH_KNOTS('',1,(#6727,#6728),.UNSPECIFIED.,.F.,
  .F.,(2,2),(0.,26.),.PIECEWISE_BEZIER_KNOTS.);
#6727 = CARTESIAN_POINT('',(35.516660498395,9.516660498395,
    86.304190218308));
#6728 = CARTESIAN_POINT('',(30.022213997861,30.022213997861,
    101.31529721723));
#6729 = ORIENTED_EDGE('',*,*,#6701,.F.);
#6730 = B_SPLINE_SURFACE_WITH_KNOTS('',1,1,(
    (#6731,#6732)
    ,(#6733,#6734
    )),.UNSPECIFIED.,.F.,.F.,.F.,(2,2),(2,2),(0.,26.),(0.,26.),
  .PIECEWISE_BEZIER_KNOTS.);
#6731 = CARTESIAN_POINT('',(15.01110699893,15.01110699893,
    71.293083219377));
#6732 = CARTESIAN_POINT('',(9.516660498395,35.516660498395,
    86.304190218308));
#6733 = CARTESIAN_POINT('',(35.516660498395,9.516660498395,
    86.304190218308));
#6734 = CARTESIAN_POINT('',(30.022213997861,30.022213997861,
    101.31529721723));
#6735 = ADVANCED_FACE('',(#6736),#6742,.T.);
#6736 = FACE_BOUND('',#6737,.T.);
#6737 = EDGE_LOOP('',(#6738,#6739,#6740,#6741));
#6738 = ORIENTED_EDGE('',*,*,#6628,.F.);
#6739 = ORIENTED_EDGE('',*,*,#6725,.T.);
#6740 = ORIENTED_EDGE('',*,*,#6710,.T.);
#6741 = ORIENTED_EDGE('',*,*,#6681,.F.);
#6742 = B_SPLINE_SURFACE_WITH_KNOTS('',1,1,(
    (#6743,#6744)
    ,(#6745,#6746
    )),.UNSPECIFIED.,.F.,.F.,.F.,(2,2),(2,2),(0.,26.),(-26.,0.),
  .PIECEWISE_BEZIER_KNOTS.);
#6743 = CARTESIAN_POINT('',(30.022213997861,30.022213997861,
    101.31529721723));
#6744 = CARTESIAN_POINT('',(35.516660498395,9.516660498395,
    86.304190218308));
#6745 = CARTESIAN_POINT('',(15.01110699893,15.01110699893,
    116.32640421616));
#6746 = CARTESIAN_POINT('',(20.505553499465,-5.494446500535,
    101.31529721723));
#6747 = MANIFOLD_SOLID_BREP('',#6748);
#6748 = CLOSED_SHELL('',(#6749,#6792,#6827,#6849,#6871,#6892,#6903));
#6749 = ADVANCED_FACE('',(#6750),#6787,.F.);
#6750 = FACE_BOUND('',#6751,.F.);
#6751 = EDGE_LOOP('',(#6752,#6761,#6768,#6775,#6782));
#6752 = ORIENTED_EDGE('',*,*,#6753,.F.);
#6753 = EDGE_CURVE('',#6754,#6756,#6758,.T.);
#6754 = VERTEX_POINT('',#6755);
#6755 = CARTESIAN_POINT('',(-3.265986323711,-3.265986323711,
    89.570176542019));
#6756 = VERTEX_POINT('',#6757);
#6757 = CARTESIAN_POINT('',(-15.01110699893,-15.01110699893,
    101.31529721723));
#6758 = B_SPLINE_CURVE_WITH_KNOTS('',1,(#6759,#6760),.UNSPECIFIED.,.F.,
  .F.,(2,2),(5.656854249492,26.),.PIECEWISE_BEZIER_KNOTS.);
#6759 = CARTESIAN_POINT('',(-3.265986323711,-3.265986323711,
    89.570176542019));
#6760 = CARTESIAN_POINT('',(-15.01110699893,-15.01110699893,
    101.31529721723));
#6761 = ORIENTED_EDGE('',*,*,#6762,.F.);
#6762 = EDGE_CURVE('',#6763,#6754,#6765,.T.);
#6763 = VERTEX_POINT('',#6764);
#6764 = CARTESIAN_POINT('',(-1.195433962891,4.461420286602,
    89.570176542019));
#6765 = B_SPLINE_CURVE_WITH_KNOTS('',1,(#6766,#6767),.UNSPECIFIED.,.F.,
  .F.,(2,2),(0.,8.),.PIECEWISE_BEZIER_KNOTS.);
#6766 = CARTESIAN_POINT('',(-1.195433962891,4.461420286602,
    89.570176542019));
#6767 = CARTESIAN_POINT('',(-3.265986323711,-3.265986323711,
    89.570176542019));
#6768 = ORIENTED_EDGE('',*,*,#6769,.T.);
#6769 = EDGE_CURVE('',#6763,#6770,#6772,.T.);
#6770 = VERTEX_POINT('',#6771);
#6771 = CARTESIAN_POINT('',(-5.494446500535,20.505553499465,
    101.31529721723));
#6772 = B_SPLINE_CURVE_WITH_KNOTS('',1,(#6773,#6774),.UNSPECIFIED.,.F.,
  .F.,(2,2),(5.656854249492,26.),.PIECEWISE_BEZIER_KNOTS.);
#6773 = CARTESIAN_POINT('',(-1.195433962891,4.461420286602,
    89.570176542019));
#6774 = CARTESIAN_POINT('',(-5.494446500535,20.505553499465,
    101.31529721723));
#6775 = ORIENTED_EDGE('',*,*,#6776,.T.);
#6776 = EDGE_CURVE('',#6770,#6777,#6779,.T.);
#6777 = VERTEX_POINT('',#6778);
#6778 = CARTESIAN_POINT('',(-20.50555349946,5.494446500535,
    116.32640421616));
#6779 = B_SPLINE_CURVE_WITH_KNOTS('',1,(#6780,#6781),.UNSPECIFIED.,.F.,
  .F.,(2,2),(0.,26.),.PIECEWISE_BEZIER_KNOTS.);
#6780 = CARTESIAN_POINT('',(-5.494446500535,20.505553499465,
    101.31529721723));
#6781 = CARTESIAN_POINT('',(-20.50555349946,5.494446500535,
    116.32640421616));
#6782 = ORIENTED_EDGE('',*,*,#6783,.F.);
#6783 = EDGE_CURVE('',#6756,#6777,#6784,.T.);
#6784 = B_SPLINE_CURVE_WITH_KNOTS('',1,(#6785,#6786),.UNSPECIFIED.,.F.,
  .F.,(2,2),(0.,26.),.PIECEWISE_BEZIER_KNOTS.);
#6785 = CARTESIAN_POINT('',(-15.01110699893,-15.01110699893,
    101.31529721723));
#6786 = CARTESIAN_POINT('',(-20.50555349946,5.494446500535,
    116.32640421616));
#6787 = B_SPLINE_SURFACE_WITH_KNOTS('',1,1,(
    (#6788,#6789)
    ,(#6790,#6791
    )),.UNSPECIFIED.,.F.,.F.,.F.,(2,2),(2,2),(0.,26.),(-26.,
    2.601414362266E-16),.PIECEWISE_BEZIER_KNOTS.);
#6788 = CARTESIAN_POINT('',(-5.494446500535,20.505553499465,
    101.31529721723));
#6789 = CARTESIAN_POINT('',(5.49743539969E-17,-2.051670822297E-16,
    86.304190218308));
#6790 = CARTESIAN_POINT('',(-20.50555349946,5.494446500535,
    116.32640421616));
#6791 = CARTESIAN_POINT('',(-15.01110699893,-15.01110699893,
    101.31529721723));
#6792 = ADVANCED_FACE('',(#6793),#6822,.F.);
#6793 = FACE_BOUND('',#6794,.F.);
#6794 = EDGE_LOOP('',(#6795,#6804,#6809,#6810,#6817));
#6795 = ORIENTED_EDGE('',*,*,#6796,.F.);
#6796 = EDGE_CURVE('',#6797,#6799,#6801,.T.);
#6797 = VERTEX_POINT('',#6798);
#6798 = CARTESIAN_POINT('',(4.461420286602,-1.195433962891,
    89.570176542019));
#6799 = VERTEX_POINT('',#6800);
#6800 = CARTESIAN_POINT('',(20.505553499465,-5.494446500535,
    101.31529721723));
#6801 = B_SPLINE_CURVE_WITH_KNOTS('',1,(#6802,#6803),.UNSPECIFIED.,.F.,
  .F.,(2,2),(5.656854249492,26.),.PIECEWISE_BEZIER_KNOTS.);
#6802 = CARTESIAN_POINT('',(4.461420286602,-1.195433962891,
    89.570176542019));
#6803 = CARTESIAN_POINT('',(20.505553499465,-5.494446500535,
    101.31529721723));
#6804 = ORIENTED_EDGE('',*,*,#6805,.T.);
#6805 = EDGE_CURVE('',#6797,#6754,#6806,.T.);
#6806 = B_SPLINE_CURVE_WITH_KNOTS('',1,(#6807,#6808),.UNSPECIFIED.,.F.,
  .F.,(2,2),(0.,8.),.PIECEWISE_BEZIER_KNOTS.);
#6807 = CARTESIAN_POINT('',(4.461420286602,-1.195433962891,
    89.570176542019));
#6808 = CARTESIAN_POINT('',(-3.265986323711,-3.265986323711,
    89.570176542019));
#6809 = ORIENTED_EDGE('',*,*,#6753,.T.);
#6810 = ORIENTED_EDGE('',*,*,#6811,.T.);
#6811 = EDGE_CURVE('',#6756,#6812,#6814,.T.);
#6812 = VERTEX_POINT('',#6813);
#6813 = CARTESIAN_POINT('',(5.494446500535,-20.50555349946,
    116.32640421616));
#6814 = B_SPLINE_CURVE_WITH_KNOTS('',1,(#6815,#6816),.UNSPECIFIED.,.F.,
  .F.,(2,2),(0.,26.),.PIECEWISE_BEZIER_KNOTS.);
#6815 = CARTESIAN_POINT('',(-15.01110699893,-15.01110699893,
    101.31529721723));
#6816 = CARTESIAN_POINT('',(5.494446500535,-20.50555349946,
    116.32640421616));
#6817 = ORIENTED_EDGE('',*,*,#6818,.F.);
#6818 = EDGE_CURVE('',#6799,#6812,#6819,.T.);
#6819 = B_SPLINE_CURVE_WITH_KNOTS('',1,(#6820,#6821),.UNSPECIFIED.,.F.,
  .F.,(2,2),(0.,26.),.PIECEWISE_BEZIER_KNOTS.);
#6820 = CARTESIAN_POINT('',(20.505553499465,-5.494446500535,
    101.31529721723));
#6821 = CARTESIAN_POINT('',(5.494446500535,-20.50555349946,
    116.32640421616));
#6822 = B_SPLINE_SURFACE_WITH_KNOTS('',1,1,(
    (#6823,#6824)
    ,(#6825,#6826
    )),.UNSPECIFIED.,.F.,.F.,.F.,(2,2),(2,2),(0.,26.),(
    -2.601414362266E-16,26.),.PIECEWISE_BEZIER_KNOTS.);
#6823 = CARTESIAN_POINT('',(-2.051670822297E-16,5.49743539969E-17,
    86.304190218308));
#6824 = CARTESIAN_POINT('',(20.505553499465,-5.494446500535,
    101.31529721723));
#6825 = CARTESIAN_POINT('',(-15.01110699893,-15.01110699893,
    101.31529721723));
#6826 = CARTESIAN_POINT('',(5.494446500535,-20.50555349946,
    116.32640421616));
#6827 = ADVANCED_FACE('',(#6828),#6844,.T.);
#6828 = FACE_BOUND('',#6829,.T.);
#6829 = EDGE_LOOP('',(#6830,#6831,#6832,#6839));
#6830 = ORIENTED_EDGE('',*,*,#6783,.F.);
#6831 = ORIENTED_EDGE('',*,*,#6811,.T.);
#6832 = ORIENTED_EDGE('',*,*,#6833,.T.);
#6833 = EDGE_CURVE('',#6812,#6834,#6836,.T.);
#6834 = VERTEX_POINT('',#6835);
#6835 = CARTESIAN_POINT('',(8.881784197001E-16,-8.881784197001E-16,
    131.33751121509));
#6836 = B_SPLINE_CURVE_WITH_KNOTS('',1,(#6837,#6838),.UNSPECIFIED.,.F.,
  .F.,(2,2),(0.,26.),.PIECEWISE_BEZIER_KNOTS.);
#6837 = CARTESIAN_POINT('',(5.494446500535,-20.50555349946,
    116.32640421616));
#6838 = CARTESIAN_POINT('',(8.881784197001E-16,-8.881784197001E-16,
    131.33751121509));
#6839 = ORIENTED_EDGE('',*,*,#6840,.F.);
#6840 = EDGE_CURVE('',#6777,#6834,#6841,.T.);
#6841 = B_SPLINE_CURVE_WITH_KNOTS('',1,(#6842,#6843),.UNSPECIFIED.,.F.,
  .F.,(2,2),(0.,26.),.PIECEWISE_BEZIER_KNOTS.);
#6842 = CARTESIAN_POINT('',(-20.50555349946,5.494446500535,
    116.32640421616));
#6843 = CARTESIAN_POINT('',(8.881784197001E-16,-8.881784197001E-16,
    131.33751121509));
#6844 = B_SPLINE_SURFACE_WITH_KNOTS('',1,1,(
    (#6845,#6846)
    ,(#6847,#6848
    )),.UNSPECIFIED.,.F.,.F.,.F.,(2,2),(2,2),(0.,26.),(0.,26.),
  .PIECEWISE_BEZIER_KNOTS.);
#6845 = CARTESIAN_POINT('',(-15.01110699893,-15.01110699893,
    101.31529721723));
#6846 = CARTESIAN_POINT('',(-20.50555349946,5.494446500535,
    116.32640421616));
#6847 = CARTESIAN_POINT('',(5.494446500535,-20.50555349946,
    116.32640421616));
#6848 = CARTESIAN_POINT('',(8.881784197001E-16,-8.881784197001E-16,
    131.33751121509));
#6849 = ADVANCED_FACE('',(#6850),#6866,.T.);
#6850 = FACE_BOUND('',#6851,.T.);
#6851 = EDGE_LOOP('',(#6852,#6859,#6860,#6861));
#6852 = ORIENTED_EDGE('',*,*,#6853,.F.);
#6853 = EDGE_CURVE('',#6770,#6854,#6856,.T.);
#6854 = VERTEX_POINT('',#6855);
#6855 = CARTESIAN_POINT('',(15.01110699893,15.01110699893,
    116.32640421616));
#6856 = B_SPLINE_CURVE_WITH_KNOTS('',1,(#6857,#6858),.UNSPECIFIED.,.F.,
  .F.,(2,2),(0.,26.),.PIECEWISE_BEZIER_KNOTS.);
#6857 = CARTESIAN_POINT('',(-5.494446500535,20.505553499465,
    101.31529721723));
#6858 = CARTESIAN_POINT('',(15.01110699893,15.01110699893,
    116.32640421616));
#6859 = ORIENTED_EDGE('',*,*,#6776,.T.);
#6860 = ORIENTED_EDGE('',*,*,#6840,.T.);
#6861 = ORIENTED_EDGE('',*,*,#6862,.F.);
#6862 = EDGE_CURVE('',#6854,#6834,#6863,.T.);
#6863 = B_SPLINE_CURVE_WITH_KNOTS('',1,(#6864,#6865),.UNSPECIFIED.,.F.,
  .F.,(2,2),(0.,26.),.PIECEWISE_BEZIER_KNOTS.);
#6864 = CARTESIAN_POINT('',(15.01110699893,15.01110699893,
    116.32640421616));
#6865 = CARTESIAN_POINT('',(8.881784197001E-16,-8.881784197001E-16,
    131.33751121509));
#6866 = B_SPLINE_SURFACE_WITH_KNOTS('',1,1,(
    (#6867,#6868)
    ,(#6869,#6870
    )),.UNSPECIFIED.,.F.,.F.,.F.,(2,2),(2,2),(0.,26.),(0.,26.),
  .PIECEWISE_BEZIER_KNOTS.);
#6867 = CARTESIAN_POINT('',(-5.494446500535,20.505553499465,
    101.31529721723));
#6868 = CARTESIAN_POINT('',(15.01110699893,15.01110699893,
    116.32640421616));
#6869 = CARTESIAN_POINT('',(-20.50555349946,5.494446500535,
    116.32640421616));
#6870 = CARTESIAN_POINT('',(8.881784197001E-16,-8.881784197001E-16,
    131.33751121509));
#6871 = ADVANCED_FACE('',(#6872),#6887,.F.);
#6872 = FACE_BOUND('',#6873,.F.);
#6873 = EDGE_LOOP('',(#6874,#6875,#6880,#6881,#6886));
#6874 = ORIENTED_EDGE('',*,*,#6769,.F.);
#6875 = ORIENTED_EDGE('',*,*,#6876,.F.);
#6876 = EDGE_CURVE('',#6797,#6763,#6877,.T.);
#6877 = B_SPLINE_CURVE_WITH_KNOTS('',1,(#6878,#6879),.UNSPECIFIED.,.F.,
  .F.,(2,2),(0.,8.),.PIECEWISE_BEZIER_KNOTS.);
#6878 = CARTESIAN_POINT('',(4.461420286602,-1.195433962891,
    89.570176542019));
#6879 = CARTESIAN_POINT('',(-1.195433962891,4.461420286602,
    89.570176542019));
#6880 = ORIENTED_EDGE('',*,*,#6796,.T.);
#6881 = ORIENTED_EDGE('',*,*,#6882,.T.);
#6882 = EDGE_CURVE('',#6799,#6854,#6883,.T.);
#6883 = B_SPLINE_CURVE_WITH_KNOTS('',1,(#6884,#6885),.UNSPECIFIED.,.F.,
  .F.,(2,2),(0.,26.),.PIECEWISE_BEZIER_KNOTS.);
#6884 = CARTESIAN_POINT('',(20.505553499465,-5.494446500535,
    101.31529721723));
#6885 = CARTESIAN_POINT('',(15.01110699893,15.01110699893,
    116.32640421616));
#6886 = ORIENTED_EDGE('',*,*,#6853,.F.);
#6887 = B_SPLINE_SURFACE_WITH_KNOTS('',1,1,(
    (#6888,#6889)
    ,(#6890,#6891
    )),.UNSPECIFIED.,.F.,.F.,.F.,(2,2),(2,2),(-2.601414362266E-16,26.),(
    0.,26.),.PIECEWISE_BEZIER_KNOTS.);
#6888 = CARTESIAN_POINT('',(-2.051670822297E-16,5.49743539969E-17,
    86.304190218308));
#6889 = CARTESIAN_POINT('',(-5.494446500535,20.505553499465,
    101.31529721723));
#6890 = CARTESIAN_POINT('',(20.505553499465,-5.494446500535,
    101.31529721723));
#6891 = CARTESIAN_POINT('',(15.01110699893,15.01110699893,
    116.32640421616));
#6892 = ADVANCED_FACE('',(#6893),#6898,.F.);
#6893 = FACE_BOUND('',#6894,.F.);
#6894 = EDGE_LOOP('',(#6895,#6896,#6897));
#6895 = ORIENTED_EDGE('',*,*,#6876,.T.);
#6896 = ORIENTED_EDGE('',*,*,#6762,.T.);
#6897 = ORIENTED_EDGE('',*,*,#6805,.F.);
#6898 = B_SPLINE_SURFACE_WITH_KNOTS('',1,1,(
    (#6899,#6900)
    ,(#6901,#6902
    )),.UNSPECIFIED.,.F.,.F.,.F.,(2,2),(2,2),(-4.,4.),(-2.309401076759,
    4.618802153517),.PIECEWISE_BEZIER_KNOTS.);
#6899 = CARTESIAN_POINT('',(-3.265986323711,-3.265986323711,
    89.570176542019));
#6900 = CARTESIAN_POINT('',(-5.059137268047,3.426144106192,
    89.570176542019));
#6901 = CARTESIAN_POINT('',(4.461420286602,-1.195433962891,
    89.570176542019));
#6902 = CARTESIAN_POINT('',(2.668269342266,5.496696467012,
    89.570176542019));
#6903 = ADVANCED_FACE('',(#6904),#6910,.T.);
#6904 = FACE_BOUND('',#6905,.T.);
#6905 = EDGE_LOOP('',(#6906,#6907,#6908,#6909));
#6906 = ORIENTED_EDGE('',*,*,#6818,.F.);
#6907 = ORIENTED_EDGE('',*,*,#6882,.T.);
#6908 = ORIENTED_EDGE('',*,*,#6862,.T.);
#6909 = ORIENTED_EDGE('',*,*,#6833,.F.);
#6910 = B_SPLINE_SURFACE_WITH_KNOTS('',1,1,(
    (#6911,#6912)
    ,(#6913,#6914
    )),.UNSPECIFIED.,.F.,.F.,.F.,(2,2),(2,2),(0.,26.),(-26.,0.),
  .PIECEWISE_BEZIER_KNOTS.);
#6911 = CARTESIAN_POINT('',(15.01110699893,15.01110699893,
    116.32640421616));
#6912 = CARTESIAN_POINT('',(20.505553499465,-5.494446500535,
    101.31529721723));
#6913 = CARTESIAN_POINT('',(8.881784197001E-16,-8.881784197001E-16,
    131.33751121509));
#6914 = CARTESIAN_POINT('',(5.494446500535,-20.50555349946,
    116.32640421616));
#6915 = MANIFOLD_SOLID_BREP('',#6916);
#6916 = CLOSED_SHELL('',(#6917,#7007,#7045,#7077,#7133,#7149,#7169));
#6917 = ADVANCED_FACE('',(#6918),#7002,.F.);
#6918 = FACE_BOUND('',#6919,.F.);
#6919 = EDGE_LOOP('',(#6920,#6929,#6936,#6997));
#6920 = ORIENTED_EDGE('',*,*,#6921,.F.);
#6921 = EDGE_CURVE('',#6922,#6924,#6926,.T.);
#6922 = VERTEX_POINT('',#6923);
#6923 = CARTESIAN_POINT('',(11.133230568367,-40.86676943163,
    101.38746600088));
#6924 = VERTEX_POINT('',#6925);
#6925 = CARTESIAN_POINT('',(41.01110699893,-10.98889300107,
    71.509589570324));
#6926 = B_SPLINE_CURVE_WITH_KNOTS('',1,(#6927,#6928),.UNSPECIFIED.,.F.,
  .F.,(2,2),(0.,1.),.PIECEWISE_BEZIER_KNOTS.);
#6927 = CARTESIAN_POINT('',(10.98889300107,-41.01110699893,
    101.53180356818));
#6928 = CARTESIAN_POINT('',(41.155444566228,-10.84455543377,
    71.365252003026));
#6929 = ORIENTED_EDGE('',*,*,#6930,.T.);
#6930 = EDGE_CURVE('',#6922,#6931,#6933,.T.);
#6931 = VERTEX_POINT('',#6932);
#6932 = CARTESIAN_POINT('',(16.646546404403,-61.44274424989,
    108.91879549199));
#6933 = B_SPLINE_CURVE_WITH_KNOTS('',1,(#6934,#6935),.UNSPECIFIED.,.F.,
  .F.,(2,2),(0.,1.),.PIECEWISE_BEZIER_KNOTS.);
#6934 = CARTESIAN_POINT('',(-13.42994197137,50.804238481746,
    67.833548314066));
#6935 = CARTESIAN_POINT('',(17.826060464898,-65.8447506519,
    110.53004166275));
#6936 = ORIENTED_EDGE('',*,*,#6937,.F.);
#6937 = EDGE_CURVE('',#6938,#6931,#6940,.T.);
#6938 = VERTEX_POINT('',#6939);
#6939 = CARTESIAN_POINT('',(61.488734551006,-16.47585676655,
    64.014257677028));
#6940 = B_SPLINE_CURVE_WITH_KNOTS('',7,(#6941,#6942,#6943,#6944,#6945,
    #6946,#6947,#6948,#6949,#6950,#6951,#6952,#6953,#6954,#6955,#6956,
    #6957,#6958,#6959,#6960,#6961,#6962,#6963,#6964,#6965,#6966,#6967,
    #6968,#6969,#6970,#6971,#6972,#6973,#6974,#6975,#6976,#6977,#6978,
    #6979,#6980,#6981,#6982,#6983,#6984,#6985,#6986,#6987,#6988,#6989,
    #6990,#6991,#6992,#6993,#6994,#6995,#6996),.UNSPECIFIED.,.F.,.F.,(8,
    6,6,6,6,6,6,6,6,8),(0.,0.100565772041,0.175337232784,0.367382421083,
    0.53547375026,0.601943266842,0.68729352002,0.801374124107,
    0.890797397311,1.),.UNSPECIFIED.);
#6941 = CARTESIAN_POINT('',(63.657822208242,-7.105427357601E-15,
    54.691785465133));
#6942 = CARTESIAN_POINT('',(63.657822208242,-2.114143877568,
    55.748857403917));
#6943 = CARTESIAN_POINT('',(63.575907114749,-4.20587935837,
    56.835682691065));
#6944 = CARTESIAN_POINT('',(63.415202415919,-6.272653218223,
    57.949421970406));
#6945 = CARTESIAN_POINT('',(63.178714065427,-8.312242673786,
    59.087460873433));
#6946 = CARTESIAN_POINT('',(62.86930773395,-10.32274713431,
    60.247416269435));
#6947 = CARTESIAN_POINT('',(62.489673264501,-12.30257448335,
    61.427147178681));
#6948 = CARTESIAN_POINT('',(61.709629624915,-15.69866211148,
    63.515212812541));
#6949 = CARTESIAN_POINT('',(61.339533346623,-17.1291860336,
    64.415522912743));
#6950 = CARTESIAN_POINT('',(60.933005860552,-18.54143728745,
    65.324912282707));
#6951 = CARTESIAN_POINT('',(60.491015490995,-19.93489926349,
    66.242638455503));
#6952 = CARTESIAN_POINT('',(60.014477156716,-21.3090942579,
    67.168005119846));
#6953 = CARTESIAN_POINT('',(59.504251004926,-22.66358261861,
    68.100362376096));
#6954 = CARTESIAN_POINT('',(57.566201673551,-27.42522031507,
    71.450205890014));
#6955 = CARTESIAN_POINT('',(55.954569461693,-30.71924066958,
    73.903032173201));
#6956 = CARTESIAN_POINT('',(54.139675215157,-33.87402545667,
    76.387871690007));
#6957 = CARTESIAN_POINT('',(52.13292050204,-36.88311186192,
    78.895792249199));
#6958 = CARTESIAN_POINT('',(49.944360608983,-39.74006856459,
    81.418550547056));
#6959 = CARTESIAN_POINT('',(47.582619070888,-42.43842233378,
    83.948598200704));
#6960 = CARTESIAN_POINT('',(42.841609524221,-47.18820006735,
    88.693991840821));
#6961 = CARTESIAN_POINT('',(40.501747880686,-49.27785727481,
    90.908751266317));
#6962 = CARTESIAN_POINT('',(38.039587623216,-51.23560365543,
    93.118704585371));
#6963 = CARTESIAN_POINT('',(35.459574777785,-53.05579386138,
    95.318806111044));
#6964 = CARTESIAN_POINT('',(32.766049493223,-54.73197866422,
    97.503661154758));
#6965 = CARTESIAN_POINT('',(29.963269827457,-56.25692919613,
    99.667526253591));
#6966 = CARTESIAN_POINT('',(25.905228779498,-58.16228498277,
    102.64922467089));
#6967 = CARTESIAN_POINT('',(24.73884437898,-58.67725574786,
    103.48990225369));
#6968 = CARTESIAN_POINT('',(23.5563060392,-59.16673972014,
    104.32591340972));
#6969 = CARTESIAN_POINT('',(22.357898202243,-59.63018398067,
    105.15683945846));
#6970 = CARTESIAN_POINT('',(21.143921384592,-60.0670035671,
    105.98223766051));
#6971 = CARTESIAN_POINT('',(19.914692409608,-60.47658178578,
    106.80164125734));
#6972 = CARTESIAN_POINT('',(17.072995378549,-61.34837835205,
    108.658388056));
#6973 = CARTESIAN_POINT('',(15.450874061514,-61.79249421442,
    109.6915066457));
#6974 = CARTESIAN_POINT('',(13.804869700002,-62.18925333008,
    110.71288838429));
#6975 = CARTESIAN_POINT('',(12.135774370024,-62.53718111156,
    111.72139994002));
#6976 = CARTESIAN_POINT('',(10.444489708377,-62.83470728451,
    112.71580535732));
#6977 = CARTESIAN_POINT('',(8.732030469782,-63.08017343537,
    113.69476805205));
#6978 = CARTESIAN_POINT('',(4.683828979863,-63.52801074838,
    115.94278745351));
#6979 = CARTESIAN_POINT('',(2.332474064516,-63.68804438223,
    117.19848172811));
#6980 = CARTESIAN_POINT('',(-5.195225404765E-02,-63.74780134177,
    118.42057336716));
#6981 = CARTESIAN_POINT('',(-2.466090309129,-63.70279920168,
    119.60514132466));
#6982 = CARTESIAN_POINT('',(-4.905766608909,-63.5483692475,
    120.74776449745));
#6983 = CARTESIAN_POINT('',(-7.365952331321,-63.27981906532,
    121.84358226757));
#6984 = CARTESIAN_POINT('',(-11.78059573331,-62.58906560607,
    123.70552723894));
#6985 = CARTESIAN_POINT('',(-13.72931689422,-62.21263678543,
    124.49167340907));
#6986 = CARTESIAN_POINT('',(-15.68392434762,-61.76114658087,
    125.2432320335));
#6987 = CARTESIAN_POINT('',(-17.64092672521,-61.23254724401,
    125.95743355386));
#6988 = CARTESIAN_POINT('',(-19.5963014248,-60.6250164219,126.6313554926
    ));
#6989 = CARTESIAN_POINT('',(-21.54549534903,-59.93710984451,
    127.26199916602));
#6990 = CARTESIAN_POINT('',(-25.8500057746,-58.22867398391,
    128.56003644851));
#6991 = CARTESIAN_POINT('',(-28.20013238796,-57.16809197047,
    129.20480874847));
#6992 = CARTESIAN_POINT('',(-30.52389934048,-55.98481898254,
    129.77505573076));
#6993 = CARTESIAN_POINT('',(-32.81059495055,-54.67880324249,
    130.26539566578));
#6994 = CARTESIAN_POINT('',(-35.04884902751,-53.2517167344,
    130.67097945021));
#6995 = CARTESIAN_POINT('',(-37.22679830815,-51.70740108388,
    130.98779626527));
#6996 = CARTESIAN_POINT('',(-39.33242591823,-50.05275816259,
    131.21328860966));
#6997 = ORIENTED_EDGE('',*,*,#6998,.T.);
#6998 = EDGE_CURVE('',#6938,#6924,#6999,.T.);
#6999 = B_SPLINE_CURVE_WITH_KNOTS('',1,(#7000,#7001),.UNSPECIFIED.,.F.,
  .F.,(2,2),(0.,1.),.PIECEWISE_BEZIER_KNOTS.);
#7000 = CARTESIAN_POINT('',(65.863186195355,-17.64798755198,
    62.413097247569));
#7001 = CARTESIAN_POINT('',(7.199732959282,-1.929162632159,
    83.885411405693));
#7002 = B_SPLINE_SURFACE_WITH_KNOTS('',1,1,(
    (#7003,#7004)
    ,(#7005,#7006
    )),.UNSPECIFIED.,.F.,.F.,.F.,(2,2),(2,2),(0.,509.26257766593),(0.,
    509.26257766593),.PIECEWISE_BEZIER_KNOTS.);
#7003 = CARTESIAN_POINT('',(-207.8334079456,-207.8334079456,
    294.35410451494));
#7004 = CARTESIAN_POINT('',(-254.5591200493,254.70345761661,
    86.448527785605));
#7005 = CARTESIAN_POINT('',(254.70345761661,-254.5591200493,
    86.448527785605));
#7006 = CARTESIAN_POINT('',(207.97774551298,207.97774551298,
    -121.4570489437));
#7007 = ADVANCED_FACE('',(#7008),#7040,.F.);
#7008 = FACE_BOUND('',#7009,.F.);
#7009 = EDGE_LOOP('',(#7010,#7020,#7021,#7028,#7035));
#7010 = ORIENTED_EDGE('',*,*,#7011,.F.);
#7011 = EDGE_CURVE('',#6931,#7012,#7014,.T.);
#7012 = VERTEX_POINT('',#7013);
#7013 = CARTESIAN_POINT('',(16.646546404697,-61.44274425098,
    134.3041902183));
#7014 = B_SPLINE_CURVE_WITH_KNOTS('',4,(#7015,#7016,#7017,#7018,#7019),
  .UNSPECIFIED.,.F.,.F.,(5,5),(0.,1.),.PIECEWISE_BEZIER_KNOTS.);
#7015 = CARTESIAN_POINT('',(16.646546404697,-61.44274425098,
    54.691784865133));
#7016 = CARTESIAN_POINT('',(16.646546404697,-61.44274425098,
    74.594886353427));
#7017 = CARTESIAN_POINT('',(16.646546404697,-61.44274425098,
    94.49798784172));
#7018 = CARTESIAN_POINT('',(16.646546404697,-61.44274425098,
    114.40108933001));
#7019 = CARTESIAN_POINT('',(16.646546404697,-61.44274425098,
    134.3041908183));
#7020 = ORIENTED_EDGE('',*,*,#6930,.F.);
#7021 = ORIENTED_EDGE('',*,*,#7022,.F.);
#7022 = EDGE_CURVE('',#7023,#6922,#7025,.T.);
#7023 = VERTEX_POINT('',#7024);
#7024 = CARTESIAN_POINT('',(0.197168783649,-5.283121635133E-02,
    131.26534243145));
#7025 = B_SPLINE_CURVE_WITH_KNOTS('',1,(#7026,#7027),.UNSPECIFIED.,.F.,
  .F.,(2,2),(0.,1.),.PIECEWISE_BEZIER_KNOTS.);
#7026 = CARTESIAN_POINT('',(0.197168656854,-5.283074314625E-02,
    131.26534277786));
#7027 = CARTESIAN_POINT('',(11.133230695162,-40.86676990483,
    101.38746565447));
#7028 = ORIENTED_EDGE('',*,*,#7029,.F.);
#7029 = EDGE_CURVE('',#7030,#7023,#7032,.T.);
#7030 = VERTEX_POINT('',#7031);
#7031 = CARTESIAN_POINT('',(0.197168783649,-5.283121635134E-02,
    134.3041902183));
#7032 = B_SPLINE_CURVE_WITH_KNOTS('',1,(#7033,#7034),.UNSPECIFIED.,.F.,
  .F.,(2,2),(0.,1.),.PIECEWISE_BEZIER_KNOTS.);
#7033 = CARTESIAN_POINT('',(0.197168783649,-5.283121635131E-02,
    197.85970574904));
#7034 = CARTESIAN_POINT('',(0.197168783649,-5.283121635133E-02,
    67.773761090525));
#7035 = ORIENTED_EDGE('',*,*,#7036,.F.);
#7036 = EDGE_CURVE('',#7012,#7030,#7037,.T.);
#7037 = B_SPLINE_CURVE_WITH_KNOTS('',1,(#7038,#7039),.UNSPECIFIED.,.F.,
  .F.,(2,2),(0.,1.),.PIECEWISE_BEZIER_KNOTS.);
#7038 = CARTESIAN_POINT('',(17.240074754515,-63.65782220824,
    134.3041902183));
#7039 = CARTESIAN_POINT('',(-11.84461138784,44.887704197238,
    134.3041902183));
#7040 = B_SPLINE_SURFACE_WITH_KNOTS('',1,1,(
    (#7041,#7042)
    ,(#7043,#7044
    )),.UNSPECIFIED.,.F.,.F.,.F.,(2,2),(2,2),(0.,509.26257766593),(0.,
    509.26257766593),.PIECEWISE_BEZIER_KNOTS.);
#7041 = CARTESIAN_POINT('',(46.771513331092,-173.8706513966,
    398.16255531231));
#7042 = CARTESIAN_POINT('',(-80.54413108539,301.27780216406,
    266.35570125436));
#7043 = CARTESIAN_POINT('',(80.885637436337,-301.1862958131,
    -93.74732081775));
#7044 = CARTESIAN_POINT('',(-46.43000698014,173.96215774757,
    -225.5541748756));
#7045 = ADVANCED_FACE('',(#7046),#7072,.T.);
#7046 = FACE_BOUND('',#7047,.T.);
#7047 = EDGE_LOOP('',(#7048,#7049,#7058,#7067));
#7048 = ORIENTED_EDGE('',*,*,#7036,.F.);
#7049 = ORIENTED_EDGE('',*,*,#7050,.T.);
#7050 = EDGE_CURVE('',#7012,#7051,#7053,.T.);
#7051 = VERTEX_POINT('',#7052);
#7052 = CARTESIAN_POINT('',(63.657822208242,-1.55916696416E-14,
    134.3041902183));
#7053 = CIRCLE('',#7054,63.657822208242);
#7054 = AXIS2_PLACEMENT_3D('',#7055,#7056,#7057);
#7055 = CARTESIAN_POINT('',(0.,0.,134.3041902183));
#7056 = DIRECTION('',(0.,0.,1.));
#7057 = DIRECTION('',(1.,0.,-0.));
#7058 = ORIENTED_EDGE('',*,*,#7059,.T.);
#7059 = EDGE_CURVE('',#7051,#7060,#7062,.T.);
#7060 = VERTEX_POINT('',#7061);
#7061 = CARTESIAN_POINT('',(45.137704197238,44.887704197238,
    134.3041902183));
#7062 = CIRCLE('',#7063,63.657822208242);
#7063 = AXIS2_PLACEMENT_3D('',#7064,#7065,#7066);
#7064 = CARTESIAN_POINT('',(0.,0.,134.3041902183));
#7065 = DIRECTION('',(0.,0.,1.));
#7066 = DIRECTION('',(1.,0.,-0.));
#7067 = ORIENTED_EDGE('',*,*,#7068,.T.);
#7068 = EDGE_CURVE('',#7060,#7030,#7069,.T.);
#7069 = B_SPLINE_CURVE_WITH_KNOTS('',1,(#7070,#7071),.UNSPECIFIED.,.F.,
  .F.,(2,2),(0.,1.),.PIECEWISE_BEZIER_KNOTS.);
#7070 = CARTESIAN_POINT('',(63.657822208242,63.407822208242,
    134.3041902183));
#7071 = CARTESIAN_POINT('',(-63.40782220824,-63.65782220824,
    134.3041902183));
#7072 = PLANE('',#7073);
#7073 = AXIS2_PLACEMENT_3D('',#7074,#7075,#7076);
#7074 = CARTESIAN_POINT('',(0.,0.,134.3041902183));
#7075 = DIRECTION('',(0.,0.,1.));
#7076 = DIRECTION('',(1.,0.,-0.));
#7077 = ADVANCED_FACE('',(#7078),#7128,.F.);
#7078 = FACE_BOUND('',#7079,.F.);
#7079 = EDGE_LOOP('',(#7080,#7094,#7115,#7122,#7127));
#7080 = ORIENTED_EDGE('',*,*,#7081,.F.);
#7081 = EDGE_CURVE('',#7082,#6938,#7084,.T.);
#7082 = VERTEX_POINT('',#7083);
#7083 = CARTESIAN_POINT('',(63.657822208242,-1.55916696416E-14,
    74.870506530349));
#7084 = B_SPLINE_CURVE_WITH_KNOTS('',8,(#7085,#7086,#7087,#7088,#7089,
    #7090,#7091,#7092,#7093),.UNSPECIFIED.,.F.,.F.,(9,9),(0.,1.),
  .PIECEWISE_BEZIER_KNOTS.);
#7085 = CARTESIAN_POINT('',(63.657822208242,-1.7763568394E-14,
    74.870506530349));
#7086 = CARTESIAN_POINT('',(63.657822208242,-3.982628216634,
    72.150320871474));
#7087 = CARTESIAN_POINT('',(63.373061197784,-7.99472559497,
    69.462122282757));
#7088 = CARTESIAN_POINT('',(62.796168617488,-12.02558577615,
    66.81457224929));
#7089 = CARTESIAN_POINT('',(61.916831725908,-16.06080639775,
    64.219395130184));
#7090 = CARTESIAN_POINT('',(60.723391243199,-20.082338911,
    61.691052109863));
#7091 = CARTESIAN_POINT('',(59.203243224191,-24.0684497881,
    59.24669414588));
#7092 = CARTESIAN_POINT('',(57.343527775715,-27.99374099066,
    56.906021944882));
#7093 = CARTESIAN_POINT('',(55.129290581931,-31.82891214335,
    54.691784865133));
#7094 = ORIENTED_EDGE('',*,*,#7095,.F.);
#7095 = EDGE_CURVE('',#7096,#7082,#7098,.T.);
#7096 = VERTEX_POINT('',#7097);
#7097 = CARTESIAN_POINT('',(45.137704197238,44.887704197238,
    108.9187954924));
#7098 = B_SPLINE_CURVE_WITH_KNOTS('',8,(#7099,#7100,#7101,#7102,#7103,
    #7104,#7105,#7106,#7107,#7108,#7109,#7110,#7111,#7112,#7113,#7114),
  .UNSPECIFIED.,.F.,.F.,(9,7,9),(0.,0.664863399414,1.),.UNSPECIFIED.);
#7099 = CARTESIAN_POINT('',(45.137704197238,44.887704197238,
    108.9187954924));
#7100 = CARTESIAN_POINT('',(48.1827378025,41.825711417634,
    106.27013570337));
#7101 = CARTESIAN_POINT('',(50.940158403261,38.578148782731,
    103.54736617914));
#7102 = CARTESIAN_POINT('',(53.41333919268,35.169025816219,
    100.76626839218));
#7103 = CARTESIAN_POINT('',(55.603146667436,31.619311695497,
    97.941005977031));
#7104 = CARTESIAN_POINT('',(57.509843964023,27.947869467093,
    95.084414476862));
#7105 = CARTESIAN_POINT('',(59.132878269567,24.171390254445,
    92.207995312652));
#7106 = CARTESIAN_POINT('',(60.470801281643,20.304411382504,
    89.321942719808));
#7107 = CARTESIAN_POINT('',(62.048837234477,14.36994662726,
    84.979827289633));
#7108 = CARTESIAN_POINT('',(62.504216790502,12.36153453679,
    83.524716078274));
#7109 = CARTESIAN_POINT('',(62.885651788654,10.335313310138,
    82.070973794019));
#7110 = CARTESIAN_POINT('',(63.192529941873,8.293053134981,
    80.619921553846));
#7111 = CARTESIAN_POINT('',(63.424112384872,6.236551668487,
    79.172922402167));
#7112 = CARTESIAN_POINT('',(63.579539334147,4.167635433997,
    77.731381228925));
#7113 = CARTESIAN_POINT('',(63.657822208242,2.088158722656,
    76.29674546149));
#7114 = CARTESIAN_POINT('',(63.657822208242,1.293853018487E-15,
    74.870506530349));
#7115 = ORIENTED_EDGE('',*,*,#7116,.F.);
#7116 = EDGE_CURVE('',#7117,#7096,#7119,.T.);
#7117 = VERTEX_POINT('',#7118);
#7118 = CARTESIAN_POINT('',(30.075045214212,29.825045214212,
    101.38746600088));
#7119 = B_SPLINE_CURVE_WITH_KNOTS('',1,(#7120,#7121),.UNSPECIFIED.,.F.,
  .F.,(2,2),(0.,1.),.PIECEWISE_BEZIER_KNOTS.);
#7120 = CARTESIAN_POINT('',(3.461013878281,3.211013878281,
    88.080450332921));
#7121 = CARTESIAN_POINT('',(58.399231580298,58.149231580298,
    115.54955918393));
#7122 = ORIENTED_EDGE('',*,*,#7123,.F.);
#7123 = EDGE_CURVE('',#6924,#7117,#7124,.T.);
#7124 = B_SPLINE_CURVE_WITH_KNOTS('',1,(#7125,#7126),.UNSPECIFIED.,.F.,
  .F.,(2,2),(0.,1.),.PIECEWISE_BEZIER_KNOTS.);
#7125 = CARTESIAN_POINT('',(41.01110725252,-10.98889394748,
    71.509588877503));
#7126 = CARTESIAN_POINT('',(30.075044960622,29.825046160622,
    101.3874666937));
#7127 = ORIENTED_EDGE('',*,*,#6998,.F.);
#7128 = B_SPLINE_SURFACE_WITH_KNOTS('',1,1,(
    (#7129,#7130)
    ,(#7131,#7132
    )),.UNSPECIFIED.,.F.,.F.,.F.,(2,2),(2,2),(0.,509.26257766593),(0.,
    509.26257766593),.PIECEWISE_BEZIER_KNOTS.);
#7129 = CARTESIAN_POINT('',(-263.1562720447,-222.815618353,
    -17.50426057906));
#7130 = CARTESIAN_POINT('',(-239.7934159929,199.25559351759,
    266.50003882166));
#7131 = CARTESIAN_POINT('',(239.84624720925,-199.4527623012,
    -93.60298325045));
#7132 = CARTESIAN_POINT('',(263.20910326106,222.6184495694,
    190.40131615027));
#7133 = ADVANCED_FACE('',(#7134),#7144,.F.);
#7134 = FACE_BOUND('',#7135,.F.);
#7135 = EDGE_LOOP('',(#7136,#7141,#7142,#7143));
#7136 = ORIENTED_EDGE('',*,*,#7137,.T.);
#7137 = EDGE_CURVE('',#7117,#7023,#7138,.T.);
#7138 = B_SPLINE_CURVE_WITH_KNOTS('',1,(#7139,#7140),.UNSPECIFIED.,.F.,
  .F.,(2,2),(0.,1.),.PIECEWISE_BEZIER_KNOTS.);
#7139 = CARTESIAN_POINT('',(30.219382781509,29.969382781509,
    101.24312843358));
#7140 = CARTESIAN_POINT('',(5.283121635131E-02,-0.197168783649,
    131.40967999874));
#7141 = ORIENTED_EDGE('',*,*,#7022,.T.);
#7142 = ORIENTED_EDGE('',*,*,#6921,.T.);
#7143 = ORIENTED_EDGE('',*,*,#7123,.T.);
#7144 = B_SPLINE_SURFACE_WITH_KNOTS('',1,1,(
    (#7145,#7146)
    ,(#7147,#7148
    )),.UNSPECIFIED.,.F.,.F.,.F.,(2,2),(2,2),(0.,52.25),(-52.25,0.),
  .PIECEWISE_BEZIER_KNOTS.);
#7145 = CARTESIAN_POINT('',(30.166551565158,30.166551565158,
    101.38746600088));
#7146 = CARTESIAN_POINT('',(41.208275782579,-11.04172421742,
    71.220914435729));
#7147 = CARTESIAN_POINT('',(4.996003610813E-16,4.996003610813E-16,
    131.55401756604));
#7148 = CARTESIAN_POINT('',(11.041724217421,-41.20827578257,
    101.38746600088));
#7149 = ADVANCED_FACE('',(#7150),#7164,.F.);
#7150 = FACE_BOUND('',#7151,.F.);
#7151 = EDGE_LOOP('',(#7152,#7160,#7161,#7162,#7163));
#7152 = ORIENTED_EDGE('',*,*,#7153,.T.);
#7153 = EDGE_CURVE('',#7096,#7060,#7154,.T.);
#7154 = B_SPLINE_CURVE_WITH_KNOTS('',4,(#7155,#7156,#7157,#7158,#7159),
  .UNSPECIFIED.,.F.,.F.,(5,5),(0.,1.),.PIECEWISE_BEZIER_KNOTS.);
#7155 = CARTESIAN_POINT('',(45.137704197238,44.887704197238,
    38.304189618308));
#7156 = CARTESIAN_POINT('',(45.137704197238,44.887704197238,
    62.304189918308));
#7157 = CARTESIAN_POINT('',(45.137704197238,44.887704197238,
    86.304190218308));
#7158 = CARTESIAN_POINT('',(45.137704197238,44.887704197238,
    110.3041905183));
#7159 = CARTESIAN_POINT('',(45.137704197238,44.887704197238,
    134.3041908183));
#7160 = ORIENTED_EDGE('',*,*,#7068,.T.);
#7161 = ORIENTED_EDGE('',*,*,#7029,.T.);
#7162 = ORIENTED_EDGE('',*,*,#7137,.F.);
#7163 = ORIENTED_EDGE('',*,*,#7116,.T.);
#7164 = B_SPLINE_SURFACE_WITH_KNOTS('',1,1,(
    (#7165,#7166)
    ,(#7167,#7168
    )),.UNSPECIFIED.,.F.,.F.,.F.,(2,2),(2,2),(0.,509.26257766593),(0.,
    509.26257766593),.PIECEWISE_BEZIER_KNOTS.);
#7165 = CARTESIAN_POINT('',(-254.5062888329,-254.7562888329,
    86.304190218308));
#7166 = CARTESIAN_POINT('',(0.125,-0.125,446.40721229043));
#7167 = CARTESIAN_POINT('',(0.125,-0.125,-273.7988318538));
#7168 = CARTESIAN_POINT('',(254.75628883296,254.50628883296,
    86.304190218308));
#7169 = ADVANCED_FACE('',(#7170),#7179,.T.);
#7170 = FACE_BOUND('',#7171,.T.);
#7171 = EDGE_LOOP('',(#7172,#7173,#7174,#7175,#7176,#7177,#7178));
#7172 = ORIENTED_EDGE('',*,*,#7095,.F.);
#7173 = ORIENTED_EDGE('',*,*,#7153,.T.);
#7174 = ORIENTED_EDGE('',*,*,#7059,.F.);
#7175 = ORIENTED_EDGE('',*,*,#7050,.F.);
#7176 = ORIENTED_EDGE('',*,*,#7011,.F.);
#7177 = ORIENTED_EDGE('',*,*,#6937,.F.);
#7178 = ORIENTED_EDGE('',*,*,#7081,.F.);
#7179 = CYLINDRICAL_SURFACE('',#7180,63.657822208242);
#7180 = AXIS2_PLACEMENT_3D('',#7181,#7182,#7183);
#7181 = CARTESIAN_POINT('',(0.,0.,38.304190218308));
#7182 = DIRECTION('',(0.,0.,1.));
#7183 = DIRECTION('',(1.,0.,-0.));
#7184 = MANIFOLD_SOLID_BREP('',#7185);
#7185 = CLOSED_SHELL('',(#7186,#7421,#7456,#7471,#7494,#7516,#7532));
#7186 = ADVANCED_FACE('',(#7187),#7416,.T.);
#7187 = FACE_BOUND('',#7188,.T.);
#7188 = EDGE_LOOP('',(#7189,#7203,#7246,#7397,#7409));
#7189 = ORIENTED_EDGE('',*,*,#7190,.F.);
#7190 = EDGE_CURVE('',#7191,#7193,#7195,.T.);
#7191 = VERTEX_POINT('',#7192);
#7192 = CARTESIAN_POINT('',(-45.13770419723,-44.88770419723,
    63.689584944216));
#7193 = VERTEX_POINT('',#7194);
#7194 = CARTESIAN_POINT('',(-45.13770419723,-44.88770419723,
    38.304190218308));
#7195 = B_SPLINE_CURVE_WITH_KNOTS('',6,(#7196,#7197,#7198,#7199,#7200,
    #7201,#7202),.UNSPECIFIED.,.F.,.F.,(7,7),(0.,1.),
  .PIECEWISE_BEZIER_KNOTS.);
#7196 = CARTESIAN_POINT('',(-45.13770419723,-44.88770419723,131.10153118
    ));
#7197 = CARTESIAN_POINT('',(-45.13770419723,-44.88770419723,
    119.66555074635));
#7198 = CARTESIAN_POINT('',(-45.13770419723,-44.88770419723,
    103.81489798995));
#7199 = CARTESIAN_POINT('',(-45.13770419723,-44.88770419723,
    84.573383582953));
#7200 = CARTESIAN_POINT('',(-45.13770419723,-44.88770419723,
    63.966956322429));
#7201 = CARTESIAN_POINT('',(-45.13770419723,-44.88770419723,
    46.111718209516));
#7202 = CARTESIAN_POINT('',(-45.13770419723,-44.88770419723,
    38.304189618308));
#7203 = ORIENTED_EDGE('',*,*,#7204,.F.);
#7204 = EDGE_CURVE('',#7205,#7191,#7207,.T.);
#7205 = VERTEX_POINT('',#7206);
#7206 = CARTESIAN_POINT('',(-61.48873451472,16.475856756831,
    108.5941227463));
#7207 = B_SPLINE_CURVE_WITH_KNOTS('',7,(#7208,#7209,#7210,#7211,#7212,
    #7213,#7214,#7215,#7216,#7217,#7218,#7219,#7220,#7221,#7222,#7223,
    #7224,#7225,#7226,#7227,#7228,#7229,#7230,#7231,#7232,#7233,#7234,
    #7235,#7236,#7237,#7238,#7239,#7240,#7241,#7242,#7243,#7244,#7245),
  .UNSPECIFIED.,.F.,.F.,(8,6,6,6,6,6,8),(0.,0.173187488375,
    0.300608839335,0.395246370126,0.644340943055,0.897723979452,1.),
  .UNSPECIFIED.);
#7208 = CARTESIAN_POINT('',(-47.93512791562,41.887251521303,
    123.46994597915));
#7209 = CARTESIAN_POINT('',(-49.7042157064,39.862734598728,
    122.41094074231));
#7210 = CARTESIAN_POINT('',(-51.34884240694,37.779320582487,
    121.28893008199));
#7211 = CARTESIAN_POINT('',(-52.86959668012,35.646461695391,
    120.1104777192));
#7212 = CARTESIAN_POINT('',(-54.26799205874,33.472709492573,
    118.88170147047));
#7213 = CARTESIAN_POINT('',(-55.54619581704,31.265627063641,
    117.60816366076));
#7214 = CARTESIAN_POINT('',(-56.7067758919,29.031709761933,
    116.29477066398));
#7215 = CARTESIAN_POINT('',(-58.52182413055,25.116924865819,
    113.95309973698));
#7216 = CARTESIAN_POINT('',(-59.22894372189,23.446009116838,
    112.9412549236));
#7217 = CARTESIAN_POINT('',(-59.87489921235,21.765759928143,
    111.91184144499));
#7218 = CARTESIAN_POINT('',(-60.46075138136,20.078193362744,
    110.8664304339));
#7219 = CARTESIAN_POINT('',(-60.98754448669,18.385148752541,
    109.8064692898));
#7220 = CARTESIAN_POINT('',(-61.45629446621,16.688287570631,
    108.73327874947));
#7221 = CARTESIAN_POINT('',(-62.17372350569,13.727075570459,
    106.84203196729));
#7222 = CARTESIAN_POINT('',(-62.44799010468,12.463789634982,
    106.02938589856));
#7223 = CARTESIAN_POINT('',(-62.69116265432,11.199850597145,
    105.21060314663));
#7224 = CARTESIAN_POINT('',(-62.90361778428,9.935844752958,
    104.38615308715));
#7225 = CARTESIAN_POINT('',(-63.08571350423,8.672327589296,
    103.55648064503));
#7226 = CARTESIAN_POINT('',(-63.23778875351,7.409823826507,
    102.72200624112));
#7227 = CARTESIAN_POINT('',(-63.68226294804,2.829770544547,
    99.67511609746));
#7228 = CARTESIAN_POINT('',(-63.79856038828,-0.478470517755,
    97.436829339745));
#7229 = CARTESIAN_POINT('',(-63.71500064869,-3.767387699683,
    95.175164635315));
#7230 = CARTESIAN_POINT('',(-63.43625907522,-7.028800645524,
    92.896564918684));
#7231 = CARTESIAN_POINT('',(-62.96619534063,-10.25491423339,
    90.607060726306));
#7232 = CARTESIAN_POINT('',(-62.3078105581,-13.43830808207,
    88.312269514592));
#7233 = CARTESIAN_POINT('',(-60.6034975141,-19.75938435483,
    83.682983195611));
#7234 = CARTESIAN_POINT('',(-59.5512700399,-22.89467756692,
    81.34896711454));
#7235 = CARTESIAN_POINT('',(-58.30828828013,-25.97035071694,
    79.020761835955));
#7236 = CARTESIAN_POINT('',(-56.87566613822,-28.9780431576,
    76.704281646608));
#7237 = CARTESIAN_POINT('',(-55.25393641311,-31.90855241875,
    74.405909459503));
#7238 = CARTESIAN_POINT('',(-53.44310899725,-34.75185356153,
    72.132494245641));
#7239 = CARTESIAN_POINT('',(-50.63455944052,-38.60491826575,
    68.986801868676));
#7240 = CARTESIAN_POINT('',(-49.79598082756,-39.6968756271,
    68.087510583238));
#7241 = CARTESIAN_POINT('',(-48.9264308386,-40.7720233034,
    67.194032371008));
#7242 = CARTESIAN_POINT('',(-48.02586836998,-41.82955906036,
    66.306907645693));
#7243 = CARTESIAN_POINT('',(-47.09425261301,-42.8686292941,
    65.426711961081));
#7244 = CARTESIAN_POINT('',(-46.13154384093,-43.8883294095,
    64.55405589663));
#7245 = CARTESIAN_POINT('',(-45.1377041959,-44.88770419858,
    63.689584943052));
#7246 = ORIENTED_EDGE('',*,*,#7247,.F.);
#7247 = EDGE_CURVE('',#7248,#7205,#7250,.T.);
#7248 = VERTEX_POINT('',#7249);
#7249 = CARTESIAN_POINT('',(-16.64654640428,61.442744249441,
    63.689584944782));
#7250 = B_SPLINE_CURVE_WITH_KNOTS('',7,(#7251,#7252,#7253,#7254,#7255,
    #7256,#7257,#7258,#7259,#7260,#7261,#7262,#7263,#7264,#7265,#7266,
    #7267,#7268,#7269,#7270,#7271,#7272,#7273,#7274,#7275,#7276,#7277,
    #7278,#7279,#7280,#7281,#7282,#7283,#7284,#7285,#7286,#7287,#7288,
    #7289,#7290,#7291,#7292,#7293,#7294,#7295,#7296,#7297,#7298,#7299,
    #7300,#7301,#7302,#7303,#7304,#7305,#7306,#7307,#7308,#7309,#7310,
    #7311,#7312,#7313,#7314,#7315,#7316,#7317,#7318,#7319,#7320,#7321,
    #7322,#7323,#7324,#7325,#7326,#7327,#7328,#7329,#7330,#7331,#7332,
    #7333,#7334,#7335,#7336,#7337,#7338,#7339,#7340,#7341,#7342,#7343,
    #7344,#7345,#7346,#7347,#7348,#7349,#7350,#7351,#7352,#7353,#7354,
    #7355,#7356,#7357,#7358,#7359,#7360,#7361,#7362,#7363,#7364,#7365,
    #7366,#7367,#7368,#7369,#7370,#7371,#7372,#7373,#7374,#7375,#7376,
    #7377,#7378,#7379,#7380,#7381,#7382,#7383,#7384,#7385,#7386,#7387,
    #7388,#7389,#7390,#7391,#7392,#7393,#7394,#7395,#7396),
  .UNSPECIFIED.,.F.,.F.,(8,6,6,6,6,6,6,6,6,6,6,6,6,6,6,6,6,6,6,6,6,6,6,6
    ,8),(0.,5.821445886485E-02,7.81375183413E-02,0.114909923347,
    0.162104343727,0.198251314437,0.225338324713,0.295373608143,
    0.365637156616,0.392759774617,0.428928965002,0.475403483261,
    0.512114124846,0.531952801702,0.572301198609,0.612934928636,
    0.632828873294,0.669584897992,0.715964072871,0.752092023215,
    0.779158944318,0.849109722217,0.928217589479,0.958926118104,1.),
  .UNSPECIFIED.);
#7251 = CARTESIAN_POINT('',(50.052758162592,39.332425918232,
    41.39509182695));
#7252 = CARTESIAN_POINT('',(47.899782863225,42.072209937994,
    41.101687466752));
#7253 = CARTESIAN_POINT('',(45.558232716672,44.691821577618,
    40.962656720217));
#7254 = CARTESIAN_POINT('',(43.044850548756,47.161763451729,
    40.984376867118));
#7255 = CARTESIAN_POINT('',(40.380720808399,49.45978210186,
    41.167432412234));
#7256 = CARTESIAN_POINT('',(37.589878057205,51.569255454452,
    41.508117111533));
#7257 = CARTESIAN_POINT('',(34.698910231505,53.478770643539,
    41.99884342984));
#7258 = CARTESIAN_POINT('',(30.723297475261,55.765264741156,
    42.843402759153));
#7259 = CARTESIAN_POINT('',(29.701020175067,56.324296573109,
    43.075025493273));
#7260 = CARTESIAN_POINT('',(28.67115425776,56.859183120016,
    43.322515178473));
#7261 = CARTESIAN_POINT('',(27.634675527258,57.369831388643,
    43.585430409411));
#7262 = CARTESIAN_POINT('',(26.592523147035,57.856224425026,
    43.863310081331));
#7263 = CARTESIAN_POINT('',(25.545596777177,58.318410474658,
    44.155680241444));
#7264 = CARTESIAN_POINT('',(22.55519082168,59.565068583506,
    45.027554164769));
#7265 = CARTESIAN_POINT('',(20.602318246777,60.291515297189,
    45.640767095378));
#7266 = CARTESIAN_POINT('',(18.641445542006,60.936522566842,
    46.298699812938));
#7267 = CARTESIAN_POINT('',(16.677346175927,61.50141508913,
    46.998303234833));
#7268 = CARTESIAN_POINT('',(14.714250916182,61.987941855166,
    47.736587481687));
#7269 = CARTESIAN_POINT('',(12.755843853007,62.398112332765,
    48.510705774475));
#7270 = CARTESIAN_POINT('',(8.301845135289,63.165265046462,
    50.354128776486));
#7271 = CARTESIAN_POINT('',(5.811530622057,63.47418749234,
    51.444824810163));
#7272 = CARTESIAN_POINT('',(3.34066896356,63.6654792101,52.584609780531)
  );
#7273 = CARTESIAN_POINT('',(0.894651915081,63.74396586729,
    53.768374976176));
#7274 = CARTESIAN_POINT('',(-1.522044117059,63.714479859392,
    54.991465996196));
#7275 = CARTESIAN_POINT('',(-3.905813971254,63.581680461621,
    56.249750622178));
#7276 = CARTESIAN_POINT('',(-8.052301543735,63.172340537682,
    58.527664370388));
#7277 = CARTESIAN_POINT('',(-9.829690856608,62.936732744429,
    59.534162923451));
#7278 = CARTESIAN_POINT('',(-11.58475994762,62.645008022508,
    60.557559829921));
#7279 = CARTESIAN_POINT('',(-13.31635623047,62.29901961737,
    61.596352173913));
#7280 = CARTESIAN_POINT('',(-15.02346144377,61.900521159694,
    62.649154009404));
#7281 = CARTESIAN_POINT('',(-16.70518720624,61.451157084649,
    63.714698928158));
#7282 = CARTESIAN_POINT('',(-19.60138855853,60.578731403593,
    65.599012444832));
#7283 = CARTESIAN_POINT('',(-20.82731124153,60.177312267527,
    66.412683354365));
#7284 = CARTESIAN_POINT('',(-22.03820354919,59.748830193193,
    67.23237054536));
#7285 = CARTESIAN_POINT('',(-23.23375073354,59.293896810421,
    68.057610828924));
#7286 = CARTESIAN_POINT('',(-24.41365462352,58.813092522175,
    68.887964918036));
#7287 = CARTESIAN_POINT('',(-25.57763338269,58.306966171156,
    69.72301747313));
#7288 = CARTESIAN_POINT('',(-29.69310389346,56.403275762646,
    72.732597932769));
#7289 = CARTESIAN_POINT('',(-32.55224667908,54.864829610241,
    74.931392401787));
#7290 = CARTESIAN_POINT('',(-35.29868771708,53.169500428399,
    77.1522775117));
#7291 = CARTESIAN_POINT('',(-37.92794326467,51.32493588914,
    79.389187555136));
#7292 = CARTESIAN_POINT('',(-40.4354525568,49.33794875705,
    81.636435767234));
#7293 = CARTESIAN_POINT('',(-42.81655041751,47.214488499607,
    83.888714826317));
#7294 = CARTESIAN_POINT('',(-47.32332717602,42.69700069055,88.4008471101
    ));
#7295 = CARTESIAN_POINT('',(-49.44773201837,40.30253111693,
    90.66028431808));
#7296 = CARTESIAN_POINT('',(-51.43456228521,37.781004339745,
    92.9144628401));
#7297 = CARTESIAN_POINT('',(-53.27778641643,35.137118167607,
    95.15801799177));
#7298 = CARTESIAN_POINT('',(-54.97049247084,32.375472906501,
    97.385193649534));
#7299 = CARTESIAN_POINT('',(-56.50491803292,29.500599950589,
    99.58984290853));
#7300 = CARTESIAN_POINT('',(-58.39987785984,25.364893221338,
    102.60517618661));
#7301 = CARTESIAN_POINT('',(-58.90269709912,24.196876680523,
    103.44059407666));
#7302 = CARTESIAN_POINT('',(-59.38005618397,23.012929849427,
    104.27124703463));
#7303 = CARTESIAN_POINT('',(-59.83140091408,21.813337012029,
    105.09671581839));
#7304 = CARTESIAN_POINT('',(-60.25614522428,20.598399298872,
    105.91655683006));
#7305 = CARTESIAN_POINT('',(-60.65367154154,19.368434942761,
    106.73030216675));
#7306 = CARTESIAN_POINT('',(-61.51628829217,16.463977430356,
    108.61383929826));
#7307 = CARTESIAN_POINT('',(-61.95967969466,14.778080206727,
    109.67848361132));
#7308 = CARTESIAN_POINT('',(-62.35197618449,13.066861940419,
    110.7302409894));
#7309 = CARTESIAN_POINT('',(-62.69152123117,11.331221201142,
    111.76783388237));
#7310 = CARTESIAN_POINT('',(-62.97654886665,9.572189106763,
    112.7898637473));
#7311 = CARTESIAN_POINT('',(-63.20519363478,7.790933899079,
    113.79481373521));
#7312 = CARTESIAN_POINT('',(-63.59431307053,3.673115267909,
    116.04828276867));
#7313 = CARTESIAN_POINT('',(-63.7167890501,1.323089631819,117.2845335765
    ));
#7314 = CARTESIAN_POINT('',(-63.73878718105,-1.058636132624,
    118.4863955242));
#7315 = CARTESIAN_POINT('',(-63.65584907417,-3.468590827135,
    119.64990381801));
#7316 = CARTESIAN_POINT('',(-63.46335631966,-5.902469847627,
    120.770596951));
#7317 = CARTESIAN_POINT('',(-63.15670293583,-8.355093868057,
    121.8435822693));
#7318 = CARTESIAN_POINT('',(-62.39558400411,-12.76770877617,
    123.6693302575));
#7319 = CARTESIAN_POINT('',(-61.98572743384,-14.72283079609,
    124.44196298233));
#7320 = CARTESIAN_POINT('',(-61.49976456743,-16.68261078023,
    125.17887154119));
#7321 = CARTESIAN_POINT('',(-60.93569684864,-18.64338186818,
    125.87722322577));
#7322 = CARTESIAN_POINT('',(-60.29178474145,-20.60093411501,
    126.53404329559));
#7323 = CARTESIAN_POINT('',(-59.56671022117,-22.55051844681,
    127.14629820135));
#7324 = CARTESIAN_POINT('',(-58.32371738508,-25.53326152445,
    128.01617332213));
#7325 = CARTESIAN_POINT('',(-57.8637500318,-26.57579076611,
    128.30745426632));
#7326 = CARTESIAN_POINT('',(-57.37978148498,-27.61359479295,
    128.58437200633));
#7327 = CARTESIAN_POINT('',(-56.87176359747,-28.64578574904,
    128.84645854061));
#7328 = CARTESIAN_POINT('',(-56.33971226301,-29.67143687655,
    129.09325843714));
#7329 = CARTESIAN_POINT('',(-55.78371802908,-30.68958531137,
    129.32433553759));
#7330 = CARTESIAN_POINT('',(-54.02482364558,-33.75268540748,
    129.97643839389));
#7331 = CARTESIAN_POINT('',(-52.7471658473,-35.77135502555,
    130.34694430379));
#7332 = CARTESIAN_POINT('',(-51.3727012222,-37.74631684763,
    130.64719290227));
#7333 = CARTESIAN_POINT('',(-49.90439143478,-39.66882196869,
    130.8742905691));
#7334 = CARTESIAN_POINT('',(-48.3465275809,-41.53035414483,
    131.02612473022));
#7335 = CARTESIAN_POINT('',(-46.70493151773,-43.32276190755,131.10153058
    ));
#7336 = CARTESIAN_POINT('',(-43.25746735681,-46.76630733326,
    131.09957121239));
#7337 = CARTESIAN_POINT('',(-41.45002258413,-48.41685280995,
    131.0211215644));
#7338 = CARTESIAN_POINT('',(-39.57270098769,-49.98228593336,
    130.86517732789));
#7339 = CARTESIAN_POINT('',(-37.63384671947,-51.45669794566,
    130.63295619993));
#7340 = CARTESIAN_POINT('',(-35.64216744825,-52.83575752812,
    130.32664635555));
#7341 = CARTESIAN_POINT('',(-33.60659672723,-54.11649941279,
    129.94923193737));
#7342 = CARTESIAN_POINT('',(-30.52260553275,-55.87531210317,
    129.28664268532));
#7343 = CARTESIAN_POINT('',(-29.5005426965,-56.42947084369,
    129.05269063746));
#7344 = CARTESIAN_POINT('',(-28.47105038076,-56.959540621,
    128.80297936824));
#7345 = CARTESIAN_POINT('',(-27.43509631801,-57.46543741594,
    128.53795073434));
#7346 = CARTESIAN_POINT('',(-26.39361121099,-57.94715205599,
    128.25806550085));
#7347 = CARTESIAN_POINT('',(-25.34748595179,-58.40473946307,
    127.96379657479));
#7348 = CARTESIAN_POINT('',(-22.35774343568,-59.63936835015,
    127.08623976028));
#7349 = CARTESIAN_POINT('',(-20.40500843247,-60.35842314853,
    126.46939965786));
#7350 = CARTESIAN_POINT('',(-18.44463283716,-60.99620011663,
    125.80810034426));
#7351 = CARTESIAN_POINT('',(-16.48135034063,-61.5540497602,
    125.10538391778));
#7352 = CARTESIAN_POINT('',(-14.51935360376,-62.0337380126,
    124.36422967554));
#7353 = CARTESIAN_POINT('',(-12.56229095506,-62.43728441518,
    123.58747155248));
#7354 = CARTESIAN_POINT('',(-8.153962757069,-63.1826900036,
    121.7560102477));
#7355 = CARTESIAN_POINT('',(-5.707637142313,-63.48070627005,
    120.68185557354));
#7356 = CARTESIAN_POINT('',(-3.280288897265,-63.66529562243,
    119.56047612721));
#7357 = CARTESIAN_POINT('',(-0.877017879951,-63.74103767531,
    118.39671164499));
#7358 = CARTESIAN_POINT('',(1.497935697583,-63.71251699215,
    117.19497451464));
#7359 = CARTESIAN_POINT('',(3.841150671544,-63.58415546563,
    115.9591862644));
#7360 = CARTESIAN_POINT('',(7.948494962078,-63.18547990701,
    113.70617633982));
#7361 = CARTESIAN_POINT('',(9.726050511582,-62.95282165925,
    112.70106944119));
#7362 = CARTESIAN_POINT('',(11.481358918507,-62.6640272624,
    111.67901803931));
#7363 = CARTESIAN_POINT('',(13.213264029764,-62.32095055353,
    110.64152712924));
#7364 = CARTESIAN_POINT('',(14.920744734549,-61.92534610458,
    109.58998455237));
#7365 = CARTESIAN_POINT('',(16.602910483812,-61.47885952961,
    108.52565839026));
#7366 = CARTESIAN_POINT('',(19.499724215815,-60.61152118829,
    106.6435823536));
#7367 = CARTESIAN_POINT('',(20.725797965448,-60.2123304666,
    105.83095011794));
#7368 = CARTESIAN_POINT('',(21.936882582695,-59.78608034929,
    105.01228275066));
#7369 = CARTESIAN_POINT('',(23.132663040278,-59.33338265175,
    104.18804367309));
#7370 = CARTESIAN_POINT('',(24.312841034823,-58.85481800232,
    103.35867235111));
#7371 = CARTESIAN_POINT('',(25.47713474034,-58.35093550063,
    102.52458424751));
#7372 = CARTESIAN_POINT('',(29.592500180148,-56.45594271298,
    99.51940513378));
#7373 = CARTESIAN_POINT('',(32.451557053413,-54.92412920162,
    97.323969941467));
#7374 = CARTESIAN_POINT('',(35.198295043888,-53.23560954985,
    95.10634112034));
#7375 = CARTESIAN_POINT('',(37.828245100495,-51.3980265679,
    92.872574601066));
#7376 = CARTESIAN_POINT('',(40.336866578526,-49.41818851982,
    90.628344838008));
#7377 = CARTESIAN_POINT('',(42.719519771892,-47.30204054406,
    88.378944253446));
#7378 = CARTESIAN_POINT('',(47.517797511869,-42.51262052372,
    83.585095373291));
#7379 = CARTESIAN_POINT('',(49.896257453639,-39.80332984907,
    81.041220065086));
#7380 = CARTESIAN_POINT('',(52.099820973624,-36.93359845868,
    78.504572609869));
#7381 = CARTESIAN_POINT('',(54.11973976405,-33.91000949858,
    75.982818734645));
#7382 = CARTESIAN_POINT('',(55.94580621673,-30.73910100381,
    73.484331260898));
#7383 = CARTESIAN_POINT('',(57.566442026483,-27.42744187063,
    71.018183789439));
#7384 = CARTESIAN_POINT('',(59.51205544188,-22.64330654579,
    67.65330941932));
#7385 = CARTESIAN_POINT('',(60.023067597535,-21.28529168127,
    66.718795909233));
#7386 = CARTESIAN_POINT('',(60.500219762548,-19.90747999501,
    65.791313983594));
#7387 = CARTESIAN_POINT('',(60.942645048984,-18.51031460098,
    64.871518643361));
#7388 = CARTESIAN_POINT('',(61.349421242716,-17.09427713914,
    63.960111815577));
#7389 = CARTESIAN_POINT('',(61.719572194103,-15.6598886442,
    63.057842092413));
#7390 = CARTESIAN_POINT('',(62.496797227841,-12.26536410945,
    60.971967308168));
#7391 = CARTESIAN_POINT('',(62.874145969663,-10.29125910009,
    59.79624043258));
#7392 = CARTESIAN_POINT('',(63.181672327967,-8.28668888171,
    58.640192144233));
#7393 = CARTESIAN_POINT('',(63.416710077589,-6.253233096404,
    57.505945376769));
#7394 = CARTESIAN_POINT('',(63.576419450615,-4.192776416827,
    56.395862350467));
#7395 = CARTESIAN_POINT('',(63.657822208242,-2.107522069833,
    55.312533798157));
#7396 = CARTESIAN_POINT('',(63.657822208242,-2.13162820728E-14,
    54.258772763241));
#7397 = ORIENTED_EDGE('',*,*,#7398,.T.);
#7398 = EDGE_CURVE('',#7248,#7399,#7401,.T.);
#7399 = VERTEX_POINT('',#7400);
#7400 = CARTESIAN_POINT('',(-16.64654640469,61.442744250989,
    38.304190218308));
#7401 = B_SPLINE_CURVE_WITH_KNOTS('',6,(#7402,#7403,#7404,#7405,#7406,
    #7407,#7408),.UNSPECIFIED.,.F.,.F.,(7,7),(0.,1.),
  .PIECEWISE_BEZIER_KNOTS.);
#7402 = CARTESIAN_POINT('',(-16.64654640469,61.442744250989,
    108.5941233463));
#7403 = CARTESIAN_POINT('',(-16.64654640469,61.442744250989,
    96.004134351161));
#7404 = CARTESIAN_POINT('',(-16.64654640469,61.442744250989,
    85.316583056903));
#7405 = CARTESIAN_POINT('',(-16.64654640469,61.442744250988,
    72.592486041223));
#7406 = CARTESIAN_POINT('',(-16.64654640469,61.442744250989,
    57.232096984363));
#7407 = CARTESIAN_POINT('',(-16.64654640469,61.442744250989,
    42.874347354656));
#7408 = CARTESIAN_POINT('',(-16.64654640469,61.442744250989,
    38.304189618308));
#7409 = ORIENTED_EDGE('',*,*,#7410,.T.);
#7410 = EDGE_CURVE('',#7399,#7193,#7411,.T.);
#7411 = CIRCLE('',#7412,63.657822208242);
#7412 = AXIS2_PLACEMENT_3D('',#7413,#7414,#7415);
#7413 = CARTESIAN_POINT('',(0.,0.,38.304190218308));
#7414 = DIRECTION('',(0.,0.,1.));
#7415 = DIRECTION('',(1.,0.,-0.));
#7416 = CYLINDRICAL_SURFACE('',#7417,63.657822208242);
#7417 = AXIS2_PLACEMENT_3D('',#7418,#7419,#7420);
#7418 = CARTESIAN_POINT('',(0.,0.,38.304190218308));
#7419 = DIRECTION('',(0.,0.,1.));
#7420 = DIRECTION('',(1.,0.,-0.));
#7421 = ADVANCED_FACE('',(#7422),#7451,.F.);
#7422 = FACE_BOUND('',#7423,.F.);
#7423 = EDGE_LOOP('',(#7424,#7425,#7432,#7439,#7446));
#7424 = ORIENTED_EDGE('',*,*,#7190,.F.);
#7425 = ORIENTED_EDGE('',*,*,#7426,.T.);
#7426 = EDGE_CURVE('',#7191,#7427,#7429,.T.);
#7427 = VERTEX_POINT('',#7428);
#7428 = CARTESIAN_POINT('',(-30.07504521421,-29.82504521421,
    71.220914435729));
#7429 = B_SPLINE_CURVE_WITH_KNOTS('',1,(#7430,#7431),.UNSPECIFIED.,.F.,
  .F.,(2,2),(0.,1.),.PIECEWISE_BEZIER_KNOTS.);
#7430 = CARTESIAN_POINT('',(-58.39923158029,-58.14923158029,
    57.058821252685));
#7431 = CARTESIAN_POINT('',(9.558674067174,9.808674067174,
    91.037774076422));
#7432 = ORIENTED_EDGE('',*,*,#7433,.T.);
#7433 = EDGE_CURVE('',#7427,#7434,#7436,.T.);
#7434 = VERTEX_POINT('',#7435);
#7435 = CARTESIAN_POINT('',(-0.197168783649,5.283121635134E-02,
    41.343038005166));
#7436 = B_SPLINE_CURVE_WITH_KNOTS('',1,(#7437,#7438),.UNSPECIFIED.,.F.,
  .F.,(2,2),(0.,1.),.PIECEWISE_BEZIER_KNOTS.);
#7437 = CARTESIAN_POINT('',(-30.2193827815,-29.9693827815,
    71.365252003026));
#7438 = CARTESIAN_POINT('',(-5.28312163513E-02,0.197168783649,
    41.198700437868));
#7439 = ORIENTED_EDGE('',*,*,#7440,.T.);
#7440 = EDGE_CURVE('',#7434,#7441,#7443,.T.);
#7441 = VERTEX_POINT('',#7442);
#7442 = CARTESIAN_POINT('',(-0.197168783649,5.283121635134E-02,
    38.304190218308));
#7443 = B_SPLINE_CURVE_WITH_KNOTS('',1,(#7444,#7445),.UNSPECIFIED.,.F.,
  .F.,(2,2),(0.,1.),.PIECEWISE_BEZIER_KNOTS.);
#7444 = CARTESIAN_POINT('',(-0.197168783649,5.283121635133E-02,
    104.83461934843));
#7445 = CARTESIAN_POINT('',(-0.197168783649,5.283121635136E-02,
    -25.25132531242));
#7446 = ORIENTED_EDGE('',*,*,#7447,.T.);
#7447 = EDGE_CURVE('',#7441,#7193,#7448,.T.);
#7448 = B_SPLINE_CURVE_WITH_KNOTS('',1,(#7449,#7450),.UNSPECIFIED.,.F.,
  .F.,(2,2),(0.,1.),.PIECEWISE_BEZIER_KNOTS.);
#7449 = CARTESIAN_POINT('',(63.407822208242,63.657822208242,
    38.304190218308));
#7450 = CARTESIAN_POINT('',(-63.65782220824,-63.40782220824,
    38.304190218308));
#7451 = B_SPLINE_SURFACE_WITH_KNOTS('',1,1,(
    (#7452,#7453)
    ,(#7454,#7455
    )),.UNSPECIFIED.,.F.,.F.,.F.,(2,2),(2,2),(0.,509.26257766593),(0.,
    509.26257766593),.PIECEWISE_BEZIER_KNOTS.);
#7452 = CARTESIAN_POINT('',(-254.7562888329,-254.5062888329,
    86.304190218308));
#7453 = CARTESIAN_POINT('',(-0.125,0.125,-273.7988318538));
#7454 = CARTESIAN_POINT('',(-0.125,0.125,446.40721229043));
#7455 = CARTESIAN_POINT('',(254.50628883296,254.75628883296,
    86.304190218308));
#7456 = ADVANCED_FACE('',(#7457),#7466,.F.);
#7457 = FACE_BOUND('',#7458,.F.);
#7458 = EDGE_LOOP('',(#7459,#7460,#7465));
#7459 = ORIENTED_EDGE('',*,*,#7447,.F.);
#7460 = ORIENTED_EDGE('',*,*,#7461,.T.);
#7461 = EDGE_CURVE('',#7441,#7399,#7462,.T.);
#7462 = B_SPLINE_CURVE_WITH_KNOTS('',1,(#7463,#7464),.UNSPECIFIED.,.F.,
  .F.,(2,2),(0.,1.),.PIECEWISE_BEZIER_KNOTS.);
#7463 = CARTESIAN_POINT('',(11.844611387845,-44.88770419723,
    38.304190218308));
#7464 = CARTESIAN_POINT('',(-17.24007475451,63.657822208242,
    38.304190218308));
#7465 = ORIENTED_EDGE('',*,*,#7410,.T.);
#7466 = PLANE('',#7467);
#7467 = AXIS2_PLACEMENT_3D('',#7468,#7469,#7470);
#7468 = CARTESIAN_POINT('',(0.,0.,38.304190218308));
#7469 = DIRECTION('',(0.,0.,1.));
#7470 = DIRECTION('',(1.,0.,-0.));
#7471 = ADVANCED_FACE('',(#7472),#7489,.F.);
#7472 = FACE_BOUND('',#7473,.F.);
#7473 = EDGE_LOOP('',(#7474,#7481,#7482,#7483,#7484));
#7474 = ORIENTED_EDGE('',*,*,#7475,.F.);
#7475 = EDGE_CURVE('',#7248,#7476,#7478,.T.);
#7476 = VERTEX_POINT('',#7477);
#7477 = CARTESIAN_POINT('',(-11.13323056836,40.866769431633,
    71.220914435729));
#7478 = B_SPLINE_CURVE_WITH_KNOTS('',1,(#7479,#7480),.UNSPECIFIED.,.F.,
  .F.,(2,2),(0.,1.),.PIECEWISE_BEZIER_KNOTS.);
#7479 = CARTESIAN_POINT('',(-17.83083018313,65.862551482693,
    62.071823217581));
#7480 = CARTESIAN_POINT('',(-2.073500199456,7.055395391982,
    83.596736271098));
#7481 = ORIENTED_EDGE('',*,*,#7398,.T.);
#7482 = ORIENTED_EDGE('',*,*,#7461,.F.);
#7483 = ORIENTED_EDGE('',*,*,#7440,.F.);
#7484 = ORIENTED_EDGE('',*,*,#7485,.T.);
#7485 = EDGE_CURVE('',#7434,#7476,#7486,.T.);
#7486 = B_SPLINE_CURVE_WITH_KNOTS('',1,(#7487,#7488),.UNSPECIFIED.,.F.,
  .F.,(2,2),(0.,1.),.PIECEWISE_BEZIER_KNOTS.);
#7487 = CARTESIAN_POINT('',(-0.197168530059,5.283026994118E-02,
    41.343037312345));
#7488 = CARTESIAN_POINT('',(-11.13323082195,40.866770378043,
    71.220915128549));
#7489 = B_SPLINE_SURFACE_WITH_KNOTS('',1,1,(
    (#7490,#7491)
    ,(#7492,#7493
    )),.UNSPECIFIED.,.F.,.F.,.F.,(2,2),(2,2),(0.,509.26257766593),(0.,
    509.26257766593),.PIECEWISE_BEZIER_KNOTS.);
#7490 = CARTESIAN_POINT('',(46.430006980146,-173.9621577475,
    -225.5541748756));
#7491 = CARTESIAN_POINT('',(-80.88563743633,301.18629581311,
    -93.74732081775));
#7492 = CARTESIAN_POINT('',(80.544131085391,-301.277802164,
    266.35570125436));
#7493 = CARTESIAN_POINT('',(-46.77151333109,173.87065139663,
    398.16255531231));
#7494 = ADVANCED_FACE('',(#7495),#7511,.F.);
#7495 = FACE_BOUND('',#7496,.F.);
#7496 = EDGE_LOOP('',(#7497,#7498,#7499,#7506));
#7497 = ORIENTED_EDGE('',*,*,#7247,.F.);
#7498 = ORIENTED_EDGE('',*,*,#7475,.T.);
#7499 = ORIENTED_EDGE('',*,*,#7500,.T.);
#7500 = EDGE_CURVE('',#7476,#7501,#7503,.T.);
#7501 = VERTEX_POINT('',#7502);
#7502 = CARTESIAN_POINT('',(-41.01110699893,10.98889300107,
    101.09879086629));
#7503 = B_SPLINE_CURVE_WITH_KNOTS('',1,(#7504,#7505),.UNSPECIFIED.,.F.,
  .F.,(2,2),(0.,1.),.PIECEWISE_BEZIER_KNOTS.);
#7504 = CARTESIAN_POINT('',(-10.98889300107,41.01110699893,
    71.076576868431));
#7505 = CARTESIAN_POINT('',(-41.15544456622,10.844555433772,
    101.24312843358));
#7506 = ORIENTED_EDGE('',*,*,#7507,.T.);
#7507 = EDGE_CURVE('',#7501,#7205,#7508,.T.);
#7508 = B_SPLINE_CURVE_WITH_KNOTS('',1,(#7509,#7510),.UNSPECIFIED.,.F.,
  .F.,(2,2),(0.,1.),.PIECEWISE_BEZIER_KNOTS.);
#7509 = CARTESIAN_POINT('',(50.823240893045,-13.61804635402,
    67.485086597851));
#7510 = CARTESIAN_POINT('',(-65.84185888529,17.642272916478,
    110.18747685176));
#7511 = B_SPLINE_SURFACE_WITH_KNOTS('',1,1,(
    (#7512,#7513)
    ,(#7514,#7515
    )),.UNSPECIFIED.,.F.,.F.,.F.,(2,2),(2,2),(0.,509.26257766593),(0.,
    509.26257766593),.PIECEWISE_BEZIER_KNOTS.);
#7512 = CARTESIAN_POINT('',(207.83340794568,207.83340794568,
    -121.7457240783));
#7513 = CARTESIAN_POINT('',(-254.7034576166,254.55912004931,
    86.15985265101));
#7514 = CARTESIAN_POINT('',(254.55912004931,-254.7034576166,
    86.15985265101));
#7515 = CARTESIAN_POINT('',(-207.9777455129,-207.9777455129,
    294.06542938034));
#7516 = ADVANCED_FACE('',(#7517),#7527,.F.);
#7517 = FACE_BOUND('',#7518,.F.);
#7518 = EDGE_LOOP('',(#7519,#7520,#7521,#7526));
#7519 = ORIENTED_EDGE('',*,*,#7204,.F.);
#7520 = ORIENTED_EDGE('',*,*,#7507,.F.);
#7521 = ORIENTED_EDGE('',*,*,#7522,.T.);
#7522 = EDGE_CURVE('',#7501,#7427,#7523,.T.);
#7523 = B_SPLINE_CURVE_WITH_KNOTS('',1,(#7524,#7525),.UNSPECIFIED.,.F.,
  .F.,(2,2),(0.,1.),.PIECEWISE_BEZIER_KNOTS.);
#7524 = CARTESIAN_POINT('',(-41.01110712572,10.988893474275,
    101.0987912127));
#7525 = CARTESIAN_POINT('',(-30.07504508741,-29.82504568741,
    71.220914089319));
#7526 = ORIENTED_EDGE('',*,*,#7426,.F.);
#7527 = B_SPLINE_SURFACE_WITH_KNOTS('',1,1,(
    (#7528,#7529)
    ,(#7530,#7531
    )),.UNSPECIFIED.,.F.,.F.,.F.,(2,2),(2,2),(0.,509.26257766593),(0.,
    509.26257766593),.PIECEWISE_BEZIER_KNOTS.);
#7528 = CARTESIAN_POINT('',(-339.3078259324,61.385849831325,
    190.11264101567));
#7529 = CARTESIAN_POINT('',(-108.0393931513,-292.4571138288,
    -93.89165838505));
#7530 = CARTESIAN_POINT('',(107.98656193495,292.65428261247,
    266.21136368707));
#7531 = CARTESIAN_POINT('',(339.2549947161,-61.18868104767,
    -17.79293571365));
#7532 = ADVANCED_FACE('',(#7533),#7539,.T.);
#7533 = FACE_BOUND('',#7534,.T.);
#7534 = EDGE_LOOP('',(#7535,#7536,#7537,#7538));
#7535 = ORIENTED_EDGE('',*,*,#7500,.T.);
#7536 = ORIENTED_EDGE('',*,*,#7522,.T.);
#7537 = ORIENTED_EDGE('',*,*,#7433,.T.);
#7538 = ORIENTED_EDGE('',*,*,#7485,.T.);
#7539 = B_SPLINE_SURFACE_WITH_KNOTS('',1,1,(
    (#7540,#7541)
    ,(#7542,#7543
    )),.UNSPECIFIED.,.F.,.F.,.F.,(2,2),(2,2),(0.,52.25),(-52.25,0.),
  .PIECEWISE_BEZIER_KNOTS.);
#7540 = CARTESIAN_POINT('',(-11.04172421742,41.208275782579,
    71.220914435729));
#7541 = CARTESIAN_POINT('',(-4.996003610813E-16,-4.996003610813E-16,
    41.054362870571));
#7542 = CARTESIAN_POINT('',(-41.20827578257,11.041724217421,
    101.38746600088));
#7543 = CARTESIAN_POINT('',(-30.16655156515,-30.16655156515,
    71.220914435729));
#7544 = MANIFOLD_SOLID_BREP('',#7545);
#7545 = CLOSED_SHELL('',(#7546,#7717,#7738,#7767,#7789,#7811,#7828));
#7546 = ADVANCED_FACE('',(#7547),#7712,.T.);
#7547 = FACE_BOUND('',#7548,.T.);
#7548 = EDGE_LOOP('',(#7549,#7560,#7570,#7625,#7704));
#7549 = ORIENTED_EDGE('',*,*,#7550,.F.);
#7550 = EDGE_CURVE('',#7551,#7553,#7555,.T.);
#7551 = VERTEX_POINT('',#7552);
#7552 = CARTESIAN_POINT('',(44.887704197238,45.137704197238,
    134.3041902183));
#7553 = VERTEX_POINT('',#7554);
#7554 = CARTESIAN_POINT('',(-61.44274425098,16.646546404697,
    134.3041902183));
#7555 = CIRCLE('',#7556,63.657822208242);
#7556 = AXIS2_PLACEMENT_3D('',#7557,#7558,#7559);
#7557 = CARTESIAN_POINT('',(0.,0.,134.3041902183));
#7558 = DIRECTION('',(0.,0.,1.));
#7559 = DIRECTION('',(1.,0.,-0.));
#7560 = ORIENTED_EDGE('',*,*,#7561,.T.);
#7561 = EDGE_CURVE('',#7551,#7562,#7564,.T.);
#7562 = VERTEX_POINT('',#7563);
#7563 = CARTESIAN_POINT('',(44.887704197238,45.137704197238,
    108.9187954924));
#7564 = B_SPLINE_CURVE_WITH_KNOTS('',4,(#7565,#7566,#7567,#7568,#7569),
  .UNSPECIFIED.,.F.,.F.,(5,5),(0.,1.),.PIECEWISE_BEZIER_KNOTS.);
#7565 = CARTESIAN_POINT('',(44.887704197238,45.137704197238,
    134.3041908183));
#7566 = CARTESIAN_POINT('',(44.887704197238,45.137704197238,
    110.3041905183));
#7567 = CARTESIAN_POINT('',(44.887704197238,45.137704197238,
    86.304190218308));
#7568 = CARTESIAN_POINT('',(44.887704197238,45.137704197238,
    62.304189918308));
#7569 = CARTESIAN_POINT('',(44.887704197238,45.137704197238,
    38.304189618308));
#7570 = ORIENTED_EDGE('',*,*,#7571,.F.);
#7571 = EDGE_CURVE('',#7572,#7562,#7574,.T.);
#7572 = VERTEX_POINT('',#7573);
#7573 = CARTESIAN_POINT('',(-16.47585675683,61.48873451472,
    64.014257690309));
#7574 = B_SPLINE_CURVE_WITH_KNOTS('',7,(#7575,#7576,#7577,#7578,#7579,
    #7580,#7581,#7582,#7583,#7584,#7585,#7586,#7587,#7588,#7589,#7590,
    #7591,#7592,#7593,#7594,#7595,#7596,#7597,#7598,#7599,#7600,#7601,
    #7602,#7603,#7604,#7605,#7606,#7607,#7608,#7609,#7610,#7611,#7612,
    #7613,#7614,#7615,#7616,#7617,#7618,#7619,#7620,#7621,#7622,#7623,
    #7624),.UNSPECIFIED.,.F.,.F.,(8,6,6,6,6,6,6,6,8),(0.,0.156626778753,
    0.25571191605,0.379106232252,0.473511445873,0.545646571791,
    0.728729143738,0.920505149935,1.),.UNSPECIFIED.);
#7575 = CARTESIAN_POINT('',(-61.44274425185,16.646546401512,
    41.507992372009));
#7576 = CARTESIAN_POINT('',(-60.50892957319,20.093275536503,
    41.515004447057));
#7577 = CARTESIAN_POINT('',(-59.34927811039,23.479854208909,
    41.687274212916));
#7578 = CARTESIAN_POINT('',(-57.97292776462,26.771677948099,
    42.024893424668));
#7579 = CARTESIAN_POINT('',(-56.39582438486,29.941972768996,
    42.521870844269));
#7580 = CARTESIAN_POINT('',(-54.63745485588,32.969795471038,
    43.168729553632));
#7581 = CARTESIAN_POINT('',(-52.71971940243,35.839325695619,
    43.953406747646));
#7582 = CARTESIAN_POINT('',(-49.3667294287,40.247358174712,
    45.436815554992));
#7583 = CARTESIAN_POINT('',(-48.01247117116,41.888325036783,
    46.061473367394));
#7584 = CARTESIAN_POINT('',(-46.60845934717,43.459984434309,
    46.732797643987));
#7585 = CARTESIAN_POINT('',(-45.15980077061,44.961011514436,
    47.447542830941));
#7586 = CARTESIAN_POINT('',(-43.67132243967,46.390775243435,
    48.20252751435));
#7587 = CARTESIAN_POINT('',(-42.14747709458,47.749183410169,
    48.994727291902));
#7588 = CARTESIAN_POINT('',(-38.65553109269,50.639802334551,
    50.850750786022));
#7589 = CARTESIAN_POINT('',(-36.67030444092,52.132768901043,
    51.933453960142));
#7590 = CARTESIAN_POINT('',(-34.64417322849,53.516301103855,
    53.064123347346));
#7591 = CARTESIAN_POINT('',(-32.58400144767,54.791851977172,54.23780483)
  );
#7592 = CARTESIAN_POINT('',(-30.49588837558,55.961320769691,
    55.449984937724));
#7593 = CARTESIAN_POINT('',(-28.38511848341,57.026881436859,
    56.696656448119));
#7594 = CARTESIAN_POINT('',(-24.62727839505,58.728293574131,
    58.951928927873));
#7595 = CARTESIAN_POINT('',(-22.98785291165,59.406248082313,
    59.947603070537));
#7596 = CARTESIAN_POINT('',(-21.33986354469,60.025692643152,
    60.959834518003));
#7597 = CARTESIAN_POINT('',(-19.68517640218,60.587623722492,
    61.987166328889));
#7598 = CARTESIAN_POINT('',(-18.02549800654,61.09301965561,
    63.028253878925));
#7599 = CARTESIAN_POINT('',(-16.36237439233,61.542830626656,
    64.081867311096));
#7600 = CARTESIAN_POINT('',(-13.42481958575,62.239879717882,
    65.960685718956));
#7601 = CARTESIAN_POINT('',(-12.15126350217,62.509869383324,
    66.78112916246));
#7602 = CARTESIAN_POINT('',(-10.87714783282,62.748331662569,
    67.607724722278));
#7603 = CARTESIAN_POINT('',(-9.603068110766,62.955649738161,
    68.439995514504));
#7604 = CARTESIAN_POINT('',(-8.329588673867,63.132187403959,
    69.277489510301));
#7605 = CARTESIAN_POINT('',(-7.057242710407,63.278288629584,
    70.119779584493));
#7606 = CARTESIAN_POINT('',(-2.561405484238,63.688661750399,
    73.115390021983));
#7607 = CARTESIAN_POINT('',(0.652873840904,63.789040290398,
    75.292413080667));
#7608 = CARTESIAN_POINT('',(3.848508884853,63.700800638768,
    77.491221383354));
#7609 = CARTESIAN_POINT('',(7.018000418846,63.428217069162,
    79.705910615179));
#7610 = CARTESIAN_POINT('',(10.154195363144,62.974829064697,
    81.930947361444));
#7611 = CARTESIAN_POINT('',(13.250277713837,62.343403623191,
    84.161169809166));
#7612 = CARTESIAN_POINT('',(19.493948029175,60.689565256437,
    88.728349368962));
#7613 = CARTESIAN_POINT('',(22.636377083527,59.650175807491,
    91.064889799249));
#7614 = CARTESIAN_POINT('',(25.719565610405,58.41959192182,
    93.395959207259));
#7615 = CARTESIAN_POINT('',(28.735146212216,56.998976236785,
    95.715629776741));
#7616 = CARTESIAN_POINT('',(31.673935427308,55.388899872466,
    98.017524564522));
#7617 = CARTESIAN_POINT('',(34.525948539651,53.589391758982,
    100.29481858814));
#7618 = CARTESIAN_POINT('',(38.421890733369,50.774604827553,
    103.47093835386));
#7619 = CARTESIAN_POINT('',(39.546724365972,49.917066766076,
    104.39615437005));
#7620 = CARTESIAN_POINT('',(40.653891686286,49.026809297751,
    105.3152921376));
#7621 = CARTESIAN_POINT('',(41.742525689654,48.103788068012,
    106.22776759877));
#7622 = CARTESIAN_POINT('',(42.811702300313,47.147958762844,
    107.1329577081));
#7623 = CARTESIAN_POINT('',(43.860440790111,46.159277996168,
    108.03020055601));
#7624 = CARTESIAN_POINT('',(44.887704197238,45.137704197238,
    108.9187954924));
#7625 = ORIENTED_EDGE('',*,*,#7626,.F.);
#7626 = EDGE_CURVE('',#7627,#7572,#7629,.T.);
#7627 = VERTEX_POINT('',#7628);
#7628 = CARTESIAN_POINT('',(-61.44274424944,16.646546404282,
    108.91879549183));
#7629 = B_SPLINE_CURVE_WITH_KNOTS('',7,(#7630,#7631,#7632,#7633,#7634,
    #7635,#7636,#7637,#7638,#7639,#7640,#7641,#7642,#7643,#7644,#7645,
    #7646,#7647,#7648,#7649,#7650,#7651,#7652,#7653,#7654,#7655,#7656,
    #7657,#7658,#7659,#7660,#7661,#7662,#7663,#7664,#7665,#7666,#7667,
    #7668,#7669,#7670,#7671,#7672,#7673,#7674,#7675,#7676,#7677,#7678,
    #7679,#7680,#7681,#7682,#7683,#7684,#7685,#7686,#7687,#7688,#7689,
    #7690,#7691,#7692,#7693,#7694,#7695,#7696,#7697,#7698,#7699,#7700,
    #7701,#7702,#7703),.UNSPECIFIED.,.F.,.F.,(8,6,6,6,6,6,6,6,6,6,6,6,8)
  ,(0.,0.107799865685,0.174261583023,0.25955984477,0.324891164534,
    0.373847691043,0.500428076803,0.627421024285,0.676441907491,
    0.741813386656,0.825810511554,0.892160598906,1.),.UNSPECIFIED.);
#7630 = CARTESIAN_POINT('',(-45.13770419723,-44.88770419723,
    131.53340076649));
#7631 = CARTESIAN_POINT('',(-47.66880216458,-42.3425093964,
    131.52635234974));
#7632 = CARTESIAN_POINT('',(-50.03323268399,-39.63003137301,
    131.35232859775));
#7633 = CARTESIAN_POINT('',(-52.20509040335,-36.77596321291,
    131.01122337739));
#7634 = CARTESIAN_POINT('',(-54.16898903131,-33.80797060215,
    130.50917638598));
#7635 = CARTESIAN_POINT('',(-55.91651348954,-30.75380826385,
    129.85585744595));
#7636 = CARTESIAN_POINT('',(-57.44499380633,-27.64069437293,
    129.06354065889));
#7637 = CARTESIAN_POINT('',(-59.5650685835,-22.55519082167,
    127.58082627184));
#7638 = CARTESIAN_POINT('',(-60.29151529718,-20.60231824677,
    126.96761334123));
#7639 = CARTESIAN_POINT('',(-60.93652256684,-18.641445542,
    126.30968062367));
#7640 = CARTESIAN_POINT('',(-61.50141508913,-16.67734617592,
    125.61007720178));
#7641 = CARTESIAN_POINT('',(-61.98794185516,-14.71425091618,
    124.87179295492));
#7642 = CARTESIAN_POINT('',(-62.39811233276,-12.755843853,
    124.09767466214));
#7643 = CARTESIAN_POINT('',(-63.16526504647,-8.301845135216,
    122.25425166009));
#7644 = CARTESIAN_POINT('',(-63.47418749235,-5.81153062191,
    121.16355562638));
#7645 = CARTESIAN_POINT('',(-63.66547921011,-3.340668963343,
    120.02377065598));
#7646 = CARTESIAN_POINT('',(-63.7439658673,-0.894651914795,
    118.8400054603));
#7647 = CARTESIAN_POINT('',(-63.71447985938,1.522044117414,
    117.61691444024));
#7648 = CARTESIAN_POINT('',(-63.58168046159,3.905813971673,
    116.35862981421));
#7649 = CARTESIAN_POINT('',(-63.17234053762,8.052301544217,
    114.08071606595));
#7650 = CARTESIAN_POINT('',(-62.93673274435,9.829690857088,
    113.07421751288));
#7651 = CARTESIAN_POINT('',(-62.64500802242,11.584759948105,
    112.05082060641));
#7652 = CARTESIAN_POINT('',(-62.29901961726,13.316356230951,
    111.01202826241));
#7653 = CARTESIAN_POINT('',(-61.90052115957,15.023461444256,
    109.95922642691));
#7654 = CARTESIAN_POINT('',(-61.45115708452,16.705187206716,
    108.89368150815));
#7655 = CARTESIAN_POINT('',(-60.57873140344,19.601388559006,
    107.00936799147));
#7656 = CARTESIAN_POINT('',(-60.17731226736,20.827311242006,
    106.19569708193));
#7657 = CARTESIAN_POINT('',(-59.74883019302,22.03820354966,
    105.37600989093));
#7658 = CARTESIAN_POINT('',(-59.29389681023,23.233750734013,
    104.55076960736));
#7659 = CARTESIAN_POINT('',(-58.81309252198,24.41365462399,
    103.72041551824));
#7660 = CARTESIAN_POINT('',(-58.30696617095,25.577633383159,
    102.88536296315));
#7661 = CARTESIAN_POINT('',(-56.40327576239,29.693103893932,
    99.875782503488));
#7662 = CARTESIAN_POINT('',(-54.86482960997,32.552246679543,
    97.676988034471));
#7663 = CARTESIAN_POINT('',(-53.16950042808,35.298687717571,
    95.456102924502));
#7664 = CARTESIAN_POINT('',(-51.32493588881,37.927943265122,
    93.219192881107));
#7665 = CARTESIAN_POINT('',(-49.33794875666,40.435452557268,
    90.971944668951));
#7666 = CARTESIAN_POINT('',(-47.2144884992,42.816550417963,
    88.719665609874));
#7667 = CARTESIAN_POINT('',(-42.6970006901,47.323327176432,
    84.207533326088));
#7668 = CARTESIAN_POINT('',(-40.30253111647,49.447732018746,
    81.948096118118));
#7669 = CARTESIAN_POINT('',(-37.78100433928,51.434562285543,
    79.693917596119));
#7670 = CARTESIAN_POINT('',(-35.13711816714,53.277786416742,
    77.450362444459));
#7671 = CARTESIAN_POINT('',(-32.37547290603,54.970492471116,
    75.22318678671));
#7672 = CARTESIAN_POINT('',(-29.50059995012,56.504918033167,
    73.018537527732));
#7673 = CARTESIAN_POINT('',(-25.36489322087,58.399877860048,
    70.003204249666));
#7674 = CARTESIAN_POINT('',(-24.19687668005,58.902697099316,
    69.167786359624));
#7675 = CARTESIAN_POINT('',(-23.01292984896,59.380056184152,
    68.337133401658));
#7676 = CARTESIAN_POINT('',(-21.81333701156,59.831400914258,
    67.511664617905));
#7677 = CARTESIAN_POINT('',(-20.5983992984,60.256145224443,
    66.691823606234));
#7678 = CARTESIAN_POINT('',(-19.36843494229,60.653671541697,
    65.878078269551));
#7679 = CARTESIAN_POINT('',(-16.46397742988,61.516288292297,
    63.994541138047));
#7680 = CARTESIAN_POINT('',(-14.77808020625,61.959679694773,
    62.929896824993));
#7681 = CARTESIAN_POINT('',(-13.06686193994,62.351976184597,
    61.878139446927));
#7682 = CARTESIAN_POINT('',(-11.33122120066,62.691521231264,
    60.840546553954));
#7683 = CARTESIAN_POINT('',(-9.572189106284,62.976548866727,
    59.818516689033));
#7684 = CARTESIAN_POINT('',(-7.7909338986,63.205193634842,
    58.813566701133));
#7685 = CARTESIAN_POINT('',(-3.673115267308,63.594313070573,
    56.560097667622));
#7686 = CARTESIAN_POINT('',(-1.323089631095,63.71678905013,
    55.323846859736));
#7687 = CARTESIAN_POINT('',(1.058636133475,63.738787181055,
    54.121984911989));
#7688 = CARTESIAN_POINT('',(3.468590828115,63.655849074136,
    52.958476618129));
#7689 = CARTESIAN_POINT('',(5.902469848735,63.463356319574,
    51.837783485099));
#7690 = CARTESIAN_POINT('',(8.355093869294,63.156702935673,
    50.76479816677));
#7691 = CARTESIAN_POINT('',(12.767708777556,62.395584003835,
    48.939050178559));
#7692 = CARTESIAN_POINT('',(14.722830797483,61.985727433516,
    48.166417453754));
#7693 = CARTESIAN_POINT('',(16.682610781633,61.499764567055,
    47.42950889491));
#7694 = CARTESIAN_POINT('',(18.643381869583,60.935696848222,
    46.731157210351));
#7695 = CARTESIAN_POINT('',(20.600934116414,60.291784740975,
    46.074337140559));
#7696 = CARTESIAN_POINT('',(22.550518448214,59.566710220648,
    45.462082234823));
#7697 = CARTESIAN_POINT('',(27.633995775657,57.448282405585,
    43.979557478633));
#7698 = CARTESIAN_POINT('',(30.748332569418,55.919646295702,
    43.186707136691));
#7699 = CARTESIAN_POINT('',(33.803713802209,54.171805503787,
    42.532936916262));
#7700 = CARTESIAN_POINT('',(36.772893230446,52.207426478294,
    42.030536714878));
#7701 = CARTESIAN_POINT('',(39.628086235342,50.034928141585,
    41.689189380793));
#7702 = CARTESIAN_POINT('',(42.341596613265,47.669709892173,
    41.515043316534));
#7703 = CARTESIAN_POINT('',(44.887704197238,45.137704197238,
    41.507992372016));
#7704 = ORIENTED_EDGE('',*,*,#7705,.F.);
#7705 = EDGE_CURVE('',#7553,#7627,#7706,.T.);
#7706 = B_SPLINE_CURVE_WITH_KNOTS('',4,(#7707,#7708,#7709,#7710,#7711),
  .UNSPECIFIED.,.F.,.F.,(5,5),(0.,1.),.PIECEWISE_BEZIER_KNOTS.);
#7707 = CARTESIAN_POINT('',(-61.44274425098,16.646546404697,
    134.3041908183));
#7708 = CARTESIAN_POINT('',(-61.44274425098,16.646546404697,
    111.10514105673));
#7709 = CARTESIAN_POINT('',(-61.44274425098,16.646546404697,
    87.906091295162));
#7710 = CARTESIAN_POINT('',(-61.44274425098,16.646546404697,
    64.707041533589));
#7711 = CARTESIAN_POINT('',(-61.44274425098,16.646546404697,
    41.507991772016));
#7712 = CYLINDRICAL_SURFACE('',#7713,63.657822208242);
#7713 = AXIS2_PLACEMENT_3D('',#7714,#7715,#7716);
#7714 = CARTESIAN_POINT('',(0.,0.,38.304190218308));
#7715 = DIRECTION('',(0.,0.,1.));
#7716 = DIRECTION('',(1.,0.,-0.));
#7717 = ADVANCED_FACE('',(#7718),#7733,.T.);
#7718 = FACE_BOUND('',#7719,.T.);
#7719 = EDGE_LOOP('',(#7720,#7727,#7732));
#7720 = ORIENTED_EDGE('',*,*,#7721,.F.);
#7721 = EDGE_CURVE('',#7722,#7553,#7724,.T.);
#7722 = VERTEX_POINT('',#7723);
#7723 = CARTESIAN_POINT('',(-5.28312163513E-02,0.197168783649,
    134.3041902183));
#7724 = B_SPLINE_CURVE_WITH_KNOTS('',1,(#7725,#7726),.UNSPECIFIED.,.F.,
  .F.,(2,2),(0.,1.),.PIECEWISE_BEZIER_KNOTS.);
#7725 = CARTESIAN_POINT('',(44.887704197238,-11.84461138784,
    134.3041902183));
#7726 = CARTESIAN_POINT('',(-63.65782220824,17.240074754515,
    134.3041902183));
#7727 = ORIENTED_EDGE('',*,*,#7728,.T.);
#7728 = EDGE_CURVE('',#7722,#7551,#7729,.T.);
#7729 = B_SPLINE_CURVE_WITH_KNOTS('',1,(#7730,#7731),.UNSPECIFIED.,.F.,
  .F.,(2,2),(0.,1.),.PIECEWISE_BEZIER_KNOTS.);
#7730 = CARTESIAN_POINT('',(-63.65782220824,-63.40782220824,
    134.3041902183));
#7731 = CARTESIAN_POINT('',(63.407822208242,63.657822208242,
    134.3041902183));
#7732 = ORIENTED_EDGE('',*,*,#7550,.T.);
#7733 = PLANE('',#7734);
#7734 = AXIS2_PLACEMENT_3D('',#7735,#7736,#7737);
#7735 = CARTESIAN_POINT('',(0.,0.,134.3041902183));
#7736 = DIRECTION('',(0.,0.,1.));
#7737 = DIRECTION('',(1.,0.,-0.));
#7738 = ADVANCED_FACE('',(#7739),#7762,.F.);
#7739 = FACE_BOUND('',#7740,.F.);
#7740 = EDGE_LOOP('',(#7741,#7742,#7743,#7750,#7757));
#7741 = ORIENTED_EDGE('',*,*,#7705,.F.);
#7742 = ORIENTED_EDGE('',*,*,#7721,.F.);
#7743 = ORIENTED_EDGE('',*,*,#7744,.F.);
#7744 = EDGE_CURVE('',#7745,#7722,#7747,.T.);
#7745 = VERTEX_POINT('',#7746);
#7746 = CARTESIAN_POINT('',(-5.28312163513E-02,0.197168783649,
    131.26534243145));
#7747 = B_SPLINE_CURVE_WITH_KNOTS('',1,(#7748,#7749),.UNSPECIFIED.,.F.,
  .F.,(2,2),(0.,1.),.PIECEWISE_BEZIER_KNOTS.);
#7748 = CARTESIAN_POINT('',(-5.28312163513E-02,0.197168783649,
    67.773761090525));
#7749 = CARTESIAN_POINT('',(-5.28312163513E-02,0.197168783649,
    197.85970574904));
#7750 = ORIENTED_EDGE('',*,*,#7751,.F.);
#7751 = EDGE_CURVE('',#7752,#7745,#7754,.T.);
#7752 = VERTEX_POINT('',#7753);
#7753 = CARTESIAN_POINT('',(-40.86676943163,11.133230568367,
    101.38746600088));
#7754 = B_SPLINE_CURVE_WITH_KNOTS('',1,(#7755,#7756),.UNSPECIFIED.,.F.,
  .F.,(2,2),(0.,1.),.PIECEWISE_BEZIER_KNOTS.);
#7755 = CARTESIAN_POINT('',(-40.86676990483,11.133230695162,
    101.38746565447));
#7756 = CARTESIAN_POINT('',(-5.28307431462E-02,0.197168656854,
    131.26534277786));
#7757 = ORIENTED_EDGE('',*,*,#7758,.F.);
#7758 = EDGE_CURVE('',#7627,#7752,#7759,.T.);
#7759 = B_SPLINE_CURVE_WITH_KNOTS('',1,(#7760,#7761),.UNSPECIFIED.,.F.,
  .F.,(2,2),(0.,1.),.PIECEWISE_BEZIER_KNOTS.);
#7760 = CARTESIAN_POINT('',(-65.86255148269,17.830830183134,
    110.53655721903));
#7761 = CARTESIAN_POINT('',(50.804238481746,-13.42994197137,
    67.833548314066));
#7762 = B_SPLINE_SURFACE_WITH_KNOTS('',1,1,(
    (#7763,#7764)
    ,(#7765,#7766
    )),.UNSPECIFIED.,.F.,.F.,.F.,(2,2),(2,2),(0.,509.26257766593),(0.,
    509.26257766593),.PIECEWISE_BEZIER_KNOTS.);
#7763 = CARTESIAN_POINT('',(-173.8706513966,46.771513331092,
    398.16255531231));
#7764 = CARTESIAN_POINT('',(-301.1862958131,80.885637436337,
    -93.74732081775));
#7765 = CARTESIAN_POINT('',(301.27780216405,-80.54413108539,
    266.35570125436));
#7766 = CARTESIAN_POINT('',(173.96215774757,-46.43000698014,
    -225.5541748756));
#7767 = ADVANCED_FACE('',(#7768),#7784,.F.);
#7768 = FACE_BOUND('',#7769,.F.);
#7769 = EDGE_LOOP('',(#7770,#7771,#7772,#7779));
#7770 = ORIENTED_EDGE('',*,*,#7626,.F.);
#7771 = ORIENTED_EDGE('',*,*,#7758,.T.);
#7772 = ORIENTED_EDGE('',*,*,#7773,.F.);
#7773 = EDGE_CURVE('',#7774,#7752,#7776,.T.);
#7774 = VERTEX_POINT('',#7775);
#7775 = CARTESIAN_POINT('',(-10.98889300107,41.01110699893,
    71.509589570324));
#7776 = B_SPLINE_CURVE_WITH_KNOTS('',1,(#7777,#7778),.UNSPECIFIED.,.F.,
  .F.,(2,2),(0.,1.),.PIECEWISE_BEZIER_KNOTS.);
#7777 = CARTESIAN_POINT('',(-10.84455543377,41.155444566228,
    71.365252003026));
#7778 = CARTESIAN_POINT('',(-41.01110699893,10.98889300107,
    101.53180356818));
#7779 = ORIENTED_EDGE('',*,*,#7780,.T.);
#7780 = EDGE_CURVE('',#7774,#7572,#7781,.T.);
#7781 = B_SPLINE_CURVE_WITH_KNOTS('',1,(#7782,#7783),.UNSPECIFIED.,.F.,
  .F.,(2,2),(0.,1.),.PIECEWISE_BEZIER_KNOTS.);
#7782 = CARTESIAN_POINT('',(-1.929162632159,7.19973295928,
    83.885411405693));
#7783 = CARTESIAN_POINT('',(-17.64227291648,65.841858885311,
    62.42090358484));
#7784 = B_SPLINE_SURFACE_WITH_KNOTS('',1,1,(
    (#7785,#7786)
    ,(#7787,#7788
    )),.UNSPECIFIED.,.F.,.F.,.F.,(2,2),(2,2),(0.,509.26257766593),(0.,
    509.26257766593),.PIECEWISE_BEZIER_KNOTS.);
#7785 = CARTESIAN_POINT('',(-207.8334079456,-207.8334079456,
    294.35410451494));
#7786 = CARTESIAN_POINT('',(-254.5591200493,254.70345761661,
    86.448527785605));
#7787 = CARTESIAN_POINT('',(254.70345761661,-254.5591200493,
    86.448527785605));
#7788 = CARTESIAN_POINT('',(207.97774551298,207.97774551298,
    -121.4570489437));
#7789 = ADVANCED_FACE('',(#7790),#7806,.F.);
#7790 = FACE_BOUND('',#7791,.F.);
#7791 = EDGE_LOOP('',(#7792,#7793,#7794,#7801));
#7792 = ORIENTED_EDGE('',*,*,#7571,.F.);
#7793 = ORIENTED_EDGE('',*,*,#7780,.F.);
#7794 = ORIENTED_EDGE('',*,*,#7795,.F.);
#7795 = EDGE_CURVE('',#7796,#7774,#7798,.T.);
#7796 = VERTEX_POINT('',#7797);
#7797 = CARTESIAN_POINT('',(29.825045214212,30.075045214212,
    101.38746600088));
#7798 = B_SPLINE_CURVE_WITH_KNOTS('',1,(#7799,#7800),.UNSPECIFIED.,.F.,
  .F.,(2,2),(0.,1.),.PIECEWISE_BEZIER_KNOTS.);
#7799 = CARTESIAN_POINT('',(29.825046160622,30.075044960622,
    101.3874666937));
#7800 = CARTESIAN_POINT('',(-10.98889394748,41.01110725252,
    71.509588877503));
#7801 = ORIENTED_EDGE('',*,*,#7802,.F.);
#7802 = EDGE_CURVE('',#7562,#7796,#7803,.T.);
#7803 = B_SPLINE_CURVE_WITH_KNOTS('',1,(#7804,#7805),.UNSPECIFIED.,.F.,
  .F.,(2,2),(0.,1.),.PIECEWISE_BEZIER_KNOTS.);
#7804 = CARTESIAN_POINT('',(58.149231580298,58.399231580298,
    115.54955918393));
#7805 = CARTESIAN_POINT('',(3.211013877313,3.461013877313,
    88.080450332437));
#7806 = B_SPLINE_SURFACE_WITH_KNOTS('',1,1,(
    (#7807,#7808)
    ,(#7809,#7810
    )),.UNSPECIFIED.,.F.,.F.,.F.,(2,2),(2,2),(0.,509.26257766593),(0.,
    509.26257766593),.PIECEWISE_BEZIER_KNOTS.);
#7807 = CARTESIAN_POINT('',(-222.815618353,-263.1562720447,
    -17.50426057906));
#7808 = CARTESIAN_POINT('',(-199.4527623012,239.84624720925,
    -93.60298325045));
#7809 = CARTESIAN_POINT('',(199.25559351759,-239.7934159929,
    266.50003882166));
#7810 = CARTESIAN_POINT('',(222.6184495694,263.20910326106,
    190.40131615027));
#7811 = ADVANCED_FACE('',(#7812),#7823,.F.);
#7812 = FACE_BOUND('',#7813,.F.);
#7813 = EDGE_LOOP('',(#7814,#7819,#7820,#7821,#7822));
#7814 = ORIENTED_EDGE('',*,*,#7815,.F.);
#7815 = EDGE_CURVE('',#7745,#7796,#7816,.T.);
#7816 = B_SPLINE_CURVE_WITH_KNOTS('',1,(#7817,#7818),.UNSPECIFIED.,.F.,
  .F.,(2,2),(0.,1.),.PIECEWISE_BEZIER_KNOTS.);
#7817 = CARTESIAN_POINT('',(-0.197168783649,5.28312163513E-02,
    131.40967999874));
#7818 = CARTESIAN_POINT('',(29.969382781509,30.219382781509,
    101.24312843358));
#7819 = ORIENTED_EDGE('',*,*,#7744,.T.);
#7820 = ORIENTED_EDGE('',*,*,#7728,.T.);
#7821 = ORIENTED_EDGE('',*,*,#7561,.T.);
#7822 = ORIENTED_EDGE('',*,*,#7802,.T.);
#7823 = B_SPLINE_SURFACE_WITH_KNOTS('',1,1,(
    (#7824,#7825)
    ,(#7826,#7827
    )),.UNSPECIFIED.,.F.,.F.,.F.,(2,2),(2,2),(0.,509.26257766593),(0.,
    509.26257766593),.PIECEWISE_BEZIER_KNOTS.);
#7824 = CARTESIAN_POINT('',(-254.7562888329,-254.5062888329,
    86.304190218308));
#7825 = CARTESIAN_POINT('',(-0.125,0.125,-273.7988318538));
#7826 = CARTESIAN_POINT('',(-0.125,0.125,446.40721229043));
#7827 = CARTESIAN_POINT('',(254.50628883296,254.75628883296,
    86.304190218308));
#7828 = ADVANCED_FACE('',(#7829),#7835,.F.);
#7829 = FACE_BOUND('',#7830,.F.);
#7830 = EDGE_LOOP('',(#7831,#7832,#7833,#7834));
#7831 = ORIENTED_EDGE('',*,*,#7795,.T.);
#7832 = ORIENTED_EDGE('',*,*,#7773,.T.);
#7833 = ORIENTED_EDGE('',*,*,#7751,.T.);
#7834 = ORIENTED_EDGE('',*,*,#7815,.T.);
#7835 = B_SPLINE_SURFACE_WITH_KNOTS('',1,1,(
    (#7836,#7837)
    ,(#7838,#7839
    )),.UNSPECIFIED.,.F.,.F.,.F.,(2,2),(2,2),(0.,52.25),(0.,52.25),
  .PIECEWISE_BEZIER_KNOTS.);
#7836 = CARTESIAN_POINT('',(-11.04172421742,41.208275782579,
    71.220914435729));
#7837 = CARTESIAN_POINT('',(30.166551565158,30.166551565158,
    101.38746600088));
#7838 = CARTESIAN_POINT('',(-41.20827578257,11.041724217421,
    101.38746600088));
#7839 = CARTESIAN_POINT('',(4.996003610813E-16,4.996003610813E-16,
    131.55401756604));
#7840 = MANIFOLD_SOLID_BREP('',#7841);
#7841 = CLOSED_SHELL('',(#7842,#8083,#8118,#8141,#8163,#8184,#8195));
#7842 = ADVANCED_FACE('',(#7843),#8078,.T.);
#7843 = FACE_BOUND('',#7844,.T.);
#7844 = EDGE_LOOP('',(#7845,#7857,#7866,#7878,#8029,#8066));
#7845 = ORIENTED_EDGE('',*,*,#7846,.F.);
#7846 = EDGE_CURVE('',#7847,#7849,#7851,.T.);
#7847 = VERTEX_POINT('',#7848);
#7848 = CARTESIAN_POINT('',(-44.88770419723,-45.13770419723,
    38.304190218308));
#7849 = VERTEX_POINT('',#7850);
#7850 = CARTESIAN_POINT('',(-44.88770419723,-45.13770419723,
    63.689584944216));
#7851 = B_SPLINE_CURVE_WITH_KNOTS('',4,(#7852,#7853,#7854,#7855,#7856),
  .UNSPECIFIED.,.F.,.F.,(5,5),(0.,1.),.PIECEWISE_BEZIER_KNOTS.);
#7852 = CARTESIAN_POINT('',(-44.88770419723,-45.13770419723,
    38.304189618308));
#7853 = CARTESIAN_POINT('',(-44.88770419723,-45.13770419723,
    61.503525008732));
#7854 = CARTESIAN_POINT('',(-44.88770419723,-45.13770419723,
    84.702860399157));
#7855 = CARTESIAN_POINT('',(-44.88770419723,-45.13770419723,
    107.90219578958));
#7856 = CARTESIAN_POINT('',(-44.88770419723,-45.13770419723,131.10153118
    ));
#7857 = ORIENTED_EDGE('',*,*,#7858,.T.);
#7858 = EDGE_CURVE('',#7847,#7859,#7861,.T.);
#7859 = VERTEX_POINT('',#7860);
#7860 = CARTESIAN_POINT('',(61.442744250989,-16.64654640469,
    38.304190218308));
#7861 = CIRCLE('',#7862,63.657822208242);
#7862 = AXIS2_PLACEMENT_3D('',#7863,#7864,#7865);
#7863 = CARTESIAN_POINT('',(0.,0.,38.304190218308));
#7864 = DIRECTION('',(0.,0.,1.));
#7865 = DIRECTION('',(1.,0.,-0.));
#7866 = ORIENTED_EDGE('',*,*,#7867,.T.);
#7867 = EDGE_CURVE('',#7859,#7868,#7870,.T.);
#7868 = VERTEX_POINT('',#7869);
#7869 = CARTESIAN_POINT('',(61.442744282689,-16.64654641319,
    63.689584932612));
#7870 = B_SPLINE_CURVE_WITH_KNOTS('',6,(#7871,#7872,#7873,#7874,#7875,
    #7876,#7877),.UNSPECIFIED.,.F.,.F.,(7,7),(0.,1.),
  .PIECEWISE_BEZIER_KNOTS.);
#7871 = CARTESIAN_POINT('',(61.442744250989,-16.64654640469,
    38.304189618308));
#7872 = CARTESIAN_POINT('',(61.442744250989,-16.64654640469,
    43.157361792182));
#7873 = CARTESIAN_POINT('',(61.442744250989,-16.64654640469,
    57.792124651829));
#7874 = CARTESIAN_POINT('',(61.442744250989,-16.64654640469,
    73.506171429987));
#7875 = CARTESIAN_POINT('',(61.442744250989,-16.64654640469,
    86.630745635159));
#7876 = CARTESIAN_POINT('',(61.442744250989,-16.64654640469,
    97.360507792182));
#7877 = CARTESIAN_POINT('',(61.442744250989,-16.64654640469,
    108.59412334749));
#7878 = ORIENTED_EDGE('',*,*,#7879,.F.);
#7879 = EDGE_CURVE('',#7880,#7868,#7882,.T.);
#7880 = VERTEX_POINT('',#7881);
#7881 = CARTESIAN_POINT('',(16.475856756837,-61.48873451474,
    108.59412274631));
#7882 = B_SPLINE_CURVE_WITH_KNOTS('',7,(#7883,#7884,#7885,#7886,#7887,
    #7888,#7889,#7890,#7891,#7892,#7893,#7894,#7895,#7896,#7897,#7898,
    #7899,#7900,#7901,#7902,#7903,#7904,#7905,#7906,#7907,#7908,#7909,
    #7910,#7911,#7912,#7913,#7914,#7915,#7916,#7917,#7918,#7919,#7920,
    #7921,#7922,#7923,#7924,#7925,#7926,#7927,#7928,#7929,#7930,#7931,
    #7932,#7933,#7934,#7935,#7936,#7937,#7938,#7939,#7940,#7941,#7942,
    #7943,#7944,#7945,#7946,#7947,#7948,#7949,#7950,#7951,#7952,#7953,
    #7954,#7955,#7956,#7957,#7958,#7959,#7960,#7961,#7962,#7963,#7964,
    #7965,#7966,#7967,#7968,#7969,#7970,#7971,#7972,#7973,#7974,#7975,
    #7976,#7977,#7978,#7979,#7980,#7981,#7982,#7983,#7984,#7985,#7986,
    #7987,#7988,#7989,#7990,#7991,#7992,#7993,#7994,#7995,#7996,#7997,
    #7998,#7999,#8000,#8001,#8002,#8003,#8004,#8005,#8006,#8007,#8008,
    #8009,#8010,#8011,#8012,#8013,#8014,#8015,#8016,#8017,#8018,#8019,
    #8020,#8021,#8022,#8023,#8024,#8025,#8026,#8027,#8028),
  .UNSPECIFIED.,.F.,.F.,(8,6,6,6,6,6,6,6,6,6,6,6,6,6,6,6,6,6,6,6,6,6,6,6
    ,8),(0.,5.821445886485E-02,7.81375183413E-02,0.114909923347,
    0.162104343727,0.198251314437,0.225338324713,0.295373608143,
    0.365637156616,0.392759774617,0.428928965002,0.475403483261,
    0.512114124846,0.531952801702,0.572301198609,0.612934928636,
    0.632828873294,0.669584897992,0.715964072871,0.752092023215,
    0.779158944318,0.849109722217,0.928217589479,0.958926118104,1.),
  .UNSPECIFIED.);
#7883 = CARTESIAN_POINT('',(50.052758162592,39.332425918232,
    41.39509182695));
#7884 = CARTESIAN_POINT('',(47.899782863225,42.072209937994,
    41.101687466752));
#7885 = CARTESIAN_POINT('',(45.558232716672,44.691821577618,
    40.962656720217));
#7886 = CARTESIAN_POINT('',(43.044850548756,47.161763451729,
    40.984376867118));
#7887 = CARTESIAN_POINT('',(40.380720808399,49.45978210186,
    41.167432412234));
#7888 = CARTESIAN_POINT('',(37.589878057205,51.569255454452,
    41.508117111533));
#7889 = CARTESIAN_POINT('',(34.698910231505,53.478770643539,
    41.99884342984));
#7890 = CARTESIAN_POINT('',(30.723297475261,55.765264741156,
    42.843402759153));
#7891 = CARTESIAN_POINT('',(29.701020175067,56.324296573109,
    43.075025493273));
#7892 = CARTESIAN_POINT('',(28.67115425776,56.859183120016,
    43.322515178473));
#7893 = CARTESIAN_POINT('',(27.634675527258,57.369831388643,
    43.585430409411));
#7894 = CARTESIAN_POINT('',(26.592523147035,57.856224425026,
    43.863310081331));
#7895 = CARTESIAN_POINT('',(25.545596777177,58.318410474658,
    44.155680241444));
#7896 = CARTESIAN_POINT('',(22.55519082168,59.565068583506,
    45.027554164769));
#7897 = CARTESIAN_POINT('',(20.602318246777,60.291515297189,
    45.640767095378));
#7898 = CARTESIAN_POINT('',(18.641445542006,60.936522566842,
    46.298699812938));
#7899 = CARTESIAN_POINT('',(16.677346175927,61.50141508913,
    46.998303234833));
#7900 = CARTESIAN_POINT('',(14.714250916182,61.987941855166,
    47.736587481687));
#7901 = CARTESIAN_POINT('',(12.755843853007,62.398112332765,
    48.510705774475));
#7902 = CARTESIAN_POINT('',(8.301845135289,63.165265046462,
    50.354128776486));
#7903 = CARTESIAN_POINT('',(5.811530622057,63.47418749234,
    51.444824810163));
#7904 = CARTESIAN_POINT('',(3.34066896356,63.6654792101,52.584609780531)
  );
#7905 = CARTESIAN_POINT('',(0.894651915081,63.74396586729,
    53.768374976176));
#7906 = CARTESIAN_POINT('',(-1.522044117059,63.714479859392,
    54.991465996196));
#7907 = CARTESIAN_POINT('',(-3.905813971254,63.581680461621,
    56.249750622178));
#7908 = CARTESIAN_POINT('',(-8.052301543735,63.172340537682,
    58.527664370388));
#7909 = CARTESIAN_POINT('',(-9.829690856608,62.936732744429,
    59.534162923451));
#7910 = CARTESIAN_POINT('',(-11.58475994762,62.645008022508,
    60.557559829921));
#7911 = CARTESIAN_POINT('',(-13.31635623047,62.29901961737,
    61.596352173913));
#7912 = CARTESIAN_POINT('',(-15.02346144377,61.900521159694,
    62.649154009404));
#7913 = CARTESIAN_POINT('',(-16.70518720624,61.451157084649,
    63.714698928158));
#7914 = CARTESIAN_POINT('',(-19.60138855853,60.578731403593,
    65.599012444832));
#7915 = CARTESIAN_POINT('',(-20.82731124153,60.177312267527,
    66.412683354365));
#7916 = CARTESIAN_POINT('',(-22.03820354919,59.748830193193,
    67.23237054536));
#7917 = CARTESIAN_POINT('',(-23.23375073354,59.293896810421,
    68.057610828924));
#7918 = CARTESIAN_POINT('',(-24.41365462352,58.813092522175,
    68.887964918036));
#7919 = CARTESIAN_POINT('',(-25.57763338269,58.306966171156,
    69.72301747313));
#7920 = CARTESIAN_POINT('',(-29.69310389346,56.403275762646,
    72.732597932769));
#7921 = CARTESIAN_POINT('',(-32.55224667908,54.864829610241,
    74.931392401787));
#7922 = CARTESIAN_POINT('',(-35.29868771708,53.169500428399,
    77.1522775117));
#7923 = CARTESIAN_POINT('',(-37.92794326467,51.32493588914,
    79.389187555136));
#7924 = CARTESIAN_POINT('',(-40.4354525568,49.33794875705,
    81.636435767234));
#7925 = CARTESIAN_POINT('',(-42.81655041751,47.214488499607,
    83.888714826317));
#7926 = CARTESIAN_POINT('',(-47.32332717602,42.69700069055,88.4008471101
    ));
#7927 = CARTESIAN_POINT('',(-49.44773201837,40.30253111693,
    90.66028431808));
#7928 = CARTESIAN_POINT('',(-51.43456228521,37.781004339745,
    92.9144628401));
#7929 = CARTESIAN_POINT('',(-53.27778641643,35.137118167607,
    95.15801799177));
#7930 = CARTESIAN_POINT('',(-54.97049247084,32.375472906501,
    97.385193649534));
#7931 = CARTESIAN_POINT('',(-56.50491803292,29.500599950589,
    99.58984290853));
#7932 = CARTESIAN_POINT('',(-58.39987785984,25.364893221338,
    102.60517618661));
#7933 = CARTESIAN_POINT('',(-58.90269709912,24.196876680523,
    103.44059407666));
#7934 = CARTESIAN_POINT('',(-59.38005618397,23.012929849427,
    104.27124703463));
#7935 = CARTESIAN_POINT('',(-59.83140091408,21.813337012029,
    105.09671581839));
#7936 = CARTESIAN_POINT('',(-60.25614522428,20.598399298872,
    105.91655683006));
#7937 = CARTESIAN_POINT('',(-60.65367154154,19.368434942761,
    106.73030216675));
#7938 = CARTESIAN_POINT('',(-61.51628829217,16.463977430356,
    108.61383929826));
#7939 = CARTESIAN_POINT('',(-61.95967969466,14.778080206727,
    109.67848361132));
#7940 = CARTESIAN_POINT('',(-62.35197618449,13.066861940419,
    110.7302409894));
#7941 = CARTESIAN_POINT('',(-62.69152123117,11.331221201142,
    111.76783388237));
#7942 = CARTESIAN_POINT('',(-62.97654886665,9.572189106763,
    112.7898637473));
#7943 = CARTESIAN_POINT('',(-63.20519363478,7.790933899079,
    113.79481373521));
#7944 = CARTESIAN_POINT('',(-63.59431307053,3.673115267909,
    116.04828276867));
#7945 = CARTESIAN_POINT('',(-63.7167890501,1.323089631819,117.2845335765
    ));
#7946 = CARTESIAN_POINT('',(-63.73878718105,-1.058636132624,
    118.4863955242));
#7947 = CARTESIAN_POINT('',(-63.65584907417,-3.468590827135,
    119.64990381801));
#7948 = CARTESIAN_POINT('',(-63.46335631966,-5.902469847627,
    120.770596951));
#7949 = CARTESIAN_POINT('',(-63.15670293583,-8.355093868057,
    121.8435822693));
#7950 = CARTESIAN_POINT('',(-62.39558400411,-12.76770877617,
    123.6693302575));
#7951 = CARTESIAN_POINT('',(-61.98572743384,-14.72283079609,
    124.44196298233));
#7952 = CARTESIAN_POINT('',(-61.49976456743,-16.68261078023,
    125.17887154119));
#7953 = CARTESIAN_POINT('',(-60.93569684864,-18.64338186818,
    125.87722322577));
#7954 = CARTESIAN_POINT('',(-60.29178474145,-20.60093411501,
    126.53404329559));
#7955 = CARTESIAN_POINT('',(-59.56671022117,-22.55051844681,
    127.14629820135));
#7956 = CARTESIAN_POINT('',(-58.32371738508,-25.53326152445,
    128.01617332213));
#7957 = CARTESIAN_POINT('',(-57.8637500318,-26.57579076611,
    128.30745426632));
#7958 = CARTESIAN_POINT('',(-57.37978148498,-27.61359479295,
    128.58437200633));
#7959 = CARTESIAN_POINT('',(-56.87176359747,-28.64578574904,
    128.84645854061));
#7960 = CARTESIAN_POINT('',(-56.33971226301,-29.67143687655,
    129.09325843714));
#7961 = CARTESIAN_POINT('',(-55.78371802908,-30.68958531137,
    129.32433553759));
#7962 = CARTESIAN_POINT('',(-54.02482364558,-33.75268540748,
    129.97643839389));
#7963 = CARTESIAN_POINT('',(-52.7471658473,-35.77135502555,
    130.34694430379));
#7964 = CARTESIAN_POINT('',(-51.3727012222,-37.74631684763,
    130.64719290227));
#7965 = CARTESIAN_POINT('',(-49.90439143478,-39.66882196869,
    130.8742905691));
#7966 = CARTESIAN_POINT('',(-48.3465275809,-41.53035414483,
    131.02612473022));
#7967 = CARTESIAN_POINT('',(-46.70493151773,-43.32276190755,131.10153058
    ));
#7968 = CARTESIAN_POINT('',(-43.25746735681,-46.76630733326,
    131.09957121239));
#7969 = CARTESIAN_POINT('',(-41.45002258413,-48.41685280995,
    131.0211215644));
#7970 = CARTESIAN_POINT('',(-39.57270098769,-49.98228593336,
    130.86517732789));
#7971 = CARTESIAN_POINT('',(-37.63384671947,-51.45669794566,
    130.63295619993));
#7972 = CARTESIAN_POINT('',(-35.64216744825,-52.83575752812,
    130.32664635555));
#7973 = CARTESIAN_POINT('',(-33.60659672723,-54.11649941279,
    129.94923193737));
#7974 = CARTESIAN_POINT('',(-30.52260553275,-55.87531210317,
    129.28664268532));
#7975 = CARTESIAN_POINT('',(-29.5005426965,-56.42947084369,
    129.05269063746));
#7976 = CARTESIAN_POINT('',(-28.47105038076,-56.959540621,
    128.80297936824));
#7977 = CARTESIAN_POINT('',(-27.43509631801,-57.46543741594,
    128.53795073434));
#7978 = CARTESIAN_POINT('',(-26.39361121099,-57.94715205599,
    128.25806550085));
#7979 = CARTESIAN_POINT('',(-25.34748595179,-58.40473946307,
    127.96379657479));
#7980 = CARTESIAN_POINT('',(-22.35774343568,-59.63936835015,
    127.08623976028));
#7981 = CARTESIAN_POINT('',(-20.40500843247,-60.35842314853,
    126.46939965786));
#7982 = CARTESIAN_POINT('',(-18.44463283716,-60.99620011663,
    125.80810034426));
#7983 = CARTESIAN_POINT('',(-16.48135034063,-61.5540497602,
    125.10538391778));
#7984 = CARTESIAN_POINT('',(-14.51935360376,-62.0337380126,
    124.36422967554));
#7985 = CARTESIAN_POINT('',(-12.56229095506,-62.43728441518,
    123.58747155248));
#7986 = CARTESIAN_POINT('',(-8.153962757069,-63.1826900036,
    121.7560102477));
#7987 = CARTESIAN_POINT('',(-5.707637142313,-63.48070627005,
    120.68185557354));
#7988 = CARTESIAN_POINT('',(-3.280288897265,-63.66529562243,
    119.56047612721));
#7989 = CARTESIAN_POINT('',(-0.877017879951,-63.74103767531,
    118.39671164499));
#7990 = CARTESIAN_POINT('',(1.497935697583,-63.71251699215,
    117.19497451464));
#7991 = CARTESIAN_POINT('',(3.841150671544,-63.58415546563,
    115.9591862644));
#7992 = CARTESIAN_POINT('',(7.948494962078,-63.18547990701,
    113.70617633982));
#7993 = CARTESIAN_POINT('',(9.726050511582,-62.95282165925,
    112.70106944119));
#7994 = CARTESIAN_POINT('',(11.481358918507,-62.6640272624,
    111.67901803931));
#7995 = CARTESIAN_POINT('',(13.213264029764,-62.32095055353,
    110.64152712924));
#7996 = CARTESIAN_POINT('',(14.920744734549,-61.92534610458,
    109.58998455237));
#7997 = CARTESIAN_POINT('',(16.602910483812,-61.47885952961,
    108.52565839026));
#7998 = CARTESIAN_POINT('',(19.499724215815,-60.61152118829,
    106.6435823536));
#7999 = CARTESIAN_POINT('',(20.725797965448,-60.2123304666,
    105.83095011794));
#8000 = CARTESIAN_POINT('',(21.936882582695,-59.78608034929,
    105.01228275066));
#8001 = CARTESIAN_POINT('',(23.132663040278,-59.33338265175,
    104.18804367309));
#8002 = CARTESIAN_POINT('',(24.312841034823,-58.85481800232,
    103.35867235111));
#8003 = CARTESIAN_POINT('',(25.47713474034,-58.35093550063,
    102.52458424751));
#8004 = CARTESIAN_POINT('',(29.592500180148,-56.45594271298,
    99.51940513378));
#8005 = CARTESIAN_POINT('',(32.451557053413,-54.92412920162,
    97.323969941467));
#8006 = CARTESIAN_POINT('',(35.198295043888,-53.23560954985,
    95.10634112034));
#8007 = CARTESIAN_POINT('',(37.828245100495,-51.3980265679,
    92.872574601066));
#8008 = CARTESIAN_POINT('',(40.336866578526,-49.41818851982,
    90.628344838008));
#8009 = CARTESIAN_POINT('',(42.719519771892,-47.30204054406,
    88.378944253446));
#8010 = CARTESIAN_POINT('',(47.517797511869,-42.51262052372,
    83.585095373291));
#8011 = CARTESIAN_POINT('',(49.896257453639,-39.80332984907,
    81.041220065086));
#8012 = CARTESIAN_POINT('',(52.099820973624,-36.93359845868,
    78.504572609869));
#8013 = CARTESIAN_POINT('',(54.11973976405,-33.91000949858,
    75.982818734645));
#8014 = CARTESIAN_POINT('',(55.94580621673,-30.73910100381,
    73.484331260898));
#8015 = CARTESIAN_POINT('',(57.566442026483,-27.42744187063,
    71.018183789439));
#8016 = CARTESIAN_POINT('',(59.51205544188,-22.64330654579,
    67.65330941932));
#8017 = CARTESIAN_POINT('',(60.023067597535,-21.28529168127,
    66.718795909233));
#8018 = CARTESIAN_POINT('',(60.500219762548,-19.90747999501,
    65.791313983594));
#8019 = CARTESIAN_POINT('',(60.942645048984,-18.51031460098,
    64.871518643361));
#8020 = CARTESIAN_POINT('',(61.349421242716,-17.09427713914,
    63.960111815577));
#8021 = CARTESIAN_POINT('',(61.719572194103,-15.6598886442,
    63.057842092413));
#8022 = CARTESIAN_POINT('',(62.496797227841,-12.26536410945,
    60.971967308168));
#8023 = CARTESIAN_POINT('',(62.874145969663,-10.29125910009,
    59.79624043258));
#8024 = CARTESIAN_POINT('',(63.181672327967,-8.28668888171,
    58.640192144233));
#8025 = CARTESIAN_POINT('',(63.416710077589,-6.253233096404,
    57.505945376769));
#8026 = CARTESIAN_POINT('',(63.576419450615,-4.192776416827,
    56.395862350467));
#8027 = CARTESIAN_POINT('',(63.657822208242,-2.107522069833,
    55.312533798157));
#8028 = CARTESIAN_POINT('',(63.657822208242,-2.13162820728E-14,
    54.258772763241));
#8029 = ORIENTED_EDGE('',*,*,#8030,.F.);
#8030 = EDGE_CURVE('',#8031,#7880,#8033,.T.);
#8031 = VERTEX_POINT('',#8032);
#8032 = CARTESIAN_POINT('',(-18.10915358411,-61.02767310624,
    84.887741294264));
#8033 = B_SPLINE_CURVE_WITH_KNOTS('',7,(#8034,#8035,#8036,#8037,#8038,
    #8039,#8040,#8041,#8042,#8043,#8044,#8045,#8046,#8047,#8048,#8049,
    #8050,#8051,#8052,#8053,#8054,#8055,#8056,#8057,#8058,#8059,#8060,
    #8061,#8062,#8063,#8064,#8065),.UNSPECIFIED.,.F.,.F.,(8,6,6,6,6,8),(
    0.,0.22363983317,0.490640109182,0.658742431861,0.789407029467,1.),
  .UNSPECIFIED.);
#8034 = CARTESIAN_POINT('',(-18.10915358411,-61.02767310624,
    84.887741294264));
#8035 = CARTESIAN_POINT('',(-15.35908138457,-61.84372060231,
    86.915422594795));
#8036 = CARTESIAN_POINT('',(-12.56791281267,-62.51465207393,
    88.944615163932));
#8037 = CARTESIAN_POINT('',(-9.740693771517,-63.03934289097,
    90.97166676416));
#8038 = CARTESIAN_POINT('',(-6.882565166583,-63.41598746692,
    92.992735646469));
#8039 = CARTESIAN_POINT('',(-3.998797643188,-63.64226871338,
    95.003797836554));
#8040 = CARTESIAN_POINT('',(-1.094793790555,-63.71534959511,
    97.000644083869));
#8041 = CARTESIAN_POINT('',(5.308577731562,-63.53180299983,
    101.34063681008));
#8042 = CARTESIAN_POINT('',(8.813289518033,-63.20852937596,
    103.67523629736));
#8043 = CARTESIAN_POINT('',(12.329337595926,-62.65602021278,
    105.97562560025));
#8044 = CARTESIAN_POINT('',(15.845737063645,-61.86682642899,
    108.23293861494));
#8045 = CARTESIAN_POINT('',(19.34924952538,-60.83257947529,
    110.43660179812));
#8046 = CARTESIAN_POINT('',(22.824392217205,-59.54437877933,
    112.57441130758));
#8047 = CARTESIAN_POINT('',(28.412242938191,-57.01472344877,
    115.92802526939));
#8048 = CARTESIAN_POINT('',(30.552362221332,-55.93289908126,
    117.19176632287));
#8049 = CARTESIAN_POINT('',(32.669127983536,-54.74420230549,
    118.41999761672));
#8050 = CARTESIAN_POINT('',(34.757021202288,-53.44636554174,
    119.60853459257));
#8051 = CARTESIAN_POINT('',(36.809656591539,-52.037416174,
    120.75265500516));
#8052 = CARTESIAN_POINT('',(38.819837841498,-50.51586278611,
    121.8471707354));
#8053 = CARTESIAN_POINT('',(42.302936761777,-47.61003509231,
    123.69436816242));
#8054 = CARTESIAN_POINT('',(43.79571310846,-46.27073196136,
    124.46884388364));
#8055 = CARTESIAN_POINT('',(45.254123336469,-44.86268834011,
    125.20726672643));
#8056 = CARTESIAN_POINT('',(46.673939113829,-43.3860173014,
    125.90676938012));
#8057 = CARTESIAN_POINT('',(48.050586910702,-41.84133748244,
    126.56434128419));
#8058 = CARTESIAN_POINT('',(49.379234964315,-40.2299146956,
    127.17691394304));
#8059 = CARTESIAN_POINT('',(52.710913785366,-35.85250727019,
    128.65137173624));
#8060 = CARTESIAN_POINT('',(54.630741453274,-32.98135761979,
    129.43718156381));
#8061 = CARTESIAN_POINT('',(56.391020598635,-29.95163548697,
    130.08499694545));
#8062 = CARTESIAN_POINT('',(57.969810924549,-26.77915720794,
    130.58272697014));
#8063 = CARTESIAN_POINT('',(59.347572005449,-23.48488938793,
    130.92086243406));
#8064 = CARTESIAN_POINT('',(60.508298489534,-20.09567046741,
    131.09338325417));
#8065 = CARTESIAN_POINT('',(61.44282414511,-16.64625151105,
    131.10038866401));
#8066 = ORIENTED_EDGE('',*,*,#8067,.F.);
#8067 = EDGE_CURVE('',#7849,#8031,#8068,.T.);
#8068 = B_SPLINE_CURVE_WITH_KNOTS('',8,(#8069,#8070,#8071,#8072,#8073,
    #8074,#8075,#8076,#8077),.UNSPECIFIED.,.F.,.F.,(9,9),(0.,1.),
  .PIECEWISE_BEZIER_KNOTS.);
#8069 = CARTESIAN_POINT('',(-44.88770419787,-45.1377041966,
    63.689584943668));
#8070 = CARTESIAN_POINT('',(-41.9962989257,-48.01309511166,
    66.190684531236));
#8071 = CARTESIAN_POINT('',(-38.93923056715,-50.6322195349,
    68.758034087967));
#8072 = CARTESIAN_POINT('',(-35.73686327567,-52.99767339403,
    71.37819972613));
#8073 = CARTESIAN_POINT('',(-32.40711168644,-55.11024911164,
    74.039090545757));
#8074 = CARTESIAN_POINT('',(-28.96610523093,-56.97026177469,
    76.729747605174));
#8075 = CARTESIAN_POINT('',(-25.42815408271,-58.5774254553,
    79.440344545665));
#8076 = CARTESIAN_POINT('',(-21.8057431493,-59.93075912008,
    82.162174475205));
#8077 = CARTESIAN_POINT('',(-18.10915358411,-61.02767310624,
    84.887741294264));
#8078 = CYLINDRICAL_SURFACE('',#8079,63.657822208242);
#8079 = AXIS2_PLACEMENT_3D('',#8080,#8081,#8082);
#8080 = CARTESIAN_POINT('',(0.,0.,38.304190218308));
#8081 = DIRECTION('',(0.,0.,1.));
#8082 = DIRECTION('',(1.,0.,-0.));
#8083 = ADVANCED_FACE('',(#8084),#8113,.F.);
#8084 = FACE_BOUND('',#8085,.F.);
#8085 = EDGE_LOOP('',(#8086,#8087,#8094,#8101,#8108));
#8086 = ORIENTED_EDGE('',*,*,#7846,.F.);
#8087 = ORIENTED_EDGE('',*,*,#8088,.T.);
#8088 = EDGE_CURVE('',#7847,#8089,#8091,.T.);
#8089 = VERTEX_POINT('',#8090);
#8090 = CARTESIAN_POINT('',(5.283121635132E-02,-0.197168783649,
    38.304190218308));
#8091 = B_SPLINE_CURVE_WITH_KNOTS('',1,(#8092,#8093),.UNSPECIFIED.,.F.,
  .F.,(2,2),(0.,1.),.PIECEWISE_BEZIER_KNOTS.);
#8092 = CARTESIAN_POINT('',(-63.40782220824,-63.65782220824,
    38.304190218308));
#8093 = CARTESIAN_POINT('',(63.657822208242,63.407822208242,
    38.304190218308));
#8094 = ORIENTED_EDGE('',*,*,#8095,.T.);
#8095 = EDGE_CURVE('',#8089,#8096,#8098,.T.);
#8096 = VERTEX_POINT('',#8097);
#8097 = CARTESIAN_POINT('',(5.283121635132E-02,-0.197168783649,
    41.343038005166));
#8098 = B_SPLINE_CURVE_WITH_KNOTS('',1,(#8099,#8100),.UNSPECIFIED.,.F.,
  .F.,(2,2),(0.,1.),.PIECEWISE_BEZIER_KNOTS.);
#8099 = CARTESIAN_POINT('',(5.283121635133E-02,-0.197168783649,
    -25.25132531242));
#8100 = CARTESIAN_POINT('',(5.283121635132E-02,-0.197168783649,
    104.8346193496));
#8101 = ORIENTED_EDGE('',*,*,#8102,.T.);
#8102 = EDGE_CURVE('',#8096,#8103,#8105,.T.);
#8103 = VERTEX_POINT('',#8104);
#8104 = CARTESIAN_POINT('',(-29.82504521421,-30.07504521421,
    71.220914435729));
#8105 = B_SPLINE_CURVE_WITH_KNOTS('',1,(#8106,#8107),.UNSPECIFIED.,.F.,
  .F.,(2,2),(0.,1.),.PIECEWISE_BEZIER_KNOTS.);
#8106 = CARTESIAN_POINT('',(0.197168783649,-5.283121635131E-02,
    41.198700437868));
#8107 = CARTESIAN_POINT('',(-29.9693827815,-30.2193827815,
    71.365252003026));
#8108 = ORIENTED_EDGE('',*,*,#8109,.T.);
#8109 = EDGE_CURVE('',#8103,#7849,#8110,.T.);
#8110 = B_SPLINE_CURVE_WITH_KNOTS('',1,(#8111,#8112),.UNSPECIFIED.,.F.,
  .F.,(2,2),(0.,1.),.PIECEWISE_BEZIER_KNOTS.);
#8111 = CARTESIAN_POINT('',(9.808674067786,9.558674067786,
    91.037774076727));
#8112 = CARTESIAN_POINT('',(-58.14923158029,-58.39923158029,
    57.058821252685));
#8113 = B_SPLINE_SURFACE_WITH_KNOTS('',1,1,(
    (#8114,#8115)
    ,(#8116,#8117
    )),.UNSPECIFIED.,.F.,.F.,.F.,(2,2),(2,2),(0.,509.26257766593),(0.,
    509.26257766593),.PIECEWISE_BEZIER_KNOTS.);
#8114 = CARTESIAN_POINT('',(-254.5062888329,-254.7562888329,
    86.304190218308));
#8115 = CARTESIAN_POINT('',(0.125,-0.125,446.40721229043));
#8116 = CARTESIAN_POINT('',(0.125,-0.125,-273.7988318538));
#8117 = CARTESIAN_POINT('',(254.75628883296,254.50628883296,
    86.304190218308));
#8118 = ADVANCED_FACE('',(#8119),#8136,.F.);
#8119 = FACE_BOUND('',#8120,.F.);
#8120 = EDGE_LOOP('',(#8121,#8122,#8123,#8124,#8131));
#8121 = ORIENTED_EDGE('',*,*,#8030,.F.);
#8122 = ORIENTED_EDGE('',*,*,#8067,.F.);
#8123 = ORIENTED_EDGE('',*,*,#8109,.F.);
#8124 = ORIENTED_EDGE('',*,*,#8125,.T.);
#8125 = EDGE_CURVE('',#8103,#8126,#8128,.T.);
#8126 = VERTEX_POINT('',#8127);
#8127 = CARTESIAN_POINT('',(10.98889300107,-41.01110699893,
    101.09879086629));
#8128 = B_SPLINE_CURVE_WITH_KNOTS('',1,(#8129,#8130),.UNSPECIFIED.,.F.,
  .F.,(2,2),(0.,1.),.PIECEWISE_BEZIER_KNOTS.);
#8129 = CARTESIAN_POINT('',(-29.82504568741,-30.07504508741,
    71.220914089319));
#8130 = CARTESIAN_POINT('',(10.988893474275,-41.01110712572,
    101.0987912127));
#8131 = ORIENTED_EDGE('',*,*,#8132,.F.);
#8132 = EDGE_CURVE('',#7880,#8126,#8133,.T.);
#8133 = B_SPLINE_CURVE_WITH_KNOTS('',1,(#8134,#8135),.UNSPECIFIED.,.F.,
  .F.,(2,2),(0.,1.),.PIECEWISE_BEZIER_KNOTS.);
#8134 = CARTESIAN_POINT('',(17.641630633286,-65.83946185178,
    110.18659947661));
#8135 = CARTESIAN_POINT('',(-13.61804635419,50.823240893679,
    67.485086597619));
#8136 = B_SPLINE_SURFACE_WITH_KNOTS('',1,1,(
    (#8137,#8138)
    ,(#8139,#8140
    )),.UNSPECIFIED.,.F.,.F.,.F.,(2,2),(2,2),(0.,509.26257766593),(0.,
    509.26257766593),.PIECEWISE_BEZIER_KNOTS.);
#8137 = CARTESIAN_POINT('',(61.385849831325,-339.3078259324,
    190.11264101567));
#8138 = CARTESIAN_POINT('',(292.65428261247,107.98656193495,
    266.21136368707));
#8139 = CARTESIAN_POINT('',(-292.4571138288,-108.0393931513,
    -93.89165838505));
#8140 = CARTESIAN_POINT('',(-61.18868104767,339.2549947161,
    -17.79293571365));
#8141 = ADVANCED_FACE('',(#8142),#8158,.F.);
#8142 = FACE_BOUND('',#8143,.F.);
#8143 = EDGE_LOOP('',(#8144,#8151,#8152,#8153));
#8144 = ORIENTED_EDGE('',*,*,#8145,.T.);
#8145 = EDGE_CURVE('',#8146,#7868,#8148,.T.);
#8146 = VERTEX_POINT('',#8147);
#8147 = CARTESIAN_POINT('',(40.866769431633,-11.13323056836,
    71.220914435729));
#8148 = B_SPLINE_CURVE_WITH_KNOTS('',1,(#8149,#8150),.UNSPECIFIED.,.F.,
  .F.,(2,2),(0.,1.),.PIECEWISE_BEZIER_KNOTS.);
#8149 = CARTESIAN_POINT('',(7.055395391984,-2.073500199457,
    83.596736271098));
#8150 = CARTESIAN_POINT('',(65.880830358652,-17.83572799318,
    62.065132684628));
#8151 = ORIENTED_EDGE('',*,*,#7879,.F.);
#8152 = ORIENTED_EDGE('',*,*,#8132,.T.);
#8153 = ORIENTED_EDGE('',*,*,#8154,.T.);
#8154 = EDGE_CURVE('',#8126,#8146,#8155,.T.);
#8155 = B_SPLINE_CURVE_WITH_KNOTS('',1,(#8156,#8157),.UNSPECIFIED.,.F.,
  .F.,(2,2),(0.,1.),.PIECEWISE_BEZIER_KNOTS.);
#8156 = CARTESIAN_POINT('',(10.844555433772,-41.15544456622,
    101.24312843358));
#8157 = CARTESIAN_POINT('',(41.01110699893,-10.98889300107,
    71.076576868431));
#8158 = B_SPLINE_SURFACE_WITH_KNOTS('',1,1,(
    (#8159,#8160)
    ,(#8161,#8162
    )),.UNSPECIFIED.,.F.,.F.,.F.,(2,2),(2,2),(0.,509.26257766593),(0.,
    509.26257766593),.PIECEWISE_BEZIER_KNOTS.);
#8159 = CARTESIAN_POINT('',(207.83340794568,207.83340794568,
    -121.7457240783));
#8160 = CARTESIAN_POINT('',(-254.7034576166,254.55912004931,
    86.15985265101));
#8161 = CARTESIAN_POINT('',(254.55912004931,-254.7034576166,
    86.15985265101));
#8162 = CARTESIAN_POINT('',(-207.9777455129,-207.9777455129,
    294.06542938034));
#8163 = ADVANCED_FACE('',(#8164),#8179,.F.);
#8164 = FACE_BOUND('',#8165,.F.);
#8165 = EDGE_LOOP('',(#8166,#8171,#8172,#8173,#8178));
#8166 = ORIENTED_EDGE('',*,*,#8167,.F.);
#8167 = EDGE_CURVE('',#7859,#8089,#8168,.T.);
#8168 = B_SPLINE_CURVE_WITH_KNOTS('',1,(#8169,#8170),.UNSPECIFIED.,.F.,
  .F.,(2,2),(0.,1.),.PIECEWISE_BEZIER_KNOTS.);
#8169 = CARTESIAN_POINT('',(63.657822208242,-17.24007475451,
    38.304190218308));
#8170 = CARTESIAN_POINT('',(-44.88770419723,11.844611387845,
    38.304190218308));
#8171 = ORIENTED_EDGE('',*,*,#7867,.T.);
#8172 = ORIENTED_EDGE('',*,*,#8145,.F.);
#8173 = ORIENTED_EDGE('',*,*,#8174,.T.);
#8174 = EDGE_CURVE('',#8146,#8096,#8175,.T.);
#8175 = B_SPLINE_CURVE_WITH_KNOTS('',1,(#8176,#8177),.UNSPECIFIED.,.F.,
  .F.,(2,2),(0.,1.),.PIECEWISE_BEZIER_KNOTS.);
#8176 = CARTESIAN_POINT('',(40.866770378043,-11.13323082195,
    71.220915128549));
#8177 = CARTESIAN_POINT('',(5.283026994115E-02,-0.197168530059,
    41.343037312345));
#8178 = ORIENTED_EDGE('',*,*,#8095,.F.);
#8179 = B_SPLINE_SURFACE_WITH_KNOTS('',1,1,(
    (#8180,#8181)
    ,(#8182,#8183
    )),.UNSPECIFIED.,.F.,.F.,.F.,(2,2),(2,2),(0.,509.26257766593),(0.,
    509.26257766593),.PIECEWISE_BEZIER_KNOTS.);
#8180 = CARTESIAN_POINT('',(-173.9621577475,46.430006980146,
    -225.5541748756));
#8181 = CARTESIAN_POINT('',(-301.277802164,80.544131085391,
    266.35570125436));
#8182 = CARTESIAN_POINT('',(301.18629581311,-80.88563743633,
    -93.74732081775));
#8183 = CARTESIAN_POINT('',(173.87065139663,-46.77151333109,
    398.16255531231));
#8184 = ADVANCED_FACE('',(#8185),#8190,.F.);
#8185 = FACE_BOUND('',#8186,.F.);
#8186 = EDGE_LOOP('',(#8187,#8188,#8189));
#8187 = ORIENTED_EDGE('',*,*,#8088,.F.);
#8188 = ORIENTED_EDGE('',*,*,#7858,.T.);
#8189 = ORIENTED_EDGE('',*,*,#8167,.T.);
#8190 = PLANE('',#8191);
#8191 = AXIS2_PLACEMENT_3D('',#8192,#8193,#8194);
#8192 = CARTESIAN_POINT('',(0.,0.,38.304190218308));
#8193 = DIRECTION('',(0.,0.,1.));
#8194 = DIRECTION('',(1.,0.,-0.));
#8195 = ADVANCED_FACE('',(#8196),#8202,.T.);
#8196 = FACE_BOUND('',#8197,.T.);
#8197 = EDGE_LOOP('',(#8198,#8199,#8200,#8201));
#8198 = ORIENTED_EDGE('',*,*,#8174,.T.);
#8199 = ORIENTED_EDGE('',*,*,#8102,.T.);
#8200 = ORIENTED_EDGE('',*,*,#8125,.T.);
#8201 = ORIENTED_EDGE('',*,*,#8154,.T.);
#8202 = B_SPLINE_SURFACE_WITH_KNOTS('',1,1,(
    (#8203,#8204)
    ,(#8205,#8206
    )),.UNSPECIFIED.,.F.,.F.,.F.,(2,2),(2,2),(0.,52.25),(0.,52.25),
  .PIECEWISE_BEZIER_KNOTS.);
#8203 = CARTESIAN_POINT('',(-4.996003610813E-16,-4.996003610813E-16,
    41.054362870571));
#8204 = CARTESIAN_POINT('',(41.208275782579,-11.04172421742,
    71.220914435729));
#8205 = CARTESIAN_POINT('',(-30.16655156515,-30.16655156515,
    71.220914435729));
#8206 = CARTESIAN_POINT('',(11.041724217421,-41.20827578257,
    101.38746600088));
#8207 = MANIFOLD_SOLID_BREP('',#8208);
#8208 = CLOSED_SHELL('',(#8209,#8364,#8385,#8414,#8437,#8459,#8476));
#8209 = ADVANCED_FACE('',(#8210),#8359,.T.);
#8210 = FACE_BOUND('',#8211,.T.);
#8211 = EDGE_LOOP('',(#8212,#8223,#8233,#8300,#8337,#8351));
#8212 = ORIENTED_EDGE('',*,*,#8213,.F.);
#8213 = EDGE_CURVE('',#8214,#8216,#8218,.T.);
#8214 = VERTEX_POINT('',#8215);
#8215 = CARTESIAN_POINT('',(-61.53425060193,16.305040053751,
    134.3041902183));
#8216 = VERTEX_POINT('',#8217);
#8217 = CARTESIAN_POINT('',(16.305040053751,-61.53425060193,
    134.3041902183));
#8218 = CIRCLE('',#8219,63.657822208242);
#8219 = AXIS2_PLACEMENT_3D('',#8220,#8221,#8222);
#8220 = CARTESIAN_POINT('',(0.,0.,134.3041902183));
#8221 = DIRECTION('',(0.,0.,1.));
#8222 = DIRECTION('',(1.,0.,-0.));
#8223 = ORIENTED_EDGE('',*,*,#8224,.F.);
#8224 = EDGE_CURVE('',#8225,#8214,#8227,.T.);
#8225 = VERTEX_POINT('',#8226);
#8226 = CARTESIAN_POINT('',(-61.53425060055,16.305040053379,
    108.91879549189));
#8227 = B_SPLINE_CURVE_WITH_KNOTS('',4,(#8228,#8229,#8230,#8231,#8232),
  .UNSPECIFIED.,.F.,.F.,(5,5),(0.,1.),.PIECEWISE_BEZIER_KNOTS.);
#8228 = CARTESIAN_POINT('',(-61.53425060193,16.30504005375,
    41.507991772016));
#8229 = CARTESIAN_POINT('',(-61.53425060193,16.30504005375,
    64.707041533589));
#8230 = CARTESIAN_POINT('',(-61.53425060193,16.305040053751,
    87.906091295162));
#8231 = CARTESIAN_POINT('',(-61.53425060193,16.305040053751,
    111.10514105673));
#8232 = CARTESIAN_POINT('',(-61.53425060193,16.305040053751,
    134.3041908183));
#8233 = ORIENTED_EDGE('',*,*,#8234,.F.);
#8234 = EDGE_CURVE('',#8235,#8225,#8237,.T.);
#8235 = VERTEX_POINT('',#8236);
#8236 = CARTESIAN_POINT('',(-45.01287775788,-45.01287775788,
    64.014257690313));
#8237 = B_SPLINE_CURVE_WITH_KNOTS('',7,(#8238,#8239,#8240,#8241,#8242,
    #8243,#8244,#8245,#8246,#8247,#8248,#8249,#8250,#8251,#8252,#8253,
    #8254,#8255,#8256,#8257,#8258,#8259,#8260,#8261,#8262,#8263,#8264,
    #8265,#8266,#8267,#8268,#8269,#8270,#8271,#8272,#8273,#8274,#8275,
    #8276,#8277,#8278,#8279,#8280,#8281,#8282,#8283,#8284,#8285,#8286,
    #8287,#8288,#8289,#8290,#8291,#8292,#8293,#8294,#8295,#8296,#8297,
    #8298,#8299),.UNSPECIFIED.,.F.,.F.,(8,6,6,6,6,6,6,6,6,6,8),(0.,
    0.107638605103,0.186832873732,0.245651509536,0.40046749896,
    0.552312667047,0.61157520553,0.689068914587,0.790137016526,
    0.871235414983,1.),.UNSPECIFIED.);
#8238 = CARTESIAN_POINT('',(-20.56941274793,-60.24298786996,
    49.138434457462));
#8239 = CARTESIAN_POINT('',(-23.11374617756,-59.37424868001,
    50.197439694301));
#8240 = CARTESIAN_POINT('',(-25.57974168809,-58.39227256562,
    51.319450354625));
#8241 = CARTESIAN_POINT('',(-27.96318296512,-57.30553972329,
    52.497902717407));
#8242 = CARTESIAN_POINT('',(-30.26110498895,-56.12221278343,
    53.726678966142));
#8243 = CARTESIAN_POINT('',(-32.47160312932,-54.84992521088,
    55.000216775851));
#8244 = CARTESIAN_POINT('',(-34.59365360813,-53.49558611508,
    56.31360977263));
#8245 = CARTESIAN_POINT('',(-38.12292393995,-51.01280706402,
    58.655280699634));
#8246 = CARTESIAN_POINT('',(-39.57076534405,-49.91931137349,
    59.667125513004));
#8247 = CARTESIAN_POINT('',(-40.97030380286,-48.78715063662,
    60.696538991618));
#8248 = CARTESIAN_POINT('',(-42.32144994678,-47.61860120491,
    61.741950002716));
#8249 = CARTESIAN_POINT('',(-43.62418846363,-46.4157781154,
    62.801911146808));
#8250 = CARTESIAN_POINT('',(-44.87856844488,-45.18062821493,
    63.875101687137));
#8251 = CARTESIAN_POINT('',(-46.98048621857,-42.97485791653,
    65.766348469318));
#8252 = CARTESIAN_POINT('',(-47.84965102844,-42.01795350366,
    66.578994538051));
#8253 = CARTESIAN_POINT('',(-48.69221415285,-41.04493646287,
    67.397777289977));
#8254 = CARTESIAN_POINT('',(-49.50820861465,-40.05650285626,
    68.222227349458));
#8255 = CARTESIAN_POINT('',(-50.29766671588,-39.05331275439,
    69.051899791585));
#8256 = CARTESIAN_POINT('',(-51.06061962644,-38.03599004808,
    69.886374195496));
#8257 = CARTESIAN_POINT('',(-53.73557221121,-34.29178465248,
    72.933264339152));
#8258 = CARTESIAN_POINT('',(-55.49040928001,-31.48491257079,
    75.171551096879));
#8259 = CARTESIAN_POINT('',(-57.06250301373,-28.59484687054,
    77.433215801286));
#8260 = CARTESIAN_POINT('',(-58.45181220296,-25.63100962042,
    79.711815517945));
#8261 = CARTESIAN_POINT('',(-59.65778186133,-22.60208143058,
    82.001319710302));
#8262 = CARTESIAN_POINT('',(-60.67930083854,-19.51598909609,
    84.296110922026));
#8263 = CARTESIAN_POINT('',(-62.33345860215,-13.30379467185,
    88.84185050208));
#8264 = CARTESIAN_POINT('',(-62.97302883634,-10.18017791513,
    91.092369899373));
#8265 = CARTESIAN_POINT('',(-63.43135666929,-7.015646171467,
    93.337665090893));
#8266 = CARTESIAN_POINT('',(-63.70560086812,-3.817195233937,
    95.572437879419));
#8267 = CARTESIAN_POINT('',(-63.79211927392,-0.592177965915,
    97.790999604503));
#8268 = CARTESIAN_POINT('',(-63.68651188232,2.65168699468,
    99.987273081739));
#8269 = CARTESIAN_POINT('',(-63.26485706087,7.176609305125,
    103.0006843067));
#8270 = CARTESIAN_POINT('',(-63.1163831532,8.448453415673,
    103.84219737803));
#8271 = CARTESIAN_POINT('',(-62.93747864869,9.721394626022,
    104.67889059671));
#8272 = CARTESIAN_POINT('',(-62.72779896564,10.994899055513,
    105.51033625264));
#8273 = CARTESIAN_POINT('',(-62.48697978384,12.268401506131,
    106.33608163318));
#8274 = CARTESIAN_POINT('',(-62.21463749181,13.541305417383,
    107.15564907415));
#8275 = CARTESIAN_POINT('',(-61.51249864444,16.475871405883,
    109.03149459127));
#8276 = CARTESIAN_POINT('',(-61.06004473735,18.136633329739,
    110.08301126807));
#8277 = CARTESIAN_POINT('',(-60.55210553477,19.793885599826,
    111.12197629291));
#8278 = CARTESIAN_POINT('',(-59.98773301643,21.446082898487,
    112.14716069448));
#8279 = CARTESIAN_POINT('',(-59.36595165991,23.091519404029,
    113.15722084188));
#8280 = CARTESIAN_POINT('',(-58.68576854241,24.72832971573,
    114.15070092524));
#8281 = CARTESIAN_POINT('',(-56.98159033591,28.475342595091,
    116.39807205792));
#8282 = CARTESIAN_POINT('',(-55.91601516525,30.577938365878,
    117.63915788526));
#8283 = CARTESIAN_POINT('',(-54.74719252906,32.657882661218,
    118.84587686952));
#8284 = CARTESIAN_POINT('',(-53.47297546559,34.709929814068,
    120.01425323222));
#8285 = CARTESIAN_POINT('',(-52.09149143787,36.728028748421,
    121.13981131352));
#8286 = CARTESIAN_POINT('',(-50.60131205925,38.705372781916,
    122.21764065003));
#8287 = CARTESIAN_POINT('',(-47.71802102794,42.182371912375,
    124.06479633862));
#8288 = CARTESIAN_POINT('',(-46.36398445324,43.699123408338,
    124.85295098398));
#8289 = CARTESIAN_POINT('',(-44.93919399677,45.18073819292,
    125.60415795009));
#8290 = CARTESIAN_POINT('',(-43.44374667578,46.622815569935,
    126.31542926095));
#8291 = CARTESIAN_POINT('',(-41.87827046604,48.020587450352,
    126.98362317873));
#8292 = CARTESIAN_POINT('',(-40.24407619721,49.369010948551,
    127.60553524698));
#8293 = CARTESIAN_POINT('',(-35.84301503673,52.717253685471,
    129.08697747114));
#8294 = CARTESIAN_POINT('',(-32.97303888856,54.635571245659,
    129.87197064177));
#8295 = CARTESIAN_POINT('',(-29.94468928746,56.39447297196,
    130.51909641942));
#8296 = CARTESIAN_POINT('',(-26.77379347644,57.972043158952,
    131.0162826855));
#8297 = CARTESIAN_POINT('',(-23.48130552128,59.348781074665,
    131.35404505247));
#8298 = CARTESIAN_POINT('',(-20.0940144898,60.508729370029,
    131.52638718798));
#8299 = CARTESIAN_POINT('',(-16.64654640469,61.442744250989,
    131.53340076649));
#8300 = ORIENTED_EDGE('',*,*,#8301,.F.);
#8301 = EDGE_CURVE('',#8302,#8235,#8304,.T.);
#8302 = VERTEX_POINT('',#8303);
#8303 = CARTESIAN_POINT('',(-14.83084950824,-61.90609203592,
    87.720639142352));
#8304 = B_SPLINE_CURVE_WITH_KNOTS('',7,(#8305,#8306,#8307,#8308,#8309,
    #8310,#8311,#8312,#8313,#8314,#8315,#8316,#8317,#8318,#8319,#8320,
    #8321,#8322,#8323,#8324,#8325,#8326,#8327,#8328,#8329,#8330,#8331,
    #8332,#8333,#8334,#8335,#8336),.UNSPECIFIED.,.F.,.F.,(8,6,6,6,6,8),(
    0.,0.223640407521,0.490641369241,0.658744123641,0.789409056819,1.),
  .UNSPECIFIED.);
#8305 = CARTESIAN_POINT('',(-14.83084950824,-61.90609203592,
    87.720639142352));
#8306 = CARTESIAN_POINT('',(-17.62050564331,-61.23777379843,
    85.69295784182));
#8307 = CARTESIAN_POINT('',(-20.37319426864,-60.42323321111,
    83.663765272683));
#8308 = CARTESIAN_POINT('',(-23.08398318886,-59.46401926721,
    81.636713672456));
#8309 = CARTESIAN_POINT('',(-25.74751745599,-58.36113873572,
    79.615644790146));
#8310 = CARTESIAN_POINT('',(-28.35807401309,-57.11522028186,
    77.604582600061));
#8311 = CARTESIAN_POINT('',(-30.90955556303,-55.72650825565,
    75.607736352747));
#8312 = CARTESIAN_POINT('',(-36.36326467341,-52.3658664803,
    71.267743626533));
#8313 = CARTESIAN_POINT('',(-39.23679730151,-50.33354741642,
    68.933144139247));
#8314 = CARTESIAN_POINT('',(-42.00552967628,-48.09703640635,
    66.632754836379));
#8315 = CARTESIAN_POINT('',(-44.65622405331,-45.65537480719,
    64.375441821657));
#8316 = CARTESIAN_POINT('',(-47.17323137078,-43.00793444066,
    62.171778638498));
#8317 = CARTESIAN_POINT('',(-49.5386928757,-40.15474856685,
    60.033969129032));
#8318 = CARTESIAN_POINT('',(-53.11308588735,-35.17007742729,
    56.680355167223));
#8319 = CARTESIAN_POINT('',(-54.42557136993,-33.16313040102,
    55.416614113745));
#8320 = CARTESIAN_POINT('',(-55.66439590597,-31.0753059147,
    54.188382819893));
#8321 = CARTESIAN_POINT('',(-56.82364609192,-28.90739969795,
    52.99984584404));
#8322 = CARTESIAN_POINT('',(-57.89680579985,-26.66089605822,
    51.855725431448));
#8323 = CARTESIAN_POINT('',(-58.87689713458,-24.33810154611,
    50.76120970121));
#8324 = CARTESIAN_POINT('',(-60.44043543654,-20.08003148412,
    48.914012274188));
#8325 = CARTESIAN_POINT('',(-61.06356610946,-18.17377277601,
    48.139536552969));
#8326 = CARTESIAN_POINT('',(-61.62256460543,-16.22516611636,
    47.401113710176));
#8327 = CARTESIAN_POINT('',(-62.11382561796,-14.23642359512,
    46.701611056492));
#8328 = CARTESIAN_POINT('',(-62.53369767264,-12.21036773276,
    46.044039152422));
#8329 = CARTESIAN_POINT('',(-62.87862924634,-10.15051063632,
    45.43146649357));
#8330 = CARTESIAN_POINT('',(-63.57523878742,-4.693766258597,
    43.957019796647));
#8331 = CARTESIAN_POINT('',(-63.80228318445,-1.247406990592,
    43.171218068258));
#8332 = CARTESIAN_POINT('',(-63.81187377263,2.256504666351,
    42.52340723518));
#8333 = CARTESIAN_POINT('',(-63.59291822195,5.793302215984,
    42.025677781845));
#8334 = CARTESIAN_POINT('',(-63.13897742831,9.3350589385,41.687538642571
    ));
#8335 = CARTESIAN_POINT('',(-62.44960935853,12.850530593928,
    41.515009824425));
#8336 = CARTESIAN_POINT('',(-61.53425060116,16.305040056649,
    41.50799237201));
#8337 = ORIENTED_EDGE('',*,*,#8338,.F.);
#8338 = EDGE_CURVE('',#8339,#8302,#8341,.T.);
#8339 = VERTEX_POINT('',#8340);
#8340 = CARTESIAN_POINT('',(16.305040053751,-61.53425060193,
    108.9187954924));
#8341 = B_SPLINE_CURVE_WITH_KNOTS('',8,(#8342,#8343,#8344,#8345,#8346,
    #8347,#8348,#8349,#8350),.UNSPECIFIED.,.F.,.F.,(9,9),(0.,1.),
  .PIECEWISE_BEZIER_KNOTS.);
#8342 = CARTESIAN_POINT('',(16.305040053751,-61.53425060193,
    108.9187954924));
#8343 = CARTESIAN_POINT('',(12.363314177995,-62.57870954401,
    106.41769590488));
#8344 = CARTESIAN_POINT('',(8.406253106882,-63.31840365086,
    103.85034634822));
#8345 = CARTESIAN_POINT('',(4.450194750751,-63.76576313857,
    101.23018071012));
#8346 = CARTESIAN_POINT('',(0.510257427482,-63.93043158276,
    98.569289890553));
#8347 = CARTESIAN_POINT('',(-3.399747908957,-63.82074657258,
    95.878632831234));
#8348 = CARTESIAN_POINT('',(-7.267285320904,-63.44361557389,
    93.168035890792));
#8349 = CARTESIAN_POINT('',(-11.08105204444,-62.8044314407,
    90.446205961339));
#8350 = CARTESIAN_POINT('',(-14.83084950824,-61.90609203592,
    87.720639142352));
#8351 = ORIENTED_EDGE('',*,*,#8352,.F.);
#8352 = EDGE_CURVE('',#8216,#8339,#8353,.T.);
#8353 = B_SPLINE_CURVE_WITH_KNOTS('',4,(#8354,#8355,#8356,#8357,#8358),
  .UNSPECIFIED.,.F.,.F.,(5,5),(0.,1.),.PIECEWISE_BEZIER_KNOTS.);
#8354 = CARTESIAN_POINT('',(16.305040053751,-61.53425060193,
    134.3041908183));
#8355 = CARTESIAN_POINT('',(16.305040053751,-61.53425060193,
    110.3041905183));
#8356 = CARTESIAN_POINT('',(16.305040053751,-61.53425060193,
    86.304190218308));
#8357 = CARTESIAN_POINT('',(16.305040053751,-61.53425060193,
    62.304189918308));
#8358 = CARTESIAN_POINT('',(16.305040053751,-61.53425060193,
    38.304189618308));
#8359 = CYLINDRICAL_SURFACE('',#8360,63.657822208242);
#8360 = AXIS2_PLACEMENT_3D('',#8361,#8362,#8363);
#8361 = CARTESIAN_POINT('',(0.,0.,38.304190218308));
#8362 = DIRECTION('',(0.,0.,1.));
#8363 = DIRECTION('',(1.,0.,-0.));
#8364 = ADVANCED_FACE('',(#8365),#8380,.T.);
#8365 = FACE_BOUND('',#8366,.T.);
#8366 = EDGE_LOOP('',(#8367,#8368,#8375));
#8367 = ORIENTED_EDGE('',*,*,#8213,.T.);
#8368 = ORIENTED_EDGE('',*,*,#8369,.T.);
#8369 = EDGE_CURVE('',#8216,#8370,#8372,.T.);
#8370 = VERTEX_POINT('',#8371);
#8371 = CARTESIAN_POINT('',(-0.144337567297,-0.144337567297,
    134.3041902183));
#8372 = B_SPLINE_CURVE_WITH_KNOTS('',1,(#8373,#8374),.UNSPECIFIED.,.F.,
  .F.,(2,2),(0.,1.),.PIECEWISE_BEZIER_KNOTS.);
#8373 = CARTESIAN_POINT('',(16.87404935073,-63.65782220824,
    134.3041902183));
#8374 = CARTESIAN_POINT('',(-17.24007475451,63.657822208242,
    134.3041902183));
#8375 = ORIENTED_EDGE('',*,*,#8376,.T.);
#8376 = EDGE_CURVE('',#8370,#8214,#8377,.T.);
#8377 = B_SPLINE_CURVE_WITH_KNOTS('',1,(#8378,#8379),.UNSPECIFIED.,.F.,
  .F.,(2,2),(0.,1.),.PIECEWISE_BEZIER_KNOTS.);
#8378 = CARTESIAN_POINT('',(16.305040053751,-4.551935016852,
    134.3041902183));
#8379 = CARTESIAN_POINT('',(-63.65782220824,16.87404935073,
    134.3041902183));
#8380 = PLANE('',#8381);
#8381 = AXIS2_PLACEMENT_3D('',#8382,#8383,#8384);
#8382 = CARTESIAN_POINT('',(0.,0.,134.3041902183));
#8383 = DIRECTION('',(0.,0.,1.));
#8384 = DIRECTION('',(1.,0.,-0.));
#8385 = ADVANCED_FACE('',(#8386),#8409,.F.);
#8386 = FACE_BOUND('',#8387,.F.);
#8387 = EDGE_LOOP('',(#8388,#8389,#8390,#8397,#8404));
#8388 = ORIENTED_EDGE('',*,*,#8352,.F.);
#8389 = ORIENTED_EDGE('',*,*,#8369,.T.);
#8390 = ORIENTED_EDGE('',*,*,#8391,.T.);
#8391 = EDGE_CURVE('',#8370,#8392,#8394,.T.);
#8392 = VERTEX_POINT('',#8393);
#8393 = CARTESIAN_POINT('',(-0.144337567297,-0.144337567297,
    131.26534243145));
#8394 = B_SPLINE_CURVE_WITH_KNOTS('',1,(#8395,#8396),.UNSPECIFIED.,.F.,
  .F.,(2,2),(0.,1.),.PIECEWISE_BEZIER_KNOTS.);
#8395 = CARTESIAN_POINT('',(-0.144337567297,-0.144337567297,
    151.33383967311));
#8396 = CARTESIAN_POINT('',(-0.144337567297,-0.144337567297,
    58.537640584492));
#8397 = ORIENTED_EDGE('',*,*,#8398,.F.);
#8398 = EDGE_CURVE('',#8399,#8392,#8401,.T.);
#8399 = VERTEX_POINT('',#8400);
#8400 = CARTESIAN_POINT('',(10.791724217421,-40.95827578257,
    101.38746600088));
#8401 = B_SPLINE_CURVE_WITH_KNOTS('',1,(#8402,#8403),.UNSPECIFIED.,.F.,
  .F.,(2,2),(0.,1.),.PIECEWISE_BEZIER_KNOTS.);
#8402 = CARTESIAN_POINT('',(10.844555433772,-41.15544456622,
    101.24312843358));
#8403 = CARTESIAN_POINT('',(-0.197168783649,5.283121635129E-02,
    131.40967999874));
#8404 = ORIENTED_EDGE('',*,*,#8405,.T.);
#8405 = EDGE_CURVE('',#8399,#8339,#8406,.T.);
#8406 = B_SPLINE_CURVE_WITH_KNOTS('',1,(#8407,#8408),.UNSPECIFIED.,.F.,
  .F.,(2,2),(0.,1.),.PIECEWISE_BEZIER_KNOTS.);
#8407 = CARTESIAN_POINT('',(-3.810451796465,13.537787002308,
    81.440522615386));
#8408 = CARTESIAN_POINT('',(21.469229378137,-80.80726754044,
    115.97320929946));
#8409 = B_SPLINE_SURFACE_WITH_KNOTS('',1,1,(
    (#8410,#8411)
    ,(#8412,#8413
    )),.UNSPECIFIED.,.F.,.F.,.F.,(2,2),(2,2),(0.,509.26257766593),(0.,
    509.26257766593),.PIECEWISE_BEZIER_KNOTS.);
#8410 = CARTESIAN_POINT('',(46.430006980146,-173.9621577475,
    -225.5541748756));
#8411 = CARTESIAN_POINT('',(-80.88563743633,301.18629581311,
    -93.74732081775));
#8412 = CARTESIAN_POINT('',(80.544131085391,-301.277802164,
    266.35570125436));
#8413 = CARTESIAN_POINT('',(-46.77151333109,173.87065139663,
    398.16255531231));
#8414 = ADVANCED_FACE('',(#8415),#8432,.F.);
#8415 = FACE_BOUND('',#8416,.F.);
#8416 = EDGE_LOOP('',(#8417,#8418,#8419,#8420,#8427));
#8417 = ORIENTED_EDGE('',*,*,#8301,.F.);
#8418 = ORIENTED_EDGE('',*,*,#8338,.F.);
#8419 = ORIENTED_EDGE('',*,*,#8405,.F.);
#8420 = ORIENTED_EDGE('',*,*,#8421,.F.);
#8421 = EDGE_CURVE('',#8422,#8399,#8424,.T.);
#8422 = VERTEX_POINT('',#8423);
#8423 = CARTESIAN_POINT('',(-30.02221399786,-30.02221399786,
    71.509589570324));
#8424 = B_SPLINE_CURVE_WITH_KNOTS('',1,(#8425,#8426),.UNSPECIFIED.,.F.,
  .F.,(2,2),(0.,1.),.PIECEWISE_BEZIER_KNOTS.);
#8425 = CARTESIAN_POINT('',(-30.02221494427,-30.02221374427,
    71.509588877503));
#8426 = CARTESIAN_POINT('',(10.791725163831,-40.95827603616,
    101.3874666937));
#8427 = ORIENTED_EDGE('',*,*,#8428,.F.);
#8428 = EDGE_CURVE('',#8235,#8422,#8429,.T.);
#8429 = B_SPLINE_CURVE_WITH_KNOTS('',1,(#8430,#8431),.UNSPECIFIED.,.F.,
  .F.,(2,2),(0.,1.),.PIECEWISE_BEZIER_KNOTS.);
#8430 = CARTESIAN_POINT('',(-66.92523233321,-66.92523233321,
    53.058080402645));
#8431 = CARTESIAN_POINT('',(20.096528814065,20.096528814065,
    96.568960976286));
#8432 = B_SPLINE_SURFACE_WITH_KNOTS('',1,1,(
    (#8433,#8434)
    ,(#8435,#8436
    )),.UNSPECIFIED.,.F.,.F.,.F.,(2,2),(2,2),(0.,509.26257766593),(0.,
    509.26257766593),.PIECEWISE_BEZIER_KNOTS.);
#8433 = CARTESIAN_POINT('',(-222.815618353,-263.1562720447,
    -17.50426057906));
#8434 = CARTESIAN_POINT('',(-199.4527623012,239.84624720925,
    -93.60298325045));
#8435 = CARTESIAN_POINT('',(199.25559351759,-239.7934159929,
    266.50003882166));
#8436 = CARTESIAN_POINT('',(222.6184495694,263.20910326106,
    190.40131615027));
#8437 = ADVANCED_FACE('',(#8438),#8454,.F.);
#8438 = FACE_BOUND('',#8439,.F.);
#8439 = EDGE_LOOP('',(#8440,#8441,#8442,#8449));
#8440 = ORIENTED_EDGE('',*,*,#8234,.F.);
#8441 = ORIENTED_EDGE('',*,*,#8428,.T.);
#8442 = ORIENTED_EDGE('',*,*,#8443,.F.);
#8443 = EDGE_CURVE('',#8444,#8422,#8446,.T.);
#8444 = VERTEX_POINT('',#8445);
#8445 = CARTESIAN_POINT('',(-40.95827578257,10.791724217421,
    101.38746600088));
#8446 = B_SPLINE_CURVE_WITH_KNOTS('',1,(#8447,#8448),.UNSPECIFIED.,.F.,
  .F.,(2,2),(0.,1.),.PIECEWISE_BEZIER_KNOTS.);
#8447 = CARTESIAN_POINT('',(-41.01110699893,10.98889300107,
    101.53180356818));
#8448 = CARTESIAN_POINT('',(-29.9693827815,-30.2193827815,
    71.365252003026));
#8449 = ORIENTED_EDGE('',*,*,#8450,.T.);
#8450 = EDGE_CURVE('',#8444,#8225,#8451,.T.);
#8451 = B_SPLINE_CURVE_WITH_KNOTS('',1,(#8452,#8453),.UNSPECIFIED.,.F.,
  .F.,(2,2),(0.,1.),.PIECEWISE_BEZIER_KNOTS.);
#8452 = CARTESIAN_POINT('',(19.41307810365,-5.384731302368,
    79.290016817666));
#8453 = CARTESIAN_POINT('',(-62.91035011909,16.673764808079,
    109.42248287381));
#8454 = B_SPLINE_SURFACE_WITH_KNOTS('',1,1,(
    (#8455,#8456)
    ,(#8457,#8458
    )),.UNSPECIFIED.,.F.,.F.,.F.,(2,2),(2,2),(0.,509.26257766593),(0.,
    509.26257766593),.PIECEWISE_BEZIER_KNOTS.);
#8455 = CARTESIAN_POINT('',(-263.1562720447,-222.815618353,
    -17.50426057906));
#8456 = CARTESIAN_POINT('',(-239.7934159929,199.25559351759,
    266.50003882166));
#8457 = CARTESIAN_POINT('',(239.84624720925,-199.4527623012,
    -93.60298325045));
#8458 = CARTESIAN_POINT('',(263.20910326106,222.6184495694,
    190.40131615027));
#8459 = ADVANCED_FACE('',(#8460),#8471,.F.);
#8460 = FACE_BOUND('',#8461,.F.);
#8461 = EDGE_LOOP('',(#8462,#8463,#8464,#8469,#8470));
#8462 = ORIENTED_EDGE('',*,*,#8224,.F.);
#8463 = ORIENTED_EDGE('',*,*,#8450,.F.);
#8464 = ORIENTED_EDGE('',*,*,#8465,.F.);
#8465 = EDGE_CURVE('',#8392,#8444,#8466,.T.);
#8466 = B_SPLINE_CURVE_WITH_KNOTS('',1,(#8467,#8468),.UNSPECIFIED.,.F.,
  .F.,(2,2),(0.,1.),.PIECEWISE_BEZIER_KNOTS.);
#8467 = CARTESIAN_POINT('',(-0.144337094092,-0.144337694092,
    131.26534277786));
#8468 = CARTESIAN_POINT('',(-40.95827625578,10.791724344216,
    101.38746565447));
#8469 = ORIENTED_EDGE('',*,*,#8391,.F.);
#8470 = ORIENTED_EDGE('',*,*,#8376,.T.);
#8471 = B_SPLINE_SURFACE_WITH_KNOTS('',1,1,(
    (#8472,#8473)
    ,(#8474,#8475
    )),.UNSPECIFIED.,.F.,.F.,.F.,(2,2),(2,2),(0.,509.26257766593),(0.,
    509.26257766593),.PIECEWISE_BEZIER_KNOTS.);
#8472 = CARTESIAN_POINT('',(-173.9621577475,46.430006980146,
    -225.5541748756));
#8473 = CARTESIAN_POINT('',(-301.277802164,80.544131085391,
    266.35570125436));
#8474 = CARTESIAN_POINT('',(301.18629581311,-80.88563743633,
    -93.74732081775));
#8475 = CARTESIAN_POINT('',(173.87065139663,-46.77151333109,
    398.16255531231));
#8476 = ADVANCED_FACE('',(#8477),#8483,.F.);
#8477 = FACE_BOUND('',#8478,.F.);
#8478 = EDGE_LOOP('',(#8479,#8480,#8481,#8482));
#8479 = ORIENTED_EDGE('',*,*,#8398,.T.);
#8480 = ORIENTED_EDGE('',*,*,#8465,.T.);
#8481 = ORIENTED_EDGE('',*,*,#8443,.T.);
#8482 = ORIENTED_EDGE('',*,*,#8421,.T.);
#8483 = B_SPLINE_SURFACE_WITH_KNOTS('',1,1,(
    (#8484,#8485)
    ,(#8486,#8487
    )),.UNSPECIFIED.,.F.,.F.,.F.,(2,2),(2,2),(0.,52.25),(0.,52.25),
  .PIECEWISE_BEZIER_KNOTS.);
#8484 = CARTESIAN_POINT('',(-30.16655156515,-30.16655156515,
    71.220914435729));
#8485 = CARTESIAN_POINT('',(-41.20827578257,11.041724217421,
    101.38746600088));
#8486 = CARTESIAN_POINT('',(11.041724217421,-41.20827578257,
    101.38746600088));
#8487 = CARTESIAN_POINT('',(4.996003610813E-16,4.996003610813E-16,
    131.55401756604));
#8488 = MANIFOLD_SOLID_BREP('',#8489);
#8489 = CLOSED_SHELL('',(#8490,#8530,#8568,#8778,#8810,#8826,#8884));
#8490 = ADVANCED_FACE('',(#8491),#8525,.F.);
#8491 = FACE_BOUND('',#8492,.F.);
#8492 = EDGE_LOOP('',(#8493,#8502,#8511,#8520));
#8493 = ORIENTED_EDGE('',*,*,#8494,.F.);
#8494 = EDGE_CURVE('',#8495,#8497,#8499,.T.);
#8495 = VERTEX_POINT('',#8496);
#8496 = CARTESIAN_POINT('',(61.534250601935,-16.30504005375,
    38.304190218308));
#8497 = VERTEX_POINT('',#8498);
#8498 = CARTESIAN_POINT('',(0.144337567297,0.144337567297,
    38.304190218308));
#8499 = B_SPLINE_CURVE_WITH_KNOTS('',1,(#8500,#8501),.UNSPECIFIED.,.F.,
  .F.,(2,2),(0.,1.),.PIECEWISE_BEZIER_KNOTS.);
#8500 = CARTESIAN_POINT('',(63.657822208242,-16.87404935073,
    38.304190218308));
#8501 = CARTESIAN_POINT('',(-16.30504005375,4.551935016852,
    38.304190218308));
#8502 = ORIENTED_EDGE('',*,*,#8503,.T.);
#8503 = EDGE_CURVE('',#8495,#8504,#8506,.T.);
#8504 = VERTEX_POINT('',#8505);
#8505 = CARTESIAN_POINT('',(63.657822208242,-1.55916696416E-14,
    38.304190218308));
#8506 = CIRCLE('',#8507,63.657822208242);
#8507 = AXIS2_PLACEMENT_3D('',#8508,#8509,#8510);
#8508 = CARTESIAN_POINT('',(0.,0.,38.304190218308));
#8509 = DIRECTION('',(0.,0.,1.));
#8510 = DIRECTION('',(1.,0.,-0.));
#8511 = ORIENTED_EDGE('',*,*,#8512,.T.);
#8512 = EDGE_CURVE('',#8504,#8513,#8515,.T.);
#8513 = VERTEX_POINT('',#8514);
#8514 = CARTESIAN_POINT('',(-16.30504005375,61.534250601935,
    38.304190218308));
#8515 = CIRCLE('',#8516,63.657822208242);
#8516 = AXIS2_PLACEMENT_3D('',#8517,#8518,#8519);
#8517 = CARTESIAN_POINT('',(0.,0.,38.304190218308));
#8518 = DIRECTION('',(0.,0.,1.));
#8519 = DIRECTION('',(1.,0.,-0.));
#8520 = ORIENTED_EDGE('',*,*,#8521,.F.);
#8521 = EDGE_CURVE('',#8497,#8513,#8522,.T.);
#8522 = B_SPLINE_CURVE_WITH_KNOTS('',1,(#8523,#8524),.UNSPECIFIED.,.F.,
  .F.,(2,2),(0.,1.),.PIECEWISE_BEZIER_KNOTS.);
#8523 = CARTESIAN_POINT('',(17.240074754515,-63.65782220824,
    38.304190218308));
#8524 = CARTESIAN_POINT('',(-16.87404935073,63.657822208242,
    38.304190218308));
#8525 = PLANE('',#8526);
#8526 = AXIS2_PLACEMENT_3D('',#8527,#8528,#8529);
#8527 = CARTESIAN_POINT('',(0.,0.,38.304190218308));
#8528 = DIRECTION('',(0.,0.,1.));
#8529 = DIRECTION('',(1.,0.,-0.));
#8530 = ADVANCED_FACE('',(#8531),#8563,.F.);
#8531 = FACE_BOUND('',#8532,.F.);
#8532 = EDGE_LOOP('',(#8533,#8542,#8550,#8551,#8558));
#8533 = ORIENTED_EDGE('',*,*,#8534,.F.);
#8534 = EDGE_CURVE('',#8535,#8537,#8539,.T.);
#8535 = VERTEX_POINT('',#8536);
#8536 = CARTESIAN_POINT('',(61.534250607664,-16.30504005528,
    63.689584942119));
#8537 = VERTEX_POINT('',#8538);
#8538 = CARTESIAN_POINT('',(40.958275782579,-10.79172421742,
    71.220914435729));
#8539 = B_SPLINE_CURVE_WITH_KNOTS('',1,(#8540,#8541),.UNSPECIFIED.,.F.,
  .F.,(2,2),(0.,1.),.PIECEWISE_BEZIER_KNOTS.);
#8540 = CARTESIAN_POINT('',(91.583977345507,-24.35684006746,
    52.690621579288));
#8541 = CARTESIAN_POINT('',(-27.46090524818,7.541140086571,
    96.264072799115));
#8542 = ORIENTED_EDGE('',*,*,#8543,.T.);
#8543 = EDGE_CURVE('',#8535,#8495,#8544,.T.);
#8544 = B_SPLINE_CURVE_WITH_KNOTS('',4,(#8545,#8546,#8547,#8548,#8549),
  .UNSPECIFIED.,.F.,.F.,(5,5),(0.,1.),.PIECEWISE_BEZIER_KNOTS.);
#8545 = CARTESIAN_POINT('',(61.534250601935,-16.30504005375,
    74.437494428457));
#8546 = CARTESIAN_POINT('',(61.534250601935,-16.30504005375,
    65.404168225919));
#8547 = CARTESIAN_POINT('',(61.534250601935,-16.30504005375,
    56.370842023382));
#8548 = CARTESIAN_POINT('',(61.534250601935,-16.30504005375,
    47.337515820845));
#8549 = CARTESIAN_POINT('',(61.534250601935,-16.30504005375,
    38.304189618308));
#8550 = ORIENTED_EDGE('',*,*,#8494,.T.);
#8551 = ORIENTED_EDGE('',*,*,#8552,.F.);
#8552 = EDGE_CURVE('',#8553,#8497,#8555,.T.);
#8553 = VERTEX_POINT('',#8554);
#8554 = CARTESIAN_POINT('',(0.144337567297,0.144337567297,
    41.343038005166));
#8555 = B_SPLINE_CURVE_WITH_KNOTS('',1,(#8556,#8557),.UNSPECIFIED.,.F.,
  .F.,(2,2),(0.,1.),.PIECEWISE_BEZIER_KNOTS.);
#8556 = CARTESIAN_POINT('',(0.144337567297,0.144337567297,
    82.542759330109));
#8557 = CARTESIAN_POINT('',(0.144337567297,0.144337567297,21.21984586363
    ));
#8558 = ORIENTED_EDGE('',*,*,#8559,.T.);
#8559 = EDGE_CURVE('',#8553,#8537,#8560,.T.);
#8560 = B_SPLINE_CURVE_WITH_KNOTS('',1,(#8561,#8562),.UNSPECIFIED.,.F.,
  .F.,(2,2),(0.,1.),.PIECEWISE_BEZIER_KNOTS.);
#8561 = CARTESIAN_POINT('',(0.144336620887,0.144337820887,
    41.343037312345));
#8562 = CARTESIAN_POINT('',(40.958276728989,-10.79172447101,
    71.220915128549));
#8563 = B_SPLINE_SURFACE_WITH_KNOTS('',1,1,(
    (#8564,#8565)
    ,(#8566,#8567
    )),.UNSPECIFIED.,.F.,.F.,.F.,(2,2),(2,2),(0.,509.26257766593),(0.,
    509.26257766593),.PIECEWISE_BEZIER_KNOTS.);
#8564 = CARTESIAN_POINT('',(-173.8706513966,46.771513331092,
    398.16255531231));
#8565 = CARTESIAN_POINT('',(-301.1862958131,80.885637436337,
    -93.74732081775));
#8566 = CARTESIAN_POINT('',(301.27780216405,-80.54413108539,
    266.35570125436));
#8567 = CARTESIAN_POINT('',(173.96215774757,-46.43000698014,
    -225.5541748756));
#8568 = ADVANCED_FACE('',(#8569),#8773,.F.);
#8569 = FACE_BOUND('',#8570,.F.);
#8570 = EDGE_LOOP('',(#8571,#8690,#8691,#8698,#8705));
#8571 = ORIENTED_EDGE('',*,*,#8572,.F.);
#8572 = EDGE_CURVE('',#8535,#8573,#8575,.T.);
#8573 = VERTEX_POINT('',#8574);
#8574 = CARTESIAN_POINT('',(63.657822208242,-1.55916696416E-14,
    74.437493828457));
#8575 = B_SPLINE_CURVE_WITH_KNOTS('',8,(#8576,#8577,#8578,#8579,#8580,
    #8581,#8582,#8583,#8584,#8585,#8586,#8587,#8588,#8589,#8590,#8591,
    #8592,#8593,#8594,#8595,#8596,#8597,#8598,#8599,#8600,#8601,#8602,
    #8603,#8604,#8605,#8606,#8607,#8608,#8609,#8610,#8611,#8612,#8613,
    #8614,#8615,#8616,#8617,#8618,#8619,#8620,#8621,#8622,#8623,#8624,
    #8625,#8626,#8627,#8628,#8629,#8630,#8631,#8632,#8633,#8634,#8635,
    #8636,#8637,#8638,#8639,#8640,#8641,#8642,#8643,#8644,#8645,#8646,
    #8647,#8648,#8649,#8650,#8651,#8652,#8653,#8654,#8655,#8656,#8657,
    #8658,#8659,#8660,#8661,#8662,#8663,#8664,#8665,#8666,#8667,#8668,
    #8669,#8670,#8671,#8672,#8673,#8674,#8675,#8676,#8677,#8678,#8679,
    #8680,#8681,#8682,#8683,#8684,#8685,#8686,#8687,#8688,#8689),
  .UNSPECIFIED.,.F.,.F.,(9,7,7,7,7,7,7,7,7,7,7,7,7,7,7,7,9),(0.,
    7.228398775116E-02,0.12546637095,0.164965633747,0.268931279461,
    0.37090188991,0.410699252592,0.462739636346,0.530611246496,
    0.585072335388,0.632924809571,0.672795369963,0.729375016578,
    0.758127741703,0.809505258877,0.872565501811,1.),.UNSPECIFIED.);
#8576 = CARTESIAN_POINT('',(-47.93512791562,41.887251521303,
    123.46994597915));
#8577 = CARTESIAN_POINT('',(-49.48307973255,40.115799214049,
    122.54331639691));
#8578 = CARTESIAN_POINT('',(-50.9376857318,38.300174086549,
    121.56943274707));
#8579 = CARTESIAN_POINT('',(-52.29931382767,36.446283778052,
    120.55239735525));
#8580 = CARTESIAN_POINT('',(-53.56879436943,34.55958559398,
    119.49608959484));
#8581 = CARTESIAN_POINT('',(-54.7473184681,32.645053581724,
    118.40412479183));
#8582 = CARTESIAN_POINT('',(-55.83634083576,30.707147738216,
    117.27981541157));
#8583 = CARTESIAN_POINT('',(-56.83748713713,28.749785349302,
    116.12613452734));
#8584 = CARTESIAN_POINT('',(-58.42565434595,25.324348565202,
    114.07717246621));
#8585 = CARTESIAN_POINT('',(-59.05216382405,23.863738054085,
    113.19421612695));
#8586 = CARTESIAN_POINT('',(-59.63266590343,22.395853373904,
    112.29787149947));
#8587 = CARTESIAN_POINT('',(-60.16782529685,20.921976645442,
    111.38913593944));
#8588 = CARTESIAN_POINT('',(-60.65829879586,19.443301633917,
    110.46894500486));
#8589 = CARTESIAN_POINT('',(-61.10473198157,17.960933457065,
    109.53817165472));
#8590 = CARTESIAN_POINT('',(-61.50775366518,16.47588803128,
    108.59762485326));
#8591 = CARTESIAN_POINT('',(-62.13550407473,13.88482753113,
    106.94278391885));
#8592 = CARTESIAN_POINT('',(-62.37942345494,12.779611118851,
    106.23254741574));
#8593 = CARTESIAN_POINT('',(-62.5999729482,11.673827736334,
    105.51764667861));
#8594 = CARTESIAN_POINT('',(-62.7973902193,10.567847675051,
    104.79837811689));
#8595 = CARTESIAN_POINT('',(-62.97190367926,9.462025816585,
    104.07502592136));
#8596 = CARTESIAN_POINT('',(-63.12373231655,8.356701648599,
    103.34786204405));
#8597 = CARTESIAN_POINT('',(-63.25308552817,7.25219928082,
    102.61714617834));
#8598 = CARTESIAN_POINT('',(-63.64200044839,3.244652659102,
    99.951117302643));
#8599 = CARTESIAN_POINT('',(-63.76948602822,0.348589747825,
    97.996401029178));
#8600 = CARTESIAN_POINT('',(-63.74633555104,-2.534043756464,
    96.023288899473));
#8601 = CARTESIAN_POINT('',(-63.57562986195,-5.398094172605,
    94.035864776999));
#8602 = CARTESIAN_POINT('',(-63.25998517475,-8.238593240971,
    92.038000846545));
#8603 = CARTESIAN_POINT('',(-62.801599145,-11.05076269556,
    90.033362923375));
#8604 = CARTESIAN_POINT('',(-62.20220009856,-13.83000359382,
    88.025408449245));
#8605 = CARTESIAN_POINT('',(-60.73783985246,-19.26112602699,
    84.047886316673));
#8606 = CARTESIAN_POINT('',(-59.87831276007,-21.91399258367,
    82.078640386509));
#8607 = CARTESIAN_POINT('',(-58.88549272978,-24.52630222719,
    80.11270104247));
#8608 = CARTESIAN_POINT('',(-57.76012784492,-27.09348145836,
    78.15332895136));
#8609 = CARTESIAN_POINT('',(-56.50267327077,-29.61058967218,
    76.203981910159));
#8610 = CARTESIAN_POINT('',(-55.11333704425,-32.07233491673,
    74.268312462655));
#8611 = CARTESIAN_POINT('',(-53.59204450852,-34.47305801568,
    72.350172235016));
#8612 = CARTESIAN_POINT('',(-51.29287268403,-37.71744449344,
    69.713437413146));
#8613 = CARTESIAN_POINT('',(-50.62729055543,-38.61796376861,
    68.976561326216));
#8614 = CARTESIAN_POINT('',(-49.94153546581,-39.50785884089,
    68.24324979671));
#8615 = CARTESIAN_POINT('',(-49.23558797324,-40.38673770405,
    67.513767011741));
#8616 = CARTESIAN_POINT('',(-48.50942786685,-41.25418983334,
    66.788389666076));
#8617 = CARTESIAN_POINT('',(-47.76303432054,-42.10978625471,66.067406943
    ));
#8618 = CARTESIAN_POINT('',(-46.99638604672,-42.95307961402,
    65.351120495178));
#8619 = CARTESIAN_POINT('',(-45.18045210779,-44.86962647652,
    63.709755667695));
#8620 = CARTESIAN_POINT('',(-44.11678761854,-45.93379880603,
    62.788248337555));
#8621 = CARTESIAN_POINT('',(-43.01841174112,-46.97509067474,
    61.876016027828));
#8622 = CARTESIAN_POINT('',(-41.88528905189,-47.99238982341,
    60.97381194273));
#8623 = CARTESIAN_POINT('',(-40.71741049451,-48.98450628612,
    60.082447186675));
#8624 = CARTESIAN_POINT('',(-39.51479730135,-49.95017518412,
    59.20278957371));
#8625 = CARTESIAN_POINT('',(-38.27750328651,-50.88805832096,
    58.335762957666));
#8626 = CARTESIAN_POINT('',(-35.34680623479,-52.98186265471,
    56.369313216573));
#8627 = CARTESIAN_POINT('',(-33.62924869147,-54.11725056149,
    55.279494008007));
#8628 = CARTESIAN_POINT('',(-31.8530940263,-55.19982480308,
    54.215023186008));
#8629 = CARTESIAN_POINT('',(-30.01875422345,-56.22616049932,
    53.178315385564));
#8630 = CARTESIAN_POINT('',(-28.12694661299,-57.19253731451,
    52.172042923729));
#8631 = CARTESIAN_POINT('',(-26.17873922795,-58.09498676508,
    51.199111788791));
#8632 = CARTESIAN_POINT('',(-24.17559701123,-58.92934090674,
    50.262636842803));
#8633 = CARTESIAN_POINT('',(-20.46953202197,-60.30267445945,
    48.646375615294));
#8634 = CARTESIAN_POINT('',(-18.78557810744,-60.86741146163,
    47.952468113817));
#8635 = CARTESIAN_POINT('',(-17.06863157593,-61.38324373011,
    47.285925098661));
#8636 = CARTESIAN_POINT('',(-15.32004750067,-61.8478400264,
    46.648586830944));
#8637 = CARTESIAN_POINT('',(-13.54149493133,-62.2588289621,
    46.042378456352));
#8638 = CARTESIAN_POINT('',(-11.73498598937,-62.61385183728,
    45.469279240682));
#8639 = CARTESIAN_POINT('',(-9.902910708028,-62.91062690589,
    44.93128505191));
#8640 = CARTESIAN_POINT('',(-6.418320401037,-63.35473734851,
    43.990227691482));
#8641 = CARTESIAN_POINT('',(-4.770963010703,-63.51584090184,
    43.578704591254));
#8642 = CARTESIAN_POINT('',(-3.10800208691,-63.6288767884,
    43.197156673157));
#8643 = CARTESIAN_POINT('',(-1.431650199826,-63.69250090453,
    42.846906905519));
#8644 = CARTESIAN_POINT('',(0.255657189888,-63.70551678602,
    42.529218208819));
#8645 = CARTESIAN_POINT('',(1.951252893046,-63.66691904417,
    42.245265405815));
#8646 = CARTESIAN_POINT('',(3.652227277227,-63.57594743443,
    41.996100252884));
#8647 = CARTESIAN_POINT('',(6.774507938625,-63.31234119711,
    41.604729641361));
#8648 = CARTESIAN_POINT('',(8.19520890689,-63.15585336324,
    41.451606496802));
#8649 = CARTESIAN_POINT('',(9.615660763262,-62.96242375509,
    41.323760643951));
#8650 = CARTESIAN_POINT('',(11.033982804941,-62.73193405125,
    41.221617090323));
#8651 = CARTESIAN_POINT('',(12.448272045444,-62.46441634227,
    41.145502188378));
#8652 = CARTESIAN_POINT('',(13.85660422578,-62.16006087182,
    41.095638163098));
#8653 = CARTESIAN_POINT('',(15.257035234595,-61.81922708696,
    41.07213530466));
#8654 = CARTESIAN_POINT('',(18.620934348706,-60.90779127208,
    41.079021277415));
#8655 = CARTESIAN_POINT('',(20.574705421908,-60.30067588703,
    41.136123873931));
#8656 = CARTESIAN_POINT('',(22.503134906649,-59.62267097495,
    41.246282750415));
#8657 = CARTESIAN_POINT('',(24.401003078124,-58.87594097724,
    41.408974841841));
#8658 = CARTESIAN_POINT('',(26.263599813784,-58.06315085806,
    41.623241956083));
#8659 = CARTESIAN_POINT('',(28.086684697216,-57.18738635968,
    41.887752542048));
#8660 = CARTESIAN_POINT('',(29.86645914909,-56.2520992988,
    42.200844153346));
#8661 = CARTESIAN_POINT('',(32.480275451089,-54.75745924493,
    42.743340711218));
#8662 = CARTESIAN_POINT('',(33.349002290492,-54.23941402781,
    42.938184128581));
#8663 = CARTESIAN_POINT('',(34.205320377012,-53.7074165205,
    43.144828096756));
#8664 = CARTESIAN_POINT('',(35.048863531855,-53.16194860905,
    43.36301049682));
#8665 = CARTESIAN_POINT('',(35.879307296623,-52.60349693555,
    43.592458326053));
#8666 = CARTESIAN_POINT('',(36.696366106115,-52.03255003599,
    43.832890170231));
#8667 = CARTESIAN_POINT('',(37.49979046114,-51.44959547811,
    44.084018675907));
#8668 = CARTESIAN_POINT('',(39.700233265284,-49.7928584439,
    44.812882131024));
#8669 = CARTESIAN_POINT('',(41.066863980725,-48.69381579571,
    45.313431439933));
#8670 = CARTESIAN_POINT('',(42.388061883216,-47.56072532045,
    45.845550629065));
#8671 = CARTESIAN_POINT('',(43.662987603201,-46.39626611664,
    46.407563455371));
#8672 = CARTESIAN_POINT('',(44.891101083201,-45.20302454003,
    46.997802242421));
#8673 = CARTESIAN_POINT('',(46.072113823541,-43.98346395818,
    47.614637277968));
#8674 = CARTESIAN_POINT('',(47.205949056604,-42.73989983568,
    48.25650111975));
#8675 = CARTESIAN_POINT('',(49.626589012841,-39.9213168749,
    49.738621224602));
#8676 = CARTESIAN_POINT('',(50.889489564506,-38.33529957458,
    50.590764343962));
#8677 = CARTESIAN_POINT('',(52.081683913483,-36.72032198398,
    51.475627842626));
#8678 = CARTESIAN_POINT('',(53.203716144599,-35.08000941982,
    52.390636008795));
#8679 = CARTESIAN_POINT('',(54.256347201816,-33.41770065608,
    53.333369155015));
#8680 = CARTESIAN_POINT('',(55.24050281199,-31.73643096214,
    54.301584733986));
#8681 = CARTESIAN_POINT('',(56.157224149174,-30.03891630302,
    55.29323715901));
#8682 = CARTESIAN_POINT('',(58.726135495471,-24.86912281802,
    58.35412836902));
#8683 = CARTESIAN_POINT('',(60.172996961584,-21.35570053318,
    60.489046390513));
#8684 = CARTESIAN_POINT('',(61.358489760254,-17.80562831057,
    62.696830570967));
#8685 = CARTESIAN_POINT('',(62.291578665235,-14.23510867538,
    64.964773712672));
#8686 = CARTESIAN_POINT('',(62.980772847306,-10.65826580624,
    67.28167153546));
#8687 = CARTESIAN_POINT('',(63.433887706066,-7.087149664821,
    69.637863445477));
#8688 = CARTESIAN_POINT('',(63.657822208242,-3.531752243497,
    72.025262186212));
#8689 = CARTESIAN_POINT('',(63.657822208242,-1.42108547152E-14,
    74.437493828457));
#8690 = ORIENTED_EDGE('',*,*,#8534,.T.);
#8691 = ORIENTED_EDGE('',*,*,#8692,.T.);
#8692 = EDGE_CURVE('',#8537,#8693,#8695,.T.);
#8693 = VERTEX_POINT('',#8694);
#8694 = CARTESIAN_POINT('',(30.022213997861,30.02221399786,
    101.09879086629));
#8695 = B_SPLINE_CURVE_WITH_KNOTS('',1,(#8696,#8697),.UNSPECIFIED.,.F.,
  .F.,(2,2),(0.,1.),.PIECEWISE_BEZIER_KNOTS.);
#8696 = CARTESIAN_POINT('',(41.01110699893,-10.98889300107,
    71.076576868431));
#8697 = CARTESIAN_POINT('',(29.969382781509,30.219382781509,
    101.24312843358));
#8698 = ORIENTED_EDGE('',*,*,#8699,.T.);
#8699 = EDGE_CURVE('',#8693,#8700,#8702,.T.);
#8700 = VERTEX_POINT('',#8701);
#8701 = CARTESIAN_POINT('',(45.012877758024,45.012877758024,
    108.59412274637));
#8702 = B_SPLINE_CURVE_WITH_KNOTS('',1,(#8703,#8704),.UNSPECIFIED.,.F.,
  .F.,(2,2),(0.,1.),.PIECEWISE_BEZIER_KNOTS.);
#8703 = CARTESIAN_POINT('',(-14.21866699955,-14.21866699955,
    78.978350367585));
#8704 = CARTESIAN_POINT('',(46.181710335219,46.181710335219,
    109.17853903497));
#8705 = ORIENTED_EDGE('',*,*,#8706,.F.);
#8706 = EDGE_CURVE('',#8573,#8700,#8707,.T.);
#8707 = B_SPLINE_CURVE_WITH_KNOTS('',8,(#8708,#8709,#8710,#8711,#8712,
    #8713,#8714,#8715,#8716,#8717,#8718,#8719,#8720,#8721,#8722,#8723,
    #8724,#8725,#8726,#8727,#8728,#8729,#8730,#8731,#8732,#8733,#8734,
    #8735,#8736,#8737,#8738,#8739,#8740,#8741,#8742,#8743,#8744,#8745,
    #8746,#8747,#8748,#8749,#8750,#8751,#8752,#8753,#8754,#8755,#8756,
    #8757,#8758,#8759,#8760,#8761,#8762,#8763,#8764,#8765,#8766,#8767,
    #8768,#8769,#8770,#8771,#8772),.UNSPECIFIED.,.F.,.F.,(9,7,7,7,7,7,7,
    7,7,9),(0.,0.124344540196,0.356426705375,0.441119631809,
    0.551707606135,0.640453761405,0.717931216429,0.779663065144,
    0.872113005184,1.),.UNSPECIFIED.);
#8708 = CARTESIAN_POINT('',(63.657822208242,-1.163579833152E-14,
    74.437493828457));
#8709 = CARTESIAN_POINT('',(63.657822208242,2.118892824111,
    75.884724541273));
#8710 = CARTESIAN_POINT('',(63.577218003921,4.228843728896,
    77.340599402827));
#8711 = CARTESIAN_POINT('',(63.417199723791,6.327892441836,
    78.803561713454));
#8712 = CARTESIAN_POINT('',(63.178797787931,8.414103162245,
    80.272100716735));
#8713 = CARTESIAN_POINT('',(62.8629062608,10.485568507392,
    81.744750020885));
#8714 = CARTESIAN_POINT('',(62.470291448092,12.540410718212,
    83.220086848936));
#8715 = CARTESIAN_POINT('',(62.001585737614,14.576780124598,
    84.696732117709));
#8716 = CARTESIAN_POINT('',(60.441325459399,20.355734733711,
    88.929378968563));
#8717 = CARTESIAN_POINT('',(59.162348093585,24.046529236312,
    91.684307597301));
#8718 = CARTESIAN_POINT('',(57.623433109834,27.654736846965,
    94.430400215558));
#8719 = CARTESIAN_POINT('',(55.825915679686,31.167709394008,
    97.158773608248));
#8720 = CARTESIAN_POINT('',(53.770339271817,34.571032776488,
    99.859483299411));
#8721 = CARTESIAN_POINT('',(51.456541260331,37.848531419015,
    102.52151092844));
#8722 = CARTESIAN_POINT('',(48.883770894849,40.982298891473,
    105.13276357283));
#8723 = CARTESIAN_POINT('',(45.014918907836,45.035761499713,
    108.60937907627));
#8724 = CARTESIAN_POINT('',(43.945839765305,46.097494055653,
    109.5302109604));
#8725 = CARTESIAN_POINT('',(42.84200129613,47.136187611842,
    110.44166831335));
#8726 = CARTESIAN_POINT('',(41.703369496851,48.150721051922,
    111.34299162146));
#8727 = CARTESIAN_POINT('',(40.529937698832,49.13989481475,
    112.23336278969));
#8728 = CARTESIAN_POINT('',(39.321730588736,50.102433776538,
    113.11190637432));
#8729 = CARTESIAN_POINT('',(38.078806604609,51.036988930435,
    113.97769029164));
#8730 = CARTESIAN_POINT('',(35.133097740777,53.124038066914,
    115.94227349948));
#8731 = CARTESIAN_POINT('',(33.405999092805,54.255733413879,
    117.03131678613));
#8732 = CARTESIAN_POINT('',(31.620127313731,55.334104303534,
    118.09469502064));
#8733 = CARTESIAN_POINT('',(29.775915247998,56.355686090037,
    119.12996258985));
#8734 = CARTESIAN_POINT('',(27.874109403945,57.316716246664,
    120.13441301972));
#8735 = CARTESIAN_POINT('',(25.91581648373,58.213183284616,
    121.1051038719));
#8736 = CARTESIAN_POINT('',(23.902551073629,59.040877426587,
    122.03888262648));
#8737 = CARTESIAN_POINT('',(20.178118534482,60.400977199717,
    123.64946650937));
#8738 = CARTESIAN_POINT('',(18.485904810691,60.959386347391,
    124.34056365585));
#8739 = CARTESIAN_POINT('',(16.760743226586,61.468399714397,
    125.00395273366));
#8740 = CARTESIAN_POINT('',(15.004030188127,61.925667587212,
    125.63777329858));
#8741 = CARTESIAN_POINT('',(13.217482191731,62.328803736297,
    126.24008138487));
#8742 = CARTESIAN_POINT('',(11.403165296656,62.675439744411,
    126.8088812184));
#8743 = CARTESIAN_POINT('',(9.563530482053,62.963291229429,
    127.34216397685));
#8744 = CARTESIAN_POINT('',(6.075819641701,63.388363984625,
    128.27078945219));
#8745 = CARTESIAN_POINT('',(4.433048732326,63.54007502728,
    128.67505796405));
#8746 = CARTESIAN_POINT('',(2.77514743059,63.643942784758,
    129.04941795843));
#8747 = CARTESIAN_POINT('',(1.104331774552,63.698658982286,
    129.39257030391));
#8748 = CARTESIAN_POINT('',(-0.576964893677,63.703065427738,
    129.70327860806));
#8749 = CARTESIAN_POINT('',(-2.266083635113,63.656196463792,
    129.98039669505));
#8750 = CARTESIAN_POINT('',(-3.960129864296,63.557331819714,
    130.22290286491));
#8751 = CARTESIAN_POINT('',(-7.00715234545,63.28553063839,
    130.59490302268));
#8752 = CARTESIAN_POINT('',(-8.359536364664,63.131725670777,
    130.73735572954));
#8753 = CARTESIAN_POINT('',(-9.711507114687,62.944433472046,
    130.85686059868));
#8754 = CARTESIAN_POINT('',(-11.06143947453,62.723562989059,
    130.95305802187));
#8755 = CARTESIAN_POINT('',(-12.40769017575,62.469147248498,
    131.02566981776));
#8756 = CARTESIAN_POINT('',(-13.74859859409,62.181349470474,
    131.07450355243));
#8757 = CARTESIAN_POINT('',(-15.08248784508,61.860471650706,
    131.09945860162));
#8758 = CARTESIAN_POINT('',(-18.39226020576,60.977553114601,
    131.1021444091));
#8759 = CARTESIAN_POINT('',(-20.35760744307,60.374883611857,
    131.05019699174));
#8760 = CARTESIAN_POINT('',(-22.2978350798,59.70048723138,
    130.94466199985));
#8761 = CARTESIAN_POINT('',(-24.20762951937,58.956515229686,
    130.78603631328));
#8762 = CARTESIAN_POINT('',(-26.08218515665,58.145635128663,
    130.5752623966));
#8763 = CARTESIAN_POINT('',(-27.91716547034,57.270951379287,
    130.31366699076));
#8764 = CARTESIAN_POINT('',(-29.70867643524,56.335951551833,
    130.0029194945));
#8765 = CARTESIAN_POINT('',(-33.86654271902,53.972962114305,
    129.14991003693));
#8766 = CARTESIAN_POINT('',(-36.1903203227,52.493209519554,
    128.56450103691));
#8767 = CARTESIAN_POINT('',(-38.416129119,50.914912774029,
    127.89385559406));
#8768 = CARTESIAN_POINT('',(-40.53816839954,49.248144369472,
    127.14379174489));
#8769 = CARTESIAN_POINT('',(-42.5526441798,47.502845365471,126.320405012
    ));
#8770 = CARTESIAN_POINT('',(-44.45736819716,45.688515541873,
    125.42978338584));
#8771 = CARTESIAN_POINT('',(-46.2514750261,43.813998053807,
    124.47780846982));
#8772 = CARTESIAN_POINT('',(-47.93512791562,41.887251521303,
    123.46994597915));
#8773 = B_SPLINE_SURFACE_WITH_KNOTS('',1,1,(
    (#8774,#8775)
    ,(#8776,#8777
    )),.UNSPECIFIED.,.F.,.F.,.F.,(2,2),(2,2),(0.,509.26257766593),(0.,
    509.26257766593),.PIECEWISE_BEZIER_KNOTS.);
#8774 = CARTESIAN_POINT('',(-339.3078259324,61.385849831325,
    190.11264101567));
#8775 = CARTESIAN_POINT('',(-108.0393931513,-292.4571138288,
    -93.89165838505));
#8776 = CARTESIAN_POINT('',(107.98656193495,292.65428261247,
    266.21136368707));
#8777 = CARTESIAN_POINT('',(339.2549947161,-61.18868104767,
    -17.79293571365));
#8778 = ADVANCED_FACE('',(#8779),#8805,.F.);
#8779 = FACE_BOUND('',#8780,.F.);
#8780 = EDGE_LOOP('',(#8781,#8782,#8783,#8793,#8800));
#8781 = ORIENTED_EDGE('',*,*,#8552,.T.);
#8782 = ORIENTED_EDGE('',*,*,#8521,.T.);
#8783 = ORIENTED_EDGE('',*,*,#8784,.T.);
#8784 = EDGE_CURVE('',#8513,#8785,#8787,.T.);
#8785 = VERTEX_POINT('',#8786);
#8786 = CARTESIAN_POINT('',(-16.30504005375,61.534250601935,
    63.689584944215));
#8787 = B_SPLINE_CURVE_WITH_KNOTS('',4,(#8788,#8789,#8790,#8791,#8792),
  .UNSPECIFIED.,.F.,.F.,(5,5),(0.,1.),.PIECEWISE_BEZIER_KNOTS.);
#8788 = CARTESIAN_POINT('',(-16.30504005375,61.534250601935,
    38.304189618308));
#8789 = CARTESIAN_POINT('',(-16.30504005375,61.534250601935,
    61.503678466006));
#8790 = CARTESIAN_POINT('',(-16.30504005375,61.534250601935,
    84.703167313706));
#8791 = CARTESIAN_POINT('',(-16.30504005375,61.534250601935,
    107.9026561614));
#8792 = CARTESIAN_POINT('',(-16.30504005375,61.534250601935,
    131.1021450091));
#8793 = ORIENTED_EDGE('',*,*,#8794,.T.);
#8794 = EDGE_CURVE('',#8785,#8795,#8797,.T.);
#8795 = VERTEX_POINT('',#8796);
#8796 = CARTESIAN_POINT('',(-10.79172421742,40.958275782579,
    71.220914435729));
#8797 = B_SPLINE_CURVE_WITH_KNOTS('',1,(#8798,#8799),.UNSPECIFIED.,.F.,
  .F.,(2,2),(0.,1.),.PIECEWISE_BEZIER_KNOTS.);
#8798 = CARTESIAN_POINT('',(-17.91318022197,67.535911415422,
    61.492824621582));
#8799 = CARTESIAN_POINT('',(12.362422389919,-45.45417576191,
    102.8500669043));
#8800 = ORIENTED_EDGE('',*,*,#8801,.T.);
#8801 = EDGE_CURVE('',#8795,#8553,#8802,.T.);
#8802 = B_SPLINE_CURVE_WITH_KNOTS('',1,(#8803,#8804),.UNSPECIFIED.,.F.,
  .F.,(2,2),(0.,1.),.PIECEWISE_BEZIER_KNOTS.);
#8803 = CARTESIAN_POINT('',(-10.84455543377,41.155444566228,
    71.365252003026));
#8804 = CARTESIAN_POINT('',(0.197168783649,-5.283121635129E-02,
    41.198700437868));
#8805 = B_SPLINE_SURFACE_WITH_KNOTS('',1,1,(
    (#8806,#8807)
    ,(#8808,#8809
    )),.UNSPECIFIED.,.F.,.F.,.F.,(2,2),(2,2),(0.,509.26257766593),(0.,
    509.26257766593),.PIECEWISE_BEZIER_KNOTS.);
#8806 = CARTESIAN_POINT('',(46.771513331092,-173.8706513966,
    398.16255531231));
#8807 = CARTESIAN_POINT('',(-80.54413108539,301.27780216406,
    266.35570125436));
#8808 = CARTESIAN_POINT('',(80.885637436337,-301.1862958131,
    -93.74732081775));
#8809 = CARTESIAN_POINT('',(-46.43000698014,173.96215774757,
    -225.5541748756));
#8810 = ADVANCED_FACE('',(#8811),#8821,.T.);
#8811 = FACE_BOUND('',#8812,.T.);
#8812 = EDGE_LOOP('',(#8813,#8814,#8819,#8820));
#8813 = ORIENTED_EDGE('',*,*,#8692,.T.);
#8814 = ORIENTED_EDGE('',*,*,#8815,.T.);
#8815 = EDGE_CURVE('',#8693,#8795,#8816,.T.);
#8816 = B_SPLINE_CURVE_WITH_KNOTS('',1,(#8817,#8818),.UNSPECIFIED.,.F.,
  .F.,(2,2),(0.,1.),.PIECEWISE_BEZIER_KNOTS.);
#8817 = CARTESIAN_POINT('',(30.022214471066,30.022213871066,
    101.0987912127));
#8818 = CARTESIAN_POINT('',(-10.79172469062,40.958275909374,
    71.220914089318));
#8819 = ORIENTED_EDGE('',*,*,#8801,.T.);
#8820 = ORIENTED_EDGE('',*,*,#8559,.T.);
#8821 = B_SPLINE_SURFACE_WITH_KNOTS('',1,1,(
    (#8822,#8823)
    ,(#8824,#8825
    )),.UNSPECIFIED.,.F.,.F.,.F.,(2,2),(2,2),(0.,52.25),(0.,52.25),
  .PIECEWISE_BEZIER_KNOTS.);
#8822 = CARTESIAN_POINT('',(-4.996003610813E-16,-4.996003610813E-16,
    41.054362870571));
#8823 = CARTESIAN_POINT('',(-11.04172421742,41.208275782579,
    71.220914435729));
#8824 = CARTESIAN_POINT('',(41.208275782579,-11.04172421742,
    71.220914435729));
#8825 = CARTESIAN_POINT('',(30.166551565158,30.166551565158,
    101.38746600088));
#8826 = ADVANCED_FACE('',(#8827),#8879,.F.);
#8827 = FACE_BOUND('',#8828,.F.);
#8828 = EDGE_LOOP('',(#8829,#8876,#8877,#8878));
#8829 = ORIENTED_EDGE('',*,*,#8830,.F.);
#8830 = EDGE_CURVE('',#8700,#8785,#8831,.T.);
#8831 = B_SPLINE_CURVE_WITH_KNOTS('',8,(#8832,#8833,#8834,#8835,#8836,
    #8837,#8838,#8839,#8840,#8841,#8842,#8843,#8844,#8845,#8846,#8847,
    #8848,#8849,#8850,#8851,#8852,#8853,#8854,#8855,#8856,#8857,#8858,
    #8859,#8860,#8861,#8862,#8863,#8864,#8865,#8866,#8867,#8868,#8869,
    #8870,#8871,#8872,#8873,#8874,#8875),.UNSPECIFIED.,.F.,.F.,(9,7,7,7,
    7,7,9),(0.,0.199808732458,0.330631347494,0.43149163879,
    0.697182520698,0.911260536993,1.),.UNSPECIFIED.);
#8832 = CARTESIAN_POINT('',(63.657822208242,-2.359340039766E-15,
    129.56678501038));
#8833 = CARTESIAN_POINT('',(63.657822208242,3.484597384279,
    128.92905942808));
#8834 = CARTESIAN_POINT('',(63.439827502886,6.929392565149,
    128.14972500186));
#8835 = CARTESIAN_POINT('',(63.012555413773,10.310990492289,
    127.23901736446));
#8836 = CARTESIAN_POINT('',(62.388587751426,13.611204527674,
    126.2088584381));
#8837 = CARTESIAN_POINT('',(61.581993629744,16.815958858148,
    125.07143365877));
#8838 = CARTESIAN_POINT('',(60.607344778721,19.914811553091,
    123.83860670918));
#8839 = CARTESIAN_POINT('',(59.478760758496,22.900503424483,
    122.52134995181));
#8840 = CARTESIAN_POINT('',(57.377815311947,27.646372310137,
    120.21782323825));
#8841 = CARTESIAN_POINT('',(56.486000134731,29.473872590055,
    119.27424638053));
#8842 = CARTESIAN_POINT('',(55.537202751389,31.249910929974,
    118.30116814093));
#8843 = CARTESIAN_POINT('',(54.534804318913,32.97362341731,
    117.3010559996));
#8844 = CARTESIAN_POINT('',(53.482002178794,34.644396929514,
    116.2762059906));
#8845 = CARTESIAN_POINT('',(52.381784284616,36.261842277175,
    115.22873015079));
#8846 = CARTESIAN_POINT('',(51.236902007961,37.825765523536,
    114.1605431948));
#8847 = CARTESIAN_POINT('',(49.134653329497,40.500588714557,
    112.2351540256));
#8848 = CARTESIAN_POINT('',(48.194427264637,41.63316791215,
    111.38569130159));
#8849 = CARTESIAN_POINT('',(47.230319895357,42.733847000506,
    110.52575546851));
#8850 = CARTESIAN_POINT('',(46.243429616748,43.802616150412,
    109.65609854302));
#8851 = CARTESIAN_POINT('',(45.234796637019,44.839483956775,
    108.77742942757));
#8852 = CARTESIAN_POINT('',(44.205402246441,45.844476294801,
    107.89041362039));
#8853 = CARTESIAN_POINT('',(43.156167169876,46.817633851676,
    106.99567254197));
#8854 = CARTESIAN_POINT('',(39.273998902166,50.238820885758,
    103.71798162146));
#8855 = CARTESIAN_POINT('',(36.329086765661,52.497407417758,
    101.29321920259));
#8856 = CARTESIAN_POINT('',(33.268188607511,54.536650662824,
    98.82937946529));
#8857 = CARTESIAN_POINT('',(30.104723829384,56.357086649974,
    96.335529931188));
#8858 = CARTESIAN_POINT('',(26.85092663962,57.958712282912,
    93.82002728672));
#8859 = CARTESIAN_POINT('',(23.517848592143,59.340960188604,
    91.290523719974));
#8860 = CARTESIAN_POINT('',(20.115346915019,60.502627767781,
    88.753971933927));
#8861 = CARTESIAN_POINT('',(13.861195458379,62.197632251504,
    84.172099699199));
#8862 = CARTESIAN_POINT('',(11.031689828566,62.808986916261,
    82.127625744949));
#8863 = CARTESIAN_POINT('',(8.168028092386,63.274179479366,
    80.086572257343));
#8864 = CARTESIAN_POINT('',(5.275060142567,63.591384002546,
    78.052585944608));
#8865 = CARTESIAN_POINT('',(2.357832405118,63.758269857117,
    76.029540114465));
#8866 = CARTESIAN_POINT('',(-0.578400247653,63.77205879478,
    74.021532366176));
#8867 = CARTESIAN_POINT('',(-3.528179443138,63.629473966483,
    72.032890542556));
#8868 = CARTESIAN_POINT('',(-7.711885523154,63.200981310982,
    69.253785747546));
#8869 = CARTESIAN_POINT('',(-8.939208671472,63.047868317222,
    68.443530070601));
#8870 = CARTESIAN_POINT('',(-10.16741190425,62.866933882732,
    67.63776496183));
#8871 = CARTESIAN_POINT('',(-11.39604597278,62.657886745734,
    66.836850568409));
#8872 = CARTESIAN_POINT('',(-12.62463691584,62.420421271996,
    66.041166546821));
#8873 = CARTESIAN_POINT('',(-13.8526860293,62.154217821533,
    65.251112016506));
#8874 = CARTESIAN_POINT('',(-15.07966983568,61.858943115306,
    64.46710551352));
#8875 = CARTESIAN_POINT('',(-16.3050400538,61.534250601921,
    63.689584944183));
#8876 = ORIENTED_EDGE('',*,*,#8699,.F.);
#8877 = ORIENTED_EDGE('',*,*,#8815,.T.);
#8878 = ORIENTED_EDGE('',*,*,#8794,.F.);
#8879 = B_SPLINE_SURFACE_WITH_KNOTS('',1,1,(
    (#8880,#8881)
    ,(#8882,#8883
    )),.UNSPECIFIED.,.F.,.F.,.F.,(2,2),(2,2),(0.,509.26257766593),(0.,
    509.26257766593),.PIECEWISE_BEZIER_KNOTS.);
#8880 = CARTESIAN_POINT('',(61.385849831325,-339.3078259324,
    190.11264101567));
#8881 = CARTESIAN_POINT('',(292.65428261247,107.98656193495,
    266.21136368707));
#8882 = CARTESIAN_POINT('',(-292.4571138288,-108.0393931513,
    -93.89165838505));
#8883 = CARTESIAN_POINT('',(-61.18868104767,339.2549947161,
    -17.79293571365));
#8884 = ADVANCED_FACE('',(#8885),#8894,.T.);
#8885 = FACE_BOUND('',#8886,.T.);
#8886 = EDGE_LOOP('',(#8887,#8888,#8889,#8890,#8891,#8892,#8893));
#8887 = ORIENTED_EDGE('',*,*,#8512,.T.);
#8888 = ORIENTED_EDGE('',*,*,#8784,.T.);
#8889 = ORIENTED_EDGE('',*,*,#8830,.F.);
#8890 = ORIENTED_EDGE('',*,*,#8706,.F.);
#8891 = ORIENTED_EDGE('',*,*,#8572,.F.);
#8892 = ORIENTED_EDGE('',*,*,#8543,.T.);
#8893 = ORIENTED_EDGE('',*,*,#8503,.T.);
#8894 = CYLINDRICAL_SURFACE('',#8895,63.657822208242);
#8895 = AXIS2_PLACEMENT_3D('',#8896,#8897,#8898);
#8896 = CARTESIAN_POINT('',(0.,0.,38.304190218308));
#8897 = DIRECTION('',(0.,0.,1.));
#8898 = DIRECTION('',(1.,0.,-0.));
#8899 = MANIFOLD_SOLID_BREP('',#8900);
#8900 = CLOSED_SHELL('',(#8901,#8929,#8954,#8974,#9002,#9019));
#8901 = ADVANCED_FACE('',(#8902,#8913),#8924,.T.);
#8902 = FACE_BOUND('',#8903,.T.);
#8903 = EDGE_LOOP('',(#8904));
#8904 = ORIENTED_EDGE('',*,*,#8905,.T.);
#8905 = EDGE_CURVE('',#8906,#8906,#8908,.T.);
#8906 = VERTEX_POINT('',#8907);
#8907 = CARTESIAN_POINT('',(89.657822208242,-2.195983299717E-14,
    143.0541902183));
#8908 = CIRCLE('',#8909,89.657822208242);
#8909 = AXIS2_PLACEMENT_3D('',#8910,#8911,#8912);
#8910 = CARTESIAN_POINT('',(0.,0.,143.0541902183));
#8911 = DIRECTION('',(0.,0.,1.));
#8912 = DIRECTION('',(1.,0.,-0.));
#8913 = FACE_BOUND('',#8914,.T.);
#8914 = EDGE_LOOP('',(#8915));
#8915 = ORIENTED_EDGE('',*,*,#8916,.F.);
#8916 = EDGE_CURVE('',#8917,#8917,#8919,.T.);
#8917 = VERTEX_POINT('',#8918);
#8918 = CARTESIAN_POINT('',(63.657822208242,-1.55916696416E-14,
    143.0541902183));
#8919 = CIRCLE('',#8920,63.657822208242);
#8920 = AXIS2_PLACEMENT_3D('',#8921,#8922,#8923);
#8921 = CARTESIAN_POINT('',(0.,0.,143.0541902183));
#8922 = DIRECTION('',(0.,0.,1.));
#8923 = DIRECTION('',(1.,0.,-0.));
#8924 = PLANE('',#8925);
#8925 = AXIS2_PLACEMENT_3D('',#8926,#8927,#8928);
#8926 = CARTESIAN_POINT('',(0.,0.,143.0541902183));
#8927 = DIRECTION('',(0.,0.,1.));
#8928 = DIRECTION('',(1.,0.,-0.));
#8929 = ADVANCED_FACE('',(#8930),#8949,.T.);
#8930 = FACE_BOUND('',#8931,.T.);
#8931 = EDGE_LOOP('',(#8932,#8933,#8941,#8948));
#8932 = ORIENTED_EDGE('',*,*,#8905,.F.);
#8933 = ORIENTED_EDGE('',*,*,#8934,.F.);
#8934 = EDGE_CURVE('',#8935,#8906,#8937,.T.);
#8935 = VERTEX_POINT('',#8936);
#8936 = CARTESIAN_POINT('',(89.657822208242,-2.195983299717E-14,
    134.0541902183));
#8937 = LINE('',#8938,#8939);
#8938 = CARTESIAN_POINT('',(89.657822208242,-2.195983299717E-14,
    134.0541902183));
#8939 = VECTOR('',#8940,1.);
#8940 = DIRECTION('',(0.,0.,1.));
#8941 = ORIENTED_EDGE('',*,*,#8942,.T.);
#8942 = EDGE_CURVE('',#8935,#8935,#8943,.T.);
#8943 = CIRCLE('',#8944,89.657822208242);
#8944 = AXIS2_PLACEMENT_3D('',#8945,#8946,#8947);
#8945 = CARTESIAN_POINT('',(0.,0.,134.0541902183));
#8946 = DIRECTION('',(0.,0.,1.));
#8947 = DIRECTION('',(1.,0.,-0.));
#8948 = ORIENTED_EDGE('',*,*,#8934,.T.);
#8949 = CYLINDRICAL_SURFACE('',#8950,89.657822208242);
#8950 = AXIS2_PLACEMENT_3D('',#8951,#8952,#8953);
#8951 = CARTESIAN_POINT('',(0.,0.,134.0541902183));
#8952 = DIRECTION('',(0.,0.,1.));
#8953 = DIRECTION('',(1.,0.,-0.));
#8954 = ADVANCED_FACE('',(#8955,#8958),#8969,.F.);
#8955 = FACE_BOUND('',#8956,.F.);
#8956 = EDGE_LOOP('',(#8957));
#8957 = ORIENTED_EDGE('',*,*,#8942,.T.);
#8958 = FACE_BOUND('',#8959,.F.);
#8959 = EDGE_LOOP('',(#8960));
#8960 = ORIENTED_EDGE('',*,*,#8961,.F.);
#8961 = EDGE_CURVE('',#8962,#8962,#8964,.T.);
#8962 = VERTEX_POINT('',#8963);
#8963 = CARTESIAN_POINT('',(79.657822208242,-1.951053939887E-14,
    134.0541902183));
#8964 = CIRCLE('',#8965,79.657822208242);
#8965 = AXIS2_PLACEMENT_3D('',#8966,#8967,#8968);
#8966 = CARTESIAN_POINT('',(0.,0.,134.0541902183));
#8967 = DIRECTION('',(0.,0.,1.));
#8968 = DIRECTION('',(1.,0.,-0.));
#8969 = PLANE('',#8970);
#8970 = AXIS2_PLACEMENT_3D('',#8971,#8972,#8973);
#8971 = CARTESIAN_POINT('',(0.,0.,134.0541902183));
#8972 = DIRECTION('',(0.,0.,1.));
#8973 = DIRECTION('',(1.,0.,-0.));
#8974 = ADVANCED_FACE('',(#8975,#8986),#8997,.F.);
#8975 = FACE_BOUND('',#8976,.F.);
#8976 = EDGE_LOOP('',(#8977));
#8977 = ORIENTED_EDGE('',*,*,#8978,.T.);
#8978 = EDGE_CURVE('',#8979,#8979,#8981,.T.);
#8979 = VERTEX_POINT('',#8980);
#8980 = CARTESIAN_POINT('',(79.657822208242,-1.951053939887E-14,
    36.304190218308));
#8981 = CIRCLE('',#8982,79.657822208242);
#8982 = AXIS2_PLACEMENT_3D('',#8983,#8984,#8985);
#8983 = CARTESIAN_POINT('',(0.,0.,36.304190218308));
#8984 = DIRECTION('',(0.,0.,1.));
#8985 = DIRECTION('',(1.,0.,-0.));
#8986 = FACE_BOUND('',#8987,.F.);
#8987 = EDGE_LOOP('',(#8988));
#8988 = ORIENTED_EDGE('',*,*,#8989,.F.);
#8989 = EDGE_CURVE('',#8990,#8990,#8992,.T.);
#8990 = VERTEX_POINT('',#8991);
#8991 = CARTESIAN_POINT('',(63.657822208242,-1.55916696416E-14,
    36.304190218308));
#8992 = CIRCLE('',#8993,63.657822208242);
#8993 = AXIS2_PLACEMENT_3D('',#8994,#8995,#8996);
#8994 = CARTESIAN_POINT('',(0.,0.,36.304190218308));
#8995 = DIRECTION('',(0.,0.,1.));
#8996 = DIRECTION('',(1.,0.,-0.));
#8997 = PLANE('',#8998);
#8998 = AXIS2_PLACEMENT_3D('',#8999,#9000,#9001);
#8999 = CARTESIAN_POINT('',(0.,0.,36.304190218308));
#9000 = DIRECTION('',(0.,0.,1.));
#9001 = DIRECTION('',(1.,0.,-0.));
#9002 = ADVANCED_FACE('',(#9003),#9014,.T.);
#9003 = FACE_BOUND('',#9004,.T.);
#9004 = EDGE_LOOP('',(#9005,#9006,#9012,#9013));
#9005 = ORIENTED_EDGE('',*,*,#8961,.F.);
#9006 = ORIENTED_EDGE('',*,*,#9007,.F.);
#9007 = EDGE_CURVE('',#8979,#8962,#9008,.T.);
#9008 = LINE('',#9009,#9010);
#9009 = CARTESIAN_POINT('',(79.657822208242,-1.951053939887E-14,
    36.304190218308));
#9010 = VECTOR('',#9011,1.);
#9011 = DIRECTION('',(0.,0.,1.));
#9012 = ORIENTED_EDGE('',*,*,#8978,.T.);
#9013 = ORIENTED_EDGE('',*,*,#9007,.T.);
#9014 = CYLINDRICAL_SURFACE('',#9015,79.657822208242);
#9015 = AXIS2_PLACEMENT_3D('',#9016,#9017,#9018);
#9016 = CARTESIAN_POINT('',(0.,0.,36.304190218308));
#9017 = DIRECTION('',(0.,0.,1.));
#9018 = DIRECTION('',(1.,0.,-0.));
#9019 = ADVANCED_FACE('',(#9020),#9030,.F.);
#9020 = FACE_BOUND('',#9021,.F.);
#9021 = EDGE_LOOP('',(#9022,#9023,#9028,#9029));
#9022 = ORIENTED_EDGE('',*,*,#8916,.F.);
#9023 = ORIENTED_EDGE('',*,*,#9024,.F.);
#9024 = EDGE_CURVE('',#8990,#8917,#9025,.T.);
#9025 = B_SPLINE_CURVE_WITH_KNOTS('',1,(#9026,#9027),.UNSPECIFIED.,.F.,
  .F.,(2,2),(2.,108.75),.PIECEWISE_BEZIER_KNOTS.);
#9026 = CARTESIAN_POINT('',(63.657822208242,-1.55916696416E-14,
    36.304190218308));
#9027 = CARTESIAN_POINT('',(63.657822208242,-1.55916696416E-14,
    143.0541902183));
#9028 = ORIENTED_EDGE('',*,*,#8989,.T.);
#9029 = ORIENTED_EDGE('',*,*,#9024,.T.);
#9030 = CYLINDRICAL_SURFACE('',#9031,63.657822208242);
#9031 = AXIS2_PLACEMENT_3D('',#9032,#9033,#9034);
#9032 = CARTESIAN_POINT('',(0.,0.,34.304190218308));
#9033 = DIRECTION('',(0.,0.,1.));
#9034 = DIRECTION('',(1.,0.,-0.));
#9035 = MANIFOLD_SOLID_BREP('',#9036);
#9036 = CLOSED_SHELL('',(#9037,#9070,#9090,#9110,#9135,#9160,#9180,#9200
    ));
#9037 = ADVANCED_FACE('',(#9038),#9065,.T.);
#9038 = FACE_BOUND('',#9039,.T.);
#9039 = EDGE_LOOP('',(#9040,#9049,#9057,#9064));
#9040 = ORIENTED_EDGE('',*,*,#9041,.F.);
#9041 = EDGE_CURVE('',#9042,#9042,#9044,.T.);
#9042 = VERTEX_POINT('',#9043);
#9043 = CARTESIAN_POINT('',(83.157822208242,-2.036779215828E-14,
    150.3041902183));
#9044 = CIRCLE('',#9045,83.157822208242);
#9045 = AXIS2_PLACEMENT_3D('',#9046,#9047,#9048);
#9046 = CARTESIAN_POINT('',(0.,0.,150.3041902183));
#9047 = DIRECTION('',(0.,0.,1.));
#9048 = DIRECTION('',(1.,0.,-0.));
#9049 = ORIENTED_EDGE('',*,*,#9050,.F.);
#9050 = EDGE_CURVE('',#9051,#9042,#9053,.T.);
#9051 = VERTEX_POINT('',#9052);
#9052 = CARTESIAN_POINT('',(83.157822208242,-2.036779215828E-14,
    136.3041902183));
#9053 = LINE('',#9054,#9055);
#9054 = CARTESIAN_POINT('',(83.157822208242,-2.036779215828E-14,
    136.3041902183));
#9055 = VECTOR('',#9056,1.);
#9056 = DIRECTION('',(0.,0.,1.));
#9057 = ORIENTED_EDGE('',*,*,#9058,.T.);
#9058 = EDGE_CURVE('',#9051,#9051,#9059,.T.);
#9059 = CIRCLE('',#9060,83.157822208242);
#9060 = AXIS2_PLACEMENT_3D('',#9061,#9062,#9063);
#9061 = CARTESIAN_POINT('',(0.,0.,136.3041902183));
#9062 = DIRECTION('',(0.,0.,1.));
#9063 = DIRECTION('',(1.,0.,-0.));
#9064 = ORIENTED_EDGE('',*,*,#9050,.T.);
#9065 = CYLINDRICAL_SURFACE('',#9066,83.157822208242);
#9066 = AXIS2_PLACEMENT_3D('',#9067,#9068,#9069);
#9067 = CARTESIAN_POINT('',(0.,0.,136.3041902183));
#9068 = DIRECTION('',(0.,0.,1.));
#9069 = DIRECTION('',(1.,0.,-0.));
#9070 = ADVANCED_FACE('',(#9071,#9074),#9085,.T.);
#9071 = FACE_BOUND('',#9072,.T.);
#9072 = EDGE_LOOP('',(#9073));
#9073 = ORIENTED_EDGE('',*,*,#9041,.T.);
#9074 = FACE_BOUND('',#9075,.T.);
#9075 = EDGE_LOOP('',(#9076));
#9076 = ORIENTED_EDGE('',*,*,#9077,.F.);
#9077 = EDGE_CURVE('',#9078,#9078,#9080,.T.);
#9078 = VERTEX_POINT('',#9079);
#9079 = CARTESIAN_POINT('',(35.011802214533,-8.575418302882E-15,
    150.3041902183));
#9080 = CIRCLE('',#9081,35.011802214533);
#9081 = AXIS2_PLACEMENT_3D('',#9082,#9083,#9084);
#9082 = CARTESIAN_POINT('',(0.,0.,150.3041902183));
#9083 = DIRECTION('',(0.,0.,1.));
#9084 = DIRECTION('',(1.,0.,-0.));
#9085 = PLANE('',#9086);
#9086 = AXIS2_PLACEMENT_3D('',#9087,#9088,#9089);
#9087 = CARTESIAN_POINT('',(0.,0.,150.3041902183));
#9088 = DIRECTION('',(0.,0.,1.));
#9089 = DIRECTION('',(1.,0.,-0.));
#9090 = ADVANCED_FACE('',(#9091,#9094),#9105,.F.);
#9091 = FACE_BOUND('',#9092,.F.);
#9092 = EDGE_LOOP('',(#9093));
#9093 = ORIENTED_EDGE('',*,*,#9058,.T.);
#9094 = FACE_BOUND('',#9095,.F.);
#9095 = EDGE_LOOP('',(#9096));
#9096 = ORIENTED_EDGE('',*,*,#9097,.F.);
#9097 = EDGE_CURVE('',#9098,#9098,#9100,.T.);
#9098 = VERTEX_POINT('',#9099);
#9099 = CARTESIAN_POINT('',(58.565196431582,-1.434433607027E-14,
    136.3041902183));
#9100 = CIRCLE('',#9101,58.565196431582);
#9101 = AXIS2_PLACEMENT_3D('',#9102,#9103,#9104);
#9102 = CARTESIAN_POINT('',(0.,0.,136.3041902183));
#9103 = DIRECTION('',(0.,0.,1.));
#9104 = DIRECTION('',(1.,0.,-0.));
#9105 = PLANE('',#9106);
#9106 = AXIS2_PLACEMENT_3D('',#9107,#9108,#9109);
#9107 = CARTESIAN_POINT('',(0.,0.,136.3041902183));
#9108 = DIRECTION('',(0.,0.,1.));
#9109 = DIRECTION('',(1.,0.,-0.));
#9110 = ADVANCED_FACE('',(#9111),#9130,.F.);
#9111 = FACE_BOUND('',#9112,.F.);
#9112 = EDGE_LOOP('',(#9113,#9114,#9122,#9129));
#9113 = ORIENTED_EDGE('',*,*,#9077,.F.);
#9114 = ORIENTED_EDGE('',*,*,#9115,.F.);
#9115 = EDGE_CURVE('',#9116,#9078,#9118,.T.);
#9116 = VERTEX_POINT('',#9117);
#9117 = CARTESIAN_POINT('',(35.011802214533,-8.575418302882E-15,
    136.3041902183));
#9118 = LINE('',#9119,#9120);
#9119 = CARTESIAN_POINT('',(35.011802214533,-8.575418302882E-15,
    135.3041902183));
#9120 = VECTOR('',#9121,1.);
#9121 = DIRECTION('',(0.,0.,1.));
#9122 = ORIENTED_EDGE('',*,*,#9123,.T.);
#9123 = EDGE_CURVE('',#9116,#9116,#9124,.T.);
#9124 = CIRCLE('',#9125,35.011802214533);
#9125 = AXIS2_PLACEMENT_3D('',#9126,#9127,#9128);
#9126 = CARTESIAN_POINT('',(0.,0.,136.3041902183));
#9127 = DIRECTION('',(0.,0.,1.));
#9128 = DIRECTION('',(1.,0.,-0.));
#9129 = ORIENTED_EDGE('',*,*,#9115,.T.);
#9130 = CYLINDRICAL_SURFACE('',#9131,35.011802214533);
#9131 = AXIS2_PLACEMENT_3D('',#9132,#9133,#9134);
#9132 = CARTESIAN_POINT('',(0.,0.,135.3041902183));
#9133 = DIRECTION('',(0.,0.,1.));
#9134 = DIRECTION('',(1.,0.,-0.));
#9135 = ADVANCED_FACE('',(#9136),#9155,.T.);
#9136 = FACE_BOUND('',#9137,.T.);
#9137 = EDGE_LOOP('',(#9138,#9139,#9147,#9154));
#9138 = ORIENTED_EDGE('',*,*,#9097,.F.);
#9139 = ORIENTED_EDGE('',*,*,#9140,.F.);
#9140 = EDGE_CURVE('',#9141,#9098,#9143,.T.);
#9141 = VERTEX_POINT('',#9142);
#9142 = CARTESIAN_POINT('',(58.565196431582,-1.434433607027E-14,
    135.3241902183));
#9143 = LINE('',#9144,#9145);
#9144 = CARTESIAN_POINT('',(58.565196431582,-1.434433607027E-14,
    135.3241902183));
#9145 = VECTOR('',#9146,1.);
#9146 = DIRECTION('',(0.,0.,1.));
#9147 = ORIENTED_EDGE('',*,*,#9148,.T.);
#9148 = EDGE_CURVE('',#9141,#9141,#9149,.T.);
#9149 = CIRCLE('',#9150,58.565196431582);
#9150 = AXIS2_PLACEMENT_3D('',#9151,#9152,#9153);
#9151 = CARTESIAN_POINT('',(0.,0.,135.3241902183));
#9152 = DIRECTION('',(0.,0.,1.));
#9153 = DIRECTION('',(1.,0.,-0.));
#9154 = ORIENTED_EDGE('',*,*,#9140,.T.);
#9155 = CYLINDRICAL_SURFACE('',#9156,58.565196431582);
#9156 = AXIS2_PLACEMENT_3D('',#9157,#9158,#9159);
#9157 = CARTESIAN_POINT('',(0.,0.,135.3241902183));
#9158 = DIRECTION('',(0.,0.,1.));
#9159 = DIRECTION('',(1.,0.,-0.));
#9160 = ADVANCED_FACE('',(#9161,#9172),#9175,.F.);
#9161 = FACE_BOUND('',#9162,.F.);
#9162 = EDGE_LOOP('',(#9163));
#9163 = ORIENTED_EDGE('',*,*,#9164,.T.);
#9164 = EDGE_CURVE('',#9165,#9165,#9167,.T.);
#9165 = VERTEX_POINT('',#9166);
#9166 = CARTESIAN_POINT('',(36.76239232526,-9.004189218026E-15,
    136.3041902183));
#9167 = CIRCLE('',#9168,36.76239232526);
#9168 = AXIS2_PLACEMENT_3D('',#9169,#9170,#9171);
#9169 = CARTESIAN_POINT('',(0.,0.,136.3041902183));
#9170 = DIRECTION('',(0.,0.,1.));
#9171 = DIRECTION('',(1.,0.,-0.));
#9172 = FACE_BOUND('',#9173,.F.);
#9173 = EDGE_LOOP('',(#9174));
#9174 = ORIENTED_EDGE('',*,*,#9123,.F.);
#9175 = PLANE('',#9176);
#9176 = AXIS2_PLACEMENT_3D('',#9177,#9178,#9179);
#9177 = CARTESIAN_POINT('',(0.,0.,136.3041902183));
#9178 = DIRECTION('',(0.,0.,1.));
#9179 = DIRECTION('',(1.,0.,-0.));
#9180 = ADVANCED_FACE('',(#9181,#9184),#9195,.F.);
#9181 = FACE_BOUND('',#9182,.F.);
#9182 = EDGE_LOOP('',(#9183));
#9183 = ORIENTED_EDGE('',*,*,#9148,.T.);
#9184 = FACE_BOUND('',#9185,.F.);
#9185 = EDGE_LOOP('',(#9186));
#9186 = ORIENTED_EDGE('',*,*,#9187,.F.);
#9187 = EDGE_CURVE('',#9188,#9188,#9190,.T.);
#9188 = VERTEX_POINT('',#9189);
#9189 = CARTESIAN_POINT('',(36.76239232526,-9.004189218026E-15,
    135.3241902183));
#9190 = CIRCLE('',#9191,36.76239232526);
#9191 = AXIS2_PLACEMENT_3D('',#9192,#9193,#9194);
#9192 = CARTESIAN_POINT('',(0.,0.,135.3241902183));
#9193 = DIRECTION('',(0.,0.,1.));
#9194 = DIRECTION('',(1.,0.,-0.));
#9195 = PLANE('',#9196);
#9196 = AXIS2_PLACEMENT_3D('',#9197,#9198,#9199);
#9197 = CARTESIAN_POINT('',(0.,0.,135.3241902183));
#9198 = DIRECTION('',(0.,0.,1.));
#9199 = DIRECTION('',(1.,0.,-0.));
#9200 = ADVANCED_FACE('',(#9201),#9212,.F.);
#9201 = FACE_BOUND('',#9202,.F.);
#9202 = EDGE_LOOP('',(#9203,#9204,#9210,#9211));
#9203 = ORIENTED_EDGE('',*,*,#9164,.F.);
#9204 = ORIENTED_EDGE('',*,*,#9205,.F.);
#9205 = EDGE_CURVE('',#9188,#9165,#9206,.T.);
#9206 = LINE('',#9207,#9208);
#9207 = CARTESIAN_POINT('',(36.76239232526,-9.004189218026E-15,
    134.3241902183));
#9208 = VECTOR('',#9209,1.);
#9209 = DIRECTION('',(0.,0.,1.));
#9210 = ORIENTED_EDGE('',*,*,#9187,.T.);
#9211 = ORIENTED_EDGE('',*,*,#9205,.T.);
#9212 = CYLINDRICAL_SURFACE('',#9213,36.76239232526);
#9213 = AXIS2_PLACEMENT_3D('',#9214,#9215,#9216);
#9214 = CARTESIAN_POINT('',(0.,0.,134.3241902183));
#9215 = DIRECTION('',(0.,0.,1.));
#9216 = DIRECTION('',(1.,0.,-0.));
#9217 = MANIFOLD_SOLID_BREP('',#9218);
#9218 = CLOSED_SHELL('',(#9219,#9252,#9272,#9292,#9317,#9342,#9362,#9382
    ));
#9219 = ADVANCED_FACE('',(#9220),#9247,.T.);
#9220 = FACE_BOUND('',#9221,.T.);
#9221 = EDGE_LOOP('',(#9222,#9231,#9239,#9246));
#9222 = ORIENTED_EDGE('',*,*,#9223,.F.);
#9223 = EDGE_CURVE('',#9224,#9224,#9226,.T.);
#9224 = VERTEX_POINT('',#9225);
#9225 = CARTESIAN_POINT('',(83.157822208242,-2.036779215828E-14,
    36.304190218308));
#9226 = CIRCLE('',#9227,83.157822208242);
#9227 = AXIS2_PLACEMENT_3D('',#9228,#9229,#9230);
#9228 = CARTESIAN_POINT('',(0.,0.,36.304190218308));
#9229 = DIRECTION('',(0.,0.,1.));
#9230 = DIRECTION('',(1.,0.,-0.));
#9231 = ORIENTED_EDGE('',*,*,#9232,.F.);
#9232 = EDGE_CURVE('',#9233,#9224,#9235,.T.);
#9233 = VERTEX_POINT('',#9234);
#9234 = CARTESIAN_POINT('',(83.157822208242,-2.036779215828E-14,
    22.304190218308));
#9235 = LINE('',#9236,#9237);
#9236 = CARTESIAN_POINT('',(83.157822208242,-2.036779215828E-14,
    22.304190218308));
#9237 = VECTOR('',#9238,1.);
#9238 = DIRECTION('',(0.,0.,1.));
#9239 = ORIENTED_EDGE('',*,*,#9240,.T.);
#9240 = EDGE_CURVE('',#9233,#9233,#9241,.T.);
#9241 = CIRCLE('',#9242,83.157822208242);
#9242 = AXIS2_PLACEMENT_3D('',#9243,#9244,#9245);
#9243 = CARTESIAN_POINT('',(0.,0.,22.304190218308));
#9244 = DIRECTION('',(0.,0.,1.));
#9245 = DIRECTION('',(1.,0.,-0.));
#9246 = ORIENTED_EDGE('',*,*,#9232,.T.);
#9247 = CYLINDRICAL_SURFACE('',#9248,83.157822208242);
#9248 = AXIS2_PLACEMENT_3D('',#9249,#9250,#9251);
#9249 = CARTESIAN_POINT('',(0.,0.,22.304190218308));
#9250 = DIRECTION('',(0.,0.,1.));
#9251 = DIRECTION('',(1.,0.,-0.));
#9252 = ADVANCED_FACE('',(#9253,#9256),#9267,.T.);
#9253 = FACE_BOUND('',#9254,.T.);
#9254 = EDGE_LOOP('',(#9255));
#9255 = ORIENTED_EDGE('',*,*,#9223,.T.);
#9256 = FACE_BOUND('',#9257,.T.);
#9257 = EDGE_LOOP('',(#9258));
#9258 = ORIENTED_EDGE('',*,*,#9259,.F.);
#9259 = EDGE_CURVE('',#9260,#9260,#9262,.T.);
#9260 = VERTEX_POINT('',#9261);
#9261 = CARTESIAN_POINT('',(58.565196431582,-1.434433607027E-14,
    36.304190218308));
#9262 = CIRCLE('',#9263,58.565196431582);
#9263 = AXIS2_PLACEMENT_3D('',#9264,#9265,#9266);
#9264 = CARTESIAN_POINT('',(0.,0.,36.304190218308));
#9265 = DIRECTION('',(0.,0.,1.));
#9266 = DIRECTION('',(1.,0.,-0.));
#9267 = PLANE('',#9268);
#9268 = AXIS2_PLACEMENT_3D('',#9269,#9270,#9271);
#9269 = CARTESIAN_POINT('',(0.,0.,36.304190218308));
#9270 = DIRECTION('',(0.,0.,1.));
#9271 = DIRECTION('',(1.,0.,-0.));
#9272 = ADVANCED_FACE('',(#9273,#9276),#9287,.F.);
#9273 = FACE_BOUND('',#9274,.F.);
#9274 = EDGE_LOOP('',(#9275));
#9275 = ORIENTED_EDGE('',*,*,#9240,.T.);
#9276 = FACE_BOUND('',#9277,.F.);
#9277 = EDGE_LOOP('',(#9278));
#9278 = ORIENTED_EDGE('',*,*,#9279,.F.);
#9279 = EDGE_CURVE('',#9280,#9280,#9282,.T.);
#9280 = VERTEX_POINT('',#9281);
#9281 = CARTESIAN_POINT('',(35.011802214533,-8.575418302882E-15,
    22.304190218308));
#9282 = CIRCLE('',#9283,35.011802214533);
#9283 = AXIS2_PLACEMENT_3D('',#9284,#9285,#9286);
#9284 = CARTESIAN_POINT('',(0.,0.,22.304190218308));
#9285 = DIRECTION('',(0.,0.,1.));
#9286 = DIRECTION('',(1.,0.,-0.));
#9287 = PLANE('',#9288);
#9288 = AXIS2_PLACEMENT_3D('',#9289,#9290,#9291);
#9289 = CARTESIAN_POINT('',(0.,0.,22.304190218308));
#9290 = DIRECTION('',(0.,0.,1.));
#9291 = DIRECTION('',(1.,0.,-0.));
#9292 = ADVANCED_FACE('',(#9293),#9312,.T.);
#9293 = FACE_BOUND('',#9294,.T.);
#9294 = EDGE_LOOP('',(#9295,#9303,#9310,#9311));
#9295 = ORIENTED_EDGE('',*,*,#9296,.T.);
#9296 = EDGE_CURVE('',#9260,#9297,#9299,.T.);
#9297 = VERTEX_POINT('',#9298);
#9298 = CARTESIAN_POINT('',(58.565196431582,-1.434433607027E-14,
    37.284190218308));
#9299 = LINE('',#9300,#9301);
#9300 = CARTESIAN_POINT('',(58.565196431582,-1.434433607027E-14,
    32.384190218308));
#9301 = VECTOR('',#9302,1.);
#9302 = DIRECTION('',(0.,0.,1.));
#9303 = ORIENTED_EDGE('',*,*,#9304,.F.);
#9304 = EDGE_CURVE('',#9297,#9297,#9305,.T.);
#9305 = CIRCLE('',#9306,58.565196431582);
#9306 = AXIS2_PLACEMENT_3D('',#9307,#9308,#9309);
#9307 = CARTESIAN_POINT('',(0.,0.,37.284190218308));
#9308 = DIRECTION('',(0.,0.,1.));
#9309 = DIRECTION('',(1.,0.,-0.));
#9310 = ORIENTED_EDGE('',*,*,#9296,.F.);
#9311 = ORIENTED_EDGE('',*,*,#9259,.T.);
#9312 = CYLINDRICAL_SURFACE('',#9313,58.565196431582);
#9313 = AXIS2_PLACEMENT_3D('',#9314,#9315,#9316);
#9314 = CARTESIAN_POINT('',(0.,0.,32.384190218308));
#9315 = DIRECTION('',(0.,0.,1.));
#9316 = DIRECTION('',(1.,0.,-0.));
#9317 = ADVANCED_FACE('',(#9318),#9337,.F.);
#9318 = FACE_BOUND('',#9319,.F.);
#9319 = EDGE_LOOP('',(#9320,#9329,#9335,#9336));
#9320 = ORIENTED_EDGE('',*,*,#9321,.F.);
#9321 = EDGE_CURVE('',#9322,#9322,#9324,.T.);
#9322 = VERTEX_POINT('',#9323);
#9323 = CARTESIAN_POINT('',(35.011802214533,-8.575418302882E-15,
    36.304190218308));
#9324 = CIRCLE('',#9325,35.011802214533);
#9325 = AXIS2_PLACEMENT_3D('',#9326,#9327,#9328);
#9326 = CARTESIAN_POINT('',(0.,0.,36.304190218308));
#9327 = DIRECTION('',(0.,0.,1.));
#9328 = DIRECTION('',(1.,0.,-0.));
#9329 = ORIENTED_EDGE('',*,*,#9330,.F.);
#9330 = EDGE_CURVE('',#9280,#9322,#9331,.T.);
#9331 = LINE('',#9332,#9333);
#9332 = CARTESIAN_POINT('',(35.011802214533,-8.575418302882E-15,
    21.304190218308));
#9333 = VECTOR('',#9334,1.);
#9334 = DIRECTION('',(0.,0.,1.));
#9335 = ORIENTED_EDGE('',*,*,#9279,.T.);
#9336 = ORIENTED_EDGE('',*,*,#9330,.T.);
#9337 = CYLINDRICAL_SURFACE('',#9338,35.011802214533);
#9338 = AXIS2_PLACEMENT_3D('',#9339,#9340,#9341);
#9339 = CARTESIAN_POINT('',(0.,0.,21.304190218308));
#9340 = DIRECTION('',(0.,0.,1.));
#9341 = DIRECTION('',(1.,0.,-0.));
#9342 = ADVANCED_FACE('',(#9343,#9346),#9357,.T.);
#9343 = FACE_BOUND('',#9344,.T.);
#9344 = EDGE_LOOP('',(#9345));
#9345 = ORIENTED_EDGE('',*,*,#9304,.T.);
#9346 = FACE_BOUND('',#9347,.T.);
#9347 = EDGE_LOOP('',(#9348));
#9348 = ORIENTED_EDGE('',*,*,#9349,.F.);
#9349 = EDGE_CURVE('',#9350,#9350,#9352,.T.);
#9350 = VERTEX_POINT('',#9351);
#9351 = CARTESIAN_POINT('',(36.76239232526,-9.004189218026E-15,
    37.284190218308));
#9352 = CIRCLE('',#9353,36.76239232526);
#9353 = AXIS2_PLACEMENT_3D('',#9354,#9355,#9356);
#9354 = CARTESIAN_POINT('',(0.,0.,37.284190218308));
#9355 = DIRECTION('',(0.,0.,1.));
#9356 = DIRECTION('',(1.,0.,-0.));
#9357 = PLANE('',#9358);
#9358 = AXIS2_PLACEMENT_3D('',#9359,#9360,#9361);
#9359 = CARTESIAN_POINT('',(0.,0.,37.284190218308));
#9360 = DIRECTION('',(0.,0.,1.));
#9361 = DIRECTION('',(1.,0.,-0.));
#9362 = ADVANCED_FACE('',(#9363,#9374),#9377,.T.);
#9363 = FACE_BOUND('',#9364,.T.);
#9364 = EDGE_LOOP('',(#9365));
#9365 = ORIENTED_EDGE('',*,*,#9366,.T.);
#9366 = EDGE_CURVE('',#9367,#9367,#9369,.T.);
#9367 = VERTEX_POINT('',#9368);
#9368 = CARTESIAN_POINT('',(36.76239232526,-9.004189218026E-15,
    36.304190218308));
#9369 = CIRCLE('',#9370,36.76239232526);
#9370 = AXIS2_PLACEMENT_3D('',#9371,#9372,#9373);
#9371 = CARTESIAN_POINT('',(0.,0.,36.304190218308));
#9372 = DIRECTION('',(0.,0.,1.));
#9373 = DIRECTION('',(1.,0.,-0.));
#9374 = FACE_BOUND('',#9375,.T.);
#9375 = EDGE_LOOP('',(#9376));
#9376 = ORIENTED_EDGE('',*,*,#9321,.F.);
#9377 = PLANE('',#9378);
#9378 = AXIS2_PLACEMENT_3D('',#9379,#9380,#9381);
#9379 = CARTESIAN_POINT('',(0.,0.,36.304190218308));
#9380 = DIRECTION('',(0.,0.,1.));
#9381 = DIRECTION('',(1.,0.,-0.));
#9382 = ADVANCED_FACE('',(#9383),#9394,.F.);
#9383 = FACE_BOUND('',#9384,.F.);
#9384 = EDGE_LOOP('',(#9385,#9391,#9392,#9393));
#9385 = ORIENTED_EDGE('',*,*,#9386,.T.);
#9386 = EDGE_CURVE('',#9367,#9350,#9387,.T.);
#9387 = LINE('',#9388,#9389);
#9388 = CARTESIAN_POINT('',(36.76239232526,-9.004189218026E-15,
    31.384190218308));
#9389 = VECTOR('',#9390,1.);
#9390 = DIRECTION('',(0.,0.,1.));
#9391 = ORIENTED_EDGE('',*,*,#9349,.F.);
#9392 = ORIENTED_EDGE('',*,*,#9386,.F.);
#9393 = ORIENTED_EDGE('',*,*,#9366,.T.);
#9394 = CYLINDRICAL_SURFACE('',#9395,36.76239232526);
#9395 = AXIS2_PLACEMENT_3D('',#9396,#9397,#9398);
#9396 = CARTESIAN_POINT('',(0.,0.,31.384190218308));
#9397 = DIRECTION('',(0.,0.,1.));
#9398 = DIRECTION('',(1.,0.,-0.));
#9399 = MANIFOLD_SOLID_BREP('',#9400);
#9400 = CLOSED_SHELL('',(#9401,#9444,#9465,#9486,#9507,#9544,#9559,#9574
    ,#9589,#9663,#9691,#9713,#9735,#9751,#9779,#9801,#9823,#9839,#9851)
  );
#9401 = ADVANCED_FACE('',(#9402,#9425),#9439,.T.);
#9402 = FACE_BOUND('',#9403,.T.);
#9403 = EDGE_LOOP('',(#9404,#9413,#9420));
#9404 = ORIENTED_EDGE('',*,*,#9405,.T.);
#9405 = EDGE_CURVE('',#9406,#9408,#9410,.T.);
#9406 = VERTEX_POINT('',#9407);
#9407 = CARTESIAN_POINT('',(-4.37219188087,1.171525283633,
    83.103523621071));
#9408 = VERTEX_POINT('',#9409);
#9409 = CARTESIAN_POINT('',(3.200666597237,3.200666597237,
    83.103523621071));
#9410 = B_SPLINE_CURVE_WITH_KNOTS('',1,(#9411,#9412),.UNSPECIFIED.,.F.,
  .F.,(2,2),(0.,12.88),.PIECEWISE_BEZIER_KNOTS.);
#9411 = CARTESIAN_POINT('',(-4.37219188087,1.171525283633,
    83.103523621071));
#9412 = CARTESIAN_POINT('',(3.200666597237,3.200666597237,
    83.103523621071));
#9413 = ORIENTED_EDGE('',*,*,#9414,.T.);
#9414 = EDGE_CURVE('',#9408,#9415,#9417,.T.);
#9415 = VERTEX_POINT('',#9416);
#9416 = CARTESIAN_POINT('',(1.171525283633,-4.37219188087,
    83.103523621071));
#9417 = B_SPLINE_CURVE_WITH_KNOTS('',1,(#9418,#9419),.UNSPECIFIED.,.F.,
  .F.,(2,2),(0.,12.88),.PIECEWISE_BEZIER_KNOTS.);
#9418 = CARTESIAN_POINT('',(3.200666597237,3.200666597237,
    83.103523621071));
#9419 = CARTESIAN_POINT('',(1.171525283633,-4.37219188087,
    83.103523621071));
#9420 = ORIENTED_EDGE('',*,*,#9421,.T.);
#9421 = EDGE_CURVE('',#9415,#9406,#9422,.T.);
#9422 = B_SPLINE_CURVE_WITH_KNOTS('',1,(#9423,#9424),.UNSPECIFIED.,.F.,
  .F.,(2,2),(0.,12.88),.PIECEWISE_BEZIER_KNOTS.);
#9423 = CARTESIAN_POINT('',(1.171525283633,-4.37219188087,
    83.103523621071));
#9424 = CARTESIAN_POINT('',(-4.37219188087,1.171525283633,
    83.103523621071));
#9425 = FACE_BOUND('',#9426,.T.);
#9426 = EDGE_LOOP('',(#9427));
#9427 = ORIENTED_EDGE('',*,*,#9428,.T.);
#9428 = EDGE_CURVE('',#9429,#9429,#9431,.T.);
#9429 = VERTEX_POINT('',#9430);
#9430 = CARTESIAN_POINT('',(-0.40960927138,1.52868261204,83.103523621071
    ));
#9431 = ( BOUNDED_CURVE() B_SPLINE_CURVE(2,(#9432,#9433,#9434,#9435,
#9436,#9437,#9438),.UNSPECIFIED.,.T.,.F.) B_SPLINE_CURVE_WITH_KNOTS((1,2
    ,2,2,2,1),(-2.094395102393,0.,2.094395102393,4.188790204786,
6.28318530718,8.377580409573),.UNSPECIFIED.) CURVE() 
GEOMETRIC_REPRESENTATION_ITEM() RATIONAL_B_SPLINE_CURVE((1.,0.5,1.,0.5,
1.,0.5,1.)) REPRESENTATION_ITEM('') );
#9432 = CARTESIAN_POINT('',(-0.40960927138,1.52868261204,83.103523621071
    ));
#9433 = CARTESIAN_POINT('',(-3.05736522408,0.819218542759,
    83.103523621071));
#9434 = CARTESIAN_POINT('',(-1.11907334066,-1.11907334066,
    83.103523621071));
#9435 = CARTESIAN_POINT('',(0.819218542759,-3.05736522408,
    83.103523621071));
#9436 = CARTESIAN_POINT('',(1.52868261204,-0.40960927138,83.103523621071
    ));
#9437 = CARTESIAN_POINT('',(2.238146681321,2.238146681321,
    83.103523621071));
#9438 = CARTESIAN_POINT('',(-0.40960927138,1.52868261204,83.103523621071
    ));
#9439 = B_SPLINE_SURFACE_WITH_KNOTS('',1,1,(
    (#9440,#9441)
    ,(#9442,#9443
    )),.UNSPECIFIED.,.F.,.F.,.F.,(2,2),(2,2),(-3.718135733581,
    7.436271467162),(-6.44,6.44),.PIECEWISE_BEZIER_KNOTS.);
#9440 = CARTESIAN_POINT('',(3.200666597237,3.200666597237,
    83.103523621071));
#9441 = CARTESIAN_POINT('',(-4.37219188087,1.171525283633,
    83.103523621071));
#9442 = CARTESIAN_POINT('',(4.957954522686,-3.357621224068,
    83.103523621071));
#9443 = CARTESIAN_POINT('',(-2.61490395542,-5.386762537671,
    83.103523621071));
#9444 = ADVANCED_FACE('',(#9445),#9460,.T.);
#9445 = FACE_BOUND('',#9446,.T.);
#9446 = EDGE_LOOP('',(#9447,#9448,#9455));
#9447 = ORIENTED_EDGE('',*,*,#9405,.F.);
#9448 = ORIENTED_EDGE('',*,*,#9449,.T.);
#9449 = EDGE_CURVE('',#9406,#9450,#9452,.T.);
#9450 = VERTEX_POINT('',#9451);
#9451 = CARTESIAN_POINT('',(-1.171525283633,4.37219188087,
    89.504856815544));
#9452 = B_SPLINE_CURVE_WITH_KNOTS('',1,(#9453,#9454),.UNSPECIFIED.,.F.,
  .F.,(2,2),(0.,12.88),.PIECEWISE_BEZIER_KNOTS.);
#9453 = CARTESIAN_POINT('',(-4.37219188087,1.171525283633,
    83.103523621071));
#9454 = CARTESIAN_POINT('',(-1.171525283633,4.37219188087,
    89.504856815544));
#9455 = ORIENTED_EDGE('',*,*,#9456,.T.);
#9456 = EDGE_CURVE('',#9450,#9408,#9457,.T.);
#9457 = B_SPLINE_CURVE_WITH_KNOTS('',1,(#9458,#9459),.UNSPECIFIED.,.F.,
  .F.,(2,2),(0.,12.88),.PIECEWISE_BEZIER_KNOTS.);
#9458 = CARTESIAN_POINT('',(-1.171525283633,4.37219188087,
    89.504856815544));
#9459 = CARTESIAN_POINT('',(3.200666597237,3.200666597237,
    83.103523621071));
#9460 = B_SPLINE_SURFACE_WITH_KNOTS('',1,1,(
    (#9461,#9462)
    ,(#9463,#9464
    )),.UNSPECIFIED.,.F.,.F.,.F.,(2,2),(2,2),(-3.718135733581,
    7.436271467162),(-6.44,6.44),.PIECEWISE_BEZIER_KNOTS.);
#9461 = CARTESIAN_POINT('',(-4.37219188087,1.171525283633,
    83.103523621071));
#9462 = CARTESIAN_POINT('',(3.200666597237,3.200666597237,
    83.103523621071));
#9463 = CARTESIAN_POINT('',(-4.957954522686,3.357621224068,
    89.504856815544));
#9464 = CARTESIAN_POINT('',(2.61490395542,5.386762537671,89.504856815544
    ));
#9465 = ADVANCED_FACE('',(#9466),#9481,.T.);
#9466 = FACE_BOUND('',#9467,.T.);
#9467 = EDGE_LOOP('',(#9468,#9469,#9476));
#9468 = ORIENTED_EDGE('',*,*,#9421,.F.);
#9469 = ORIENTED_EDGE('',*,*,#9470,.T.);
#9470 = EDGE_CURVE('',#9415,#9471,#9473,.T.);
#9471 = VERTEX_POINT('',#9472);
#9472 = CARTESIAN_POINT('',(-3.200666597237,-3.200666597237,
    89.504856815544));
#9473 = B_SPLINE_CURVE_WITH_KNOTS('',1,(#9474,#9475),.UNSPECIFIED.,.F.,
  .F.,(2,2),(0.,12.88),.PIECEWISE_BEZIER_KNOTS.);
#9474 = CARTESIAN_POINT('',(1.171525283633,-4.37219188087,
    83.103523621071));
#9475 = CARTESIAN_POINT('',(-3.200666597237,-3.200666597237,
    89.504856815544));
#9476 = ORIENTED_EDGE('',*,*,#9477,.T.);
#9477 = EDGE_CURVE('',#9471,#9406,#9478,.T.);
#9478 = B_SPLINE_CURVE_WITH_KNOTS('',1,(#9479,#9480),.UNSPECIFIED.,.F.,
  .F.,(2,2),(0.,12.88),.PIECEWISE_BEZIER_KNOTS.);
#9479 = CARTESIAN_POINT('',(-3.200666597237,-3.200666597237,
    89.504856815544));
#9480 = CARTESIAN_POINT('',(-4.37219188087,1.171525283633,
    83.103523621071));
#9481 = B_SPLINE_SURFACE_WITH_KNOTS('',1,1,(
    (#9482,#9483)
    ,(#9484,#9485
    )),.UNSPECIFIED.,.F.,.F.,.F.,(2,2),(2,2),(-6.44,6.44),(
    -7.436271467162,3.718135733581),.PIECEWISE_BEZIER_KNOTS.);
#9482 = CARTESIAN_POINT('',(-0.428808014985,-5.972525179488,
    89.504856815544));
#9483 = CARTESIAN_POINT('',(1.171525283633,-4.37219188087,
    83.103523621071));
#9484 = CARTESIAN_POINT('',(-5.972525179488,-0.428808014985,
    89.504856815544));
#9485 = CARTESIAN_POINT('',(-4.37219188087,1.171525283633,
    83.103523621071));
#9486 = ADVANCED_FACE('',(#9487),#9502,.T.);
#9487 = FACE_BOUND('',#9488,.T.);
#9488 = EDGE_LOOP('',(#9489,#9490,#9497));
#9489 = ORIENTED_EDGE('',*,*,#9414,.F.);
#9490 = ORIENTED_EDGE('',*,*,#9491,.T.);
#9491 = EDGE_CURVE('',#9408,#9492,#9494,.T.);
#9492 = VERTEX_POINT('',#9493);
#9493 = CARTESIAN_POINT('',(4.37219188087,-1.171525283633,
    89.504856815544));
#9494 = B_SPLINE_CURVE_WITH_KNOTS('',1,(#9495,#9496),.UNSPECIFIED.,.F.,
  .F.,(2,2),(0.,12.88),.PIECEWISE_BEZIER_KNOTS.);
#9495 = CARTESIAN_POINT('',(3.200666597237,3.200666597237,
    83.103523621071));
#9496 = CARTESIAN_POINT('',(4.37219188087,-1.171525283633,
    89.504856815544));
#9497 = ORIENTED_EDGE('',*,*,#9498,.T.);
#9498 = EDGE_CURVE('',#9492,#9415,#9499,.T.);
#9499 = B_SPLINE_CURVE_WITH_KNOTS('',1,(#9500,#9501),.UNSPECIFIED.,.F.,
  .F.,(2,2),(0.,12.88),.PIECEWISE_BEZIER_KNOTS.);
#9500 = CARTESIAN_POINT('',(4.37219188087,-1.171525283633,
    89.504856815544));
#9501 = CARTESIAN_POINT('',(1.171525283633,-4.37219188087,
    83.103523621071));
#9502 = B_SPLINE_SURFACE_WITH_KNOTS('',1,1,(
    (#9503,#9504)
    ,(#9505,#9506
    )),.UNSPECIFIED.,.F.,.F.,.F.,(2,2),(2,2),(-6.44,6.44),(
    -7.436271467162,3.718135733581),.PIECEWISE_BEZIER_KNOTS.);
#9503 = CARTESIAN_POINT('',(5.386762537671,2.61490395542,89.504856815544
    ));
#9504 = CARTESIAN_POINT('',(3.200666597237,3.200666597237,
    83.103523621071));
#9505 = CARTESIAN_POINT('',(3.357621224068,-4.957954522686,
    89.504856815544));
#9506 = CARTESIAN_POINT('',(1.171525283633,-4.37219188087,
    83.103523621071));
#9507 = ADVANCED_FACE('',(#9508),#9529,.F.);
#9508 = FACE_BOUND('',#9509,.F.);
#9509 = EDGE_LOOP('',(#9510,#9522,#9527,#9528));
#9510 = ORIENTED_EDGE('',*,*,#9511,.F.);
#9511 = EDGE_CURVE('',#9512,#9512,#9514,.T.);
#9512 = VERTEX_POINT('',#9513);
#9513 = CARTESIAN_POINT('',(-0.40960927138,1.52868261204,89.504856815544
    ));
#9514 = ( BOUNDED_CURVE() B_SPLINE_CURVE(2,(#9515,#9516,#9517,#9518,
#9519,#9520,#9521),.UNSPECIFIED.,.T.,.F.) B_SPLINE_CURVE_WITH_KNOTS((1,2
    ,2,2,2,1),(-2.094395102393,0.,2.094395102393,4.188790204786,
6.28318530718,8.377580409573),.UNSPECIFIED.) CURVE() 
GEOMETRIC_REPRESENTATION_ITEM() RATIONAL_B_SPLINE_CURVE((1.,0.5,1.,0.5,
1.,0.5,1.)) REPRESENTATION_ITEM('') );
#9515 = CARTESIAN_POINT('',(-0.40960927138,1.52868261204,89.504856815544
    ));
#9516 = CARTESIAN_POINT('',(-3.05736522408,0.819218542759,
    89.504856815544));
#9517 = CARTESIAN_POINT('',(-1.11907334066,-1.11907334066,
    89.504856815544));
#9518 = CARTESIAN_POINT('',(0.819218542759,-3.05736522408,
    89.504856815544));
#9519 = CARTESIAN_POINT('',(1.52868261204,-0.40960927138,89.504856815544
    ));
#9520 = CARTESIAN_POINT('',(2.238146681321,2.238146681321,
    89.504856815544));
#9521 = CARTESIAN_POINT('',(-0.40960927138,1.52868261204,89.504856815544
    ));
#9522 = ORIENTED_EDGE('',*,*,#9523,.F.);
#9523 = EDGE_CURVE('',#9429,#9512,#9524,.T.);
#9524 = B_SPLINE_CURVE_WITH_KNOTS('',1,(#9525,#9526),.UNSPECIFIED.,.F.,
  .F.,(2,2),(0.6,11.116475962349),.PIECEWISE_BEZIER_KNOTS.);
#9525 = CARTESIAN_POINT('',(-0.40960927138,1.52868261204,83.103523621071
    ));
#9526 = CARTESIAN_POINT('',(-0.40960927138,1.52868261204,89.504856815544
    ));
#9527 = ORIENTED_EDGE('',*,*,#9428,.T.);
#9528 = ORIENTED_EDGE('',*,*,#9523,.T.);
#9529 = ( BOUNDED_SURFACE() B_SPLINE_SURFACE(2,1,(
    (#9530,#9531)
    ,(#9532,#9533)
    ,(#9534,#9535)
    ,(#9536,#9537)
    ,(#9538,#9539)
    ,(#9540,#9541)
    ,(#9542,#9543
)),.UNSPECIFIED.,.T.,.F.,.F.) B_SPLINE_SURFACE_WITH_KNOTS((1,2,2,2,2,1),
  (2,2),(-2.094395102393,0.,2.094395102393,4.188790204786,6.28318530718,
    8.377580409573),(0.6,11.116475962349),.UNSPECIFIED.) 
GEOMETRIC_REPRESENTATION_ITEM() RATIONAL_B_SPLINE_SURFACE((
    (1.,1.)
    ,(0.5,0.5)
    ,(1.,1.)
    ,(0.5,0.5)
    ,(1.,1.)
    ,(0.5,0.5)
,(1.,1.))) REPRESENTATION_ITEM('') SURFACE() );
#9530 = CARTESIAN_POINT('',(-0.40960927138,1.52868261204,83.103523621071
    ));
#9531 = CARTESIAN_POINT('',(-0.40960927138,1.52868261204,89.504856815544
    ));
#9532 = CARTESIAN_POINT('',(-3.05736522408,0.819218542759,
    83.103523621071));
#9533 = CARTESIAN_POINT('',(-3.05736522408,0.819218542759,
    89.504856815544));
#9534 = CARTESIAN_POINT('',(-1.11907334066,-1.11907334066,
    83.103523621071));
#9535 = CARTESIAN_POINT('',(-1.11907334066,-1.11907334066,
    89.504856815544));
#9536 = CARTESIAN_POINT('',(0.819218542759,-3.05736522408,
    83.103523621071));
#9537 = CARTESIAN_POINT('',(0.819218542759,-3.05736522408,
    89.504856815544));
#9538 = CARTESIAN_POINT('',(1.52868261204,-0.40960927138,83.103523621071
    ));
#9539 = CARTESIAN_POINT('',(1.52868261204,-0.40960927138,89.504856815544
    ));
#9540 = CARTESIAN_POINT('',(2.238146681321,2.238146681321,
    83.103523621071));
#9541 = CARTESIAN_POINT('',(2.238146681321,2.238146681321,
    89.504856815544));
#9542 = CARTESIAN_POINT('',(-0.40960927138,1.52868261204,83.103523621071
    ));
#9543 = CARTESIAN_POINT('',(-0.40960927138,1.52868261204,89.504856815544
    ));
#9544 = ADVANCED_FACE('',(#9545),#9554,.F.);
#9545 = FACE_BOUND('',#9546,.F.);
#9546 = EDGE_LOOP('',(#9547,#9552,#9553));
#9547 = ORIENTED_EDGE('',*,*,#9548,.T.);
#9548 = EDGE_CURVE('',#9450,#9471,#9549,.T.);
#9549 = B_SPLINE_CURVE_WITH_KNOTS('',1,(#9550,#9551),.UNSPECIFIED.,.F.,
  .F.,(2,2),(0.,12.88),.PIECEWISE_BEZIER_KNOTS.);
#9550 = CARTESIAN_POINT('',(-1.171525283633,4.37219188087,
    89.504856815544));
#9551 = CARTESIAN_POINT('',(-3.200666597237,-3.200666597237,
    89.504856815544));
#9552 = ORIENTED_EDGE('',*,*,#9477,.T.);
#9553 = ORIENTED_EDGE('',*,*,#9449,.T.);
#9554 = B_SPLINE_SURFACE_WITH_KNOTS('',1,1,(
    (#9555,#9556)
    ,(#9557,#9558
    )),.UNSPECIFIED.,.F.,.F.,.F.,(2,2),(2,2),(-6.44,6.44),(
    -3.718135733581,7.436271467162),.PIECEWISE_BEZIER_KNOTS.);
#9555 = CARTESIAN_POINT('',(-1.171525283633,4.37219188087,
    89.504856815544));
#9556 = CARTESIAN_POINT('',(-3.357621224068,4.957954522686,
    83.103523621071));
#9557 = CARTESIAN_POINT('',(-3.200666597237,-3.200666597237,
    89.504856815544));
#9558 = CARTESIAN_POINT('',(-5.386762537671,-2.61490395542,
    83.103523621071));
#9559 = ADVANCED_FACE('',(#9560),#9569,.F.);
#9560 = FACE_BOUND('',#9561,.F.);
#9561 = EDGE_LOOP('',(#9562,#9567,#9568));
#9562 = ORIENTED_EDGE('',*,*,#9563,.T.);
#9563 = EDGE_CURVE('',#9492,#9450,#9564,.T.);
#9564 = B_SPLINE_CURVE_WITH_KNOTS('',1,(#9565,#9566),.UNSPECIFIED.,.F.,
  .F.,(2,2),(0.,12.88),.PIECEWISE_BEZIER_KNOTS.);
#9565 = CARTESIAN_POINT('',(4.37219188087,-1.171525283633,
    89.504856815544));
#9566 = CARTESIAN_POINT('',(-1.171525283633,4.37219188087,
    89.504856815544));
#9567 = ORIENTED_EDGE('',*,*,#9456,.T.);
#9568 = ORIENTED_EDGE('',*,*,#9491,.T.);
#9569 = B_SPLINE_SURFACE_WITH_KNOTS('',1,1,(
    (#9570,#9571)
    ,(#9572,#9573
    )),.UNSPECIFIED.,.F.,.F.,.F.,(2,2),(2,2),(-6.44,6.44),(
    -3.718135733581,7.436271467162),.PIECEWISE_BEZIER_KNOTS.);
#9570 = CARTESIAN_POINT('',(4.37219188087,-1.171525283633,
    89.504856815544));
#9571 = CARTESIAN_POINT('',(5.972525179488,0.428808014985,
    83.103523621071));
#9572 = CARTESIAN_POINT('',(-1.171525283633,4.37219188087,
    89.504856815544));
#9573 = CARTESIAN_POINT('',(0.428808014985,5.972525179488,
    83.103523621071));
#9574 = ADVANCED_FACE('',(#9575),#9584,.F.);
#9575 = FACE_BOUND('',#9576,.F.);
#9576 = EDGE_LOOP('',(#9577,#9582,#9583));
#9577 = ORIENTED_EDGE('',*,*,#9578,.T.);
#9578 = EDGE_CURVE('',#9471,#9492,#9579,.T.);
#9579 = B_SPLINE_CURVE_WITH_KNOTS('',1,(#9580,#9581),.UNSPECIFIED.,.F.,
  .F.,(2,2),(0.,12.88),.PIECEWISE_BEZIER_KNOTS.);
#9580 = CARTESIAN_POINT('',(-3.200666597237,-3.200666597237,
    89.504856815544));
#9581 = CARTESIAN_POINT('',(4.37219188087,-1.171525283633,
    89.504856815544));
#9582 = ORIENTED_EDGE('',*,*,#9498,.T.);
#9583 = ORIENTED_EDGE('',*,*,#9470,.T.);
#9584 = B_SPLINE_SURFACE_WITH_KNOTS('',1,1,(
    (#9585,#9586)
    ,(#9587,#9588
    )),.UNSPECIFIED.,.F.,.F.,.F.,(2,2),(2,2),(-7.436271467162,
    3.718135733581),(-6.44,6.44),.PIECEWISE_BEZIER_KNOTS.);
#9585 = CARTESIAN_POINT('',(-2.61490395542,-5.386762537671,
    83.103523621071));
#9586 = CARTESIAN_POINT('',(4.957954522686,-3.357621224068,
    83.103523621071));
#9587 = CARTESIAN_POINT('',(-3.200666597237,-3.200666597237,
    89.504856815544));
#9588 = CARTESIAN_POINT('',(4.37219188087,-1.171525283633,
    89.504856815544));
#9589 = ADVANCED_FACE('',(#9590,#9595,#9598,#9628),#9658,.T.);
#9590 = FACE_BOUND('',#9591,.T.);
#9591 = EDGE_LOOP('',(#9592,#9593,#9594));
#9592 = ORIENTED_EDGE('',*,*,#9548,.T.);
#9593 = ORIENTED_EDGE('',*,*,#9578,.T.);
#9594 = ORIENTED_EDGE('',*,*,#9563,.T.);
#9595 = FACE_BOUND('',#9596,.T.);
#9596 = EDGE_LOOP('',(#9597));
#9597 = ORIENTED_EDGE('',*,*,#9511,.F.);
#9598 = FACE_BOUND('',#9599,.T.);
#9599 = EDGE_LOOP('',(#9600,#9609,#9616,#9623));
#9600 = ORIENTED_EDGE('',*,*,#9601,.T.);
#9601 = EDGE_CURVE('',#9602,#9604,#9606,.T.);
#9602 = VERTEX_POINT('',#9603);
#9603 = CARTESIAN_POINT('',(-0.913263591081,3.972782779372,
    89.504856815544));
#9604 = VERTEX_POINT('',#9605);
#9605 = CARTESIAN_POINT('',(-0.287405150486,1.637047280723,
    89.504856815544));
#9606 = B_SPLINE_CURVE_WITH_KNOTS('',1,(#9607,#9608),.UNSPECIFIED.,.F.,
  .F.,(2,2),(-5.332644320446,-1.36),.PIECEWISE_BEZIER_KNOTS.);
#9607 = CARTESIAN_POINT('',(-0.913263591081,3.972782779372,
    89.504856815544));
#9608 = CARTESIAN_POINT('',(-0.287405150486,1.637047280723,
    89.504856815544));
#9609 = ORIENTED_EDGE('',*,*,#9610,.T.);
#9610 = EDGE_CURVE('',#9604,#9611,#9613,.T.);
#9611 = VERTEX_POINT('',#9612);
#9612 = CARTESIAN_POINT('',(-0.569623478862,1.561427107545,
    89.504856815544));
#9613 = B_SPLINE_CURVE_WITH_KNOTS('',1,(#9614,#9615),.UNSPECIFIED.,.F.,
  .F.,(2,2),(-0.12,0.36),.PIECEWISE_BEZIER_KNOTS.);
#9614 = CARTESIAN_POINT('',(-0.287405150486,1.637047280723,
    89.504856815544));
#9615 = CARTESIAN_POINT('',(-0.569623478862,1.561427107545,
    89.504856815544));
#9616 = ORIENTED_EDGE('',*,*,#9617,.F.);
#9617 = EDGE_CURVE('',#9618,#9611,#9620,.T.);
#9618 = VERTEX_POINT('',#9619);
#9619 = CARTESIAN_POINT('',(-1.195481919458,3.897162606194,
    89.504856815544));
#9620 = B_SPLINE_CURVE_WITH_KNOTS('',1,(#9621,#9622),.UNSPECIFIED.,.F.,
  .F.,(2,2),(-5.332644320446,-1.36),.PIECEWISE_BEZIER_KNOTS.);
#9621 = CARTESIAN_POINT('',(-1.195481919458,3.897162606194,
    89.504856815544));
#9622 = CARTESIAN_POINT('',(-0.569623478862,1.561427107545,
    89.504856815544));
#9623 = ORIENTED_EDGE('',*,*,#9624,.F.);
#9624 = EDGE_CURVE('',#9602,#9618,#9625,.T.);
#9625 = B_SPLINE_CURVE_WITH_KNOTS('',1,(#9626,#9627),.UNSPECIFIED.,.F.,
  .F.,(2,2),(-0.12,0.36),.PIECEWISE_BEZIER_KNOTS.);
#9626 = CARTESIAN_POINT('',(-0.913263591081,3.972782779372,
    89.504856815544));
#9627 = CARTESIAN_POINT('',(-1.195481919458,3.897162606194,
    89.504856815544));
#9628 = FACE_BOUND('',#9629,.T.);
#9629 = EDGE_LOOP('',(#9630,#9639,#9646,#9653));
#9630 = ORIENTED_EDGE('',*,*,#9631,.T.);
#9631 = EDGE_CURVE('',#9632,#9634,#9636,.T.);
#9632 = VERTEX_POINT('',#9633);
#9633 = CARTESIAN_POINT('',(-2.983899015112,-2.777300859914,
    89.504856815544));
#9634 = VERTEX_POINT('',#9635);
#9635 = CARTESIAN_POINT('',(-1.27402195706,-1.067423801861,
    89.504856815544));
#9636 = B_SPLINE_CURVE_WITH_KNOTS('',1,(#9637,#9638),.UNSPECIFIED.,.F.,
  .F.,(2,2),(-5.332644320446,-1.36),.PIECEWISE_BEZIER_KNOTS.);
#9637 = CARTESIAN_POINT('',(-2.983899015112,-2.777300859914,
    89.504856815544));
#9638 = CARTESIAN_POINT('',(-1.27402195706,-1.067423801861,
    89.504856815544));
#9639 = ORIENTED_EDGE('',*,*,#9640,.T.);
#9640 = EDGE_CURVE('',#9634,#9641,#9643,.T.);
#9641 = VERTEX_POINT('',#9642);
#9642 = CARTESIAN_POINT('',(-1.067423801861,-1.27402195706,
    89.504856815544));
#9643 = B_SPLINE_CURVE_WITH_KNOTS('',1,(#9644,#9645),.UNSPECIFIED.,.F.,
  .F.,(2,2),(-0.12,0.36),.PIECEWISE_BEZIER_KNOTS.);
#9644 = CARTESIAN_POINT('',(-1.27402195706,-1.067423801861,
    89.504856815544));
#9645 = CARTESIAN_POINT('',(-1.067423801861,-1.27402195706,
    89.504856815544));
#9646 = ORIENTED_EDGE('',*,*,#9647,.F.);
#9647 = EDGE_CURVE('',#9648,#9641,#9650,.T.);
#9648 = VERTEX_POINT('',#9649);
#9649 = CARTESIAN_POINT('',(-2.777300859914,-2.983899015112,
    89.504856815544));
#9650 = B_SPLINE_CURVE_WITH_KNOTS('',1,(#9651,#9652),.UNSPECIFIED.,.F.,
  .F.,(2,2),(-5.332644320446,-1.36),.PIECEWISE_BEZIER_KNOTS.);
#9651 = CARTESIAN_POINT('',(-2.777300859914,-2.983899015112,
    89.504856815544));
#9652 = CARTESIAN_POINT('',(-1.067423801861,-1.27402195706,
    89.504856815544));
#9653 = ORIENTED_EDGE('',*,*,#9654,.F.);
#9654 = EDGE_CURVE('',#9632,#9648,#9655,.T.);
#9655 = B_SPLINE_CURVE_WITH_KNOTS('',1,(#9656,#9657),.UNSPECIFIED.,.F.,
  .F.,(2,2),(-0.12,0.36),.PIECEWISE_BEZIER_KNOTS.);
#9656 = CARTESIAN_POINT('',(-2.983899015112,-2.777300859914,
    89.504856815544));
#9657 = CARTESIAN_POINT('',(-2.777300859914,-2.983899015112,
    89.504856815544));
#9658 = B_SPLINE_SURFACE_WITH_KNOTS('',1,1,(
    (#9659,#9660)
    ,(#9661,#9662
    )),.UNSPECIFIED.,.F.,.F.,.F.,(2,2),(2,2),(-3.718135733581,
    7.436271467162),(-6.44,6.44),.PIECEWISE_BEZIER_KNOTS.);
#9659 = CARTESIAN_POINT('',(4.37219188087,-1.171525283633,
    89.504856815544));
#9660 = CARTESIAN_POINT('',(-3.200666597237,-3.200666597237,
    89.504856815544));
#9661 = CARTESIAN_POINT('',(2.61490395542,5.386762537671,89.504856815544
    ));
#9662 = CARTESIAN_POINT('',(-4.957954522686,3.357621224068,
    89.504856815544));
#9663 = ADVANCED_FACE('',(#9664),#9686,.T.);
#9664 = FACE_BOUND('',#9665,.T.);
#9665 = EDGE_LOOP('',(#9666,#9673,#9680,#9685));
#9666 = ORIENTED_EDGE('',*,*,#9667,.F.);
#9667 = EDGE_CURVE('',#9668,#9602,#9670,.T.);
#9668 = VERTEX_POINT('',#9669);
#9669 = CARTESIAN_POINT('',(-0.913263591081,3.972782779372,
    89.230943772066));
#9670 = B_SPLINE_CURVE_WITH_KNOTS('',1,(#9671,#9672),.UNSPECIFIED.,.F.,
  .F.,(2,2),(0.,0.45),.PIECEWISE_BEZIER_KNOTS.);
#9671 = CARTESIAN_POINT('',(-0.913263591081,3.972782779372,
    89.230943772066));
#9672 = CARTESIAN_POINT('',(-0.913263591081,3.972782779372,
    89.504856815544));
#9673 = ORIENTED_EDGE('',*,*,#9674,.F.);
#9674 = EDGE_CURVE('',#9675,#9668,#9677,.T.);
#9675 = VERTEX_POINT('',#9676);
#9676 = CARTESIAN_POINT('',(-0.287405150486,1.637047280723,
    89.230943772066));
#9677 = B_SPLINE_CURVE_WITH_KNOTS('',1,(#9678,#9679),.UNSPECIFIED.,.F.,
  .F.,(2,2),(0.,3.972644320446),.PIECEWISE_BEZIER_KNOTS.);
#9678 = CARTESIAN_POINT('',(-0.287405150486,1.637047280723,
    89.230943772066));
#9679 = CARTESIAN_POINT('',(-0.913263591081,3.972782779372,
    89.230943772066));
#9680 = ORIENTED_EDGE('',*,*,#9681,.T.);
#9681 = EDGE_CURVE('',#9675,#9604,#9682,.T.);
#9682 = B_SPLINE_CURVE_WITH_KNOTS('',1,(#9683,#9684),.UNSPECIFIED.,.F.,
  .F.,(2,2),(0.,0.45),.PIECEWISE_BEZIER_KNOTS.);
#9683 = CARTESIAN_POINT('',(-0.287405150486,1.637047280723,
    89.230943772066));
#9684 = CARTESIAN_POINT('',(-0.287405150486,1.637047280723,
    89.504856815544));
#9685 = ORIENTED_EDGE('',*,*,#9601,.F.);
#9686 = B_SPLINE_SURFACE_WITH_KNOTS('',1,1,(
    (#9687,#9688)
    ,(#9689,#9690
    )),.UNSPECIFIED.,.F.,.F.,.F.,(2,2),(2,2),(0.,0.45),(0.,
    3.972644320446),.PIECEWISE_BEZIER_KNOTS.);
#9687 = CARTESIAN_POINT('',(-0.287405150486,1.637047280723,
    89.230943772066));
#9688 = CARTESIAN_POINT('',(-0.913263591081,3.972782779372,
    89.230943772066));
#9689 = CARTESIAN_POINT('',(-0.287405150486,1.637047280723,
    89.504856815544));
#9690 = CARTESIAN_POINT('',(-0.913263591081,3.972782779372,
    89.504856815544));
#9691 = ADVANCED_FACE('',(#9692),#9708,.F.);
#9692 = FACE_BOUND('',#9693,.F.);
#9693 = EDGE_LOOP('',(#9694,#9695,#9702,#9707));
#9694 = ORIENTED_EDGE('',*,*,#9667,.F.);
#9695 = ORIENTED_EDGE('',*,*,#9696,.T.);
#9696 = EDGE_CURVE('',#9668,#9697,#9699,.T.);
#9697 = VERTEX_POINT('',#9698);
#9698 = CARTESIAN_POINT('',(-1.195481919458,3.897162606194,
    89.230943772066));
#9699 = B_SPLINE_CURVE_WITH_KNOTS('',1,(#9700,#9701),.UNSPECIFIED.,.F.,
  .F.,(2,2),(0.,0.48),.PIECEWISE_BEZIER_KNOTS.);
#9700 = CARTESIAN_POINT('',(-0.913263591081,3.972782779372,
    89.230943772066));
#9701 = CARTESIAN_POINT('',(-1.195481919458,3.897162606194,
    89.230943772066));
#9702 = ORIENTED_EDGE('',*,*,#9703,.T.);
#9703 = EDGE_CURVE('',#9697,#9618,#9704,.T.);
#9704 = B_SPLINE_CURVE_WITH_KNOTS('',1,(#9705,#9706),.UNSPECIFIED.,.F.,
  .F.,(2,2),(0.,0.45),.PIECEWISE_BEZIER_KNOTS.);
#9705 = CARTESIAN_POINT('',(-1.195481919458,3.897162606194,
    89.230943772066));
#9706 = CARTESIAN_POINT('',(-1.195481919458,3.897162606194,
    89.504856815544));
#9707 = ORIENTED_EDGE('',*,*,#9624,.F.);
#9708 = B_SPLINE_SURFACE_WITH_KNOTS('',1,1,(
    (#9709,#9710)
    ,(#9711,#9712
    )),.UNSPECIFIED.,.F.,.F.,.F.,(2,2),(2,2),(0.,0.45),(-0.48,0.),
  .PIECEWISE_BEZIER_KNOTS.);
#9709 = CARTESIAN_POINT('',(-1.195481919458,3.897162606194,
    89.230943772066));
#9710 = CARTESIAN_POINT('',(-0.913263591081,3.972782779372,
    89.230943772066));
#9711 = CARTESIAN_POINT('',(-1.195481919458,3.897162606194,
    89.504856815544));
#9712 = CARTESIAN_POINT('',(-0.913263591081,3.972782779372,
    89.504856815544));
#9713 = ADVANCED_FACE('',(#9714),#9730,.T.);
#9714 = FACE_BOUND('',#9715,.T.);
#9715 = EDGE_LOOP('',(#9716,#9717,#9724,#9729));
#9716 = ORIENTED_EDGE('',*,*,#9681,.F.);
#9717 = ORIENTED_EDGE('',*,*,#9718,.T.);
#9718 = EDGE_CURVE('',#9675,#9719,#9721,.T.);
#9719 = VERTEX_POINT('',#9720);
#9720 = CARTESIAN_POINT('',(-0.569623478862,1.561427107545,
    89.230943772066));
#9721 = B_SPLINE_CURVE_WITH_KNOTS('',1,(#9722,#9723),.UNSPECIFIED.,.F.,
  .F.,(2,2),(0.,0.48),.PIECEWISE_BEZIER_KNOTS.);
#9722 = CARTESIAN_POINT('',(-0.287405150486,1.637047280723,
    89.230943772066));
#9723 = CARTESIAN_POINT('',(-0.569623478862,1.561427107545,
    89.230943772066));
#9724 = ORIENTED_EDGE('',*,*,#9725,.T.);
#9725 = EDGE_CURVE('',#9719,#9611,#9726,.T.);
#9726 = B_SPLINE_CURVE_WITH_KNOTS('',1,(#9727,#9728),.UNSPECIFIED.,.F.,
  .F.,(2,2),(0.,0.45),.PIECEWISE_BEZIER_KNOTS.);
#9727 = CARTESIAN_POINT('',(-0.569623478862,1.561427107545,
    89.230943772066));
#9728 = CARTESIAN_POINT('',(-0.569623478862,1.561427107545,
    89.504856815544));
#9729 = ORIENTED_EDGE('',*,*,#9610,.F.);
#9730 = B_SPLINE_SURFACE_WITH_KNOTS('',1,1,(
    (#9731,#9732)
    ,(#9733,#9734
    )),.UNSPECIFIED.,.F.,.F.,.F.,(2,2),(2,2),(0.,0.45),(-0.48,0.),
  .PIECEWISE_BEZIER_KNOTS.);
#9731 = CARTESIAN_POINT('',(-0.569623478862,1.561427107545,
    89.230943772066));
#9732 = CARTESIAN_POINT('',(-0.287405150486,1.637047280723,
    89.230943772066));
#9733 = CARTESIAN_POINT('',(-0.569623478862,1.561427107545,
    89.504856815544));
#9734 = CARTESIAN_POINT('',(-0.287405150486,1.637047280723,
    89.504856815544));
#9735 = ADVANCED_FACE('',(#9736),#9746,.F.);
#9736 = FACE_BOUND('',#9737,.F.);
#9737 = EDGE_LOOP('',(#9738,#9739,#9744,#9745));
#9738 = ORIENTED_EDGE('',*,*,#9703,.F.);
#9739 = ORIENTED_EDGE('',*,*,#9740,.F.);
#9740 = EDGE_CURVE('',#9719,#9697,#9741,.T.);
#9741 = B_SPLINE_CURVE_WITH_KNOTS('',1,(#9742,#9743),.UNSPECIFIED.,.F.,
  .F.,(2,2),(0.,3.972644320446),.PIECEWISE_BEZIER_KNOTS.);
#9742 = CARTESIAN_POINT('',(-0.569623478862,1.561427107545,
    89.230943772066));
#9743 = CARTESIAN_POINT('',(-1.195481919458,3.897162606194,
    89.230943772066));
#9744 = ORIENTED_EDGE('',*,*,#9725,.T.);
#9745 = ORIENTED_EDGE('',*,*,#9617,.F.);
#9746 = B_SPLINE_SURFACE_WITH_KNOTS('',1,1,(
    (#9747,#9748)
    ,(#9749,#9750
    )),.UNSPECIFIED.,.F.,.F.,.F.,(2,2),(2,2),(0.,0.45),(0.,
    3.972644320446),.PIECEWISE_BEZIER_KNOTS.);
#9747 = CARTESIAN_POINT('',(-0.569623478862,1.561427107545,
    89.230943772066));
#9748 = CARTESIAN_POINT('',(-1.195481919458,3.897162606194,
    89.230943772066));
#9749 = CARTESIAN_POINT('',(-0.569623478862,1.561427107545,
    89.504856815544));
#9750 = CARTESIAN_POINT('',(-1.195481919458,3.897162606194,
    89.504856815544));
#9751 = ADVANCED_FACE('',(#9752),#9774,.T.);
#9752 = FACE_BOUND('',#9753,.T.);
#9753 = EDGE_LOOP('',(#9754,#9761,#9768,#9773));
#9754 = ORIENTED_EDGE('',*,*,#9755,.F.);
#9755 = EDGE_CURVE('',#9756,#9632,#9758,.T.);
#9756 = VERTEX_POINT('',#9757);
#9757 = CARTESIAN_POINT('',(-2.983899015112,-2.777300859914,
    89.230943772066));
#9758 = B_SPLINE_CURVE_WITH_KNOTS('',1,(#9759,#9760),.UNSPECIFIED.,.F.,
  .F.,(2,2),(0.,0.45),.PIECEWISE_BEZIER_KNOTS.);
#9759 = CARTESIAN_POINT('',(-2.983899015112,-2.777300859914,
    89.230943772066));
#9760 = CARTESIAN_POINT('',(-2.983899015112,-2.777300859914,
    89.504856815544));
#9761 = ORIENTED_EDGE('',*,*,#9762,.F.);
#9762 = EDGE_CURVE('',#9763,#9756,#9765,.T.);
#9763 = VERTEX_POINT('',#9764);
#9764 = CARTESIAN_POINT('',(-1.27402195706,-1.067423801861,
    89.230943772066));
#9765 = B_SPLINE_CURVE_WITH_KNOTS('',1,(#9766,#9767),.UNSPECIFIED.,.F.,
  .F.,(2,2),(0.,3.972644320446),.PIECEWISE_BEZIER_KNOTS.);
#9766 = CARTESIAN_POINT('',(-1.27402195706,-1.067423801861,
    89.230943772066));
#9767 = CARTESIAN_POINT('',(-2.983899015112,-2.777300859914,
    89.230943772066));
#9768 = ORIENTED_EDGE('',*,*,#9769,.T.);
#9769 = EDGE_CURVE('',#9763,#9634,#9770,.T.);
#9770 = B_SPLINE_CURVE_WITH_KNOTS('',1,(#9771,#9772),.UNSPECIFIED.,.F.,
  .F.,(2,2),(0.,0.45),.PIECEWISE_BEZIER_KNOTS.);
#9771 = CARTESIAN_POINT('',(-1.27402195706,-1.067423801861,
    89.230943772066));
#9772 = CARTESIAN_POINT('',(-1.27402195706,-1.067423801861,
    89.504856815544));
#9773 = ORIENTED_EDGE('',*,*,#9631,.F.);
#9774 = B_SPLINE_SURFACE_WITH_KNOTS('',1,1,(
    (#9775,#9776)
    ,(#9777,#9778
    )),.UNSPECIFIED.,.F.,.F.,.F.,(2,2),(2,2),(0.,0.45),(0.,
    3.972644320446),.PIECEWISE_BEZIER_KNOTS.);
#9775 = CARTESIAN_POINT('',(-1.27402195706,-1.067423801861,
    89.230943772066));
#9776 = CARTESIAN_POINT('',(-2.983899015112,-2.777300859914,
    89.230943772066));
#9777 = CARTESIAN_POINT('',(-1.27402195706,-1.067423801861,
    89.504856815544));
#9778 = CARTESIAN_POINT('',(-2.983899015112,-2.777300859914,
    89.504856815544));
#9779 = ADVANCED_FACE('',(#9780),#9796,.F.);
#9780 = FACE_BOUND('',#9781,.F.);
#9781 = EDGE_LOOP('',(#9782,#9783,#9790,#9795));
#9782 = ORIENTED_EDGE('',*,*,#9755,.F.);
#9783 = ORIENTED_EDGE('',*,*,#9784,.T.);
#9784 = EDGE_CURVE('',#9756,#9785,#9787,.T.);
#9785 = VERTEX_POINT('',#9786);
#9786 = CARTESIAN_POINT('',(-2.777300859914,-2.983899015112,
    89.230943772066));
#9787 = B_SPLINE_CURVE_WITH_KNOTS('',1,(#9788,#9789),.UNSPECIFIED.,.F.,
  .F.,(2,2),(0.,0.48),.PIECEWISE_BEZIER_KNOTS.);
#9788 = CARTESIAN_POINT('',(-2.983899015112,-2.777300859914,
    89.230943772066));
#9789 = CARTESIAN_POINT('',(-2.777300859914,-2.983899015112,
    89.230943772066));
#9790 = ORIENTED_EDGE('',*,*,#9791,.T.);
#9791 = EDGE_CURVE('',#9785,#9648,#9792,.T.);
#9792 = B_SPLINE_CURVE_WITH_KNOTS('',1,(#9793,#9794),.UNSPECIFIED.,.F.,
  .F.,(2,2),(0.,0.45),.PIECEWISE_BEZIER_KNOTS.);
#9793 = CARTESIAN_POINT('',(-2.777300859914,-2.983899015112,
    89.230943772066));
#9794 = CARTESIAN_POINT('',(-2.777300859914,-2.983899015112,
    89.504856815544));
#9795 = ORIENTED_EDGE('',*,*,#9654,.F.);
#9796 = B_SPLINE_SURFACE_WITH_KNOTS('',1,1,(
    (#9797,#9798)
    ,(#9799,#9800
    )),.UNSPECIFIED.,.F.,.F.,.F.,(2,2),(2,2),(0.,0.45),(-0.48,0.),
  .PIECEWISE_BEZIER_KNOTS.);
#9797 = CARTESIAN_POINT('',(-2.777300859914,-2.983899015112,
    89.230943772066));
#9798 = CARTESIAN_POINT('',(-2.983899015112,-2.777300859914,
    89.230943772066));
#9799 = CARTESIAN_POINT('',(-2.777300859914,-2.983899015112,
    89.504856815544));
#9800 = CARTESIAN_POINT('',(-2.983899015112,-2.777300859914,
    89.504856815544));
#9801 = ADVANCED_FACE('',(#9802),#9818,.F.);
#9802 = FACE_BOUND('',#9803,.F.);
#9803 = EDGE_LOOP('',(#9804,#9805,#9812,#9817));
#9804 = ORIENTED_EDGE('',*,*,#9791,.F.);
#9805 = ORIENTED_EDGE('',*,*,#9806,.F.);
#9806 = EDGE_CURVE('',#9807,#9785,#9809,.T.);
#9807 = VERTEX_POINT('',#9808);
#9808 = CARTESIAN_POINT('',(-1.067423801861,-1.27402195706,
    89.230943772066));
#9809 = B_SPLINE_CURVE_WITH_KNOTS('',1,(#9810,#9811),.UNSPECIFIED.,.F.,
  .F.,(2,2),(0.,3.972644320446),.PIECEWISE_BEZIER_KNOTS.);
#9810 = CARTESIAN_POINT('',(-1.067423801861,-1.27402195706,
    89.230943772066));
#9811 = CARTESIAN_POINT('',(-2.777300859914,-2.983899015112,
    89.230943772066));
#9812 = ORIENTED_EDGE('',*,*,#9813,.T.);
#9813 = EDGE_CURVE('',#9807,#9641,#9814,.T.);
#9814 = B_SPLINE_CURVE_WITH_KNOTS('',1,(#9815,#9816),.UNSPECIFIED.,.F.,
  .F.,(2,2),(0.,0.45),.PIECEWISE_BEZIER_KNOTS.);
#9815 = CARTESIAN_POINT('',(-1.067423801861,-1.27402195706,
    89.230943772066));
#9816 = CARTESIAN_POINT('',(-1.067423801861,-1.27402195706,
    89.504856815544));
#9817 = ORIENTED_EDGE('',*,*,#9647,.F.);
#9818 = B_SPLINE_SURFACE_WITH_KNOTS('',1,1,(
    (#9819,#9820)
    ,(#9821,#9822
    )),.UNSPECIFIED.,.F.,.F.,.F.,(2,2),(2,2),(0.,0.45),(0.,
    3.972644320446),.PIECEWISE_BEZIER_KNOTS.);
#9819 = CARTESIAN_POINT('',(-1.067423801861,-1.27402195706,
    89.230943772066));
#9820 = CARTESIAN_POINT('',(-2.777300859914,-2.983899015112,
    89.230943772066));
#9821 = CARTESIAN_POINT('',(-1.067423801861,-1.27402195706,
    89.504856815544));
#9822 = CARTESIAN_POINT('',(-2.777300859914,-2.983899015112,
    89.504856815544));
#9823 = ADVANCED_FACE('',(#9824),#9834,.T.);
#9824 = FACE_BOUND('',#9825,.T.);
#9825 = EDGE_LOOP('',(#9826,#9827,#9832,#9833));
#9826 = ORIENTED_EDGE('',*,*,#9769,.F.);
#9827 = ORIENTED_EDGE('',*,*,#9828,.T.);
#9828 = EDGE_CURVE('',#9763,#9807,#9829,.T.);
#9829 = B_SPLINE_CURVE_WITH_KNOTS('',1,(#9830,#9831),.UNSPECIFIED.,.F.,
  .F.,(2,2),(0.,0.48),.PIECEWISE_BEZIER_KNOTS.);
#9830 = CARTESIAN_POINT('',(-1.27402195706,-1.067423801861,
    89.230943772066));
#9831 = CARTESIAN_POINT('',(-1.067423801861,-1.27402195706,
    89.230943772066));
#9832 = ORIENTED_EDGE('',*,*,#9813,.T.);
#9833 = ORIENTED_EDGE('',*,*,#9640,.F.);
#9834 = B_SPLINE_SURFACE_WITH_KNOTS('',1,1,(
    (#9835,#9836)
    ,(#9837,#9838
    )),.UNSPECIFIED.,.F.,.F.,.F.,(2,2),(2,2),(0.,0.45),(-0.48,0.),
  .PIECEWISE_BEZIER_KNOTS.);
#9835 = CARTESIAN_POINT('',(-1.067423801861,-1.27402195706,
    89.230943772066));
#9836 = CARTESIAN_POINT('',(-1.27402195706,-1.067423801861,
    89.230943772066));
#9837 = CARTESIAN_POINT('',(-1.067423801861,-1.27402195706,
    89.504856815544));
#9838 = CARTESIAN_POINT('',(-1.27402195706,-1.067423801861,
    89.504856815544));
#9839 = ADVANCED_FACE('',(#9840),#9846,.T.);
#9840 = FACE_BOUND('',#9841,.T.);
#9841 = EDGE_LOOP('',(#9842,#9843,#9844,#9845));
#9842 = ORIENTED_EDGE('',*,*,#9718,.F.);
#9843 = ORIENTED_EDGE('',*,*,#9674,.T.);
#9844 = ORIENTED_EDGE('',*,*,#9696,.T.);
#9845 = ORIENTED_EDGE('',*,*,#9740,.F.);
#9846 = B_SPLINE_SURFACE_WITH_KNOTS('',1,1,(
    (#9847,#9848)
    ,(#9849,#9850
    )),.UNSPECIFIED.,.F.,.F.,.F.,(2,2),(2,2),(0.,3.972644320446),(0.,
    0.48),.PIECEWISE_BEZIER_KNOTS.);
#9847 = CARTESIAN_POINT('',(-0.287405150486,1.637047280723,
    89.230943772066));
#9848 = CARTESIAN_POINT('',(-0.569623478862,1.561427107545,
    89.230943772066));
#9849 = CARTESIAN_POINT('',(-0.913263591081,3.972782779372,
    89.230943772066));
#9850 = CARTESIAN_POINT('',(-1.195481919458,3.897162606194,
    89.230943772066));
#9851 = ADVANCED_FACE('',(#9852),#9858,.T.);
#9852 = FACE_BOUND('',#9853,.T.);
#9853 = EDGE_LOOP('',(#9854,#9855,#9856,#9857));
#9854 = ORIENTED_EDGE('',*,*,#9828,.F.);
#9855 = ORIENTED_EDGE('',*,*,#9762,.T.);
#9856 = ORIENTED_EDGE('',*,*,#9784,.T.);
#9857 = ORIENTED_EDGE('',*,*,#9806,.F.);
#9858 = B_SPLINE_SURFACE_WITH_KNOTS('',1,1,(
    (#9859,#9860)
    ,(#9861,#9862
    )),.UNSPECIFIED.,.F.,.F.,.F.,(2,2),(2,2),(0.,3.972644320446),(0.,
    0.48),.PIECEWISE_BEZIER_KNOTS.);
#9859 = CARTESIAN_POINT('',(-1.27402195706,-1.067423801861,
    89.230943772066));
#9860 = CARTESIAN_POINT('',(-1.067423801861,-1.27402195706,
    89.230943772066));
#9861 = CARTESIAN_POINT('',(-2.983899015112,-2.777300859914,
    89.230943772066));
#9862 = CARTESIAN_POINT('',(-2.777300859914,-2.983899015112,
    89.230943772066));
#9863 = MANIFOLD_SOLID_BREP('',#9864);
#9864 = CLOSED_SHELL('',(#9865,#9913,#9936,#9959));
#9865 = ADVANCED_FACE('',(#9866),#9898,.T.);
#9866 = FACE_BOUND('',#9867,.T.);
#9867 = EDGE_LOOP('',(#9868,#9880,#9887,#9897));
#9868 = ORIENTED_EDGE('',*,*,#9869,.F.);
#9869 = EDGE_CURVE('',#9870,#9870,#9872,.T.);
#9870 = VERTEX_POINT('',#9871);
#9871 = CARTESIAN_POINT('',(-0.385977967262,1.440489384422,
    88.191146740047));
#9872 = ( BOUNDED_CURVE() B_SPLINE_CURVE(2,(#9873,#9874,#9875,#9876,
#9877,#9878,#9879),.UNSPECIFIED.,.T.,.F.) B_SPLINE_CURVE_WITH_KNOTS((1,2
    ,2,2,2,1),(-2.094395102393,0.,2.094395102393,4.188790204786,
6.28318530718,8.377580409573),.UNSPECIFIED.) CURVE() 
GEOMETRIC_REPRESENTATION_ITEM() RATIONAL_B_SPLINE_CURVE((1.,0.5,1.,0.5,
1.,0.5,1.)) REPRESENTATION_ITEM('') );
#9873 = CARTESIAN_POINT('',(-0.385977967262,1.440489384422,
    88.191146740047));
#9874 = CARTESIAN_POINT('',(-2.880978768845,0.771955934523,
    88.191146740047));
#9875 = CARTESIAN_POINT('',(-1.054511417161,-1.054511417161,
    88.191146740047));
#9876 = CARTESIAN_POINT('',(0.771955934523,-2.880978768845,
    88.191146740047));
#9877 = CARTESIAN_POINT('',(1.440489384422,-0.385977967262,
    88.191146740047));
#9878 = CARTESIAN_POINT('',(2.109022834322,2.109022834322,
    88.191146740047));
#9879 = CARTESIAN_POINT('',(-0.385977967262,1.440489384422,
    88.191146740047));
#9880 = ORIENTED_EDGE('',*,*,#9881,.F.);
#9881 = EDGE_CURVE('',#9882,#9870,#9884,.T.);
#9882 = VERTEX_POINT('',#9883);
#9883 = CARTESIAN_POINT('',(-0.385977967262,1.440489384422,
    84.417233696569));
#9884 = B_SPLINE_CURVE_WITH_KNOTS('',1,(#9885,#9886),.UNSPECIFIED.,.F.,
  .F.,(2,2),(0.,6.2),.PIECEWISE_BEZIER_KNOTS.);
#9885 = CARTESIAN_POINT('',(-0.385977967262,1.440489384422,
    84.417233696569));
#9886 = CARTESIAN_POINT('',(-0.385977967262,1.440489384422,
    88.191146740047));
#9887 = ORIENTED_EDGE('',*,*,#9888,.T.);
#9888 = EDGE_CURVE('',#9882,#9882,#9889,.T.);
#9889 = ( BOUNDED_CURVE() B_SPLINE_CURVE(2,(#9890,#9891,#9892,#9893,
#9894,#9895,#9896),.UNSPECIFIED.,.T.,.F.) B_SPLINE_CURVE_WITH_KNOTS((1,2
    ,2,2,2,1),(-2.094395102393,0.,2.094395102393,4.188790204786,
6.28318530718,8.377580409573),.UNSPECIFIED.) CURVE() 
GEOMETRIC_REPRESENTATION_ITEM() RATIONAL_B_SPLINE_CURVE((1.,0.5,1.,0.5,
1.,0.5,1.)) REPRESENTATION_ITEM('') );
#9890 = CARTESIAN_POINT('',(-0.385977967262,1.440489384422,
    84.417233696569));
#9891 = CARTESIAN_POINT('',(-2.880978768845,0.771955934523,
    84.417233696569));
#9892 = CARTESIAN_POINT('',(-1.054511417161,-1.054511417161,
    84.417233696569));
#9893 = CARTESIAN_POINT('',(0.771955934523,-2.880978768845,
    84.417233696569));
#9894 = CARTESIAN_POINT('',(1.440489384422,-0.385977967262,
    84.417233696569));
#9895 = CARTESIAN_POINT('',(2.109022834322,2.109022834322,
    84.417233696569));
#9896 = CARTESIAN_POINT('',(-0.385977967262,1.440489384422,
    84.417233696569));
#9897 = ORIENTED_EDGE('',*,*,#9881,.T.);
#9898 = ( BOUNDED_SURFACE() B_SPLINE_SURFACE(2,1,(
    (#9899,#9900)
    ,(#9901,#9902)
    ,(#9903,#9904)
    ,(#9905,#9906)
    ,(#9907,#9908)
    ,(#9909,#9910)
    ,(#9911,#9912
)),.UNSPECIFIED.,.T.,.F.,.F.) B_SPLINE_SURFACE_WITH_KNOTS((1,2,2,2,2,1),
  (2,2),(-2.094395102393,0.,2.094395102393,4.188790204786,6.28318530718,
    8.377580409573),(0.,6.2),.UNSPECIFIED.) 
GEOMETRIC_REPRESENTATION_ITEM() RATIONAL_B_SPLINE_SURFACE((
    (1.,1.)
    ,(0.5,0.5)
    ,(1.,1.)
    ,(0.5,0.5)
    ,(1.,1.)
    ,(0.5,0.5)
,(1.,1.))) REPRESENTATION_ITEM('') SURFACE() );
#9899 = CARTESIAN_POINT('',(-0.385977967262,1.440489384422,
    84.417233696569));
#9900 = CARTESIAN_POINT('',(-0.385977967262,1.440489384422,
    88.191146740047));
#9901 = CARTESIAN_POINT('',(-2.880978768845,0.771955934523,
    84.417233696569));
#9902 = CARTESIAN_POINT('',(-2.880978768845,0.771955934523,
    88.191146740047));
#9903 = CARTESIAN_POINT('',(-1.054511417161,-1.054511417161,
    84.417233696569));
#9904 = CARTESIAN_POINT('',(-1.054511417161,-1.054511417161,
    88.191146740047));
#9905 = CARTESIAN_POINT('',(0.771955934523,-2.880978768845,
    84.417233696569));
#9906 = CARTESIAN_POINT('',(0.771955934523,-2.880978768845,
    88.191146740047));
#9907 = CARTESIAN_POINT('',(1.440489384422,-0.385977967262,
    84.417233696569));
#9908 = CARTESIAN_POINT('',(1.440489384422,-0.385977967262,
    88.191146740047));
#9909 = CARTESIAN_POINT('',(2.109022834322,2.109022834322,
    84.417233696569));
#9910 = CARTESIAN_POINT('',(2.109022834322,2.109022834322,
    88.191146740047));
#9911 = CARTESIAN_POINT('',(-0.385977967262,1.440489384422,
    84.417233696569));
#9912 = CARTESIAN_POINT('',(-0.385977967262,1.440489384422,
    88.191146740047));
#9913 = ADVANCED_FACE('',(#9914,#9917),#9931,.T.);
#9914 = FACE_BOUND('',#9915,.T.);
#9915 = EDGE_LOOP('',(#9916));
#9916 = ORIENTED_EDGE('',*,*,#9869,.T.);
#9917 = FACE_BOUND('',#9918,.T.);
#9918 = EDGE_LOOP('',(#9919));
#9919 = ORIENTED_EDGE('',*,*,#9920,.F.);
#9920 = EDGE_CURVE('',#9921,#9921,#9923,.T.);
#9921 = VERTEX_POINT('',#9922);
#9922 = CARTESIAN_POINT('',(-0.307206953535,1.14651195903,
    88.191146740047));
#9923 = ( BOUNDED_CURVE() B_SPLINE_CURVE(2,(#9924,#9925,#9926,#9927,
#9928,#9929,#9930),.UNSPECIFIED.,.T.,.F.) B_SPLINE_CURVE_WITH_KNOTS((1,2
    ,2,2,2,1),(-2.094395102393,0.,2.094395102393,4.188790204786,
6.28318530718,8.377580409573),.UNSPECIFIED.) CURVE() 
GEOMETRIC_REPRESENTATION_ITEM() RATIONAL_B_SPLINE_CURVE((1.,0.5,1.,0.5,
1.,0.5,1.)) REPRESENTATION_ITEM('') );
#9924 = CARTESIAN_POINT('',(-0.307206953535,1.14651195903,
    88.191146740047));
#9925 = CARTESIAN_POINT('',(-2.29302391806,0.614413907069,
    88.191146740047));
#9926 = CARTESIAN_POINT('',(-0.839305005495,-0.839305005495,
    88.191146740047));
#9927 = CARTESIAN_POINT('',(0.614413907069,-2.29302391806,
    88.191146740047));
#9928 = CARTESIAN_POINT('',(1.14651195903,-0.307206953535,
    88.191146740047));
#9929 = CARTESIAN_POINT('',(1.678610010991,1.678610010991,
    88.191146740047));
#9930 = CARTESIAN_POINT('',(-0.307206953535,1.14651195903,
    88.191146740047));
#9931 = B_SPLINE_SURFACE_WITH_KNOTS('',1,1,(
    (#9932,#9933)
    ,(#9934,#9935
    )),.UNSPECIFIED.,.F.,.F.,.F.,(2,2),(2,2),(-2.45,2.45),(-2.45,2.45),
  .PIECEWISE_BEZIER_KNOTS.);
#9932 = CARTESIAN_POINT('',(1.826467351684,-1.054511417161,
    88.191146740047));
#9933 = CARTESIAN_POINT('',(-1.054511417161,-1.826467351684,
    88.191146740047));
#9934 = CARTESIAN_POINT('',(1.054511417161,1.826467351684,
    88.191146740047));
#9935 = CARTESIAN_POINT('',(-1.826467351684,1.054511417161,
    88.191146740047));
#9936 = ADVANCED_FACE('',(#9937,#9940),#9954,.F.);
#9937 = FACE_BOUND('',#9938,.F.);
#9938 = EDGE_LOOP('',(#9939));
#9939 = ORIENTED_EDGE('',*,*,#9888,.T.);
#9940 = FACE_BOUND('',#9941,.F.);
#9941 = EDGE_LOOP('',(#9942));
#9942 = ORIENTED_EDGE('',*,*,#9943,.F.);
#9943 = EDGE_CURVE('',#9944,#9944,#9946,.T.);
#9944 = VERTEX_POINT('',#9945);
#9945 = CARTESIAN_POINT('',(-0.307206953535,1.14651195903,
    84.417233696569));
#9946 = ( BOUNDED_CURVE() B_SPLINE_CURVE(2,(#9947,#9948,#9949,#9950,
#9951,#9952,#9953),.UNSPECIFIED.,.T.,.F.) B_SPLINE_CURVE_WITH_KNOTS((1,2
    ,2,2,2,1),(-2.094395102393,0.,2.094395102393,4.188790204786,
6.28318530718,8.377580409573),.UNSPECIFIED.) CURVE() 
GEOMETRIC_REPRESENTATION_ITEM() RATIONAL_B_SPLINE_CURVE((1.,0.5,1.,0.5,
1.,0.5,1.)) REPRESENTATION_ITEM('') );
#9947 = CARTESIAN_POINT('',(-0.307206953535,1.14651195903,
    84.417233696569));
#9948 = CARTESIAN_POINT('',(-2.29302391806,0.614413907069,
    84.417233696569));
#9949 = CARTESIAN_POINT('',(-0.839305005495,-0.839305005495,
    84.417233696569));
#9950 = CARTESIAN_POINT('',(0.614413907069,-2.29302391806,
    84.417233696569));
#9951 = CARTESIAN_POINT('',(1.14651195903,-0.307206953535,
    84.417233696569));
#9952 = CARTESIAN_POINT('',(1.678610010991,1.678610010991,
    84.417233696569));
#9953 = CARTESIAN_POINT('',(-0.307206953535,1.14651195903,
    84.417233696569));
#9954 = B_SPLINE_SURFACE_WITH_KNOTS('',1,1,(
    (#9955,#9956)
    ,(#9957,#9958
    )),.UNSPECIFIED.,.F.,.F.,.F.,(2,2),(2,2),(-2.45,2.45),(-2.45,2.45),
  .PIECEWISE_BEZIER_KNOTS.);
#9955 = CARTESIAN_POINT('',(1.826467351684,-1.054511417161,
    84.417233696569));
#9956 = CARTESIAN_POINT('',(-1.054511417161,-1.826467351684,
    84.417233696569));
#9957 = CARTESIAN_POINT('',(1.054511417161,1.826467351684,
    84.417233696569));
#9958 = CARTESIAN_POINT('',(-1.826467351684,1.054511417161,
    84.417233696569));
#9959 = ADVANCED_FACE('',(#9960),#9970,.F.);
#9960 = FACE_BOUND('',#9961,.F.);
#9961 = EDGE_LOOP('',(#9962,#9963,#9968,#9969));
#9962 = ORIENTED_EDGE('',*,*,#9920,.F.);
#9963 = ORIENTED_EDGE('',*,*,#9964,.F.);
#9964 = EDGE_CURVE('',#9944,#9921,#9965,.T.);
#9965 = B_SPLINE_CURVE_WITH_KNOTS('',1,(#9966,#9967),.UNSPECIFIED.,.F.,
  .F.,(2,2),(0.2,6.4),.PIECEWISE_BEZIER_KNOTS.);
#9966 = CARTESIAN_POINT('',(-0.307206953535,1.14651195903,
    84.417233696569));
#9967 = CARTESIAN_POINT('',(-0.307206953535,1.14651195903,
    88.191146740047));
#9968 = ORIENTED_EDGE('',*,*,#9943,.T.);
#9969 = ORIENTED_EDGE('',*,*,#9964,.T.);
#9970 = ( BOUNDED_SURFACE() B_SPLINE_SURFACE(2,1,(
    (#9971,#9972)
    ,(#9973,#9974)
    ,(#9975,#9976)
    ,(#9977,#9978)
    ,(#9979,#9980)
    ,(#9981,#9982)
    ,(#9983,#9984
)),.UNSPECIFIED.,.T.,.F.,.F.) B_SPLINE_SURFACE_WITH_KNOTS((1,2,2,2,2,1),
  (2,2),(-2.094395102393,0.,2.094395102393,4.188790204786,6.28318530718,
    8.377580409573),(0.2,6.4),.UNSPECIFIED.) 
GEOMETRIC_REPRESENTATION_ITEM() RATIONAL_B_SPLINE_SURFACE((
    (1.,1.)
    ,(0.5,0.5)
    ,(1.,1.)
    ,(0.5,0.5)
    ,(1.,1.)
    ,(0.5,0.5)
,(1.,1.))) REPRESENTATION_ITEM('') SURFACE() );
#9971 = CARTESIAN_POINT('',(-0.307206953535,1.14651195903,
    84.417233696569));
#9972 = CARTESIAN_POINT('',(-0.307206953535,1.14651195903,
    88.191146740047));
#9973 = CARTESIAN_POINT('',(-2.29302391806,0.614413907069,
    84.417233696569));
#9974 = CARTESIAN_POINT('',(-2.29302391806,0.614413907069,
    88.191146740047));
#9975 = CARTESIAN_POINT('',(-0.839305005495,-0.839305005495,
    84.417233696569));
#9976 = CARTESIAN_POINT('',(-0.839305005495,-0.839305005495,
    88.191146740047));
#9977 = CARTESIAN_POINT('',(0.614413907069,-2.29302391806,
    84.417233696569));
#9978 = CARTESIAN_POINT('',(0.614413907069,-2.29302391806,
    88.191146740047));
#9979 = CARTESIAN_POINT('',(1.14651195903,-0.307206953535,
    84.417233696569));
#9980 = CARTESIAN_POINT('',(1.14651195903,-0.307206953535,
    88.191146740047));
#9981 = CARTESIAN_POINT('',(1.678610010991,1.678610010991,
    84.417233696569));
#9982 = CARTESIAN_POINT('',(1.678610010991,1.678610010991,
    88.191146740047));
#9983 = CARTESIAN_POINT('',(-0.307206953535,1.14651195903,
    84.417233696569));
#9984 = CARTESIAN_POINT('',(-0.307206953535,1.14651195903,
    88.191146740047));
#9985 = MANIFOLD_SOLID_BREP('',#9986);
#9986 = CLOSED_SHELL('',(#9987,#10035,#10044));
#9987 = ADVANCED_FACE('',(#9988),#10020,.T.);
#9988 = FACE_BOUND('',#9989,.T.);
#9989 = EDGE_LOOP('',(#9990,#10002,#10009,#10019));
#9990 = ORIENTED_EDGE('',*,*,#9991,.F.);
#9991 = EDGE_CURVE('',#9992,#9992,#9994,.T.);
#9992 = VERTEX_POINT('',#9993);
#9993 = CARTESIAN_POINT('',(-0.370223764516,1.381693899344,
    88.465059783525));
#9994 = ( BOUNDED_CURVE() B_SPLINE_CURVE(2,(#9995,#9996,#9997,#9998,
    #9999,#10000,#10001),.UNSPECIFIED.,.T.,.F.) 
B_SPLINE_CURVE_WITH_KNOTS((1,2,2,2,2,1),(-2.094395102393,0.,
    2.094395102393,4.188790204786,6.28318530718,8.377580409573),
.UNSPECIFIED.) CURVE() GEOMETRIC_REPRESENTATION_ITEM() 
RATIONAL_B_SPLINE_CURVE((1.,0.5,1.,0.5,1.,0.5,1.)) REPRESENTATION_ITEM(
  '') );
#9995 = CARTESIAN_POINT('',(-0.370223764516,1.381693899344,
    88.465059783525));
#9996 = CARTESIAN_POINT('',(-2.763387798688,0.740447529032,
    88.465059783525));
#9997 = CARTESIAN_POINT('',(-1.011470134828,-1.011470134828,
    88.465059783525));
#9998 = CARTESIAN_POINT('',(0.740447529032,-2.763387798688,
    88.465059783525));
#9999 = CARTESIAN_POINT('',(1.381693899344,-0.370223764516,
    88.465059783525));
#10000 = CARTESIAN_POINT('',(2.022940269655,2.022940269655,
    88.465059783525));
#10001 = CARTESIAN_POINT('',(-0.370223764516,1.381693899344,
    88.465059783525));
#10002 = ORIENTED_EDGE('',*,*,#10003,.F.);
#10003 = EDGE_CURVE('',#10004,#9992,#10006,.T.);
#10004 = VERTEX_POINT('',#10005);
#10005 = CARTESIAN_POINT('',(-0.370223764516,1.381693899344,
    87.917233696569));
#10006 = B_SPLINE_CURVE_WITH_KNOTS('',1,(#10007,#10008),.UNSPECIFIED.,
  .F.,.F.,(2,2),(0.,0.9),.PIECEWISE_BEZIER_KNOTS.);
#10007 = CARTESIAN_POINT('',(-0.370223764516,1.381693899344,
    87.917233696569));
#10008 = CARTESIAN_POINT('',(-0.370223764516,1.381693899344,
    88.465059783525));
#10009 = ORIENTED_EDGE('',*,*,#10010,.T.);
#10010 = EDGE_CURVE('',#10004,#10004,#10011,.T.);
#10011 = ( BOUNDED_CURVE() B_SPLINE_CURVE(2,(#10012,#10013,#10014,#10015
    ,#10016,#10017,#10018),.UNSPECIFIED.,.T.,.F.) 
B_SPLINE_CURVE_WITH_KNOTS((1,2,2,2,2,1),(-2.094395102393,0.,
    2.094395102393,4.188790204786,6.28318530718,8.377580409573),
.UNSPECIFIED.) CURVE() GEOMETRIC_REPRESENTATION_ITEM() 
RATIONAL_B_SPLINE_CURVE((1.,0.5,1.,0.5,1.,0.5,1.)) REPRESENTATION_ITEM(
  '') );
#10012 = CARTESIAN_POINT('',(-0.370223764516,1.381693899344,
    87.917233696569));
#10013 = CARTESIAN_POINT('',(-2.763387798688,0.740447529032,
    87.917233696569));
#10014 = CARTESIAN_POINT('',(-1.011470134828,-1.011470134828,
    87.917233696569));
#10015 = CARTESIAN_POINT('',(0.740447529032,-2.763387798688,
    87.917233696569));
#10016 = CARTESIAN_POINT('',(1.381693899344,-0.370223764516,
    87.917233696569));
#10017 = CARTESIAN_POINT('',(2.022940269655,2.022940269655,
    87.917233696569));
#10018 = CARTESIAN_POINT('',(-0.370223764516,1.381693899344,
    87.917233696569));
#10019 = ORIENTED_EDGE('',*,*,#10003,.T.);
#10020 = ( BOUNDED_SURFACE() B_SPLINE_SURFACE(2,1,(
    (#10021,#10022)
    ,(#10023,#10024)
    ,(#10025,#10026)
    ,(#10027,#10028)
    ,(#10029,#10030)
    ,(#10031,#10032)
    ,(#10033,#10034
)),.UNSPECIFIED.,.T.,.F.,.F.) B_SPLINE_SURFACE_WITH_KNOTS((1,2,2,2,2,1),
  (2,2),(-2.094395102393,0.,2.094395102393,4.188790204786,6.28318530718,
    8.377580409573),(0.,0.9),.UNSPECIFIED.) 
GEOMETRIC_REPRESENTATION_ITEM() RATIONAL_B_SPLINE_SURFACE((
    (1.,1.)
    ,(0.5,0.5)
    ,(1.,1.)
    ,(0.5,0.5)
    ,(1.,1.)
    ,(0.5,0.5)
,(1.,1.))) REPRESENTATION_ITEM('') SURFACE() );
#10021 = CARTESIAN_POINT('',(-0.370223764516,1.381693899344,
    87.917233696569));
#10022 = CARTESIAN_POINT('',(-0.370223764516,1.381693899344,
    88.465059783525));
#10023 = CARTESIAN_POINT('',(-2.763387798688,0.740447529032,
    87.917233696569));
#10024 = CARTESIAN_POINT('',(-2.763387798688,0.740447529032,
    88.465059783525));
#10025 = CARTESIAN_POINT('',(-1.011470134828,-1.011470134828,
    87.917233696569));
#10026 = CARTESIAN_POINT('',(-1.011470134828,-1.011470134828,
    88.465059783525));
#10027 = CARTESIAN_POINT('',(0.740447529032,-2.763387798688,
    87.917233696569));
#10028 = CARTESIAN_POINT('',(0.740447529032,-2.763387798688,
    88.465059783525));
#10029 = CARTESIAN_POINT('',(1.381693899344,-0.370223764516,
    87.917233696569));
#10030 = CARTESIAN_POINT('',(1.381693899344,-0.370223764516,
    88.465059783525));
#10031 = CARTESIAN_POINT('',(2.022940269655,2.022940269655,
    87.917233696569));
#10032 = CARTESIAN_POINT('',(2.022940269655,2.022940269655,
    88.465059783525));
#10033 = CARTESIAN_POINT('',(-0.370223764516,1.381693899344,
    87.917233696569));
#10034 = CARTESIAN_POINT('',(-0.370223764516,1.381693899344,
    88.465059783525));
#10035 = ADVANCED_FACE('',(#10036),#10039,.T.);
#10036 = FACE_BOUND('',#10037,.T.);
#10037 = EDGE_LOOP('',(#10038));
#10038 = ORIENTED_EDGE('',*,*,#9991,.T.);
#10039 = B_SPLINE_SURFACE_WITH_KNOTS('',1,1,(
    (#10040,#10041)
    ,(#10042,#10043
  )),.UNSPECIFIED.,.F.,.F.,.F.,(2,2),(2,2),(-2.35,2.35),(-2.35,2.35),
  .PIECEWISE_BEZIER_KNOTS.);
#10040 = CARTESIAN_POINT('',(1.75191766386,-1.011470134828,
    88.465059783525));
#10041 = CARTESIAN_POINT('',(-1.011470134828,-1.75191766386,
    88.465059783525));
#10042 = CARTESIAN_POINT('',(1.011470134828,1.75191766386,
    88.465059783525));
#10043 = CARTESIAN_POINT('',(-1.75191766386,1.011470134828,
    88.465059783525));
#10044 = ADVANCED_FACE('',(#10045),#10048,.F.);
#10045 = FACE_BOUND('',#10046,.T.);
#10046 = EDGE_LOOP('',(#10047));
#10047 = ORIENTED_EDGE('',*,*,#10010,.F.);
#10048 = B_SPLINE_SURFACE_WITH_KNOTS('',1,1,(
    (#10049,#10050)
    ,(#10051,#10052
  )),.UNSPECIFIED.,.F.,.F.,.F.,(2,2),(2,2),(-2.35,2.35),(-2.35,2.35),
  .PIECEWISE_BEZIER_KNOTS.);
#10049 = CARTESIAN_POINT('',(1.75191766386,-1.011470134828,
    87.917233696569));
#10050 = CARTESIAN_POINT('',(-1.011470134828,-1.75191766386,
    87.917233696569));
#10051 = CARTESIAN_POINT('',(1.011470134828,1.75191766386,
    87.917233696569));
#10052 = CARTESIAN_POINT('',(-1.75191766386,1.011470134828,
    87.917233696569));
#10053 = MANIFOLD_SOLID_BREP('',#10054);
#10054 = CLOSED_SHELL('',(#10055,#10103,#10112));
#10055 = ADVANCED_FACE('',(#10056),#10088,.T.);
#10056 = FACE_BOUND('',#10057,.T.);
#10057 = EDGE_LOOP('',(#10058,#10070,#10077,#10087));
#10058 = ORIENTED_EDGE('',*,*,#10059,.F.);
#10059 = EDGE_CURVE('',#10060,#10060,#10062,.T.);
#10060 = VERTEX_POINT('',#10061);
#10061 = CARTESIAN_POINT('',(-0.370223764516,1.381693899344,
    84.691146740047));
#10062 = ( BOUNDED_CURVE() B_SPLINE_CURVE(2,(#10063,#10064,#10065,#10066
    ,#10067,#10068,#10069),.UNSPECIFIED.,.T.,.F.) 
B_SPLINE_CURVE_WITH_KNOTS((1,2,2,2,2,1),(-2.094395102393,0.,
    2.094395102393,4.188790204786,6.28318530718,8.377580409573),
.UNSPECIFIED.) CURVE() GEOMETRIC_REPRESENTATION_ITEM() 
RATIONAL_B_SPLINE_CURVE((1.,0.5,1.,0.5,1.,0.5,1.)) REPRESENTATION_ITEM(
  '') );
#10063 = CARTESIAN_POINT('',(-0.370223764516,1.381693899344,
    84.691146740047));
#10064 = CARTESIAN_POINT('',(-2.763387798688,0.740447529032,
    84.691146740047));
#10065 = CARTESIAN_POINT('',(-1.011470134828,-1.011470134828,
    84.691146740047));
#10066 = CARTESIAN_POINT('',(0.740447529032,-2.763387798688,
    84.691146740047));
#10067 = CARTESIAN_POINT('',(1.381693899344,-0.370223764516,
    84.691146740047));
#10068 = CARTESIAN_POINT('',(2.022940269655,2.022940269655,
    84.691146740047));
#10069 = CARTESIAN_POINT('',(-0.370223764516,1.381693899344,
    84.691146740047));
#10070 = ORIENTED_EDGE('',*,*,#10071,.F.);
#10071 = EDGE_CURVE('',#10072,#10060,#10074,.T.);
#10072 = VERTEX_POINT('',#10073);
#10073 = CARTESIAN_POINT('',(-0.370223764516,1.381693899344,
    84.14332065309));
#10074 = B_SPLINE_CURVE_WITH_KNOTS('',1,(#10075,#10076),.UNSPECIFIED.,
  .F.,.F.,(2,2),(0.,0.9),.PIECEWISE_BEZIER_KNOTS.);
#10075 = CARTESIAN_POINT('',(-0.370223764516,1.381693899344,
    84.14332065309));
#10076 = CARTESIAN_POINT('',(-0.370223764516,1.381693899344,
    84.691146740047));
#10077 = ORIENTED_EDGE('',*,*,#10078,.T.);
#10078 = EDGE_CURVE('',#10072,#10072,#10079,.T.);
#10079 = ( BOUNDED_CURVE() B_SPLINE_CURVE(2,(#10080,#10081,#10082,#10083
    ,#10084,#10085,#10086),.UNSPECIFIED.,.T.,.F.) 
B_SPLINE_CURVE_WITH_KNOTS((1,2,2,2,2,1),(-2.094395102393,0.,
    2.094395102393,4.188790204786,6.28318530718,8.377580409573),
.UNSPECIFIED.) CURVE() GEOMETRIC_REPRESENTATION_ITEM() 
RATIONAL_B_SPLINE_CURVE((1.,0.5,1.,0.5,1.,0.5,1.)) REPRESENTATION_ITEM(
  '') );
#10080 = CARTESIAN_POINT('',(-0.370223764516,1.381693899344,
    84.14332065309));
#10081 = CARTESIAN_POINT('',(-2.763387798688,0.740447529032,
    84.14332065309));
#10082 = CARTESIAN_POINT('',(-1.011470134828,-1.011470134828,
    84.14332065309));
#10083 = CARTESIAN_POINT('',(0.740447529032,-2.763387798688,
    84.14332065309));
#10084 = CARTESIAN_POINT('',(1.381693899344,-0.370223764516,
    84.14332065309));
#10085 = CARTESIAN_POINT('',(2.022940269655,2.022940269655,
    84.14332065309));
#10086 = CARTESIAN_POINT('',(-0.370223764516,1.381693899344,
    84.14332065309));
#10087 = ORIENTED_EDGE('',*,*,#10071,.T.);
#10088 = ( BOUNDED_SURFACE() B_SPLINE_SURFACE(2,1,(
    (#10089,#10090)
    ,(#10091,#10092)
    ,(#10093,#10094)
    ,(#10095,#10096)
    ,(#10097,#10098)
    ,(#10099,#10100)
    ,(#10101,#10102
)),.UNSPECIFIED.,.T.,.F.,.F.) B_SPLINE_SURFACE_WITH_KNOTS((1,2,2,2,2,1),
  (2,2),(-2.094395102393,0.,2.094395102393,4.188790204786,6.28318530718,
    8.377580409573),(0.,0.9),.UNSPECIFIED.) 
GEOMETRIC_REPRESENTATION_ITEM() RATIONAL_B_SPLINE_SURFACE((
    (1.,1.)
    ,(0.5,0.5)
    ,(1.,1.)
    ,(0.5,0.5)
    ,(1.,1.)
    ,(0.5,0.5)
,(1.,1.))) REPRESENTATION_ITEM('') SURFACE() );
#10089 = CARTESIAN_POINT('',(-0.370223764516,1.381693899344,
    84.14332065309));
#10090 = CARTESIAN_POINT('',(-0.370223764516,1.381693899344,
    84.691146740047));
#10091 = CARTESIAN_POINT('',(-2.763387798688,0.740447529032,
    84.14332065309));
#10092 = CARTESIAN_POINT('',(-2.763387798688,0.740447529032,
    84.691146740047));
#10093 = CARTESIAN_POINT('',(-1.011470134828,-1.011470134828,
    84.14332065309));
#10094 = CARTESIAN_POINT('',(-1.011470134828,-1.011470134828,
    84.691146740047));
#10095 = CARTESIAN_POINT('',(0.740447529032,-2.763387798688,
    84.14332065309));
#10096 = CARTESIAN_POINT('',(0.740447529032,-2.763387798688,
    84.691146740047));
#10097 = CARTESIAN_POINT('',(1.381693899344,-0.370223764516,
    84.14332065309));
#10098 = CARTESIAN_POINT('',(1.381693899344,-0.370223764516,
    84.691146740047));
#10099 = CARTESIAN_POINT('',(2.022940269655,2.022940269655,
    84.14332065309));
#10100 = CARTESIAN_POINT('',(2.022940269655,2.022940269655,
    84.691146740047));
#10101 = CARTESIAN_POINT('',(-0.370223764516,1.381693899344,
    84.14332065309));
#10102 = CARTESIAN_POINT('',(-0.370223764516,1.381693899344,
    84.691146740047));
#10103 = ADVANCED_FACE('',(#10104),#10107,.T.);
#10104 = FACE_BOUND('',#10105,.T.);
#10105 = EDGE_LOOP('',(#10106));
#10106 = ORIENTED_EDGE('',*,*,#10059,.T.);
#10107 = B_SPLINE_SURFACE_WITH_KNOTS('',1,1,(
    (#10108,#10109)
    ,(#10110,#10111
  )),.UNSPECIFIED.,.F.,.F.,.F.,(2,2),(2,2),(-2.35,2.35),(-2.35,2.35),
  .PIECEWISE_BEZIER_KNOTS.);
#10108 = CARTESIAN_POINT('',(1.75191766386,-1.011470134828,
    84.691146740047));
#10109 = CARTESIAN_POINT('',(-1.011470134828,-1.75191766386,
    84.691146740047));
#10110 = CARTESIAN_POINT('',(1.011470134828,1.75191766386,
    84.691146740047));
#10111 = CARTESIAN_POINT('',(-1.75191766386,1.011470134828,
    84.691146740047));
#10112 = ADVANCED_FACE('',(#10113),#10116,.F.);
#10113 = FACE_BOUND('',#10114,.T.);
#10114 = EDGE_LOOP('',(#10115));
#10115 = ORIENTED_EDGE('',*,*,#10078,.F.);
#10116 = B_SPLINE_SURFACE_WITH_KNOTS('',1,1,(
    (#10117,#10118)
    ,(#10119,#10120
  )),.UNSPECIFIED.,.F.,.F.,.F.,(2,2),(2,2),(-2.35,2.35),(-2.35,2.35),
  .PIECEWISE_BEZIER_KNOTS.);
#10117 = CARTESIAN_POINT('',(1.75191766386,-1.011470134828,
    84.14332065309));
#10118 = CARTESIAN_POINT('',(-1.011470134828,-1.75191766386,
    84.14332065309));
#10119 = CARTESIAN_POINT('',(1.011470134828,1.75191766386,84.14332065309
    ));
#10120 = CARTESIAN_POINT('',(-1.75191766386,1.011470134828,
    84.14332065309));
#10121 = MANIFOLD_SOLID_BREP('',#10122);
#10122 = CLOSED_SHELL('',(#10123,#10171,#10194,#10217,#10254,#10277,
    #10314,#10337));
#10123 = ADVANCED_FACE('',(#10124),#10156,.T.);
#10124 = FACE_BOUND('',#10125,.T.);
#10125 = EDGE_LOOP('',(#10126,#10138,#10145,#10155));
#10126 = ORIENTED_EDGE('',*,*,#10127,.F.);
#10127 = EDGE_CURVE('',#10128,#10128,#10130,.T.);
#10128 = VERTEX_POINT('',#10129);
#10129 = CARTESIAN_POINT('',(-0.291452750789,1.087716473952,
    85.573755435699));
#10130 = ( BOUNDED_CURVE() B_SPLINE_CURVE(2,(#10131,#10132,#10133,#10134
    ,#10135,#10136,#10137),.UNSPECIFIED.,.T.,.F.) 
B_SPLINE_CURVE_WITH_KNOTS((1,2,2,2,2,1),(-2.094395102393,0.,
    2.094395102393,4.188790204786,6.28318530718,8.377580409573),
.UNSPECIFIED.) CURVE() GEOMETRIC_REPRESENTATION_ITEM() 
RATIONAL_B_SPLINE_CURVE((1.,0.5,1.,0.5,1.,0.5,1.)) REPRESENTATION_ITEM(
  '') );
#10131 = CARTESIAN_POINT('',(-0.291452750789,1.087716473952,
    85.573755435699));
#10132 = CARTESIAN_POINT('',(-2.175432947903,0.582905501579,
    85.573755435699));
#10133 = CARTESIAN_POINT('',(-0.796263723162,-0.796263723162,
    85.573755435699));
#10134 = CARTESIAN_POINT('',(0.582905501579,-2.175432947903,
    85.573755435699));
#10135 = CARTESIAN_POINT('',(1.087716473952,-0.291452750789,
    85.573755435699));
#10136 = CARTESIAN_POINT('',(1.592527446324,1.592527446324,
    85.573755435699));
#10137 = CARTESIAN_POINT('',(-0.291452750789,1.087716473952,
    85.573755435699));
#10138 = ORIENTED_EDGE('',*,*,#10139,.F.);
#10139 = EDGE_CURVE('',#10140,#10128,#10142,.T.);
#10140 = VERTEX_POINT('',#10141);
#10141 = CARTESIAN_POINT('',(-0.291452750789,1.087716473952,
    84.721581522656));
#10142 = B_SPLINE_CURVE_WITH_KNOTS('',1,(#10143,#10144),.UNSPECIFIED.,
  .F.,.F.,(2,2),(0.,1.4),.PIECEWISE_BEZIER_KNOTS.);
#10143 = CARTESIAN_POINT('',(-0.291452750789,1.087716473952,
    84.721581522656));
#10144 = CARTESIAN_POINT('',(-0.291452750789,1.087716473952,
    85.573755435699));
#10145 = ORIENTED_EDGE('',*,*,#10146,.T.);
#10146 = EDGE_CURVE('',#10140,#10140,#10147,.T.);
#10147 = ( BOUNDED_CURVE() B_SPLINE_CURVE(2,(#10148,#10149,#10150,#10151
    ,#10152,#10153,#10154),.UNSPECIFIED.,.T.,.F.) 
B_SPLINE_CURVE_WITH_KNOTS((1,2,2,2,2,1),(-2.094395102393,0.,
    2.094395102393,4.188790204786,6.28318530718,8.377580409573),
.UNSPECIFIED.) CURVE() GEOMETRIC_REPRESENTATION_ITEM() 
RATIONAL_B_SPLINE_CURVE((1.,0.5,1.,0.5,1.,0.5,1.)) REPRESENTATION_ITEM(
  '') );
#10148 = CARTESIAN_POINT('',(-0.291452750789,1.087716473952,
    84.721581522656));
#10149 = CARTESIAN_POINT('',(-2.175432947903,0.582905501579,
    84.721581522656));
#10150 = CARTESIAN_POINT('',(-0.796263723162,-0.796263723162,
    84.721581522656));
#10151 = CARTESIAN_POINT('',(0.582905501579,-2.175432947903,
    84.721581522656));
#10152 = CARTESIAN_POINT('',(1.087716473952,-0.291452750789,
    84.721581522656));
#10153 = CARTESIAN_POINT('',(1.592527446324,1.592527446324,
    84.721581522656));
#10154 = CARTESIAN_POINT('',(-0.291452750789,1.087716473952,
    84.721581522656));
#10155 = ORIENTED_EDGE('',*,*,#10139,.T.);
#10156 = ( BOUNDED_SURFACE() B_SPLINE_SURFACE(2,1,(
    (#10157,#10158)
    ,(#10159,#10160)
    ,(#10161,#10162)
    ,(#10163,#10164)
    ,(#10165,#10166)
    ,(#10167,#10168)
    ,(#10169,#10170
)),.UNSPECIFIED.,.T.,.F.,.F.) B_SPLINE_SURFACE_WITH_KNOTS((1,2,2,2,2,1),
  (2,2),(-2.094395102393,0.,2.094395102393,4.188790204786,6.28318530718,
    8.377580409573),(0.,1.4),.UNSPECIFIED.) 
GEOMETRIC_REPRESENTATION_ITEM() RATIONAL_B_SPLINE_SURFACE((
    (1.,1.)
    ,(0.5,0.5)
    ,(1.,1.)
    ,(0.5,0.5)
    ,(1.,1.)
    ,(0.5,0.5)
,(1.,1.))) REPRESENTATION_ITEM('') SURFACE() );
#10157 = CARTESIAN_POINT('',(-0.291452750789,1.087716473952,
    84.721581522656));
#10158 = CARTESIAN_POINT('',(-0.291452750789,1.087716473952,
    85.573755435699));
#10159 = CARTESIAN_POINT('',(-2.175432947903,0.582905501579,
    84.721581522656));
#10160 = CARTESIAN_POINT('',(-2.175432947903,0.582905501579,
    85.573755435699));
#10161 = CARTESIAN_POINT('',(-0.796263723162,-0.796263723162,
    84.721581522656));
#10162 = CARTESIAN_POINT('',(-0.796263723162,-0.796263723162,
    85.573755435699));
#10163 = CARTESIAN_POINT('',(0.582905501579,-2.175432947903,
    84.721581522656));
#10164 = CARTESIAN_POINT('',(0.582905501579,-2.175432947903,
    85.573755435699));
#10165 = CARTESIAN_POINT('',(1.087716473952,-0.291452750789,
    84.721581522656));
#10166 = CARTESIAN_POINT('',(1.087716473952,-0.291452750789,
    85.573755435699));
#10167 = CARTESIAN_POINT('',(1.592527446324,1.592527446324,
    84.721581522656));
#10168 = CARTESIAN_POINT('',(1.592527446324,1.592527446324,
    85.573755435699));
#10169 = CARTESIAN_POINT('',(-0.291452750789,1.087716473952,
    84.721581522656));
#10170 = CARTESIAN_POINT('',(-0.291452750789,1.087716473952,
    85.573755435699));
#10171 = ADVANCED_FACE('',(#10172,#10175),#10189,.T.);
#10172 = FACE_BOUND('',#10173,.T.);
#10173 = EDGE_LOOP('',(#10174));
#10174 = ORIENTED_EDGE('',*,*,#10127,.T.);
#10175 = FACE_BOUND('',#10176,.T.);
#10176 = EDGE_LOOP('',(#10177));
#10177 = ORIENTED_EDGE('',*,*,#10178,.F.);
#10178 = EDGE_CURVE('',#10179,#10179,#10181,.T.);
#10179 = VERTEX_POINT('',#10180);
#10180 = CARTESIAN_POINT('',(-0.244190142553,0.911330018716,
    85.573755435699));
#10181 = ( BOUNDED_CURVE() B_SPLINE_CURVE(2,(#10182,#10183,#10184,#10185
    ,#10186,#10187,#10188),.UNSPECIFIED.,.T.,.F.) 
B_SPLINE_CURVE_WITH_KNOTS((1,2,2,2,2,1),(-2.094395102393,0.,
    2.094395102393,4.188790204786,6.28318530718,8.377580409573),
.UNSPECIFIED.) CURVE() GEOMETRIC_REPRESENTATION_ITEM() 
RATIONAL_B_SPLINE_CURVE((1.,0.5,1.,0.5,1.,0.5,1.)) REPRESENTATION_ITEM(
  '') );
#10182 = CARTESIAN_POINT('',(-0.244190142553,0.911330018716,
    85.573755435699));
#10183 = CARTESIAN_POINT('',(-1.822660037432,0.488380285106,
    85.573755435699));
#10184 = CARTESIAN_POINT('',(-0.667139876163,-0.667139876163,
    85.573755435699));
#10185 = CARTESIAN_POINT('',(0.488380285106,-1.822660037432,
    85.573755435699));
#10186 = CARTESIAN_POINT('',(0.911330018716,-0.244190142553,
    85.573755435699));
#10187 = CARTESIAN_POINT('',(1.334279752326,1.334279752326,
    85.573755435699));
#10188 = CARTESIAN_POINT('',(-0.244190142553,0.911330018716,
    85.573755435699));
#10189 = B_SPLINE_SURFACE_WITH_KNOTS('',1,1,(
    (#10190,#10191)
    ,(#10192,#10193
  )),.UNSPECIFIED.,.F.,.F.,.F.,(2,2),(2,2),(-1.85,1.85),(-1.85,1.85),
  .PIECEWISE_BEZIER_KNOTS.);
#10190 = CARTESIAN_POINT('',(1.379169224741,-0.796263723162,
    85.573755435699));
#10191 = CARTESIAN_POINT('',(-0.796263723162,-1.379169224741,
    85.573755435699));
#10192 = CARTESIAN_POINT('',(0.796263723162,1.379169224741,
    85.573755435699));
#10193 = CARTESIAN_POINT('',(-1.379169224741,0.796263723162,
    85.573755435699));
#10194 = ADVANCED_FACE('',(#10195,#10198),#10212,.F.);
#10195 = FACE_BOUND('',#10196,.F.);
#10196 = EDGE_LOOP('',(#10197));
#10197 = ORIENTED_EDGE('',*,*,#10146,.T.);
#10198 = FACE_BOUND('',#10199,.F.);
#10199 = EDGE_LOOP('',(#10200));
#10200 = ORIENTED_EDGE('',*,*,#10201,.F.);
#10201 = EDGE_CURVE('',#10202,#10202,#10204,.T.);
#10202 = VERTEX_POINT('',#10203);
#10203 = CARTESIAN_POINT('',(-0.196927534317,0.734943563481,
    84.721581522656));
#10204 = ( BOUNDED_CURVE() B_SPLINE_CURVE(2,(#10205,#10206,#10207,#10208
    ,#10209,#10210,#10211),.UNSPECIFIED.,.T.,.F.) 
B_SPLINE_CURVE_WITH_KNOTS((1,2,2,2,2,1),(-2.094395102393,0.,
    2.094395102393,4.188790204786,6.28318530718,8.377580409573),
.UNSPECIFIED.) CURVE() GEOMETRIC_REPRESENTATION_ITEM() 
RATIONAL_B_SPLINE_CURVE((1.,0.5,1.,0.5,1.,0.5,1.)) REPRESENTATION_ITEM(
  '') );
#10205 = CARTESIAN_POINT('',(-0.196927534317,0.734943563481,
    84.721581522656));
#10206 = CARTESIAN_POINT('',(-1.469887126962,0.393855068634,
    84.721581522656));
#10207 = CARTESIAN_POINT('',(-0.538016029164,-0.538016029164,
    84.721581522656));
#10208 = CARTESIAN_POINT('',(0.393855068634,-1.469887126962,
    84.721581522656));
#10209 = CARTESIAN_POINT('',(0.734943563481,-0.196927534317,
    84.721581522656));
#10210 = CARTESIAN_POINT('',(1.076032058327,1.076032058327,
    84.721581522656));
#10211 = CARTESIAN_POINT('',(-0.196927534317,0.734943563481,
    84.721581522656));
#10212 = B_SPLINE_SURFACE_WITH_KNOTS('',1,1,(
    (#10213,#10214)
    ,(#10215,#10216
  )),.UNSPECIFIED.,.F.,.F.,.F.,(2,2),(2,2),(-1.85,1.85),(-1.85,1.85),
  .PIECEWISE_BEZIER_KNOTS.);
#10213 = CARTESIAN_POINT('',(1.379169224741,-0.796263723162,
    84.721581522656));
#10214 = CARTESIAN_POINT('',(-0.796263723162,-1.379169224741,
    84.721581522656));
#10215 = CARTESIAN_POINT('',(0.796263723162,1.379169224741,
    84.721581522656));
#10216 = CARTESIAN_POINT('',(-1.379169224741,0.796263723162,
    84.721581522656));
#10217 = ADVANCED_FACE('',(#10218),#10239,.T.);
#10218 = FACE_BOUND('',#10219,.T.);
#10219 = EDGE_LOOP('',(#10220,#10232,#10237,#10238));
#10220 = ORIENTED_EDGE('',*,*,#10221,.F.);
#10221 = EDGE_CURVE('',#10222,#10222,#10224,.T.);
#10222 = VERTEX_POINT('',#10223);
#10223 = CARTESIAN_POINT('',(-0.244190142553,0.911330018716,
    87.034625000916));
#10224 = ( BOUNDED_CURVE() B_SPLINE_CURVE(2,(#10225,#10226,#10227,#10228
    ,#10229,#10230,#10231),.UNSPECIFIED.,.T.,.F.) 
B_SPLINE_CURVE_WITH_KNOTS((1,2,2,2,2,1),(-2.094395102393,0.,
    2.094395102393,4.188790204786,6.28318530718,8.377580409573),
.UNSPECIFIED.) CURVE() GEOMETRIC_REPRESENTATION_ITEM() 
RATIONAL_B_SPLINE_CURVE((1.,0.5,1.,0.5,1.,0.5,1.)) REPRESENTATION_ITEM(
  '') );
#10225 = CARTESIAN_POINT('',(-0.244190142553,0.911330018716,
    87.034625000916));
#10226 = CARTESIAN_POINT('',(-1.822660037432,0.488380285106,
    87.034625000916));
#10227 = CARTESIAN_POINT('',(-0.667139876163,-0.667139876163,
    87.034625000916));
#10228 = CARTESIAN_POINT('',(0.488380285106,-1.822660037432,
    87.034625000916));
#10229 = CARTESIAN_POINT('',(0.911330018716,-0.244190142553,
    87.034625000916));
#10230 = CARTESIAN_POINT('',(1.334279752326,1.334279752326,
    87.034625000916));
#10231 = CARTESIAN_POINT('',(-0.244190142553,0.911330018716,
    87.034625000916));
#10232 = ORIENTED_EDGE('',*,*,#10233,.F.);
#10233 = EDGE_CURVE('',#10179,#10222,#10234,.T.);
#10234 = B_SPLINE_CURVE_WITH_KNOTS('',1,(#10235,#10236),.UNSPECIFIED.,
  .F.,.F.,(2,2),(0.,2.4),.PIECEWISE_BEZIER_KNOTS.);
#10235 = CARTESIAN_POINT('',(-0.244190142553,0.911330018716,
    85.573755435699));
#10236 = CARTESIAN_POINT('',(-0.244190142553,0.911330018716,
    87.034625000916));
#10237 = ORIENTED_EDGE('',*,*,#10178,.T.);
#10238 = ORIENTED_EDGE('',*,*,#10233,.T.);
#10239 = ( BOUNDED_SURFACE() B_SPLINE_SURFACE(2,1,(
    (#10240,#10241)
    ,(#10242,#10243)
    ,(#10244,#10245)
    ,(#10246,#10247)
    ,(#10248,#10249)
    ,(#10250,#10251)
    ,(#10252,#10253
)),.UNSPECIFIED.,.T.,.F.,.F.) B_SPLINE_SURFACE_WITH_KNOTS((1,2,2,2,2,1),
  (2,2),(-2.094395102393,0.,2.094395102393,4.188790204786,6.28318530718,
    8.377580409573),(0.,2.4),.UNSPECIFIED.) 
GEOMETRIC_REPRESENTATION_ITEM() RATIONAL_B_SPLINE_SURFACE((
    (1.,1.)
    ,(0.5,0.5)
    ,(1.,1.)
    ,(0.5,0.5)
    ,(1.,1.)
    ,(0.5,0.5)
,(1.,1.))) REPRESENTATION_ITEM('') SURFACE() );
#10240 = CARTESIAN_POINT('',(-0.244190142553,0.911330018716,
    85.573755435699));
#10241 = CARTESIAN_POINT('',(-0.244190142553,0.911330018716,
    87.034625000916));
#10242 = CARTESIAN_POINT('',(-1.822660037432,0.488380285106,
    85.573755435699));
#10243 = CARTESIAN_POINT('',(-1.822660037432,0.488380285106,
    87.034625000916));
#10244 = CARTESIAN_POINT('',(-0.667139876163,-0.667139876163,
    85.573755435699));
#10245 = CARTESIAN_POINT('',(-0.667139876163,-0.667139876163,
    87.034625000916));
#10246 = CARTESIAN_POINT('',(0.488380285106,-1.822660037432,
    85.573755435699));
#10247 = CARTESIAN_POINT('',(0.488380285106,-1.822660037432,
    87.034625000916));
#10248 = CARTESIAN_POINT('',(0.911330018716,-0.244190142553,
    85.573755435699));
#10249 = CARTESIAN_POINT('',(0.911330018716,-0.244190142553,
    87.034625000916));
#10250 = CARTESIAN_POINT('',(1.334279752326,1.334279752326,
    85.573755435699));
#10251 = CARTESIAN_POINT('',(1.334279752326,1.334279752326,
    87.034625000916));
#10252 = CARTESIAN_POINT('',(-0.244190142553,0.911330018716,
    85.573755435699));
#10253 = CARTESIAN_POINT('',(-0.244190142553,0.911330018716,
    87.034625000916));
#10254 = ADVANCED_FACE('',(#10255,#10269),#10272,.F.);
#10255 = FACE_BOUND('',#10256,.F.);
#10256 = EDGE_LOOP('',(#10257));
#10257 = ORIENTED_EDGE('',*,*,#10258,.T.);
#10258 = EDGE_CURVE('',#10259,#10259,#10261,.T.);
#10259 = VERTEX_POINT('',#10260);
#10260 = CARTESIAN_POINT('',(-0.291452750789,1.087716473952,
    87.034625000916));
#10261 = ( BOUNDED_CURVE() B_SPLINE_CURVE(2,(#10262,#10263,#10264,#10265
    ,#10266,#10267,#10268),.UNSPECIFIED.,.T.,.F.) 
B_SPLINE_CURVE_WITH_KNOTS((1,2,2,2,2,1),(-2.094395102393,0.,
    2.094395102393,4.188790204786,6.28318530718,8.377580409573),
.UNSPECIFIED.) CURVE() GEOMETRIC_REPRESENTATION_ITEM() 
RATIONAL_B_SPLINE_CURVE((1.,0.5,1.,0.5,1.,0.5,1.)) REPRESENTATION_ITEM(
  '') );
#10262 = CARTESIAN_POINT('',(-0.291452750789,1.087716473952,
    87.034625000916));
#10263 = CARTESIAN_POINT('',(-2.175432947903,0.582905501579,
    87.034625000916));
#10264 = CARTESIAN_POINT('',(-0.796263723162,-0.796263723162,
    87.034625000916));
#10265 = CARTESIAN_POINT('',(0.582905501579,-2.175432947903,
    87.034625000916));
#10266 = CARTESIAN_POINT('',(1.087716473952,-0.291452750789,
    87.034625000916));
#10267 = CARTESIAN_POINT('',(1.592527446324,1.592527446324,
    87.034625000916));
#10268 = CARTESIAN_POINT('',(-0.291452750789,1.087716473952,
    87.034625000916));
#10269 = FACE_BOUND('',#10270,.F.);
#10270 = EDGE_LOOP('',(#10271));
#10271 = ORIENTED_EDGE('',*,*,#10221,.F.);
#10272 = B_SPLINE_SURFACE_WITH_KNOTS('',1,1,(
    (#10273,#10274)
    ,(#10275,#10276
  )),.UNSPECIFIED.,.F.,.F.,.F.,(2,2),(2,2),(-1.85,1.85),(-1.85,1.85),
  .PIECEWISE_BEZIER_KNOTS.);
#10273 = CARTESIAN_POINT('',(1.379169224741,-0.796263723162,
    87.034625000916));
#10274 = CARTESIAN_POINT('',(-0.796263723162,-1.379169224741,
    87.034625000916));
#10275 = CARTESIAN_POINT('',(0.796263723162,1.379169224741,
    87.034625000916));
#10276 = CARTESIAN_POINT('',(-1.379169224741,0.796263723162,
    87.034625000916));
#10277 = ADVANCED_FACE('',(#10278),#10299,.T.);
#10278 = FACE_BOUND('',#10279,.T.);
#10279 = EDGE_LOOP('',(#10280,#10292,#10297,#10298));
#10280 = ORIENTED_EDGE('',*,*,#10281,.F.);
#10281 = EDGE_CURVE('',#10282,#10282,#10284,.T.);
#10282 = VERTEX_POINT('',#10283);
#10283 = CARTESIAN_POINT('',(-0.291452750789,1.087716473952,
    87.88679891396));
#10284 = ( BOUNDED_CURVE() B_SPLINE_CURVE(2,(#10285,#10286,#10287,#10288
    ,#10289,#10290,#10291),.UNSPECIFIED.,.T.,.F.) 
B_SPLINE_CURVE_WITH_KNOTS((1,2,2,2,2,1),(-2.094395102393,0.,
    2.094395102393,4.188790204786,6.28318530718,8.377580409573),
.UNSPECIFIED.) CURVE() GEOMETRIC_REPRESENTATION_ITEM() 
RATIONAL_B_SPLINE_CURVE((1.,0.5,1.,0.5,1.,0.5,1.)) REPRESENTATION_ITEM(
  '') );
#10285 = CARTESIAN_POINT('',(-0.291452750789,1.087716473952,
    87.88679891396));
#10286 = CARTESIAN_POINT('',(-2.175432947903,0.582905501579,
    87.88679891396));
#10287 = CARTESIAN_POINT('',(-0.796263723162,-0.796263723162,
    87.88679891396));
#10288 = CARTESIAN_POINT('',(0.582905501579,-2.175432947903,
    87.88679891396));
#10289 = CARTESIAN_POINT('',(1.087716473952,-0.291452750789,
    87.88679891396));
#10290 = CARTESIAN_POINT('',(1.592527446324,1.592527446324,
    87.88679891396));
#10291 = CARTESIAN_POINT('',(-0.291452750789,1.087716473952,
    87.88679891396));
#10292 = ORIENTED_EDGE('',*,*,#10293,.F.);
#10293 = EDGE_CURVE('',#10259,#10282,#10294,.T.);
#10294 = B_SPLINE_CURVE_WITH_KNOTS('',1,(#10295,#10296),.UNSPECIFIED.,
  .F.,.F.,(2,2),(0.,1.4),.PIECEWISE_BEZIER_KNOTS.);
#10295 = CARTESIAN_POINT('',(-0.291452750789,1.087716473952,
    87.034625000916));
#10296 = CARTESIAN_POINT('',(-0.291452750789,1.087716473952,
    87.88679891396));
#10297 = ORIENTED_EDGE('',*,*,#10258,.T.);
#10298 = ORIENTED_EDGE('',*,*,#10293,.T.);
#10299 = ( BOUNDED_SURFACE() B_SPLINE_SURFACE(2,1,(
    (#10300,#10301)
    ,(#10302,#10303)
    ,(#10304,#10305)
    ,(#10306,#10307)
    ,(#10308,#10309)
    ,(#10310,#10311)
    ,(#10312,#10313
)),.UNSPECIFIED.,.T.,.F.,.F.) B_SPLINE_SURFACE_WITH_KNOTS((1,2,2,2,2,1),
  (2,2),(-2.094395102393,0.,2.094395102393,4.188790204786,6.28318530718,
    8.377580409573),(0.,1.4),.UNSPECIFIED.) 
GEOMETRIC_REPRESENTATION_ITEM() RATIONAL_B_SPLINE_SURFACE((
    (1.,1.)
    ,(0.5,0.5)
    ,(1.,1.)
    ,(0.5,0.5)
    ,(1.,1.)
    ,(0.5,0.5)
,(1.,1.))) REPRESENTATION_ITEM('') SURFACE() );
#10300 = CARTESIAN_POINT('',(-0.291452750789,1.087716473952,
    87.034625000916));
#10301 = CARTESIAN_POINT('',(-0.291452750789,1.087716473952,
    87.88679891396));
#10302 = CARTESIAN_POINT('',(-2.175432947903,0.582905501579,
    87.034625000916));
#10303 = CARTESIAN_POINT('',(-2.175432947903,0.582905501579,
    87.88679891396));
#10304 = CARTESIAN_POINT('',(-0.796263723162,-0.796263723162,
    87.034625000916));
#10305 = CARTESIAN_POINT('',(-0.796263723162,-0.796263723162,
    87.88679891396));
#10306 = CARTESIAN_POINT('',(0.582905501579,-2.175432947903,
    87.034625000916));
#10307 = CARTESIAN_POINT('',(0.582905501579,-2.175432947903,
    87.88679891396));
#10308 = CARTESIAN_POINT('',(1.087716473952,-0.291452750789,
    87.034625000916));
#10309 = CARTESIAN_POINT('',(1.087716473952,-0.291452750789,
    87.88679891396));
#10310 = CARTESIAN_POINT('',(1.592527446324,1.592527446324,
    87.034625000916));
#10311 = CARTESIAN_POINT('',(1.592527446324,1.592527446324,
    87.88679891396));
#10312 = CARTESIAN_POINT('',(-0.291452750789,1.087716473952,
    87.034625000916));
#10313 = CARTESIAN_POINT('',(-0.291452750789,1.087716473952,
    87.88679891396));
#10314 = ADVANCED_FACE('',(#10315,#10318),#10332,.T.);
#10315 = FACE_BOUND('',#10316,.T.);
#10316 = EDGE_LOOP('',(#10317));
#10317 = ORIENTED_EDGE('',*,*,#10281,.T.);
#10318 = FACE_BOUND('',#10319,.T.);
#10319 = EDGE_LOOP('',(#10320));
#10320 = ORIENTED_EDGE('',*,*,#10321,.F.);
#10321 = EDGE_CURVE('',#10322,#10322,#10324,.T.);
#10322 = VERTEX_POINT('',#10323);
#10323 = CARTESIAN_POINT('',(-0.196927534317,0.734943563481,
    87.88679891396));
#10324 = ( BOUNDED_CURVE() B_SPLINE_CURVE(2,(#10325,#10326,#10327,#10328
    ,#10329,#10330,#10331),.UNSPECIFIED.,.T.,.F.) 
B_SPLINE_CURVE_WITH_KNOTS((1,2,2,2,2,1),(-2.094395102393,0.,
    2.094395102393,4.188790204786,6.28318530718,8.377580409573),
.UNSPECIFIED.) CURVE() GEOMETRIC_REPRESENTATION_ITEM() 
RATIONAL_B_SPLINE_CURVE((1.,0.5,1.,0.5,1.,0.5,1.)) REPRESENTATION_ITEM(
  '') );
#10325 = CARTESIAN_POINT('',(-0.196927534317,0.734943563481,
    87.88679891396));
#10326 = CARTESIAN_POINT('',(-1.469887126962,0.393855068634,
    87.88679891396));
#10327 = CARTESIAN_POINT('',(-0.538016029164,-0.538016029164,
    87.88679891396));
#10328 = CARTESIAN_POINT('',(0.393855068634,-1.469887126962,
    87.88679891396));
#10329 = CARTESIAN_POINT('',(0.734943563481,-0.196927534317,
    87.88679891396));
#10330 = CARTESIAN_POINT('',(1.076032058327,1.076032058327,
    87.88679891396));
#10331 = CARTESIAN_POINT('',(-0.196927534317,0.734943563481,
    87.88679891396));
#10332 = B_SPLINE_SURFACE_WITH_KNOTS('',1,1,(
    (#10333,#10334)
    ,(#10335,#10336
  )),.UNSPECIFIED.,.F.,.F.,.F.,(2,2),(2,2),(-1.85,1.85),(-1.85,1.85),
  .PIECEWISE_BEZIER_KNOTS.);
#10333 = CARTESIAN_POINT('',(1.379169224741,-0.796263723162,
    87.88679891396));
#10334 = CARTESIAN_POINT('',(-0.796263723162,-1.379169224741,
    87.88679891396));
#10335 = CARTESIAN_POINT('',(0.796263723162,1.379169224741,
    87.88679891396));
#10336 = CARTESIAN_POINT('',(-1.379169224741,0.796263723162,
    87.88679891396));
#10337 = ADVANCED_FACE('',(#10338),#10348,.F.);
#10338 = FACE_BOUND('',#10339,.F.);
#10339 = EDGE_LOOP('',(#10340,#10341,#10346,#10347));
#10340 = ORIENTED_EDGE('',*,*,#10321,.F.);
#10341 = ORIENTED_EDGE('',*,*,#10342,.F.);
#10342 = EDGE_CURVE('',#10202,#10322,#10343,.T.);
#10343 = B_SPLINE_CURVE_WITH_KNOTS('',1,(#10344,#10345),.UNSPECIFIED.,
  .F.,.F.,(2,2),(0.2,5.4),.PIECEWISE_BEZIER_KNOTS.);
#10344 = CARTESIAN_POINT('',(-0.196927534317,0.734943563481,
    84.721581522656));
#10345 = CARTESIAN_POINT('',(-0.196927534317,0.734943563481,
    87.88679891396));
#10346 = ORIENTED_EDGE('',*,*,#10201,.T.);
#10347 = ORIENTED_EDGE('',*,*,#10342,.T.);
#10348 = ( BOUNDED_SURFACE() B_SPLINE_SURFACE(2,1,(
    (#10349,#10350)
    ,(#10351,#10352)
    ,(#10353,#10354)
    ,(#10355,#10356)
    ,(#10357,#10358)
    ,(#10359,#10360)
    ,(#10361,#10362
)),.UNSPECIFIED.,.T.,.F.,.F.) B_SPLINE_SURFACE_WITH_KNOTS((1,2,2,2,2,1),
  (2,2),(-2.094395102393,0.,2.094395102393,4.188790204786,6.28318530718,
    8.377580409573),(0.2,5.4),.UNSPECIFIED.) 
GEOMETRIC_REPRESENTATION_ITEM() RATIONAL_B_SPLINE_SURFACE((
    (1.,1.)
    ,(0.5,0.5)
    ,(1.,1.)
    ,(0.5,0.5)
    ,(1.,1.)
    ,(0.5,0.5)
,(1.,1.))) REPRESENTATION_ITEM('') SURFACE() );
#10349 = CARTESIAN_POINT('',(-0.196927534317,0.734943563481,
    84.721581522656));
#10350 = CARTESIAN_POINT('',(-0.196927534317,0.734943563481,
    87.88679891396));
#10351 = CARTESIAN_POINT('',(-1.469887126962,0.393855068634,
    84.721581522656));
#10352 = CARTESIAN_POINT('',(-1.469887126962,0.393855068634,
    87.88679891396));
#10353 = CARTESIAN_POINT('',(-0.538016029164,-0.538016029164,
    84.721581522656));
#10354 = CARTESIAN_POINT('',(-0.538016029164,-0.538016029164,
    87.88679891396));
#10355 = CARTESIAN_POINT('',(0.393855068634,-1.469887126962,
    84.721581522656));
#10356 = CARTESIAN_POINT('',(0.393855068634,-1.469887126962,
    87.88679891396));
#10357 = CARTESIAN_POINT('',(0.734943563481,-0.196927534317,
    84.721581522656));
#10358 = CARTESIAN_POINT('',(0.734943563481,-0.196927534317,
    87.88679891396));
#10359 = CARTESIAN_POINT('',(1.076032058327,1.076032058327,
    84.721581522656));
#10360 = CARTESIAN_POINT('',(1.076032058327,1.076032058327,
    87.88679891396));
#10361 = CARTESIAN_POINT('',(-0.196927534317,0.734943563481,
    84.721581522656));
#10362 = CARTESIAN_POINT('',(-0.196927534317,0.734943563481,
    87.88679891396));
#10363 = MANIFOLD_SOLID_BREP('',#10364);
#10364 = CLOSED_SHELL('',(#10365,#10413,#10422));
#10365 = ADVANCED_FACE('',(#10366),#10398,.T.);
#10366 = FACE_BOUND('',#10367,.T.);
#10367 = EDGE_LOOP('',(#10368,#10380,#10387,#10397));
#10368 = ORIENTED_EDGE('',*,*,#10369,.F.);
#10369 = EDGE_CURVE('',#10370,#10370,#10372,.T.);
#10370 = VERTEX_POINT('',#10371);
#10371 = CARTESIAN_POINT('',(-0.181173331572,0.676148078402,
    87.229407609612));
#10372 = ( BOUNDED_CURVE() B_SPLINE_CURVE(2,(#10373,#10374,#10375,#10376
    ,#10377,#10378,#10379),.UNSPECIFIED.,.T.,.F.) 
B_SPLINE_CURVE_WITH_KNOTS((1,2,2,2,2,1),(-2.094395102393,0.,
    2.094395102393,4.188790204786,6.28318530718,8.377580409573),
.UNSPECIFIED.) CURVE() GEOMETRIC_REPRESENTATION_ITEM() 
RATIONAL_B_SPLINE_CURVE((1.,0.5,1.,0.5,1.,0.5,1.)) REPRESENTATION_ITEM(
  '') );
#10373 = CARTESIAN_POINT('',(-0.181173331572,0.676148078402,
    87.229407609612));
#10374 = CARTESIAN_POINT('',(-1.352296156805,0.362346663144,
    87.229407609612));
#10375 = CARTESIAN_POINT('',(-0.494974746831,-0.494974746831,
    87.229407609612));
#10376 = CARTESIAN_POINT('',(0.362346663144,-1.352296156805,
    87.229407609612));
#10377 = CARTESIAN_POINT('',(0.676148078402,-0.181173331572,
    87.229407609612));
#10378 = CARTESIAN_POINT('',(0.989949493661,0.989949493661,
    87.229407609612));
#10379 = CARTESIAN_POINT('',(-0.181173331572,0.676148078402,
    87.229407609612));
#10380 = ORIENTED_EDGE('',*,*,#10381,.F.);
#10381 = EDGE_CURVE('',#10382,#10370,#10384,.T.);
#10382 = VERTEX_POINT('',#10383);
#10383 = CARTESIAN_POINT('',(-0.181173331572,0.676148078402,
    86.80332065309));
#10384 = B_SPLINE_CURVE_WITH_KNOTS('',1,(#10385,#10386),.UNSPECIFIED.,
  .F.,.F.,(2,2),(0.,0.7),.PIECEWISE_BEZIER_KNOTS.);
#10385 = CARTESIAN_POINT('',(-0.181173331572,0.676148078402,
    86.80332065309));
#10386 = CARTESIAN_POINT('',(-0.181173331572,0.676148078402,
    87.229407609612));
#10387 = ORIENTED_EDGE('',*,*,#10388,.T.);
#10388 = EDGE_CURVE('',#10382,#10382,#10389,.T.);
#10389 = ( BOUNDED_CURVE() B_SPLINE_CURVE(2,(#10390,#10391,#10392,#10393
    ,#10394,#10395,#10396),.UNSPECIFIED.,.T.,.F.) 
B_SPLINE_CURVE_WITH_KNOTS((1,2,2,2,2,1),(-2.094395102393,0.,
    2.094395102393,4.188790204786,6.28318530718,8.377580409573),
.UNSPECIFIED.) CURVE() GEOMETRIC_REPRESENTATION_ITEM() 
RATIONAL_B_SPLINE_CURVE((1.,0.5,1.,0.5,1.,0.5,1.)) REPRESENTATION_ITEM(
  '') );
#10390 = CARTESIAN_POINT('',(-0.181173331572,0.676148078402,
    86.80332065309));
#10391 = CARTESIAN_POINT('',(-1.352296156805,0.362346663144,
    86.80332065309));
#10392 = CARTESIAN_POINT('',(-0.494974746831,-0.494974746831,
    86.80332065309));
#10393 = CARTESIAN_POINT('',(0.362346663144,-1.352296156805,
    86.80332065309));
#10394 = CARTESIAN_POINT('',(0.676148078402,-0.181173331572,
    86.80332065309));
#10395 = CARTESIAN_POINT('',(0.989949493661,0.989949493661,
    86.80332065309));
#10396 = CARTESIAN_POINT('',(-0.181173331572,0.676148078402,
    86.80332065309));
#10397 = ORIENTED_EDGE('',*,*,#10381,.T.);
#10398 = ( BOUNDED_SURFACE() B_SPLINE_SURFACE(2,1,(
    (#10399,#10400)
    ,(#10401,#10402)
    ,(#10403,#10404)
    ,(#10405,#10406)
    ,(#10407,#10408)
    ,(#10409,#10410)
    ,(#10411,#10412
)),.UNSPECIFIED.,.T.,.F.,.F.) B_SPLINE_SURFACE_WITH_KNOTS((1,2,2,2,2,1),
  (2,2),(-2.094395102393,0.,2.094395102393,4.188790204786,6.28318530718,
    8.377580409573),(0.,0.7),.UNSPECIFIED.) 
GEOMETRIC_REPRESENTATION_ITEM() RATIONAL_B_SPLINE_SURFACE((
    (1.,1.)
    ,(0.5,0.5)
    ,(1.,1.)
    ,(0.5,0.5)
    ,(1.,1.)
    ,(0.5,0.5)
,(1.,1.))) REPRESENTATION_ITEM('') SURFACE() );
#10399 = CARTESIAN_POINT('',(-0.181173331572,0.676148078402,
    86.80332065309));
#10400 = CARTESIAN_POINT('',(-0.181173331572,0.676148078402,
    87.229407609612));
#10401 = CARTESIAN_POINT('',(-1.352296156805,0.362346663144,
    86.80332065309));
#10402 = CARTESIAN_POINT('',(-1.352296156805,0.362346663144,
    87.229407609612));
#10403 = CARTESIAN_POINT('',(-0.494974746831,-0.494974746831,
    86.80332065309));
#10404 = CARTESIAN_POINT('',(-0.494974746831,-0.494974746831,
    87.229407609612));
#10405 = CARTESIAN_POINT('',(0.362346663144,-1.352296156805,
    86.80332065309));
#10406 = CARTESIAN_POINT('',(0.362346663144,-1.352296156805,
    87.229407609612));
#10407 = CARTESIAN_POINT('',(0.676148078402,-0.181173331572,
    86.80332065309));
#10408 = CARTESIAN_POINT('',(0.676148078402,-0.181173331572,
    87.229407609612));
#10409 = CARTESIAN_POINT('',(0.989949493661,0.989949493661,
    86.80332065309));
#10410 = CARTESIAN_POINT('',(0.989949493661,0.989949493661,
    87.229407609612));
#10411 = CARTESIAN_POINT('',(-0.181173331572,0.676148078402,
    86.80332065309));
#10412 = CARTESIAN_POINT('',(-0.181173331572,0.676148078402,
    87.229407609612));
#10413 = ADVANCED_FACE('',(#10414),#10417,.T.);
#10414 = FACE_BOUND('',#10415,.T.);
#10415 = EDGE_LOOP('',(#10416));
#10416 = ORIENTED_EDGE('',*,*,#10369,.T.);
#10417 = B_SPLINE_SURFACE_WITH_KNOTS('',1,1,(
    (#10418,#10419)
    ,(#10420,#10421
  )),.UNSPECIFIED.,.F.,.F.,.F.,(2,2),(2,2),(-1.15,1.15),(-1.15,1.15),
  .PIECEWISE_BEZIER_KNOTS.);
#10418 = CARTESIAN_POINT('',(0.857321409974,-0.494974746831,
    87.229407609612));
#10419 = CARTESIAN_POINT('',(-0.494974746831,-0.857321409974,
    87.229407609612));
#10420 = CARTESIAN_POINT('',(0.494974746831,0.857321409974,
    87.229407609612));
#10421 = CARTESIAN_POINT('',(-0.857321409974,0.494974746831,
    87.229407609612));
#10422 = ADVANCED_FACE('',(#10423),#10426,.F.);
#10423 = FACE_BOUND('',#10424,.T.);
#10424 = EDGE_LOOP('',(#10425));
#10425 = ORIENTED_EDGE('',*,*,#10388,.F.);
#10426 = B_SPLINE_SURFACE_WITH_KNOTS('',1,1,(
    (#10427,#10428)
    ,(#10429,#10430
  )),.UNSPECIFIED.,.F.,.F.,.F.,(2,2),(2,2),(-1.15,1.15),(-1.15,1.15),
  .PIECEWISE_BEZIER_KNOTS.);
#10427 = CARTESIAN_POINT('',(0.857321409974,-0.494974746831,
    86.80332065309));
#10428 = CARTESIAN_POINT('',(-0.494974746831,-0.857321409974,
    86.80332065309));
#10429 = CARTESIAN_POINT('',(0.494974746831,0.857321409974,
    86.80332065309));
#10430 = CARTESIAN_POINT('',(-0.857321409974,0.494974746831,
    86.80332065309));
#10431 = MANIFOLD_SOLID_BREP('',#10432);
#10432 = CLOSED_SHELL('',(#10433,#10481,#10490));
#10433 = ADVANCED_FACE('',(#10434),#10466,.T.);
#10434 = FACE_BOUND('',#10435,.T.);
#10435 = EDGE_LOOP('',(#10436,#10448,#10455,#10465));
#10436 = ORIENTED_EDGE('',*,*,#10437,.F.);
#10437 = EDGE_CURVE('',#10438,#10438,#10440,.T.);
#10438 = VERTEX_POINT('',#10439);
#10439 = CARTESIAN_POINT('',(-0.181173331572,0.676148078402,
    85.805059783525));
#10440 = ( BOUNDED_CURVE() B_SPLINE_CURVE(2,(#10441,#10442,#10443,#10444
    ,#10445,#10446,#10447),.UNSPECIFIED.,.T.,.F.) 
B_SPLINE_CURVE_WITH_KNOTS((1,2,2,2,2,1),(-2.094395102393,0.,
    2.094395102393,4.188790204786,6.28318530718,8.377580409573),
.UNSPECIFIED.) CURVE() GEOMETRIC_REPRESENTATION_ITEM() 
RATIONAL_B_SPLINE_CURVE((1.,0.5,1.,0.5,1.,0.5,1.)) REPRESENTATION_ITEM(
  '') );
#10441 = CARTESIAN_POINT('',(-0.181173331572,0.676148078402,
    85.805059783525));
#10442 = CARTESIAN_POINT('',(-1.352296156805,0.362346663144,
    85.805059783525));
#10443 = CARTESIAN_POINT('',(-0.494974746831,-0.494974746831,
    85.805059783525));
#10444 = CARTESIAN_POINT('',(0.362346663144,-1.352296156805,
    85.805059783525));
#10445 = CARTESIAN_POINT('',(0.676148078402,-0.181173331572,
    85.805059783525));
#10446 = CARTESIAN_POINT('',(0.989949493661,0.989949493661,
    85.805059783525));
#10447 = CARTESIAN_POINT('',(-0.181173331572,0.676148078402,
    85.805059783525));
#10448 = ORIENTED_EDGE('',*,*,#10449,.F.);
#10449 = EDGE_CURVE('',#10450,#10438,#10452,.T.);
#10450 = VERTEX_POINT('',#10451);
#10451 = CARTESIAN_POINT('',(-0.181173331572,0.676148078402,
    85.378972827003));
#10452 = B_SPLINE_CURVE_WITH_KNOTS('',1,(#10453,#10454),.UNSPECIFIED.,
  .F.,.F.,(2,2),(0.,0.7),.PIECEWISE_BEZIER_KNOTS.);
#10453 = CARTESIAN_POINT('',(-0.181173331572,0.676148078402,
    85.378972827003));
#10454 = CARTESIAN_POINT('',(-0.181173331572,0.676148078402,
    85.805059783525));
#10455 = ORIENTED_EDGE('',*,*,#10456,.T.);
#10456 = EDGE_CURVE('',#10450,#10450,#10457,.T.);
#10457 = ( BOUNDED_CURVE() B_SPLINE_CURVE(2,(#10458,#10459,#10460,#10461
    ,#10462,#10463,#10464),.UNSPECIFIED.,.T.,.F.) 
B_SPLINE_CURVE_WITH_KNOTS((1,2,2,2,2,1),(-2.094395102393,0.,
    2.094395102393,4.188790204786,6.28318530718,8.377580409573),
.UNSPECIFIED.) CURVE() GEOMETRIC_REPRESENTATION_ITEM() 
RATIONAL_B_SPLINE_CURVE((1.,0.5,1.,0.5,1.,0.5,1.)) REPRESENTATION_ITEM(
  '') );
#10458 = CARTESIAN_POINT('',(-0.181173331572,0.676148078402,
    85.378972827003));
#10459 = CARTESIAN_POINT('',(-1.352296156805,0.362346663144,
    85.378972827003));
#10460 = CARTESIAN_POINT('',(-0.494974746831,-0.494974746831,
    85.378972827003));
#10461 = CARTESIAN_POINT('',(0.362346663144,-1.352296156805,
    85.378972827003));
#10462 = CARTESIAN_POINT('',(0.676148078402,-0.181173331572,
    85.378972827003));
#10463 = CARTESIAN_POINT('',(0.989949493661,0.989949493661,
    85.378972827003));
#10464 = CARTESIAN_POINT('',(-0.181173331572,0.676148078402,
    85.378972827003));
#10465 = ORIENTED_EDGE('',*,*,#10449,.T.);
#10466 = ( BOUNDED_SURFACE() B_SPLINE_SURFACE(2,1,(
    (#10467,#10468)
    ,(#10469,#10470)
    ,(#10471,#10472)
    ,(#10473,#10474)
    ,(#10475,#10476)
    ,(#10477,#10478)
    ,(#10479,#10480
)),.UNSPECIFIED.,.T.,.F.,.F.) B_SPLINE_SURFACE_WITH_KNOTS((1,2,2,2,2,1),
  (2,2),(-2.094395102393,0.,2.094395102393,4.188790204786,6.28318530718,
    8.377580409573),(0.,0.7),.UNSPECIFIED.) 
GEOMETRIC_REPRESENTATION_ITEM() RATIONAL_B_SPLINE_SURFACE((
    (1.,1.)
    ,(0.5,0.5)
    ,(1.,1.)
    ,(0.5,0.5)
    ,(1.,1.)
    ,(0.5,0.5)
,(1.,1.))) REPRESENTATION_ITEM('') SURFACE() );
#10467 = CARTESIAN_POINT('',(-0.181173331572,0.676148078402,
    85.378972827003));
#10468 = CARTESIAN_POINT('',(-0.181173331572,0.676148078402,
    85.805059783525));
#10469 = CARTESIAN_POINT('',(-1.352296156805,0.362346663144,
    85.378972827003));
#10470 = CARTESIAN_POINT('',(-1.352296156805,0.362346663144,
    85.805059783525));
#10471 = CARTESIAN_POINT('',(-0.494974746831,-0.494974746831,
    85.378972827003));
#10472 = CARTESIAN_POINT('',(-0.494974746831,-0.494974746831,
    85.805059783525));
#10473 = CARTESIAN_POINT('',(0.362346663144,-1.352296156805,
    85.378972827003));
#10474 = CARTESIAN_POINT('',(0.362346663144,-1.352296156805,
    85.805059783525));
#10475 = CARTESIAN_POINT('',(0.676148078402,-0.181173331572,
    85.378972827003));
#10476 = CARTESIAN_POINT('',(0.676148078402,-0.181173331572,
    85.805059783525));
#10477 = CARTESIAN_POINT('',(0.989949493661,0.989949493661,
    85.378972827003));
#10478 = CARTESIAN_POINT('',(0.989949493661,0.989949493661,
    85.805059783525));
#10479 = CARTESIAN_POINT('',(-0.181173331572,0.676148078402,
    85.378972827003));
#10480 = CARTESIAN_POINT('',(-0.181173331572,0.676148078402,
    85.805059783525));
#10481 = ADVANCED_FACE('',(#10482),#10485,.T.);
#10482 = FACE_BOUND('',#10483,.T.);
#10483 = EDGE_LOOP('',(#10484));
#10484 = ORIENTED_EDGE('',*,*,#10437,.T.);
#10485 = B_SPLINE_SURFACE_WITH_KNOTS('',1,1,(
    (#10486,#10487)
    ,(#10488,#10489
  )),.UNSPECIFIED.,.F.,.F.,.F.,(2,2),(2,2),(-1.15,1.15),(-1.15,1.15),
  .PIECEWISE_BEZIER_KNOTS.);
#10486 = CARTESIAN_POINT('',(0.857321409974,-0.494974746831,
    85.805059783525));
#10487 = CARTESIAN_POINT('',(-0.494974746831,-0.857321409974,
    85.805059783525));
#10488 = CARTESIAN_POINT('',(0.494974746831,0.857321409974,
    85.805059783525));
#10489 = CARTESIAN_POINT('',(-0.857321409974,0.494974746831,
    85.805059783525));
#10490 = ADVANCED_FACE('',(#10491),#10494,.F.);
#10491 = FACE_BOUND('',#10492,.T.);
#10492 = EDGE_LOOP('',(#10493));
#10493 = ORIENTED_EDGE('',*,*,#10456,.F.);
#10494 = B_SPLINE_SURFACE_WITH_KNOTS('',1,1,(
    (#10495,#10496)
    ,(#10497,#10498
  )),.UNSPECIFIED.,.F.,.F.,.F.,(2,2),(2,2),(-1.15,1.15),(-1.15,1.15),
  .PIECEWISE_BEZIER_KNOTS.);
#10495 = CARTESIAN_POINT('',(0.857321409974,-0.494974746831,
    85.378972827003));
#10496 = CARTESIAN_POINT('',(-0.494974746831,-0.857321409974,
    85.378972827003));
#10497 = CARTESIAN_POINT('',(0.494974746831,0.857321409974,
    85.378972827003));
#10498 = CARTESIAN_POINT('',(-0.857321409974,0.494974746831,
    85.378972827003));
#10499 = MANIFOLD_SOLID_BREP('',#10500);
#10500 = CLOSED_SHELL('',(#10501,#10549,#10586,#10609,#10632,#10641,
    #10678));
#10501 = ADVANCED_FACE('',(#10502),#10534,.T.);
#10502 = FACE_BOUND('',#10503,.T.);
#10503 = EDGE_LOOP('',(#10504,#10513,#10523,#10524));
#10504 = ORIENTED_EDGE('',*,*,#10505,.T.);
#10505 = EDGE_CURVE('',#10506,#10508,#10510,.T.);
#10506 = VERTEX_POINT('',#10507);
#10507 = CARTESIAN_POINT('',(-0.173296230199,0.646750335863,
    86.718103261786));
#10508 = VERTEX_POINT('',#10509);
#10509 = CARTESIAN_POINT('',(-0.173296230199,0.646750335863,
    86.791146740047));
#10510 = B_SPLINE_CURVE_WITH_KNOTS('',1,(#10511,#10512),.UNSPECIFIED.,
  .F.,.F.,(2,2),(1.48,1.6),.PIECEWISE_BEZIER_KNOTS.);
#10511 = CARTESIAN_POINT('',(-0.173296230199,0.646750335863,
    86.718103261786));
#10512 = CARTESIAN_POINT('',(-0.173296230199,0.646750335863,
    86.791146740047));
#10513 = ORIENTED_EDGE('',*,*,#10514,.F.);
#10514 = EDGE_CURVE('',#10508,#10508,#10515,.T.);
#10515 = ( BOUNDED_CURVE() B_SPLINE_CURVE(2,(#10516,#10517,#10518,#10519
    ,#10520,#10521,#10522),.UNSPECIFIED.,.T.,.F.) 
B_SPLINE_CURVE_WITH_KNOTS((1,2,2,2,2,1),(-2.094395102393,0.,
    2.094395102393,4.188790204786,6.28318530718,8.377580409573),
.UNSPECIFIED.) CURVE() GEOMETRIC_REPRESENTATION_ITEM() 
RATIONAL_B_SPLINE_CURVE((1.,0.5,1.,0.5,1.,0.5,1.)) REPRESENTATION_ITEM(
  '') );
#10516 = CARTESIAN_POINT('',(-0.173296230199,0.646750335863,
    86.791146740047));
#10517 = CARTESIAN_POINT('',(-1.293500671726,0.346592460398,
    86.791146740047));
#10518 = CARTESIAN_POINT('',(-0.473454105664,-0.473454105664,
    86.791146740047));
#10519 = CARTESIAN_POINT('',(0.346592460398,-1.293500671726,
    86.791146740047));
#10520 = CARTESIAN_POINT('',(0.646750335863,-0.173296230199,
    86.791146740047));
#10521 = CARTESIAN_POINT('',(0.946908211328,0.946908211328,
    86.791146740047));
#10522 = CARTESIAN_POINT('',(-0.173296230199,0.646750335863,
    86.791146740047));
#10523 = ORIENTED_EDGE('',*,*,#10505,.F.);
#10524 = ORIENTED_EDGE('',*,*,#10525,.T.);
#10525 = EDGE_CURVE('',#10506,#10506,#10526,.T.);
#10526 = ( BOUNDED_CURVE() B_SPLINE_CURVE(2,(#10527,#10528,#10529,#10530
    ,#10531,#10532,#10533),.UNSPECIFIED.,.T.,.F.) 
B_SPLINE_CURVE_WITH_KNOTS((1,2,2,2,2,1),(-2.094395102393,0.,
    2.094395102393,4.188790204786,6.28318530718,8.377580409573),
.UNSPECIFIED.) CURVE() GEOMETRIC_REPRESENTATION_ITEM() 
RATIONAL_B_SPLINE_CURVE((1.,0.5,1.,0.5,1.,0.5,1.)) REPRESENTATION_ITEM(
  '') );
#10527 = CARTESIAN_POINT('',(-0.173296230199,0.646750335863,
    86.718103261786));
#10528 = CARTESIAN_POINT('',(-1.293500671726,0.346592460398,
    86.718103261786));
#10529 = CARTESIAN_POINT('',(-0.473454105664,-0.473454105664,
    86.718103261786));
#10530 = CARTESIAN_POINT('',(0.346592460398,-1.293500671726,
    86.718103261786));
#10531 = CARTESIAN_POINT('',(0.646750335863,-0.173296230199,
    86.718103261786));
#10532 = CARTESIAN_POINT('',(0.946908211328,0.946908211328,
    86.718103261786));
#10533 = CARTESIAN_POINT('',(-0.173296230199,0.646750335863,
    86.718103261786));
#10534 = ( BOUNDED_SURFACE() B_SPLINE_SURFACE(2,1,(
    (#10535,#10536)
    ,(#10537,#10538)
    ,(#10539,#10540)
    ,(#10541,#10542)
    ,(#10543,#10544)
    ,(#10545,#10546)
    ,(#10547,#10548
)),.UNSPECIFIED.,.T.,.F.,.F.) B_SPLINE_SURFACE_WITH_KNOTS((1,2,2,2,2,1),
  (2,2),(-2.094395102393,0.,2.094395102393,4.188790204786,6.28318530718,
    8.377580409573),(1.48,1.6),.UNSPECIFIED.) 
GEOMETRIC_REPRESENTATION_ITEM() RATIONAL_B_SPLINE_SURFACE((
    (1.,1.)
    ,(0.5,0.5)
    ,(1.,1.)
    ,(0.5,0.5)
    ,(1.,1.)
    ,(0.5,0.5)
,(1.,1.))) REPRESENTATION_ITEM('') SURFACE() );
#10535 = CARTESIAN_POINT('',(-0.173296230199,0.646750335863,
    86.718103261786));
#10536 = CARTESIAN_POINT('',(-0.173296230199,0.646750335863,
    86.791146740047));
#10537 = CARTESIAN_POINT('',(-1.293500671726,0.346592460398,
    86.718103261786));
#10538 = CARTESIAN_POINT('',(-1.293500671726,0.346592460398,
    86.791146740047));
#10539 = CARTESIAN_POINT('',(-0.473454105664,-0.473454105664,
    86.718103261786));
#10540 = CARTESIAN_POINT('',(-0.473454105664,-0.473454105664,
    86.791146740047));
#10541 = CARTESIAN_POINT('',(0.346592460398,-1.293500671726,
    86.718103261786));
#10542 = CARTESIAN_POINT('',(0.346592460398,-1.293500671726,
    86.791146740047));
#10543 = CARTESIAN_POINT('',(0.646750335863,-0.173296230199,
    86.718103261786));
#10544 = CARTESIAN_POINT('',(0.646750335863,-0.173296230199,
    86.791146740047));
#10545 = CARTESIAN_POINT('',(0.946908211328,0.946908211328,
    86.718103261786));
#10546 = CARTESIAN_POINT('',(0.946908211328,0.946908211328,
    86.791146740047));
#10547 = CARTESIAN_POINT('',(-0.173296230199,0.646750335863,
    86.718103261786));
#10548 = CARTESIAN_POINT('',(-0.173296230199,0.646750335863,
    86.791146740047));
#10549 = ADVANCED_FACE('',(#10550),#10571,.T.);
#10550 = FACE_BOUND('',#10551,.T.);
#10551 = EDGE_LOOP('',(#10552,#10553,#10560,#10570));
#10552 = ORIENTED_EDGE('',*,*,#10525,.F.);
#10553 = ORIENTED_EDGE('',*,*,#10554,.F.);
#10554 = EDGE_CURVE('',#10555,#10506,#10557,.T.);
#10555 = VERTEX_POINT('',#10556);
#10556 = CARTESIAN_POINT('',(-0.173296230199,0.646750335863,
    85.817233696569));
#10557 = B_SPLINE_CURVE_WITH_KNOTS('',1,(#10558,#10559),.UNSPECIFIED.,
  .F.,.F.,(2,2),(0.,1.48),.PIECEWISE_BEZIER_KNOTS.);
#10558 = CARTESIAN_POINT('',(-0.173296230199,0.646750335863,
    85.817233696569));
#10559 = CARTESIAN_POINT('',(-0.173296230199,0.646750335863,
    86.718103261786));
#10560 = ORIENTED_EDGE('',*,*,#10561,.T.);
#10561 = EDGE_CURVE('',#10555,#10555,#10562,.T.);
#10562 = ( BOUNDED_CURVE() B_SPLINE_CURVE(2,(#10563,#10564,#10565,#10566
    ,#10567,#10568,#10569),.UNSPECIFIED.,.T.,.F.) 
B_SPLINE_CURVE_WITH_KNOTS((1,2,2,2,2,1),(-2.094395102393,0.,
    2.094395102393,4.188790204786,6.28318530718,8.377580409573),
.UNSPECIFIED.) CURVE() GEOMETRIC_REPRESENTATION_ITEM() 
RATIONAL_B_SPLINE_CURVE((1.,0.5,1.,0.5,1.,0.5,1.)) REPRESENTATION_ITEM(
  '') );
#10563 = CARTESIAN_POINT('',(-0.173296230199,0.646750335863,
    85.817233696569));
#10564 = CARTESIAN_POINT('',(-1.293500671726,0.346592460398,
    85.817233696569));
#10565 = CARTESIAN_POINT('',(-0.473454105664,-0.473454105664,
    85.817233696569));
#10566 = CARTESIAN_POINT('',(0.346592460398,-1.293500671726,
    85.817233696569));
#10567 = CARTESIAN_POINT('',(0.646750335863,-0.173296230199,
    85.817233696569));
#10568 = CARTESIAN_POINT('',(0.946908211328,0.946908211328,
    85.817233696569));
#10569 = CARTESIAN_POINT('',(-0.173296230199,0.646750335863,
    85.817233696569));
#10570 = ORIENTED_EDGE('',*,*,#10554,.T.);
#10571 = ( BOUNDED_SURFACE() B_SPLINE_SURFACE(2,1,(
    (#10572,#10573)
    ,(#10574,#10575)
    ,(#10576,#10577)
    ,(#10578,#10579)
    ,(#10580,#10581)
    ,(#10582,#10583)
    ,(#10584,#10585
)),.UNSPECIFIED.,.T.,.F.,.F.) B_SPLINE_SURFACE_WITH_KNOTS((1,2,2,2,2,1),
  (2,2),(-2.094395102393,0.,2.094395102393,4.188790204786,6.28318530718,
    8.377580409573),(0.,1.48),.UNSPECIFIED.) 
GEOMETRIC_REPRESENTATION_ITEM() RATIONAL_B_SPLINE_SURFACE((
    (1.,1.)
    ,(0.5,0.5)
    ,(1.,1.)
    ,(0.5,0.5)
    ,(1.,1.)
    ,(0.5,0.5)
,(1.,1.))) REPRESENTATION_ITEM('') SURFACE() );
#10572 = CARTESIAN_POINT('',(-0.173296230199,0.646750335863,
    85.817233696569));
#10573 = CARTESIAN_POINT('',(-0.173296230199,0.646750335863,
    86.718103261786));
#10574 = CARTESIAN_POINT('',(-1.293500671726,0.346592460398,
    85.817233696569));
#10575 = CARTESIAN_POINT('',(-1.293500671726,0.346592460398,
    86.718103261786));
#10576 = CARTESIAN_POINT('',(-0.473454105664,-0.473454105664,
    85.817233696569));
#10577 = CARTESIAN_POINT('',(-0.473454105664,-0.473454105664,
    86.718103261786));
#10578 = CARTESIAN_POINT('',(0.346592460398,-1.293500671726,
    85.817233696569));
#10579 = CARTESIAN_POINT('',(0.346592460398,-1.293500671726,
    86.718103261786));
#10580 = CARTESIAN_POINT('',(0.646750335863,-0.173296230199,
    85.817233696569));
#10581 = CARTESIAN_POINT('',(0.646750335863,-0.173296230199,
    86.718103261786));
#10582 = CARTESIAN_POINT('',(0.946908211328,0.946908211328,
    85.817233696569));
#10583 = CARTESIAN_POINT('',(0.946908211328,0.946908211328,
    86.718103261786));
#10584 = CARTESIAN_POINT('',(-0.173296230199,0.646750335863,
    85.817233696569));
#10585 = CARTESIAN_POINT('',(-0.173296230199,0.646750335863,
    86.718103261786));
#10586 = ADVANCED_FACE('',(#10587,#10590),#10604,.T.);
#10587 = FACE_BOUND('',#10588,.T.);
#10588 = EDGE_LOOP('',(#10589));
#10589 = ORIENTED_EDGE('',*,*,#10514,.T.);
#10590 = FACE_BOUND('',#10591,.T.);
#10591 = EDGE_LOOP('',(#10592));
#10592 = ORIENTED_EDGE('',*,*,#10593,.F.);
#10593 = EDGE_CURVE('',#10594,#10594,#10596,.T.);
#10594 = VERTEX_POINT('',#10595);
#10595 = CARTESIAN_POINT('',(-0.133910723336,0.499761623167,
    86.791146740047));
#10596 = ( BOUNDED_CURVE() B_SPLINE_CURVE(2,(#10597,#10598,#10599,#10600
    ,#10601,#10602,#10603),.UNSPECIFIED.,.T.,.F.) 
B_SPLINE_CURVE_WITH_KNOTS((1,2,2,2,2,1),(-2.094395102393,0.,
    2.094395102393,4.188790204786,6.28318530718,8.377580409573),
.UNSPECIFIED.) CURVE() GEOMETRIC_REPRESENTATION_ITEM() 
RATIONAL_B_SPLINE_CURVE((1.,0.5,1.,0.5,1.,0.5,1.)) REPRESENTATION_ITEM(
  '') );
#10597 = CARTESIAN_POINT('',(-0.133910723336,0.499761623167,
    86.791146740047));
#10598 = CARTESIAN_POINT('',(-0.999523246334,0.267821446671,
    86.791146740047));
#10599 = CARTESIAN_POINT('',(-0.365850899831,-0.365850899831,
    86.791146740047));
#10600 = CARTESIAN_POINT('',(0.267821446671,-0.999523246334,
    86.791146740047));
#10601 = CARTESIAN_POINT('',(0.499761623167,-0.133910723336,
    86.791146740047));
#10602 = CARTESIAN_POINT('',(0.731701799663,0.731701799663,
    86.791146740047));
#10603 = CARTESIAN_POINT('',(-0.133910723336,0.499761623167,
    86.791146740047));
#10604 = B_SPLINE_SURFACE_WITH_KNOTS('',1,1,(
    (#10605,#10606)
    ,(#10607,#10608
    )),.UNSPECIFIED.,.F.,.F.,.F.,(2,2),(2,2),(-1.1,1.1),(-1.1,1.1),
  .PIECEWISE_BEZIER_KNOTS.);
#10605 = CARTESIAN_POINT('',(0.820046566062,-0.473454105664,
    86.791146740047));
#10606 = CARTESIAN_POINT('',(-0.473454105664,-0.820046566062,
    86.791146740047));
#10607 = CARTESIAN_POINT('',(0.473454105664,0.820046566062,
    86.791146740047));
#10608 = CARTESIAN_POINT('',(-0.820046566062,0.473454105664,
    86.791146740047));
#10609 = ADVANCED_FACE('',(#10610,#10613),#10627,.F.);
#10610 = FACE_BOUND('',#10611,.F.);
#10611 = EDGE_LOOP('',(#10612));
#10612 = ORIENTED_EDGE('',*,*,#10561,.T.);
#10613 = FACE_BOUND('',#10614,.F.);
#10614 = EDGE_LOOP('',(#10615));
#10615 = ORIENTED_EDGE('',*,*,#10616,.F.);
#10616 = EDGE_CURVE('',#10617,#10617,#10619,.T.);
#10617 = VERTEX_POINT('',#10618);
#10618 = CARTESIAN_POINT('',(-0.133910723336,0.499761623167,
    85.817233696569));
#10619 = ( BOUNDED_CURVE() B_SPLINE_CURVE(2,(#10620,#10621,#10622,#10623
    ,#10624,#10625,#10626),.UNSPECIFIED.,.T.,.F.) 
B_SPLINE_CURVE_WITH_KNOTS((1,2,2,2,2,1),(-2.094395102393,0.,
    2.094395102393,4.188790204786,6.28318530718,8.377580409573),
.UNSPECIFIED.) CURVE() GEOMETRIC_REPRESENTATION_ITEM() 
RATIONAL_B_SPLINE_CURVE((1.,0.5,1.,0.5,1.,0.5,1.)) REPRESENTATION_ITEM(
  '') );
#10620 = CARTESIAN_POINT('',(-0.133910723336,0.499761623167,
    85.817233696569));
#10621 = CARTESIAN_POINT('',(-0.999523246334,0.267821446671,
    85.817233696569));
#10622 = CARTESIAN_POINT('',(-0.365850899831,-0.365850899831,
    85.817233696569));
#10623 = CARTESIAN_POINT('',(0.267821446671,-0.999523246334,
    85.817233696569));
#10624 = CARTESIAN_POINT('',(0.499761623167,-0.133910723336,
    85.817233696569));
#10625 = CARTESIAN_POINT('',(0.731701799663,0.731701799663,
    85.817233696569));
#10626 = CARTESIAN_POINT('',(-0.133910723336,0.499761623167,
    85.817233696569));
#10627 = B_SPLINE_SURFACE_WITH_KNOTS('',1,1,(
    (#10628,#10629)
    ,(#10630,#10631
    )),.UNSPECIFIED.,.F.,.F.,.F.,(2,2),(2,2),(-1.1,1.1),(-1.1,1.1),
  .PIECEWISE_BEZIER_KNOTS.);
#10628 = CARTESIAN_POINT('',(0.820046566062,-0.473454105664,
    85.817233696569));
#10629 = CARTESIAN_POINT('',(-0.473454105664,-0.820046566062,
    85.817233696569));
#10630 = CARTESIAN_POINT('',(0.473454105664,0.820046566062,
    85.817233696569));
#10631 = CARTESIAN_POINT('',(-0.820046566062,0.473454105664,
    85.817233696569));
#10632 = ADVANCED_FACE('',(#10633),#10636,.T.);
#10633 = FACE_BOUND('',#10634,.T.);
#10634 = EDGE_LOOP('',(#10635));
#10635 = ORIENTED_EDGE('',*,*,#10593,.T.);
#10636 = B_SPLINE_SURFACE_WITH_KNOTS('',1,1,(
    (#10637,#10638)
    ,(#10639,#10640
  )),.UNSPECIFIED.,.F.,.F.,.F.,(2,2),(2,2),(-0.85,0.85),(-0.85,0.85),
  .PIECEWISE_BEZIER_KNOTS.);
#10637 = CARTESIAN_POINT('',(0.633672346503,-0.365850899831,
    86.791146740047));
#10638 = CARTESIAN_POINT('',(-0.365850899831,-0.633672346503,
    86.791146740047));
#10639 = CARTESIAN_POINT('',(0.365850899831,0.633672346503,
    86.791146740047));
#10640 = CARTESIAN_POINT('',(-0.633672346503,0.365850899831,
    86.791146740047));
#10641 = ADVANCED_FACE('',(#10642),#10663,.F.);
#10642 = FACE_BOUND('',#10643,.F.);
#10643 = EDGE_LOOP('',(#10644,#10656,#10661,#10662));
#10644 = ORIENTED_EDGE('',*,*,#10645,.F.);
#10645 = EDGE_CURVE('',#10646,#10646,#10648,.T.);
#10646 = VERTEX_POINT('',#10647);
#10647 = CARTESIAN_POINT('',(-0.133910723336,0.499761623167,
    86.718103261786));
#10648 = ( BOUNDED_CURVE() B_SPLINE_CURVE(2,(#10649,#10650,#10651,#10652
    ,#10653,#10654,#10655),.UNSPECIFIED.,.T.,.F.) 
B_SPLINE_CURVE_WITH_KNOTS((1,2,2,2,2,1),(-2.094395102393,0.,
    2.094395102393,4.188790204786,6.28318530718,8.377580409573),
.UNSPECIFIED.) CURVE() GEOMETRIC_REPRESENTATION_ITEM() 
RATIONAL_B_SPLINE_CURVE((1.,0.5,1.,0.5,1.,0.5,1.)) REPRESENTATION_ITEM(
  '') );
#10649 = CARTESIAN_POINT('',(-0.133910723336,0.499761623167,
    86.718103261786));
#10650 = CARTESIAN_POINT('',(-0.999523246334,0.267821446671,
    86.718103261786));
#10651 = CARTESIAN_POINT('',(-0.365850899831,-0.365850899831,
    86.718103261786));
#10652 = CARTESIAN_POINT('',(0.267821446671,-0.999523246334,
    86.718103261786));
#10653 = CARTESIAN_POINT('',(0.499761623167,-0.133910723336,
    86.718103261786));
#10654 = CARTESIAN_POINT('',(0.731701799663,0.731701799663,
    86.718103261786));
#10655 = CARTESIAN_POINT('',(-0.133910723336,0.499761623167,
    86.718103261786));
#10656 = ORIENTED_EDGE('',*,*,#10657,.F.);
#10657 = EDGE_CURVE('',#10617,#10646,#10658,.T.);
#10658 = B_SPLINE_CURVE_WITH_KNOTS('',1,(#10659,#10660),.UNSPECIFIED.,
  .F.,.F.,(2,2),(0.2,1.68),.PIECEWISE_BEZIER_KNOTS.);
#10659 = CARTESIAN_POINT('',(-0.133910723336,0.499761623167,
    85.817233696569));
#10660 = CARTESIAN_POINT('',(-0.133910723336,0.499761623167,
    86.718103261786));
#10661 = ORIENTED_EDGE('',*,*,#10616,.T.);
#10662 = ORIENTED_EDGE('',*,*,#10657,.T.);
#10663 = ( BOUNDED_SURFACE() B_SPLINE_SURFACE(2,1,(
    (#10664,#10665)
    ,(#10666,#10667)
    ,(#10668,#10669)
    ,(#10670,#10671)
    ,(#10672,#10673)
    ,(#10674,#10675)
    ,(#10676,#10677
)),.UNSPECIFIED.,.T.,.F.,.F.) B_SPLINE_SURFACE_WITH_KNOTS((1,2,2,2,2,1),
  (2,2),(-2.094395102393,0.,2.094395102393,4.188790204786,6.28318530718,
    8.377580409573),(0.2,1.68),.UNSPECIFIED.) 
GEOMETRIC_REPRESENTATION_ITEM() RATIONAL_B_SPLINE_SURFACE((
    (1.,1.)
    ,(0.5,0.5)
    ,(1.,1.)
    ,(0.5,0.5)
    ,(1.,1.)
    ,(0.5,0.5)
,(1.,1.))) REPRESENTATION_ITEM('') SURFACE() );
#10664 = CARTESIAN_POINT('',(-0.133910723336,0.499761623167,
    85.817233696569));
#10665 = CARTESIAN_POINT('',(-0.133910723336,0.499761623167,
    86.718103261786));
#10666 = CARTESIAN_POINT('',(-0.999523246334,0.267821446671,
    85.817233696569));
#10667 = CARTESIAN_POINT('',(-0.999523246334,0.267821446671,
    86.718103261786));
#10668 = CARTESIAN_POINT('',(-0.365850899831,-0.365850899831,
    85.817233696569));
#10669 = CARTESIAN_POINT('',(-0.365850899831,-0.365850899831,
    86.718103261786));
#10670 = CARTESIAN_POINT('',(0.267821446671,-0.999523246334,
    85.817233696569));
#10671 = CARTESIAN_POINT('',(0.267821446671,-0.999523246334,
    86.718103261786));
#10672 = CARTESIAN_POINT('',(0.499761623167,-0.133910723336,
    85.817233696569));
#10673 = CARTESIAN_POINT('',(0.499761623167,-0.133910723336,
    86.718103261786));
#10674 = CARTESIAN_POINT('',(0.731701799663,0.731701799663,
    85.817233696569));
#10675 = CARTESIAN_POINT('',(0.731701799663,0.731701799663,
    86.718103261786));
#10676 = CARTESIAN_POINT('',(-0.133910723336,0.499761623167,
    85.817233696569));
#10677 = CARTESIAN_POINT('',(-0.133910723336,0.499761623167,
    86.718103261786));
#10678 = ADVANCED_FACE('',(#10679),#10682,.F.);
#10679 = FACE_BOUND('',#10680,.F.);
#10680 = EDGE_LOOP('',(#10681));
#10681 = ORIENTED_EDGE('',*,*,#10645,.T.);
#10682 = B_SPLINE_SURFACE_WITH_KNOTS('',1,1,(
    (#10683,#10684)
    ,(#10685,#10686
  )),.UNSPECIFIED.,.F.,.F.,.F.,(2,2),(2,2),(-0.85,0.85),(-0.85,0.85),
  .PIECEWISE_BEZIER_KNOTS.);
#10683 = CARTESIAN_POINT('',(0.633672346503,-0.365850899831,
    86.718103261786));
#10684 = CARTESIAN_POINT('',(-0.365850899831,-0.633672346503,
    86.718103261786));
#10685 = CARTESIAN_POINT('',(0.365850899831,0.633672346503,
    86.718103261786));
#10686 = CARTESIAN_POINT('',(-0.633672346503,0.365850899831,
    86.718103261786));
#10687 = MANIFOLD_SOLID_BREP('',#10688);
#10688 = CLOSED_SHELL('',(#10689,#10737,#10746));
#10689 = ADVANCED_FACE('',(#10690),#10722,.T.);
#10690 = FACE_BOUND('',#10691,.T.);
#10691 = EDGE_LOOP('',(#10692,#10704,#10711,#10721));
#10692 = ORIENTED_EDGE('',*,*,#10693,.F.);
#10693 = EDGE_CURVE('',#10694,#10694,#10696,.T.);
#10694 = VERTEX_POINT('',#10695);
#10695 = CARTESIAN_POINT('',(-0.11815652059,0.440966138088,
    86.669407609612));
#10696 = ( BOUNDED_CURVE() B_SPLINE_CURVE(2,(#10697,#10698,#10699,#10700
    ,#10701,#10702,#10703),.UNSPECIFIED.,.T.,.F.) 
B_SPLINE_CURVE_WITH_KNOTS((1,2,2,2,2,1),(-2.094395102393,0.,
    2.094395102393,4.188790204786,6.28318530718,8.377580409573),
.UNSPECIFIED.) CURVE() GEOMETRIC_REPRESENTATION_ITEM() 
RATIONAL_B_SPLINE_CURVE((1.,0.5,1.,0.5,1.,0.5,1.)) REPRESENTATION_ITEM(
  '') );
#10697 = CARTESIAN_POINT('',(-0.11815652059,0.440966138088,
    86.669407609612));
#10698 = CARTESIAN_POINT('',(-0.881932276177,0.236313041181,
    86.669407609612));
#10699 = CARTESIAN_POINT('',(-0.322809617498,-0.322809617498,
    86.669407609612));
#10700 = CARTESIAN_POINT('',(0.236313041181,-0.881932276177,
    86.669407609612));
#10701 = CARTESIAN_POINT('',(0.440966138088,-0.11815652059,
    86.669407609612));
#10702 = CARTESIAN_POINT('',(0.645619234996,0.645619234996,
    86.669407609612));
#10703 = CARTESIAN_POINT('',(-0.11815652059,0.440966138088,
    86.669407609612));
#10704 = ORIENTED_EDGE('',*,*,#10705,.F.);
#10705 = EDGE_CURVE('',#10706,#10694,#10708,.T.);
#10706 = VERTEX_POINT('',#10707);
#10707 = CARTESIAN_POINT('',(-0.11815652059,0.440966138088,
    85.938972827003));
#10708 = B_SPLINE_CURVE_WITH_KNOTS('',1,(#10709,#10710),.UNSPECIFIED.,
  .F.,.F.,(2,2),(0.,1.2),.PIECEWISE_BEZIER_KNOTS.);
#10709 = CARTESIAN_POINT('',(-0.11815652059,0.440966138088,
    85.938972827003));
#10710 = CARTESIAN_POINT('',(-0.11815652059,0.440966138088,
    86.669407609612));
#10711 = ORIENTED_EDGE('',*,*,#10712,.T.);
#10712 = EDGE_CURVE('',#10706,#10706,#10713,.T.);
#10713 = ( BOUNDED_CURVE() B_SPLINE_CURVE(2,(#10714,#10715,#10716,#10717
    ,#10718,#10719,#10720),.UNSPECIFIED.,.T.,.F.) 
B_SPLINE_CURVE_WITH_KNOTS((1,2,2,2,2,1),(-2.094395102393,0.,
    2.094395102393,4.188790204786,6.28318530718,8.377580409573),
.UNSPECIFIED.) CURVE() GEOMETRIC_REPRESENTATION_ITEM() 
RATIONAL_B_SPLINE_CURVE((1.,0.5,1.,0.5,1.,0.5,1.)) REPRESENTATION_ITEM(
  '') );
#10714 = CARTESIAN_POINT('',(-0.11815652059,0.440966138088,
    85.938972827003));
#10715 = CARTESIAN_POINT('',(-0.881932276177,0.236313041181,
    85.938972827003));
#10716 = CARTESIAN_POINT('',(-0.322809617498,-0.322809617498,
    85.938972827003));
#10717 = CARTESIAN_POINT('',(0.236313041181,-0.881932276177,
    85.938972827003));
#10718 = CARTESIAN_POINT('',(0.440966138088,-0.11815652059,
    85.938972827003));
#10719 = CARTESIAN_POINT('',(0.645619234996,0.645619234996,
    85.938972827003));
#10720 = CARTESIAN_POINT('',(-0.11815652059,0.440966138088,
    85.938972827003));
#10721 = ORIENTED_EDGE('',*,*,#10705,.T.);
#10722 = ( BOUNDED_SURFACE() B_SPLINE_SURFACE(2,1,(
    (#10723,#10724)
    ,(#10725,#10726)
    ,(#10727,#10728)
    ,(#10729,#10730)
    ,(#10731,#10732)
    ,(#10733,#10734)
    ,(#10735,#10736
)),.UNSPECIFIED.,.T.,.F.,.F.) B_SPLINE_SURFACE_WITH_KNOTS((1,2,2,2,2,1),
  (2,2),(-2.094395102393,0.,2.094395102393,4.188790204786,6.28318530718,
    8.377580409573),(0.,1.2),.UNSPECIFIED.) 
GEOMETRIC_REPRESENTATION_ITEM() RATIONAL_B_SPLINE_SURFACE((
    (1.,1.)
    ,(0.5,0.5)
    ,(1.,1.)
    ,(0.5,0.5)
    ,(1.,1.)
    ,(0.5,0.5)
,(1.,1.))) REPRESENTATION_ITEM('') SURFACE() );
#10723 = CARTESIAN_POINT('',(-0.11815652059,0.440966138088,
    85.938972827003));
#10724 = CARTESIAN_POINT('',(-0.11815652059,0.440966138088,
    86.669407609612));
#10725 = CARTESIAN_POINT('',(-0.881932276177,0.236313041181,
    85.938972827003));
#10726 = CARTESIAN_POINT('',(-0.881932276177,0.236313041181,
    86.669407609612));
#10727 = CARTESIAN_POINT('',(-0.322809617498,-0.322809617498,
    85.938972827003));
#10728 = CARTESIAN_POINT('',(-0.322809617498,-0.322809617498,
    86.669407609612));
#10729 = CARTESIAN_POINT('',(0.236313041181,-0.881932276177,
    85.938972827003));
#10730 = CARTESIAN_POINT('',(0.236313041181,-0.881932276177,
    86.669407609612));
#10731 = CARTESIAN_POINT('',(0.440966138088,-0.11815652059,
    85.938972827003));
#10732 = CARTESIAN_POINT('',(0.440966138088,-0.11815652059,
    86.669407609612));
#10733 = CARTESIAN_POINT('',(0.645619234996,0.645619234996,
    85.938972827003));
#10734 = CARTESIAN_POINT('',(0.645619234996,0.645619234996,
    86.669407609612));
#10735 = CARTESIAN_POINT('',(-0.11815652059,0.440966138088,
    85.938972827003));
#10736 = CARTESIAN_POINT('',(-0.11815652059,0.440966138088,
    86.669407609612));
#10737 = ADVANCED_FACE('',(#10738),#10741,.T.);
#10738 = FACE_BOUND('',#10739,.T.);
#10739 = EDGE_LOOP('',(#10740));
#10740 = ORIENTED_EDGE('',*,*,#10693,.T.);
#10741 = B_SPLINE_SURFACE_WITH_KNOTS('',1,1,(
    (#10742,#10743)
    ,(#10744,#10745
  )),.UNSPECIFIED.,.F.,.F.,.F.,(2,2),(2,2),(-0.75,0.75),(-0.75,0.75),
  .PIECEWISE_BEZIER_KNOTS.);
#10742 = CARTESIAN_POINT('',(0.559122658679,-0.322809617498,
    86.669407609612));
#10743 = CARTESIAN_POINT('',(-0.322809617498,-0.559122658679,
    86.669407609612));
#10744 = CARTESIAN_POINT('',(0.322809617498,0.559122658679,
    86.669407609612));
#10745 = CARTESIAN_POINT('',(-0.559122658679,0.322809617498,
    86.669407609612));
#10746 = ADVANCED_FACE('',(#10747),#10750,.F.);
#10747 = FACE_BOUND('',#10748,.T.);
#10748 = EDGE_LOOP('',(#10749));
#10749 = ORIENTED_EDGE('',*,*,#10712,.F.);
#10750 = B_SPLINE_SURFACE_WITH_KNOTS('',1,1,(
    (#10751,#10752)
    ,(#10753,#10754
  )),.UNSPECIFIED.,.F.,.F.,.F.,(2,2),(2,2),(-0.75,0.75),(-0.75,0.75),
  .PIECEWISE_BEZIER_KNOTS.);
#10751 = CARTESIAN_POINT('',(0.559122658679,-0.322809617498,
    85.938972827003));
#10752 = CARTESIAN_POINT('',(-0.322809617498,-0.559122658679,
    85.938972827003));
#10753 = CARTESIAN_POINT('',(0.322809617498,0.559122658679,
    85.938972827003));
#10754 = CARTESIAN_POINT('',(-0.559122658679,0.322809617498,
    85.938972827003));
#10755 = MANIFOLD_SOLID_BREP('',#10756);
#10756 = CLOSED_SHELL('',(#10757,#10805,#10814,#10837,#10874));
#10757 = ADVANCED_FACE('',(#10758),#10790,.T.);
#10758 = FACE_BOUND('',#10759,.T.);
#10759 = EDGE_LOOP('',(#10760,#10772,#10779,#10789));
#10760 = ORIENTED_EDGE('',*,*,#10761,.F.);
#10761 = EDGE_CURVE('',#10762,#10762,#10764,.T.);
#10762 = VERTEX_POINT('',#10763);
#10763 = CARTESIAN_POINT('',(-0.346592460398,1.293500671726,
    88.799842392221));
#10764 = ( BOUNDED_CURVE() B_SPLINE_CURVE(2,(#10765,#10766,#10767,#10768
    ,#10769,#10770,#10771),.UNSPECIFIED.,.T.,.F.) 
B_SPLINE_CURVE_WITH_KNOTS((1,2,2,2,2,1),(-2.094395102393,0.,
    2.094395102393,4.188790204786,6.28318530718,8.377580409573),
.UNSPECIFIED.) CURVE() GEOMETRIC_REPRESENTATION_ITEM() 
RATIONAL_B_SPLINE_CURVE((1.,0.5,1.,0.5,1.,0.5,1.)) REPRESENTATION_ITEM(
  '') );
#10765 = CARTESIAN_POINT('',(-0.346592460398,1.293500671726,
    88.799842392221));
#10766 = CARTESIAN_POINT('',(-2.587001343452,0.693184920796,
    88.799842392221));
#10767 = CARTESIAN_POINT('',(-0.946908211328,-0.946908211328,
    88.799842392221));
#10768 = CARTESIAN_POINT('',(0.693184920796,-2.587001343452,
    88.799842392221));
#10769 = CARTESIAN_POINT('',(1.293500671726,-0.346592460398,
    88.799842392221));
#10770 = CARTESIAN_POINT('',(1.893816422656,1.893816422656,
    88.799842392221));
#10771 = CARTESIAN_POINT('',(-0.346592460398,1.293500671726,
    88.799842392221));
#10772 = ORIENTED_EDGE('',*,*,#10773,.F.);
#10773 = EDGE_CURVE('',#10774,#10762,#10776,.T.);
#10774 = VERTEX_POINT('',#10775);
#10775 = CARTESIAN_POINT('',(-0.346592460398,1.293500671726,
    88.525929348742));
#10776 = B_SPLINE_CURVE_WITH_KNOTS('',1,(#10777,#10778),.UNSPECIFIED.,
  .F.,.F.,(2,2),(0.,0.45),.PIECEWISE_BEZIER_KNOTS.);
#10777 = CARTESIAN_POINT('',(-0.346592460398,1.293500671726,
    88.525929348742));
#10778 = CARTESIAN_POINT('',(-0.346592460398,1.293500671726,
    88.799842392221));
#10779 = ORIENTED_EDGE('',*,*,#10780,.T.);
#10780 = EDGE_CURVE('',#10774,#10774,#10781,.T.);
#10781 = ( BOUNDED_CURVE() B_SPLINE_CURVE(2,(#10782,#10783,#10784,#10785
    ,#10786,#10787,#10788),.UNSPECIFIED.,.T.,.F.) 
B_SPLINE_CURVE_WITH_KNOTS((1,2,2,2,2,1),(-2.094395102393,0.,
    2.094395102393,4.188790204786,6.28318530718,8.377580409573),
.UNSPECIFIED.) CURVE() GEOMETRIC_REPRESENTATION_ITEM() 
RATIONAL_B_SPLINE_CURVE((1.,0.5,1.,0.5,1.,0.5,1.)) REPRESENTATION_ITEM(
  '') );
#10782 = CARTESIAN_POINT('',(-0.346592460398,1.293500671726,
    88.525929348742));
#10783 = CARTESIAN_POINT('',(-2.587001343452,0.693184920796,
    88.525929348742));
#10784 = CARTESIAN_POINT('',(-0.946908211328,-0.946908211328,
    88.525929348742));
#10785 = CARTESIAN_POINT('',(0.693184920796,-2.587001343452,
    88.525929348742));
#10786 = CARTESIAN_POINT('',(1.293500671726,-0.346592460398,
    88.525929348742));
#10787 = CARTESIAN_POINT('',(1.893816422656,1.893816422656,
    88.525929348742));
#10788 = CARTESIAN_POINT('',(-0.346592460398,1.293500671726,
    88.525929348742));
#10789 = ORIENTED_EDGE('',*,*,#10773,.T.);
#10790 = ( BOUNDED_SURFACE() B_SPLINE_SURFACE(2,1,(
    (#10791,#10792)
    ,(#10793,#10794)
    ,(#10795,#10796)
    ,(#10797,#10798)
    ,(#10799,#10800)
    ,(#10801,#10802)
    ,(#10803,#10804
)),.UNSPECIFIED.,.T.,.F.,.F.) B_SPLINE_SURFACE_WITH_KNOTS((1,2,2,2,2,1),
  (2,2),(-2.094395102393,0.,2.094395102393,4.188790204786,6.28318530718,
    8.377580409573),(0.,0.45),.UNSPECIFIED.) 
GEOMETRIC_REPRESENTATION_ITEM() RATIONAL_B_SPLINE_SURFACE((
    (1.,1.)
    ,(0.5,0.5)
    ,(1.,1.)
    ,(0.5,0.5)
    ,(1.,1.)
    ,(0.5,0.5)
,(1.,1.))) REPRESENTATION_ITEM('') SURFACE() );
#10791 = CARTESIAN_POINT('',(-0.346592460398,1.293500671726,
    88.525929348742));
#10792 = CARTESIAN_POINT('',(-0.346592460398,1.293500671726,
    88.799842392221));
#10793 = CARTESIAN_POINT('',(-2.587001343452,0.693184920796,
    88.525929348742));
#10794 = CARTESIAN_POINT('',(-2.587001343452,0.693184920796,
    88.799842392221));
#10795 = CARTESIAN_POINT('',(-0.946908211328,-0.946908211328,
    88.525929348742));
#10796 = CARTESIAN_POINT('',(-0.946908211328,-0.946908211328,
    88.799842392221));
#10797 = CARTESIAN_POINT('',(0.693184920796,-2.587001343452,
    88.525929348742));
#10798 = CARTESIAN_POINT('',(0.693184920796,-2.587001343452,
    88.799842392221));
#10799 = CARTESIAN_POINT('',(1.293500671726,-0.346592460398,
    88.525929348742));
#10800 = CARTESIAN_POINT('',(1.293500671726,-0.346592460398,
    88.799842392221));
#10801 = CARTESIAN_POINT('',(1.893816422656,1.893816422656,
    88.525929348742));
#10802 = CARTESIAN_POINT('',(1.893816422656,1.893816422656,
    88.799842392221));
#10803 = CARTESIAN_POINT('',(-0.346592460398,1.293500671726,
    88.525929348742));
#10804 = CARTESIAN_POINT('',(-0.346592460398,1.293500671726,
    88.799842392221));
#10805 = ADVANCED_FACE('',(#10806),#10809,.T.);
#10806 = FACE_BOUND('',#10807,.T.);
#10807 = EDGE_LOOP('',(#10808));
#10808 = ORIENTED_EDGE('',*,*,#10761,.T.);
#10809 = B_SPLINE_SURFACE_WITH_KNOTS('',1,1,(
    (#10810,#10811)
    ,(#10812,#10813
    )),.UNSPECIFIED.,.F.,.F.,.F.,(2,2),(2,2),(-2.2,2.2),(-2.2,2.2),
  .PIECEWISE_BEZIER_KNOTS.);
#10810 = CARTESIAN_POINT('',(1.640093132124,-0.946908211328,
    88.799842392221));
#10811 = CARTESIAN_POINT('',(-0.946908211328,-1.640093132124,
    88.799842392221));
#10812 = CARTESIAN_POINT('',(0.946908211328,1.640093132124,
    88.799842392221));
#10813 = CARTESIAN_POINT('',(-1.640093132124,0.946908211328,
    88.799842392221));
#10814 = ADVANCED_FACE('',(#10815,#10818),#10832,.F.);
#10815 = FACE_BOUND('',#10816,.F.);
#10816 = EDGE_LOOP('',(#10817));
#10817 = ORIENTED_EDGE('',*,*,#10780,.T.);
#10818 = FACE_BOUND('',#10819,.F.);
#10819 = EDGE_LOOP('',(#10820));
#10820 = ORIENTED_EDGE('',*,*,#10821,.F.);
#10821 = EDGE_CURVE('',#10822,#10822,#10824,.T.);
#10822 = VERTEX_POINT('',#10823);
#10823 = CARTESIAN_POINT('',(-8.664811509954E-02,0.323375167932,
    88.525929348742));
#10824 = ( BOUNDED_CURVE() B_SPLINE_CURVE(2,(#10825,#10826,#10827,#10828
    ,#10829,#10830,#10831),.UNSPECIFIED.,.T.,.F.) 
B_SPLINE_CURVE_WITH_KNOTS((1,2,2,2,2,1),(-2.094395102393,0.,
    2.094395102393,4.188790204786,6.28318530718,8.377580409573),
.UNSPECIFIED.) CURVE() GEOMETRIC_REPRESENTATION_ITEM() 
RATIONAL_B_SPLINE_CURVE((1.,0.5,1.,0.5,1.,0.5,1.)) REPRESENTATION_ITEM(
  '') );
#10825 = CARTESIAN_POINT('',(-8.664811509954E-02,0.323375167932,
    88.525929348742));
#10826 = CARTESIAN_POINT('',(-0.646750335863,0.173296230199,
    88.525929348742));
#10827 = CARTESIAN_POINT('',(-0.236727052832,-0.236727052832,
    88.525929348742));
#10828 = CARTESIAN_POINT('',(0.173296230199,-0.646750335863,
    88.525929348742));
#10829 = CARTESIAN_POINT('',(0.323375167932,-8.664811509954E-02,
    88.525929348742));
#10830 = CARTESIAN_POINT('',(0.473454105664,0.473454105664,
    88.525929348742));
#10831 = CARTESIAN_POINT('',(-8.664811509954E-02,0.323375167932,
    88.525929348742));
#10832 = B_SPLINE_SURFACE_WITH_KNOTS('',1,1,(
    (#10833,#10834)
    ,(#10835,#10836
    )),.UNSPECIFIED.,.F.,.F.,.F.,(2,2),(2,2),(-2.2,2.2),(-2.2,2.2),
  .PIECEWISE_BEZIER_KNOTS.);
#10833 = CARTESIAN_POINT('',(1.640093132124,-0.946908211328,
    88.525929348742));
#10834 = CARTESIAN_POINT('',(-0.946908211328,-1.640093132124,
    88.525929348742));
#10835 = CARTESIAN_POINT('',(0.946908211328,1.640093132124,
    88.525929348742));
#10836 = CARTESIAN_POINT('',(-1.640093132124,0.946908211328,
    88.525929348742));
#10837 = ADVANCED_FACE('',(#10838),#10859,.T.);
#10838 = FACE_BOUND('',#10839,.T.);
#10839 = EDGE_LOOP('',(#10840,#10841,#10848,#10858));
#10840 = ORIENTED_EDGE('',*,*,#10821,.F.);
#10841 = ORIENTED_EDGE('',*,*,#10842,.F.);
#10842 = EDGE_CURVE('',#10843,#10822,#10845,.T.);
#10843 = VERTEX_POINT('',#10844);
#10844 = CARTESIAN_POINT('',(-8.664811509954E-02,0.323375167932,
    87.825929348742));
#10845 = B_SPLINE_CURVE_WITH_KNOTS('',1,(#10846,#10847),.UNSPECIFIED.,
  .F.,.F.,(2,2),(0.,1.15),.PIECEWISE_BEZIER_KNOTS.);
#10846 = CARTESIAN_POINT('',(-8.664811509954E-02,0.323375167932,
    87.825929348742));
#10847 = CARTESIAN_POINT('',(-8.664811509954E-02,0.323375167932,
    88.525929348742));
#10848 = ORIENTED_EDGE('',*,*,#10849,.T.);
#10849 = EDGE_CURVE('',#10843,#10843,#10850,.T.);
#10850 = ( BOUNDED_CURVE() B_SPLINE_CURVE(2,(#10851,#10852,#10853,#10854
    ,#10855,#10856,#10857),.UNSPECIFIED.,.T.,.F.) 
B_SPLINE_CURVE_WITH_KNOTS((1,2,2,2,2,1),(-2.094395102393,0.,
    2.094395102393,4.188790204786,6.28318530718,8.377580409573),
.UNSPECIFIED.) CURVE() GEOMETRIC_REPRESENTATION_ITEM() 
RATIONAL_B_SPLINE_CURVE((1.,0.5,1.,0.5,1.,0.5,1.)) REPRESENTATION_ITEM(
  '') );
#10851 = CARTESIAN_POINT('',(-8.664811509954E-02,0.323375167932,
    87.825929348742));
#10852 = CARTESIAN_POINT('',(-0.646750335863,0.173296230199,
    87.825929348742));
#10853 = CARTESIAN_POINT('',(-0.236727052832,-0.236727052832,
    87.825929348742));
#10854 = CARTESIAN_POINT('',(0.173296230199,-0.646750335863,
    87.825929348742));
#10855 = CARTESIAN_POINT('',(0.323375167932,-8.664811509954E-02,
    87.825929348742));
#10856 = CARTESIAN_POINT('',(0.473454105664,0.473454105664,
    87.825929348742));
#10857 = CARTESIAN_POINT('',(-8.664811509954E-02,0.323375167932,
    87.825929348742));
#10858 = ORIENTED_EDGE('',*,*,#10842,.T.);
#10859 = ( BOUNDED_SURFACE() B_SPLINE_SURFACE(2,1,(
    (#10860,#10861)
    ,(#10862,#10863)
    ,(#10864,#10865)
    ,(#10866,#10867)
    ,(#10868,#10869)
    ,(#10870,#10871)
    ,(#10872,#10873
)),.UNSPECIFIED.,.T.,.F.,.F.) B_SPLINE_SURFACE_WITH_KNOTS((1,2,2,2,2,1),
  (2,2),(-2.094395102393,0.,2.094395102393,4.188790204786,6.28318530718,
    8.377580409573),(0.,1.15),.UNSPECIFIED.) 
GEOMETRIC_REPRESENTATION_ITEM() RATIONAL_B_SPLINE_SURFACE((
    (1.,1.)
    ,(0.5,0.5)
    ,(1.,1.)
    ,(0.5,0.5)
    ,(1.,1.)
    ,(0.5,0.5)
,(1.,1.))) REPRESENTATION_ITEM('') SURFACE() );
#10860 = CARTESIAN_POINT('',(-8.664811509954E-02,0.323375167932,
    87.825929348742));
#10861 = CARTESIAN_POINT('',(-8.664811509954E-02,0.323375167932,
    88.525929348742));
#10862 = CARTESIAN_POINT('',(-0.646750335863,0.173296230199,
    87.825929348742));
#10863 = CARTESIAN_POINT('',(-0.646750335863,0.173296230199,
    88.525929348742));
#10864 = CARTESIAN_POINT('',(-0.236727052832,-0.236727052832,
    87.825929348742));
#10865 = CARTESIAN_POINT('',(-0.236727052832,-0.236727052832,
    88.525929348742));
#10866 = CARTESIAN_POINT('',(0.173296230199,-0.646750335863,
    87.825929348742));
#10867 = CARTESIAN_POINT('',(0.173296230199,-0.646750335863,
    88.525929348742));
#10868 = CARTESIAN_POINT('',(0.323375167932,-8.664811509954E-02,
    87.825929348742));
#10869 = CARTESIAN_POINT('',(0.323375167932,-8.664811509954E-02,
    88.525929348742));
#10870 = CARTESIAN_POINT('',(0.473454105664,0.473454105664,
    87.825929348742));
#10871 = CARTESIAN_POINT('',(0.473454105664,0.473454105664,
    88.525929348742));
#10872 = CARTESIAN_POINT('',(-8.664811509954E-02,0.323375167932,
    87.825929348742));
#10873 = CARTESIAN_POINT('',(-8.664811509954E-02,0.323375167932,
    88.525929348742));
#10874 = ADVANCED_FACE('',(#10875),#10878,.F.);
#10875 = FACE_BOUND('',#10876,.T.);
#10876 = EDGE_LOOP('',(#10877));
#10877 = ORIENTED_EDGE('',*,*,#10849,.F.);
#10878 = B_SPLINE_SURFACE_WITH_KNOTS('',1,1,(
    (#10879,#10880)
    ,(#10881,#10882
  )),.UNSPECIFIED.,.F.,.F.,.F.,(2,2),(2,2),(-0.55,0.55),(-0.55,0.55),
  .PIECEWISE_BEZIER_KNOTS.);
#10879 = CARTESIAN_POINT('',(0.410023283031,-0.236727052832,
    87.825929348742));
#10880 = CARTESIAN_POINT('',(-0.236727052832,-0.410023283031,
    87.825929348742));
#10881 = CARTESIAN_POINT('',(0.236727052832,0.410023283031,
    87.825929348742));
#10882 = CARTESIAN_POINT('',(-0.410023283031,0.236727052832,
    87.825929348742));
#10883 = MANIFOLD_SOLID_BREP('',#10884);
#10884 = CLOSED_SHELL('',(#10885,#10933,#10956,#10965,#11002));
#10885 = ADVANCED_FACE('',(#10886),#10918,.T.);
#10886 = FACE_BOUND('',#10887,.T.);
#10887 = EDGE_LOOP('',(#10888,#10900,#10907,#10917));
#10888 = ORIENTED_EDGE('',*,*,#10889,.F.);
#10889 = EDGE_CURVE('',#10890,#10890,#10892,.T.);
#10890 = VERTEX_POINT('',#10891);
#10891 = CARTESIAN_POINT('',(-0.346592460398,1.293500671726,
    84.082451087873));
#10892 = ( BOUNDED_CURVE() B_SPLINE_CURVE(2,(#10893,#10894,#10895,#10896
    ,#10897,#10898,#10899),.UNSPECIFIED.,.T.,.F.) 
B_SPLINE_CURVE_WITH_KNOTS((1,2,2,2,2,1),(-2.094395102393,0.,
    2.094395102393,4.188790204786,6.28318530718,8.377580409573),
.UNSPECIFIED.) CURVE() GEOMETRIC_REPRESENTATION_ITEM() 
RATIONAL_B_SPLINE_CURVE((1.,0.5,1.,0.5,1.,0.5,1.)) REPRESENTATION_ITEM(
  '') );
#10893 = CARTESIAN_POINT('',(-0.346592460398,1.293500671726,
    84.082451087873));
#10894 = CARTESIAN_POINT('',(-2.587001343452,0.693184920796,
    84.082451087873));
#10895 = CARTESIAN_POINT('',(-0.946908211328,-0.946908211328,
    84.082451087873));
#10896 = CARTESIAN_POINT('',(0.693184920796,-2.587001343452,
    84.082451087873));
#10897 = CARTESIAN_POINT('',(1.293500671726,-0.346592460398,
    84.082451087873));
#10898 = CARTESIAN_POINT('',(1.893816422656,1.893816422656,
    84.082451087873));
#10899 = CARTESIAN_POINT('',(-0.346592460398,1.293500671726,
    84.082451087873));
#10900 = ORIENTED_EDGE('',*,*,#10901,.F.);
#10901 = EDGE_CURVE('',#10902,#10890,#10904,.T.);
#10902 = VERTEX_POINT('',#10903);
#10903 = CARTESIAN_POINT('',(-0.346592460398,1.293500671726,
    83.808538044395));
#10904 = B_SPLINE_CURVE_WITH_KNOTS('',1,(#10905,#10906),.UNSPECIFIED.,
  .F.,.F.,(2,2),(0.,0.45),.PIECEWISE_BEZIER_KNOTS.);
#10905 = CARTESIAN_POINT('',(-0.346592460398,1.293500671726,
    83.808538044395));
#10906 = CARTESIAN_POINT('',(-0.346592460398,1.293500671726,
    84.082451087873));
#10907 = ORIENTED_EDGE('',*,*,#10908,.T.);
#10908 = EDGE_CURVE('',#10902,#10902,#10909,.T.);
#10909 = ( BOUNDED_CURVE() B_SPLINE_CURVE(2,(#10910,#10911,#10912,#10913
    ,#10914,#10915,#10916),.UNSPECIFIED.,.T.,.F.) 
B_SPLINE_CURVE_WITH_KNOTS((1,2,2,2,2,1),(-2.094395102393,0.,
    2.094395102393,4.188790204786,6.28318530718,8.377580409573),
.UNSPECIFIED.) CURVE() GEOMETRIC_REPRESENTATION_ITEM() 
RATIONAL_B_SPLINE_CURVE((1.,0.5,1.,0.5,1.,0.5,1.)) REPRESENTATION_ITEM(
  '') );
#10910 = CARTESIAN_POINT('',(-0.346592460398,1.293500671726,
    83.808538044395));
#10911 = CARTESIAN_POINT('',(-2.587001343452,0.693184920796,
    83.808538044395));
#10912 = CARTESIAN_POINT('',(-0.946908211328,-0.946908211328,
    83.808538044395));
#10913 = CARTESIAN_POINT('',(0.693184920796,-2.587001343452,
    83.808538044395));
#10914 = CARTESIAN_POINT('',(1.293500671726,-0.346592460398,
    83.808538044395));
#10915 = CARTESIAN_POINT('',(1.893816422656,1.893816422656,
    83.808538044395));
#10916 = CARTESIAN_POINT('',(-0.346592460398,1.293500671726,
    83.808538044395));
#10917 = ORIENTED_EDGE('',*,*,#10901,.T.);
#10918 = ( BOUNDED_SURFACE() B_SPLINE_SURFACE(2,1,(
    (#10919,#10920)
    ,(#10921,#10922)
    ,(#10923,#10924)
    ,(#10925,#10926)
    ,(#10927,#10928)
    ,(#10929,#10930)
    ,(#10931,#10932
)),.UNSPECIFIED.,.T.,.F.,.F.) B_SPLINE_SURFACE_WITH_KNOTS((1,2,2,2,2,1),
  (2,2),(-2.094395102393,0.,2.094395102393,4.188790204786,6.28318530718,
    8.377580409573),(0.,0.45),.UNSPECIFIED.) 
GEOMETRIC_REPRESENTATION_ITEM() RATIONAL_B_SPLINE_SURFACE((
    (1.,1.)
    ,(0.5,0.5)
    ,(1.,1.)
    ,(0.5,0.5)
    ,(1.,1.)
    ,(0.5,0.5)
,(1.,1.))) REPRESENTATION_ITEM('') SURFACE() );
#10919 = CARTESIAN_POINT('',(-0.346592460398,1.293500671726,
    83.808538044395));
#10920 = CARTESIAN_POINT('',(-0.346592460398,1.293500671726,
    84.082451087873));
#10921 = CARTESIAN_POINT('',(-2.587001343452,0.693184920796,
    83.808538044395));
#10922 = CARTESIAN_POINT('',(-2.587001343452,0.693184920796,
    84.082451087873));
#10923 = CARTESIAN_POINT('',(-0.946908211328,-0.946908211328,
    83.808538044395));
#10924 = CARTESIAN_POINT('',(-0.946908211328,-0.946908211328,
    84.082451087873));
#10925 = CARTESIAN_POINT('',(0.693184920796,-2.587001343452,
    83.808538044395));
#10926 = CARTESIAN_POINT('',(0.693184920796,-2.587001343452,
    84.082451087873));
#10927 = CARTESIAN_POINT('',(1.293500671726,-0.346592460398,
    83.808538044395));
#10928 = CARTESIAN_POINT('',(1.293500671726,-0.346592460398,
    84.082451087873));
#10929 = CARTESIAN_POINT('',(1.893816422656,1.893816422656,
    83.808538044395));
#10930 = CARTESIAN_POINT('',(1.893816422656,1.893816422656,
    84.082451087873));
#10931 = CARTESIAN_POINT('',(-0.346592460398,1.293500671726,
    83.808538044395));
#10932 = CARTESIAN_POINT('',(-0.346592460398,1.293500671726,
    84.082451087873));
#10933 = ADVANCED_FACE('',(#10934,#10937),#10951,.T.);
#10934 = FACE_BOUND('',#10935,.T.);
#10935 = EDGE_LOOP('',(#10936));
#10936 = ORIENTED_EDGE('',*,*,#10889,.T.);
#10937 = FACE_BOUND('',#10938,.T.);
#10938 = EDGE_LOOP('',(#10939));
#10939 = ORIENTED_EDGE('',*,*,#10940,.F.);
#10940 = EDGE_CURVE('',#10941,#10941,#10943,.T.);
#10941 = VERTEX_POINT('',#10942);
#10942 = CARTESIAN_POINT('',(-8.664811509954E-02,0.323375167932,
    84.082451087873));
#10943 = ( BOUNDED_CURVE() B_SPLINE_CURVE(2,(#10944,#10945,#10946,#10947
    ,#10948,#10949,#10950),.UNSPECIFIED.,.T.,.F.) 
B_SPLINE_CURVE_WITH_KNOTS((1,2,2,2,2,1),(-2.094395102393,0.,
    2.094395102393,4.188790204786,6.28318530718,8.377580409573),
.UNSPECIFIED.) CURVE() GEOMETRIC_REPRESENTATION_ITEM() 
RATIONAL_B_SPLINE_CURVE((1.,0.5,1.,0.5,1.,0.5,1.)) REPRESENTATION_ITEM(
  '') );
#10944 = CARTESIAN_POINT('',(-8.664811509954E-02,0.323375167932,
    84.082451087873));
#10945 = CARTESIAN_POINT('',(-0.646750335863,0.173296230199,
    84.082451087873));
#10946 = CARTESIAN_POINT('',(-0.236727052832,-0.236727052832,
    84.082451087873));
#10947 = CARTESIAN_POINT('',(0.173296230199,-0.646750335863,
    84.082451087873));
#10948 = CARTESIAN_POINT('',(0.323375167932,-8.664811509954E-02,
    84.082451087873));
#10949 = CARTESIAN_POINT('',(0.473454105664,0.473454105664,
    84.082451087873));
#10950 = CARTESIAN_POINT('',(-8.664811509954E-02,0.323375167932,
    84.082451087873));
#10951 = B_SPLINE_SURFACE_WITH_KNOTS('',1,1,(
    (#10952,#10953)
    ,(#10954,#10955
    )),.UNSPECIFIED.,.F.,.F.,.F.,(2,2),(2,2),(-2.2,2.2),(-2.2,2.2),
  .PIECEWISE_BEZIER_KNOTS.);
#10952 = CARTESIAN_POINT('',(1.640093132124,-0.946908211328,
    84.082451087873));
#10953 = CARTESIAN_POINT('',(-0.946908211328,-1.640093132124,
    84.082451087873));
#10954 = CARTESIAN_POINT('',(0.946908211328,1.640093132124,
    84.082451087873));
#10955 = CARTESIAN_POINT('',(-1.640093132124,0.946908211328,
    84.082451087873));
#10956 = ADVANCED_FACE('',(#10957),#10960,.F.);
#10957 = FACE_BOUND('',#10958,.T.);
#10958 = EDGE_LOOP('',(#10959));
#10959 = ORIENTED_EDGE('',*,*,#10908,.F.);
#10960 = B_SPLINE_SURFACE_WITH_KNOTS('',1,1,(
    (#10961,#10962)
    ,(#10963,#10964
    )),.UNSPECIFIED.,.F.,.F.,.F.,(2,2),(2,2),(-2.2,2.2),(-2.2,2.2),
  .PIECEWISE_BEZIER_KNOTS.);
#10961 = CARTESIAN_POINT('',(1.640093132124,-0.946908211328,
    83.808538044395));
#10962 = CARTESIAN_POINT('',(-0.946908211328,-1.640093132124,
    83.808538044395));
#10963 = CARTESIAN_POINT('',(0.946908211328,1.640093132124,
    83.808538044395));
#10964 = CARTESIAN_POINT('',(-1.640093132124,0.946908211328,
    83.808538044395));
#10965 = ADVANCED_FACE('',(#10966),#10987,.T.);
#10966 = FACE_BOUND('',#10967,.T.);
#10967 = EDGE_LOOP('',(#10968,#10975,#10985,#10986));
#10968 = ORIENTED_EDGE('',*,*,#10969,.T.);
#10969 = EDGE_CURVE('',#10941,#10970,#10972,.T.);
#10970 = VERTEX_POINT('',#10971);
#10971 = CARTESIAN_POINT('',(-8.664811509954E-02,0.323375167932,
    84.782451087873));
#10972 = B_SPLINE_CURVE_WITH_KNOTS('',1,(#10973,#10974),.UNSPECIFIED.,
  .F.,.F.,(2,2),(5.E-02,1.2),.PIECEWISE_BEZIER_KNOTS.);
#10973 = CARTESIAN_POINT('',(-8.664811509954E-02,0.323375167932,
    84.082451087873));
#10974 = CARTESIAN_POINT('',(-8.664811509954E-02,0.323375167932,
    84.782451087873));
#10975 = ORIENTED_EDGE('',*,*,#10976,.F.);
#10976 = EDGE_CURVE('',#10970,#10970,#10977,.T.);
#10977 = ( BOUNDED_CURVE() B_SPLINE_CURVE(2,(#10978,#10979,#10980,#10981
    ,#10982,#10983,#10984),.UNSPECIFIED.,.T.,.F.) 
B_SPLINE_CURVE_WITH_KNOTS((1,2,2,2,2,1),(-2.094395102393,0.,
    2.094395102393,4.188790204786,6.28318530718,8.377580409573),
.UNSPECIFIED.) CURVE() GEOMETRIC_REPRESENTATION_ITEM() 
RATIONAL_B_SPLINE_CURVE((1.,0.5,1.,0.5,1.,0.5,1.)) REPRESENTATION_ITEM(
  '') );
#10978 = CARTESIAN_POINT('',(-8.664811509954E-02,0.323375167932,
    84.782451087873));
#10979 = CARTESIAN_POINT('',(-0.646750335863,0.173296230199,
    84.782451087873));
#10980 = CARTESIAN_POINT('',(-0.236727052832,-0.236727052832,
    84.782451087873));
#10981 = CARTESIAN_POINT('',(0.173296230199,-0.646750335863,
    84.782451087873));
#10982 = CARTESIAN_POINT('',(0.323375167932,-8.664811509954E-02,
    84.782451087873));
#10983 = CARTESIAN_POINT('',(0.473454105664,0.473454105664,
    84.782451087873));
#10984 = CARTESIAN_POINT('',(-8.664811509954E-02,0.323375167932,
    84.782451087873));
#10985 = ORIENTED_EDGE('',*,*,#10969,.F.);
#10986 = ORIENTED_EDGE('',*,*,#10940,.T.);
#10987 = ( BOUNDED_SURFACE() B_SPLINE_SURFACE(2,1,(
    (#10988,#10989)
    ,(#10990,#10991)
    ,(#10992,#10993)
    ,(#10994,#10995)
    ,(#10996,#10997)
    ,(#10998,#10999)
    ,(#11000,#11001
)),.UNSPECIFIED.,.T.,.F.,.F.) B_SPLINE_SURFACE_WITH_KNOTS((1,2,2,2,2,1),
  (2,2),(-2.094395102393,0.,2.094395102393,4.188790204786,6.28318530718,
    8.377580409573),(5.E-02,1.2),.UNSPECIFIED.) 
GEOMETRIC_REPRESENTATION_ITEM() RATIONAL_B_SPLINE_SURFACE((
    (1.,1.)
    ,(0.5,0.5)
    ,(1.,1.)
    ,(0.5,0.5)
    ,(1.,1.)
    ,(0.5,0.5)
,(1.,1.))) REPRESENTATION_ITEM('') SURFACE() );
#10988 = CARTESIAN_POINT('',(-8.664811509954E-02,0.323375167932,
    84.082451087873));
#10989 = CARTESIAN_POINT('',(-8.664811509954E-02,0.323375167932,
    84.782451087873));
#10990 = CARTESIAN_POINT('',(-0.646750335863,0.173296230199,
    84.082451087873));
#10991 = CARTESIAN_POINT('',(-0.646750335863,0.173296230199,
    84.782451087873));
#10992 = CARTESIAN_POINT('',(-0.236727052832,-0.236727052832,
    84.082451087873));
#10993 = CARTESIAN_POINT('',(-0.236727052832,-0.236727052832,
    84.782451087873));
#10994 = CARTESIAN_POINT('',(0.173296230199,-0.646750335863,
    84.082451087873));
#10995 = CARTESIAN_POINT('',(0.173296230199,-0.646750335863,
    84.782451087873));
#10996 = CARTESIAN_POINT('',(0.323375167932,-8.664811509954E-02,
    84.082451087873));
#10997 = CARTESIAN_POINT('',(0.323375167932,-8.664811509954E-02,
    84.782451087873));
#10998 = CARTESIAN_POINT('',(0.473454105664,0.473454105664,
    84.082451087873));
#10999 = CARTESIAN_POINT('',(0.473454105664,0.473454105664,
    84.782451087873));
#11000 = CARTESIAN_POINT('',(-8.664811509954E-02,0.323375167932,
    84.082451087873));
#11001 = CARTESIAN_POINT('',(-8.664811509954E-02,0.323375167932,
    84.782451087873));
#11002 = ADVANCED_FACE('',(#11003),#11006,.T.);
#11003 = FACE_BOUND('',#11004,.T.);
#11004 = EDGE_LOOP('',(#11005));
#11005 = ORIENTED_EDGE('',*,*,#10976,.T.);
#11006 = B_SPLINE_SURFACE_WITH_KNOTS('',1,1,(
    (#11007,#11008)
    ,(#11009,#11010
  )),.UNSPECIFIED.,.F.,.F.,.F.,(2,2),(2,2),(-0.55,0.55),(-0.55,0.55),
  .PIECEWISE_BEZIER_KNOTS.);
#11007 = CARTESIAN_POINT('',(0.410023283031,-0.236727052832,
    84.782451087873));
#11008 = CARTESIAN_POINT('',(-0.236727052832,-0.410023283031,
    84.782451087873));
#11009 = CARTESIAN_POINT('',(0.236727052832,0.410023283031,
    84.782451087873));
#11010 = CARTESIAN_POINT('',(-0.410023283031,0.236727052832,
    84.782451087873));
#11011 = MANIFOLD_SOLID_BREP('',#11012);
#11012 = CLOSED_SHELL('',(#11013,#11061,#11070,#11127,#11142,#11188,
    #11198));
#11013 = ADVANCED_FACE('',(#11014),#11046,.T.);
#11014 = FACE_BOUND('',#11015,.T.);
#11015 = EDGE_LOOP('',(#11016,#11028,#11035,#11045));
#11016 = ORIENTED_EDGE('',*,*,#11017,.F.);
#11017 = EDGE_CURVE('',#11018,#11018,#11020,.T.);
#11018 = VERTEX_POINT('',#11019);
#11019 = CARTESIAN_POINT('',(-1.05437275527,3.934972692783,
    89.443987250327));
#11020 = ( BOUNDED_CURVE() B_SPLINE_CURVE(2,(#11021,#11022,#11023,#11024
    ,#11025,#11026,#11027),.UNSPECIFIED.,.T.,.F.) 
B_SPLINE_CURVE_WITH_KNOTS((1,2,2,2,2,1),(-2.094395102393,0.,
    2.094395102393,4.188790204786,6.28318530718,8.377580409573),
.UNSPECIFIED.) CURVE() GEOMETRIC_REPRESENTATION_ITEM() 
RATIONAL_B_SPLINE_CURVE((1.,0.5,1.,0.5,1.,0.5,1.)) REPRESENTATION_ITEM(
  '') );
#11021 = CARTESIAN_POINT('',(-1.05437275527,3.934972692783,
    89.443987250327));
#11022 = CARTESIAN_POINT('',(-0.932168634376,3.967717188288,
    89.443987250327));
#11023 = CARTESIAN_POINT('',(-0.993270694823,3.951344940535,
    89.334422032936));
#11024 = CARTESIAN_POINT('',(-1.05437275527,3.934972692783,
    89.224856815544));
#11025 = CARTESIAN_POINT('',(-1.115474815717,3.91860044503,
    89.334422032936));
#11026 = CARTESIAN_POINT('',(-1.176576876164,3.902228197277,
    89.443987250327));
#11027 = CARTESIAN_POINT('',(-1.05437275527,3.934972692783,
    89.443987250327));
#11028 = ORIENTED_EDGE('',*,*,#11029,.F.);
#11029 = EDGE_CURVE('',#11030,#11018,#11032,.T.);
#11030 = VERTEX_POINT('',#11031);
#11031 = CARTESIAN_POINT('',(-0.428514314674,1.599237194134,
    89.443987250327));
#11032 = B_SPLINE_CURVE_WITH_KNOTS('',1,(#11033,#11034),.UNSPECIFIED.,
  .F.,.F.,(2,2),(0.,3.972644320446),.PIECEWISE_BEZIER_KNOTS.);
#11033 = CARTESIAN_POINT('',(-0.428514314674,1.599237194134,
    89.443987250327));
#11034 = CARTESIAN_POINT('',(-1.05437275527,3.934972692783,
    89.443987250327));
#11035 = ORIENTED_EDGE('',*,*,#11036,.T.);
#11036 = EDGE_CURVE('',#11030,#11030,#11037,.T.);
#11037 = ( BOUNDED_CURVE() B_SPLINE_CURVE(2,(#11038,#11039,#11040,#11041
    ,#11042,#11043,#11044),.UNSPECIFIED.,.T.,.F.) 
B_SPLINE_CURVE_WITH_KNOTS((1,2,2,2,2,1),(-2.094395102393,0.,
    2.094395102393,4.188790204786,6.28318530718,8.377580409573),
.UNSPECIFIED.) CURVE() GEOMETRIC_REPRESENTATION_ITEM() 
RATIONAL_B_SPLINE_CURVE((1.,0.5,1.,0.5,1.,0.5,1.)) REPRESENTATION_ITEM(
  '') );
#11038 = CARTESIAN_POINT('',(-0.428514314674,1.599237194134,
    89.443987250327));
#11039 = CARTESIAN_POINT('',(-0.30631019378,1.63198168964,
    89.443987250327));
#11040 = CARTESIAN_POINT('',(-0.367412254227,1.615609441887,
    89.334422032936));
#11041 = CARTESIAN_POINT('',(-0.428514314674,1.599237194134,
    89.224856815544));
#11042 = CARTESIAN_POINT('',(-0.489616375121,1.582864946382,
    89.334422032936));
#11043 = CARTESIAN_POINT('',(-0.550718435568,1.566492698629,
    89.443987250327));
#11044 = CARTESIAN_POINT('',(-0.428514314674,1.599237194134,
    89.443987250327));
#11045 = ORIENTED_EDGE('',*,*,#11029,.T.);
#11046 = ( BOUNDED_SURFACE() B_SPLINE_SURFACE(2,1,(
    (#11047,#11048)
    ,(#11049,#11050)
    ,(#11051,#11052)
    ,(#11053,#11054)
    ,(#11055,#11056)
    ,(#11057,#11058)
    ,(#11059,#11060
)),.UNSPECIFIED.,.T.,.F.,.F.) B_SPLINE_SURFACE_WITH_KNOTS((1,2,2,2,2,1),
  (2,2),(-2.094395102393,0.,2.094395102393,4.188790204786,6.28318530718,
    8.377580409573),(0.,3.972644320446),.UNSPECIFIED.) 
GEOMETRIC_REPRESENTATION_ITEM() RATIONAL_B_SPLINE_SURFACE((
    (1.,1.)
    ,(0.5,0.5)
    ,(1.,1.)
    ,(0.5,0.5)
    ,(1.,1.)
    ,(0.5,0.5)
,(1.,1.))) REPRESENTATION_ITEM('') SURFACE() );
#11047 = CARTESIAN_POINT('',(-0.428514314674,1.599237194134,
    89.443987250327));
#11048 = CARTESIAN_POINT('',(-1.05437275527,3.934972692783,
    89.443987250327));
#11049 = CARTESIAN_POINT('',(-0.30631019378,1.63198168964,
    89.443987250327));
#11050 = CARTESIAN_POINT('',(-0.932168634376,3.967717188288,
    89.443987250327));
#11051 = CARTESIAN_POINT('',(-0.367412254227,1.615609441887,
    89.334422032936));
#11052 = CARTESIAN_POINT('',(-0.993270694823,3.951344940535,
    89.334422032936));
#11053 = CARTESIAN_POINT('',(-0.428514314674,1.599237194134,
    89.224856815544));
#11054 = CARTESIAN_POINT('',(-1.05437275527,3.934972692783,
    89.224856815544));
#11055 = CARTESIAN_POINT('',(-0.489616375121,1.582864946382,
    89.334422032936));
#11056 = CARTESIAN_POINT('',(-1.115474815717,3.91860044503,
    89.334422032936));
#11057 = CARTESIAN_POINT('',(-0.550718435568,1.566492698629,
    89.443987250327));
#11058 = CARTESIAN_POINT('',(-1.176576876164,3.902228197277,
    89.443987250327));
#11059 = CARTESIAN_POINT('',(-0.428514314674,1.599237194134,
    89.443987250327));
#11060 = CARTESIAN_POINT('',(-1.05437275527,3.934972692783,
    89.443987250327));
#11061 = ADVANCED_FACE('',(#11062),#11065,.T.);
#11062 = FACE_BOUND('',#11063,.T.);
#11063 = EDGE_LOOP('',(#11064));
#11064 = ORIENTED_EDGE('',*,*,#11017,.T.);
#11065 = B_SPLINE_SURFACE_WITH_KNOTS('',1,1,(
    (#11066,#11067)
    ,(#11068,#11069
  )),.UNSPECIFIED.,.F.,.F.,.F.,(2,2),(2,2),(-0.12,0.12),(-0.12,0.12),
  .PIECEWISE_BEZIER_KNOTS.);
#11066 = CARTESIAN_POINT('',(-1.124927337364,3.916067649488,
    89.297900293805));
#11067 = CARTESIAN_POINT('',(-0.983818173175,3.953877736077,
    89.297900293805));
#11068 = CARTESIAN_POINT('',(-1.124927337364,3.916067649488,
    89.443987250327));
#11069 = CARTESIAN_POINT('',(-0.983818173175,3.953877736077,
    89.443987250327));
#11070 = ADVANCED_FACE('',(#11071),#11112,.T.);
#11071 = FACE_BOUND('',#11072,.T.);
#11072 = EDGE_LOOP('',(#11073,#11080,#11081,#11082,#11090,#11098,#11106)
  );
#11073 = ORIENTED_EDGE('',*,*,#11074,.T.);
#11074 = EDGE_CURVE('',#11075,#11030,#11077,.T.);
#11075 = VERTEX_POINT('',#11076);
#11076 = CARTESIAN_POINT('',(-3.465924603982E-02,0.129350067173,
    89.443987250327));
#11077 = B_SPLINE_CURVE_WITH_KNOTS('',1,(#11078,#11079),.UNSPECIFIED.,
  .F.,.F.,(2,2),(0.,2.5),.PIECEWISE_BEZIER_KNOTS.);
#11078 = CARTESIAN_POINT('',(-3.465924603982E-02,0.129350067173,
    89.443987250327));
#11079 = CARTESIAN_POINT('',(-0.428514314674,1.599237194134,
    89.443987250327));
#11080 = ORIENTED_EDGE('',*,*,#11036,.F.);
#11081 = ORIENTED_EDGE('',*,*,#11074,.F.);
#11082 = ORIENTED_EDGE('',*,*,#11083,.T.);
#11083 = EDGE_CURVE('',#11075,#11084,#11086,.T.);
#11084 = VERTEX_POINT('',#11085);
#11085 = CARTESIAN_POINT('',(3.589533605434E-02,0.148255110467,
    89.370943772066));
#11086 = ( BOUNDED_CURVE() B_SPLINE_CURVE(2,(#11087,#11088,#11089),
.UNSPECIFIED.,.F.,.F.) B_SPLINE_CURVE_WITH_KNOTS((3,3),(0.,
1.570796326795),.PIECEWISE_BEZIER_KNOTS.) CURVE() 
GEOMETRIC_REPRESENTATION_ITEM() RATIONAL_B_SPLINE_CURVE((1.,
0.707106781187,1.)) REPRESENTATION_ITEM('') );
#11087 = CARTESIAN_POINT('',(-3.465924603982E-02,0.129350067173,
    89.443987250327));
#11088 = CARTESIAN_POINT('',(3.589533605434E-02,0.148255110467,
    89.443987250327));
#11089 = CARTESIAN_POINT('',(3.589533605434E-02,0.148255110467,
    89.370943772066));
#11090 = ORIENTED_EDGE('',*,*,#11091,.T.);
#11091 = EDGE_CURVE('',#11084,#11092,#11094,.T.);
#11092 = VERTEX_POINT('',#11093);
#11093 = CARTESIAN_POINT('',(-5.356428933426E-02,0.199904649267,
    89.297900293805));
#11094 = ( BOUNDED_CURVE() B_SPLINE_CURVE(2,(#11095,#11096,#11097),
.UNSPECIFIED.,.F.,.F.) B_SPLINE_CURVE_WITH_KNOTS((3,3),(4.712388981807,
6.28318530718),.PIECEWISE_BEZIER_KNOTS.) CURVE() 
GEOMETRIC_REPRESENTATION_ITEM() RATIONAL_B_SPLINE_CURVE((1.,
0.707106781689,1.)) REPRESENTATION_ITEM('') );
#11095 = CARTESIAN_POINT('',(3.589533602746E-02,0.148255110567,
    89.370943771962));
#11096 = CARTESIAN_POINT('',(1.699029265958E-02,0.218809692534,
    89.297900293805));
#11097 = CARTESIAN_POINT('',(-5.356428933426E-02,0.199904649267,
    89.297900293805));
#11098 = ORIENTED_EDGE('',*,*,#11099,.T.);
#11099 = EDGE_CURVE('',#11092,#11100,#11102,.T.);
#11100 = VERTEX_POINT('',#11101);
#11101 = CARTESIAN_POINT('',(-0.105213828134,0.110445023878,
    89.370943772066));
#11102 = ( BOUNDED_CURVE() B_SPLINE_CURVE(2,(#11103,#11104,#11105),
.UNSPECIFIED.,.F.,.F.) B_SPLINE_CURVE_WITH_KNOTS((3,3),(0.,
1.570796326818),.PIECEWISE_BEZIER_KNOTS.) CURVE() 
GEOMETRIC_REPRESENTATION_ITEM() RATIONAL_B_SPLINE_CURVE((1.,
0.707106781178,1.)) REPRESENTATION_ITEM('') );
#11103 = CARTESIAN_POINT('',(-5.356428933426E-02,0.199904649267,
    89.297900293805));
#11104 = CARTESIAN_POINT('',(-0.12411887143,0.180999605972,
    89.297900293805));
#11105 = CARTESIAN_POINT('',(-0.105213828134,0.110445023877,
    89.370943772068));
#11106 = ORIENTED_EDGE('',*,*,#11107,.T.);
#11107 = EDGE_CURVE('',#11100,#11075,#11108,.T.);
#11108 = ( BOUNDED_CURVE() B_SPLINE_CURVE(2,(#11109,#11110,#11111),
.UNSPECIFIED.,.F.,.F.) B_SPLINE_CURVE_WITH_KNOTS((3,3),(4.712388980385,
6.28318530718),.PIECEWISE_BEZIER_KNOTS.) CURVE() 
GEOMETRIC_REPRESENTATION_ITEM() RATIONAL_B_SPLINE_CURVE((1.,
0.707106781187,1.)) REPRESENTATION_ITEM('') );
#11109 = CARTESIAN_POINT('',(-0.105213828134,0.110445023878,
    89.370943772066));
#11110 = CARTESIAN_POINT('',(-0.105213828134,0.110445023878,
    89.443987250327));
#11111 = CARTESIAN_POINT('',(-3.465924603982E-02,0.129350067173,
    89.443987250327));
#11112 = ( BOUNDED_SURFACE() B_SPLINE_SURFACE(2,1,(
    (#11113,#11114)
    ,(#11115,#11116)
    ,(#11117,#11118)
    ,(#11119,#11120)
    ,(#11121,#11122)
    ,(#11123,#11124)
    ,(#11125,#11126
)),.UNSPECIFIED.,.T.,.F.,.F.) B_SPLINE_SURFACE_WITH_KNOTS((1,2,2,2,2,1),
  (2,2),(-2.094395102393,0.,2.094395102393,4.188790204786,6.28318530718,
    8.377580409573),(-2.797817533207E-12,2.5),.UNSPECIFIED.) 
GEOMETRIC_REPRESENTATION_ITEM() RATIONAL_B_SPLINE_SURFACE((
    (1.,1.)
    ,(0.5,0.5)
    ,(1.,1.)
    ,(0.5,0.5)
    ,(1.,1.)
    ,(0.5,0.5)
,(1.,1.))) REPRESENTATION_ITEM('') SURFACE() );
#11113 = CARTESIAN_POINT('',(-3.465924603938E-02,0.129350067171,
    89.443987250327));
#11114 = CARTESIAN_POINT('',(-0.428514314674,1.599237194134,
    89.443987250327));
#11115 = CARTESIAN_POINT('',(8.75448748545E-02,0.162094562676,
    89.443987250327));
#11116 = CARTESIAN_POINT('',(-0.30631019378,1.63198168964,
    89.443987250327));
#11117 = CARTESIAN_POINT('',(2.644281440756E-02,0.145722314924,
    89.334422032936));
#11118 = CARTESIAN_POINT('',(-0.367412254227,1.615609441887,
    89.334422032936));
#11119 = CARTESIAN_POINT('',(-3.465924603938E-02,0.129350067171,
    89.224856815544));
#11120 = CARTESIAN_POINT('',(-0.428514314674,1.599237194134,
    89.224856815544));
#11121 = CARTESIAN_POINT('',(-9.576130648631E-02,0.112977819418,
    89.334422032936));
#11122 = CARTESIAN_POINT('',(-0.489616375121,1.582864946382,
    89.334422032936));
#11123 = CARTESIAN_POINT('',(-0.156863366933,9.660557166571E-02,
    89.443987250327));
#11124 = CARTESIAN_POINT('',(-0.550718435568,1.566492698629,
    89.443987250327));
#11125 = CARTESIAN_POINT('',(-3.465924603938E-02,0.129350067171,
    89.443987250327));
#11126 = CARTESIAN_POINT('',(-0.428514314674,1.599237194134,
    89.443987250327));
#11127 = ADVANCED_FACE('',(#11128),#11137,.F.);
#11128 = FACE_BOUND('',#11129,.F.);
#11129 = EDGE_LOOP('',(#11130,#11131,#11132));
#11130 = ORIENTED_EDGE('',*,*,#11107,.T.);
#11131 = ORIENTED_EDGE('',*,*,#11083,.T.);
#11132 = ORIENTED_EDGE('',*,*,#11133,.F.);
#11133 = EDGE_CURVE('',#11100,#11084,#11134,.T.);
#11134 = B_SPLINE_CURVE_WITH_KNOTS('',1,(#11135,#11136),.UNSPECIFIED.,
  .F.,.F.,(2,2),(-0.12,0.12),.PIECEWISE_BEZIER_KNOTS.);
#11135 = CARTESIAN_POINT('',(-0.105213828134,0.110445023878,
    89.370943772066));
#11136 = CARTESIAN_POINT('',(3.589533605434E-02,0.148255110467,
    89.370943772066));
#11137 = B_SPLINE_SURFACE_WITH_KNOTS('',1,1,(
    (#11138,#11139)
    ,(#11140,#11141
    )),.UNSPECIFIED.,.F.,.F.,.F.,(2,2),(2,2),(0.,0.12),(-0.12,0.12),
  .PIECEWISE_BEZIER_KNOTS.);
#11138 = CARTESIAN_POINT('',(-0.105213828134,0.110445023878,
    89.370943772066));
#11139 = CARTESIAN_POINT('',(3.589533605434E-02,0.148255110467,
    89.370943772066));
#11140 = CARTESIAN_POINT('',(-0.105213828134,0.110445023878,
    89.443987250327));
#11141 = CARTESIAN_POINT('',(3.589533605434E-02,0.148255110467,
    89.443987250327));
#11142 = ADVANCED_FACE('',(#11143),#11173,.T.);
#11143 = FACE_BOUND('',#11144,.T.);
#11144 = EDGE_LOOP('',(#11145,#11153,#11154,#11161,#11171,#11172));
#11145 = ORIENTED_EDGE('',*,*,#11146,.F.);
#11146 = EDGE_CURVE('',#11100,#11084,#11147,.T.);
#11147 = ( BOUNDED_CURVE() B_SPLINE_CURVE(2,(#11148,#11149,#11150,#11151
,#11152),.UNSPECIFIED.,.F.,.F.) B_SPLINE_CURVE_WITH_KNOTS((3,2,3),(
    1.570796326795,3.14159265359,4.712388980385),
.PIECEWISE_BEZIER_KNOTS.) CURVE() GEOMETRIC_REPRESENTATION_ITEM() 
RATIONAL_B_SPLINE_CURVE((1.,0.707106781187,1.,0.707106781187,1.)) 
REPRESENTATION_ITEM('') );
#11148 = CARTESIAN_POINT('',(-0.105213828134,0.110445023878,
    89.370943772066));
#11149 = CARTESIAN_POINT('',(-8.630878483953E-02,3.989044178402E-02,
    89.370943772066));
#11150 = CARTESIAN_POINT('',(-1.575420274537E-02,5.879548507847E-02,
    89.370943772066));
#11151 = CARTESIAN_POINT('',(5.480037934879E-02,7.770052837291E-02,
    89.370943772066));
#11152 = CARTESIAN_POINT('',(3.589533605434E-02,0.148255110467,
    89.370943772066));
#11153 = ORIENTED_EDGE('',*,*,#11099,.F.);
#11154 = ORIENTED_EDGE('',*,*,#11155,.F.);
#11155 = EDGE_CURVE('',#11156,#11092,#11158,.T.);
#11156 = VERTEX_POINT('',#11157);
#11157 = CARTESIAN_POINT('',(-5.356428933426E-02,0.199904649267,
    86.340711957438));
#11158 = B_SPLINE_CURVE_WITH_KNOTS('',1,(#11159,#11160),.UNSPECIFIED.,
  .F.,.F.,(2,2),(0.,4.858237981175),.PIECEWISE_BEZIER_KNOTS.);
#11159 = CARTESIAN_POINT('',(-5.356428933426E-02,0.199904649267,
    86.340711957438));
#11160 = CARTESIAN_POINT('',(-5.356428933426E-02,0.199904649267,
    89.297900293805));
#11161 = ORIENTED_EDGE('',*,*,#11162,.T.);
#11162 = EDGE_CURVE('',#11156,#11156,#11163,.T.);
#11163 = ( BOUNDED_CURVE() B_SPLINE_CURVE(2,(#11164,#11165,#11166,#11167
    ,#11168,#11169,#11170),.UNSPECIFIED.,.T.,.F.) 
B_SPLINE_CURVE_WITH_KNOTS((1,2,2,2,2,1),(-2.094395102393,0.,
    2.094395102393,4.188790204786,6.28318530718,8.377580409573),
.UNSPECIFIED.) CURVE() GEOMETRIC_REPRESENTATION_ITEM() 
RATIONAL_B_SPLINE_CURVE((1.,0.5,1.,0.5,1.,0.5,1.)) REPRESENTATION_ITEM(
  '') );
#11164 = CARTESIAN_POINT('',(-5.356428933426E-02,0.199904649267,
    86.340711957438));
#11165 = CARTESIAN_POINT('',(-0.175768410228,0.167160153762,
    86.340711957438));
#11166 = CARTESIAN_POINT('',(-8.630878483953E-02,7.770052837291E-02,
    86.340711957438));
#11167 = CARTESIAN_POINT('',(3.150840549074E-03,-1.175909701569E-02,
    86.340711957438));
#11168 = CARTESIAN_POINT('',(3.589533605434E-02,0.110445023878,
    86.340711957438));
#11169 = CARTESIAN_POINT('',(6.863983155961E-02,0.232649144772,
    86.340711957438));
#11170 = CARTESIAN_POINT('',(-5.356428933426E-02,0.199904649267,
    86.340711957438));
#11171 = ORIENTED_EDGE('',*,*,#11155,.T.);
#11172 = ORIENTED_EDGE('',*,*,#11091,.F.);
#11173 = ( BOUNDED_SURFACE() B_SPLINE_SURFACE(2,1,(
    (#11174,#11175)
    ,(#11176,#11177)
    ,(#11178,#11179)
    ,(#11180,#11181)
    ,(#11182,#11183)
    ,(#11184,#11185)
    ,(#11186,#11187
)),.UNSPECIFIED.,.T.,.F.,.F.) B_SPLINE_SURFACE_WITH_KNOTS((1,2,2,2,2,1),
  (2,2),(-2.094395102393,0.,2.094395102393,4.188790204786,6.28318530718,
    8.377580409573),(0.,4.978237981177),.UNSPECIFIED.) 
GEOMETRIC_REPRESENTATION_ITEM() RATIONAL_B_SPLINE_SURFACE((
    (1.,1.)
    ,(0.5,0.5)
    ,(1.,1.)
    ,(0.5,0.5)
    ,(1.,1.)
    ,(0.5,0.5)
,(1.,1.))) REPRESENTATION_ITEM('') SURFACE() );
#11174 = CARTESIAN_POINT('',(-5.356428933426E-02,0.199904649267,
    86.340711957438));
#11175 = CARTESIAN_POINT('',(-5.356428933426E-02,0.199904649267,
    89.370943772068));
#11176 = CARTESIAN_POINT('',(-0.175768410228,0.167160153762,
    86.340711957438));
#11177 = CARTESIAN_POINT('',(-0.175768410228,0.167160153762,
    89.370943772068));
#11178 = CARTESIAN_POINT('',(-8.630878483953E-02,7.770052837291E-02,
    86.340711957438));
#11179 = CARTESIAN_POINT('',(-8.630878483953E-02,7.770052837291E-02,
    89.370943772068));
#11180 = CARTESIAN_POINT('',(3.150840549074E-03,-1.175909701569E-02,
    86.340711957438));
#11181 = CARTESIAN_POINT('',(3.150840549074E-03,-1.175909701569E-02,
    89.370943772068));
#11182 = CARTESIAN_POINT('',(3.589533605434E-02,0.110445023878,
    86.340711957438));
#11183 = CARTESIAN_POINT('',(3.589533605434E-02,0.110445023878,
    89.370943772068));
#11184 = CARTESIAN_POINT('',(6.863983155961E-02,0.232649144772,
    86.340711957438));
#11185 = CARTESIAN_POINT('',(6.863983155961E-02,0.232649144772,
    89.370943772068));
#11186 = CARTESIAN_POINT('',(-5.356428933426E-02,0.199904649267,
    86.340711957438));
#11187 = CARTESIAN_POINT('',(-5.356428933426E-02,0.199904649267,
    89.370943772068));
#11188 = ADVANCED_FACE('',(#11189),#11193,.T.);
#11189 = FACE_BOUND('',#11190,.T.);
#11190 = EDGE_LOOP('',(#11191,#11192));
#11191 = ORIENTED_EDGE('',*,*,#11133,.F.);
#11192 = ORIENTED_EDGE('',*,*,#11146,.T.);
#11193 = B_SPLINE_SURFACE_WITH_KNOTS('',1,1,(
    (#11194,#11195)
    ,(#11196,#11197
    )),.UNSPECIFIED.,.F.,.F.,.F.,(2,2),(2,2),(-0.12,7.347880794884E-18),
  (-0.12,0.12),.PIECEWISE_BEZIER_KNOTS.);
#11194 = CARTESIAN_POINT('',(5.480037934879E-02,7.770052837291E-02,
    89.370943772066));
#11195 = CARTESIAN_POINT('',(-8.630878483953E-02,3.989044178402E-02,
    89.370943772066));
#11196 = CARTESIAN_POINT('',(3.589533605434E-02,0.148255110467,
    89.370943772066));
#11197 = CARTESIAN_POINT('',(-0.105213828134,0.110445023878,
    89.370943772066));
#11198 = ADVANCED_FACE('',(#11199),#11202,.F.);
#11199 = FACE_BOUND('',#11200,.T.);
#11200 = EDGE_LOOP('',(#11201));
#11201 = ORIENTED_EDGE('',*,*,#11162,.F.);
#11202 = B_SPLINE_SURFACE_WITH_KNOTS('',1,1,(
    (#11203,#11204)
    ,(#11205,#11206
  )),.UNSPECIFIED.,.F.,.F.,.F.,(2,2),(2,2),(-0.12,0.12),(-0.12,0.12),
  .PIECEWISE_BEZIER_KNOTS.);
#11203 = CARTESIAN_POINT('',(5.480037934879E-02,7.770052837291E-02,
    86.340711957438));
#11204 = CARTESIAN_POINT('',(-8.630878483953E-02,3.989044178402E-02,
    86.340711957438));
#11205 = CARTESIAN_POINT('',(1.69902927599E-02,0.218809692561,
    86.340711957438));
#11206 = CARTESIAN_POINT('',(-0.124118871428,0.180999605972,
    86.340711957438));
#11207 = MANIFOLD_SOLID_BREP('',#11208);
#11208 = CLOSED_SHELL('',(#11209,#11257,#11266,#11317,#11331,#11385,
    #11396));
#11209 = ADVANCED_FACE('',(#11210),#11242,.T.);
#11210 = FACE_BOUND('',#11211,.T.);
#11211 = EDGE_LOOP('',(#11212,#11224,#11231,#11241));
#11212 = ORIENTED_EDGE('',*,*,#11213,.F.);
#11213 = EDGE_CURVE('',#11214,#11214,#11216,.T.);
#11214 = VERTEX_POINT('',#11215);
#11215 = CARTESIAN_POINT('',(-2.932249476313,-2.828950398713,
    89.370943772066));
#11216 = ( BOUNDED_CURVE() B_SPLINE_CURVE(2,(#11217,#11218,#11219,#11220
    ,#11221,#11222,#11223),.UNSPECIFIED.,.T.,.F.) 
B_SPLINE_CURVE_WITH_KNOTS((1,2,2,2,2,1),(-2.094395102393,0.,
    2.094395102393,4.188790204786,6.28318530718,8.377580409573),
.UNSPECIFIED.) CURVE() GEOMETRIC_REPRESENTATION_ITEM() 
RATIONAL_B_SPLINE_CURVE((1.,0.5,1.,0.5,1.,0.5,1.)) REPRESENTATION_ITEM(
  '') );
#11217 = CARTESIAN_POINT('',(-2.932249476313,-2.828950398713,
    89.370943772066));
#11218 = CARTESIAN_POINT('',(-2.932249476313,-2.828950398713,
    89.244428756557));
#11219 = CARTESIAN_POINT('',(-2.854775168113,-2.906424706913,
    89.307686264311));
#11220 = CARTESIAN_POINT('',(-2.777300859914,-2.983899015112,
    89.370943772066));
#11221 = CARTESIAN_POINT('',(-2.854775168113,-2.906424706913,
    89.434201279821));
#11222 = CARTESIAN_POINT('',(-2.932249476313,-2.828950398713,
    89.497458787575));
#11223 = CARTESIAN_POINT('',(-2.932249476313,-2.828950398713,
    89.370943772066));
#11224 = ORIENTED_EDGE('',*,*,#11225,.F.);
#11225 = EDGE_CURVE('',#11226,#11214,#11228,.T.);
#11226 = VERTEX_POINT('',#11227);
#11227 = CARTESIAN_POINT('',(-1.22237241826,-1.11907334066,
    89.370943772066));
#11228 = B_SPLINE_CURVE_WITH_KNOTS('',1,(#11229,#11230),.UNSPECIFIED.,
  .F.,.F.,(2,2),(0.,3.972644320446),.PIECEWISE_BEZIER_KNOTS.);
#11229 = CARTESIAN_POINT('',(-1.22237241826,-1.11907334066,
    89.370943772066));
#11230 = CARTESIAN_POINT('',(-2.932249476313,-2.828950398713,
    89.370943772066));
#11231 = ORIENTED_EDGE('',*,*,#11232,.T.);
#11232 = EDGE_CURVE('',#11226,#11226,#11233,.T.);
#11233 = ( BOUNDED_CURVE() B_SPLINE_CURVE(2,(#11234,#11235,#11236,#11237
    ,#11238,#11239,#11240),.UNSPECIFIED.,.T.,.F.) 
B_SPLINE_CURVE_WITH_KNOTS((1,2,2,2,2,1),(-2.094395102393,0.,
    2.094395102393,4.188790204786,6.28318530718,8.377580409573),
.UNSPECIFIED.) CURVE() GEOMETRIC_REPRESENTATION_ITEM() 
RATIONAL_B_SPLINE_CURVE((1.,0.5,1.,0.5,1.,0.5,1.)) REPRESENTATION_ITEM(
  '') );
#11234 = CARTESIAN_POINT('',(-1.22237241826,-1.11907334066,
    89.370943772066));
#11235 = CARTESIAN_POINT('',(-1.22237241826,-1.11907334066,
    89.244428756557));
#11236 = CARTESIAN_POINT('',(-1.14489811006,-1.19654764886,
    89.307686264311));
#11237 = CARTESIAN_POINT('',(-1.067423801861,-1.27402195706,
    89.370943772066));
#11238 = CARTESIAN_POINT('',(-1.14489811006,-1.19654764886,
    89.434201279821));
#11239 = CARTESIAN_POINT('',(-1.22237241826,-1.11907334066,
    89.497458787575));
#11240 = CARTESIAN_POINT('',(-1.22237241826,-1.11907334066,
    89.370943772066));
#11241 = ORIENTED_EDGE('',*,*,#11225,.T.);
#11242 = ( BOUNDED_SURFACE() B_SPLINE_SURFACE(2,1,(
    (#11243,#11244)
    ,(#11245,#11246)
    ,(#11247,#11248)
    ,(#11249,#11250)
    ,(#11251,#11252)
    ,(#11253,#11254)
    ,(#11255,#11256
)),.UNSPECIFIED.,.T.,.F.,.F.) B_SPLINE_SURFACE_WITH_KNOTS((1,2,2,2,2,1),
  (2,2),(-2.094395102393,0.,2.094395102393,4.188790204786,6.28318530718,
    8.377580409573),(0.,3.972644320446),.UNSPECIFIED.) 
GEOMETRIC_REPRESENTATION_ITEM() RATIONAL_B_SPLINE_SURFACE((
    (1.,1.)
    ,(0.5,0.5)
    ,(1.,1.)
    ,(0.5,0.5)
    ,(1.,1.)
    ,(0.5,0.5)
,(1.,1.))) REPRESENTATION_ITEM('') SURFACE() );
#11243 = CARTESIAN_POINT('',(-1.22237241826,-1.11907334066,
    89.370943772066));
#11244 = CARTESIAN_POINT('',(-2.932249476313,-2.828950398713,
    89.370943772066));
#11245 = CARTESIAN_POINT('',(-1.22237241826,-1.11907334066,
    89.244428756557));
#11246 = CARTESIAN_POINT('',(-2.932249476313,-2.828950398713,
    89.244428756557));
#11247 = CARTESIAN_POINT('',(-1.14489811006,-1.19654764886,
    89.307686264311));
#11248 = CARTESIAN_POINT('',(-2.854775168113,-2.906424706913,
    89.307686264311));
#11249 = CARTESIAN_POINT('',(-1.067423801861,-1.27402195706,
    89.370943772066));
#11250 = CARTESIAN_POINT('',(-2.777300859914,-2.983899015112,
    89.370943772066));
#11251 = CARTESIAN_POINT('',(-1.14489811006,-1.19654764886,
    89.434201279821));
#11252 = CARTESIAN_POINT('',(-2.854775168113,-2.906424706913,
    89.434201279821));
#11253 = CARTESIAN_POINT('',(-1.22237241826,-1.11907334066,
    89.497458787575));
#11254 = CARTESIAN_POINT('',(-2.932249476313,-2.828950398713,
    89.497458787575));
#11255 = CARTESIAN_POINT('',(-1.22237241826,-1.11907334066,
    89.370943772066));
#11256 = CARTESIAN_POINT('',(-2.932249476313,-2.828950398713,
    89.370943772066));
#11257 = ADVANCED_FACE('',(#11258),#11261,.T.);
#11258 = FACE_BOUND('',#11259,.T.);
#11259 = EDGE_LOOP('',(#11260));
#11260 = ORIENTED_EDGE('',*,*,#11213,.T.);
#11261 = B_SPLINE_SURFACE_WITH_KNOTS('',1,1,(
    (#11262,#11263)
    ,(#11264,#11265
  )),.UNSPECIFIED.,.F.,.F.,.F.,(2,2),(2,2),(-0.12,0.12),(-0.12,0.12),
  .PIECEWISE_BEZIER_KNOTS.);
#11262 = CARTESIAN_POINT('',(-2.828950398713,-2.932249476313,
    89.443987250327));
#11263 = CARTESIAN_POINT('',(-2.828950398713,-2.932249476313,
    89.297900293805));
#11264 = CARTESIAN_POINT('',(-2.932249476313,-2.828950398713,
    89.443987250327));
#11265 = CARTESIAN_POINT('',(-2.932249476313,-2.828950398713,
    89.297900293805));
#11266 = ADVANCED_FACE('',(#11267),#11302,.T.);
#11267 = FACE_BOUND('',#11268,.T.);
#11268 = EDGE_LOOP('',(#11269,#11276,#11277,#11278,#11286,#11294));
#11269 = ORIENTED_EDGE('',*,*,#11270,.T.);
#11270 = EDGE_CURVE('',#11271,#11226,#11273,.T.);
#11271 = VERTEX_POINT('',#11272);
#11272 = CARTESIAN_POINT('',(-0.146340359933,-4.304128233309E-02,
    89.370943772066));
#11273 = B_SPLINE_CURVE_WITH_KNOTS('',1,(#11274,#11275),.UNSPECIFIED.,
  .F.,.F.,(2,2),(0.,2.5),.PIECEWISE_BEZIER_KNOTS.);
#11274 = CARTESIAN_POINT('',(-0.146340359933,-4.304128233309E-02,
    89.370943772066));
#11275 = CARTESIAN_POINT('',(-1.22237241826,-1.11907334066,
    89.370943772066));
#11276 = ORIENTED_EDGE('',*,*,#11232,.F.);
#11277 = ORIENTED_EDGE('',*,*,#11270,.F.);
#11278 = ORIENTED_EDGE('',*,*,#11279,.T.);
#11279 = EDGE_CURVE('',#11271,#11280,#11282,.T.);
#11280 = VERTEX_POINT('',#11281);
#11281 = CARTESIAN_POINT('',(-0.146340359933,-0.146340359933,
    89.297900293805));
#11282 = ( BOUNDED_CURVE() B_SPLINE_CURVE(2,(#11283,#11284,#11285),
.UNSPECIFIED.,.F.,.F.) B_SPLINE_CURVE_WITH_KNOTS((3,3),(4.712388980367,
6.28318530718),.PIECEWISE_BEZIER_KNOTS.) CURVE() 
GEOMETRIC_REPRESENTATION_ITEM() RATIONAL_B_SPLINE_CURVE((1.,
0.70710678118,1.)) REPRESENTATION_ITEM('') );
#11283 = CARTESIAN_POINT('',(-0.146340359932,-4.30412823322E-02,
    89.370943772067));
#11284 = CARTESIAN_POINT('',(-0.197989898733,-9.469082113191E-02,
    89.297900293805));
#11285 = CARTESIAN_POINT('',(-0.146340359933,-0.146340359933,
    89.297900293805));
#11286 = ORIENTED_EDGE('',*,*,#11287,.T.);
#11287 = EDGE_CURVE('',#11280,#11288,#11290,.T.);
#11288 = VERTEX_POINT('',#11289);
#11289 = CARTESIAN_POINT('',(-4.304128233309E-02,-0.146340359933,
    89.370943772066));
#11290 = ( BOUNDED_CURVE() B_SPLINE_CURVE(2,(#11291,#11292,#11293),
.UNSPECIFIED.,.F.,.F.) B_SPLINE_CURVE_WITH_KNOTS((3,3),(0.,
1.570796325363),.PIECEWISE_BEZIER_KNOTS.) CURVE() 
GEOMETRIC_REPRESENTATION_ITEM() RATIONAL_B_SPLINE_CURVE((1.,
0.707106781693,1.)) REPRESENTATION_ITEM('') );
#11291 = CARTESIAN_POINT('',(-0.146340359933,-0.146340359933,
    89.297900293805));
#11292 = CARTESIAN_POINT('',(-9.469082120675E-02,-0.197989898658,
    89.297900293805));
#11293 = CARTESIAN_POINT('',(-4.304128240704E-02,-0.146340360006,
    89.370943771962));
#11294 = ORIENTED_EDGE('',*,*,#11295,.T.);
#11295 = EDGE_CURVE('',#11288,#11271,#11296,.T.);
#11296 = ( BOUNDED_CURVE() B_SPLINE_CURVE(2,(#11297,#11298,#11299,#11300
,#11301),.UNSPECIFIED.,.F.,.F.) B_SPLINE_CURVE_WITH_KNOTS((3,2,3),(
    3.14159265359,4.712388980385,6.28318530718),
.PIECEWISE_BEZIER_KNOTS.) CURVE() GEOMETRIC_REPRESENTATION_ITEM() 
RATIONAL_B_SPLINE_CURVE((1.,0.707106781187,1.,0.707106781187,1.)) 
REPRESENTATION_ITEM('') );
#11297 = CARTESIAN_POINT('',(-4.304128233309E-02,-0.146340359933,
    89.370943772066));
#11298 = CARTESIAN_POINT('',(-4.304128233309E-02,-0.146340359933,
    89.443987250327));
#11299 = CARTESIAN_POINT('',(-9.469082113281E-02,-9.469082113281E-02,
    89.443987250327));
#11300 = CARTESIAN_POINT('',(-0.146340359933,-4.304128233309E-02,
    89.443987250327));
#11301 = CARTESIAN_POINT('',(-0.146340359933,-4.304128233309E-02,
    89.370943772066));
#11302 = ( BOUNDED_SURFACE() B_SPLINE_SURFACE(2,1,(
    (#11303,#11304)
    ,(#11305,#11306)
    ,(#11307,#11308)
    ,(#11309,#11310)
    ,(#11311,#11312)
    ,(#11313,#11314)
    ,(#11315,#11316
)),.UNSPECIFIED.,.T.,.F.,.F.) B_SPLINE_SURFACE_WITH_KNOTS((1,2,2,2,2,1),
  (2,2),(-2.094395102393,0.,2.094395102393,4.188790204786,6.28318530718,
    8.377580409573),(-2.074812543995E-12,2.5),.UNSPECIFIED.) 
GEOMETRIC_REPRESENTATION_ITEM() RATIONAL_B_SPLINE_SURFACE((
    (1.,1.)
    ,(0.5,0.5)
    ,(1.,1.)
    ,(0.5,0.5)
    ,(1.,1.)
    ,(0.5,0.5)
,(1.,1.))) REPRESENTATION_ITEM('') SURFACE() );
#11303 = CARTESIAN_POINT('',(-0.146340359932,-4.30412823322E-02,
    89.370943772066));
#11304 = CARTESIAN_POINT('',(-1.22237241826,-1.11907334066,
    89.370943772066));
#11305 = CARTESIAN_POINT('',(-0.146340359932,-4.30412823322E-02,
    89.244428756557));
#11306 = CARTESIAN_POINT('',(-1.22237241826,-1.11907334066,
    89.244428756557));
#11307 = CARTESIAN_POINT('',(-6.886605173206E-02,-0.120515590532,
    89.307686264311));
#11308 = CARTESIAN_POINT('',(-1.14489811006,-1.19654764886,
    89.307686264311));
#11309 = CARTESIAN_POINT('',(8.608256467512E-03,-0.197989898731,
    89.370943772066));
#11310 = CARTESIAN_POINT('',(-1.067423801861,-1.27402195706,
    89.370943772066));
#11311 = CARTESIAN_POINT('',(-6.886605173206E-02,-0.120515590532,
    89.434201279821));
#11312 = CARTESIAN_POINT('',(-1.14489811006,-1.19654764886,
    89.434201279821));
#11313 = CARTESIAN_POINT('',(-0.146340359932,-4.30412823322E-02,
    89.497458787575));
#11314 = CARTESIAN_POINT('',(-1.22237241826,-1.11907334066,
    89.497458787575));
#11315 = CARTESIAN_POINT('',(-0.146340359932,-4.30412823322E-02,
    89.370943772066));
#11316 = CARTESIAN_POINT('',(-1.22237241826,-1.11907334066,
    89.370943772066));
#11317 = ADVANCED_FACE('',(#11318),#11326,.F.);
#11318 = FACE_BOUND('',#11319,.F.);
#11319 = EDGE_LOOP('',(#11320,#11321));
#11320 = ORIENTED_EDGE('',*,*,#11295,.T.);
#11321 = ORIENTED_EDGE('',*,*,#11322,.F.);
#11322 = EDGE_CURVE('',#11288,#11271,#11323,.T.);
#11323 = B_SPLINE_CURVE_WITH_KNOTS('',1,(#11324,#11325),.UNSPECIFIED.,
  .F.,.F.,(2,2),(-0.12,0.12),.PIECEWISE_BEZIER_KNOTS.);
#11324 = CARTESIAN_POINT('',(-4.304128233309E-02,-0.146340359933,
    89.370943772066));
#11325 = CARTESIAN_POINT('',(-0.146340359933,-4.304128233309E-02,
    89.370943772066));
#11326 = B_SPLINE_SURFACE_WITH_KNOTS('',1,1,(
    (#11327,#11328)
    ,(#11329,#11330
  )),.UNSPECIFIED.,.F.,.F.,.F.,(2,2),(2,2),(-0.12,0.12),(-0.12,
    1.469576158977E-17),.PIECEWISE_BEZIER_KNOTS.);
#11327 = CARTESIAN_POINT('',(-4.304128233309E-02,-0.146340359933,
    89.443987250327));
#11328 = CARTESIAN_POINT('',(-4.304128233309E-02,-0.146340359933,
    89.370943772066));
#11329 = CARTESIAN_POINT('',(-0.146340359933,-4.304128233309E-02,
    89.443987250327));
#11330 = CARTESIAN_POINT('',(-0.146340359933,-4.304128233309E-02,
    89.370943772066));
#11331 = ADVANCED_FACE('',(#11332),#11370,.T.);
#11332 = FACE_BOUND('',#11333,.T.);
#11333 = EDGE_LOOP('',(#11334,#11343,#11351,#11352,#11353,#11359,#11360)
  );
#11334 = ORIENTED_EDGE('',*,*,#11335,.T.);
#11335 = EDGE_CURVE('',#11336,#11338,#11340,.T.);
#11336 = VERTEX_POINT('',#11337);
#11337 = CARTESIAN_POINT('',(-0.113595864427,-2.413623903865E-02,
    86.340711957438));
#11338 = VERTEX_POINT('',#11339);
#11339 = CARTESIAN_POINT('',(-0.113595864427,-2.413623903865E-02,
    89.370943772066));
#11340 = B_SPLINE_CURVE_WITH_KNOTS('',1,(#11341,#11342),.UNSPECIFIED.,
  .F.,.F.,(2,2),(0.,4.978237981175),.PIECEWISE_BEZIER_KNOTS.);
#11341 = CARTESIAN_POINT('',(-0.113595864427,-2.413623903865E-02,
    86.340711957438));
#11342 = CARTESIAN_POINT('',(-0.113595864427,-2.413623903865E-02,
    89.370943772066));
#11343 = ORIENTED_EDGE('',*,*,#11344,.F.);
#11344 = EDGE_CURVE('',#11288,#11338,#11345,.T.);
#11345 = ( BOUNDED_CURVE() B_SPLINE_CURVE(2,(#11346,#11347,#11348,#11349
,#11350),.UNSPECIFIED.,.F.,.F.) B_SPLINE_CURVE_WITH_KNOTS((3,2,3),(
    3.665191429188,4.974188368184,6.28318530718),
.PIECEWISE_BEZIER_KNOTS.) CURVE() GEOMETRIC_REPRESENTATION_ITEM() 
RATIONAL_B_SPLINE_CURVE((1.,0.793353340291,1.,0.793353340291,1.)) 
REPRESENTATION_ITEM('') );
#11346 = CARTESIAN_POINT('',(-4.304128233309E-02,-0.146340359933,
    89.370943772066));
#11347 = CARTESIAN_POINT('',(-3.409197295408E-03,-0.106708274895,
    89.370943772066));
#11348 = CARTESIAN_POINT('',(-3.143331337812E-02,-5.816908200237E-02,
    89.370943772066));
#11349 = CARTESIAN_POINT('',(-5.945742946083E-02,-9.629889109911E-03,
    89.370943772066));
#11350 = CARTESIAN_POINT('',(-0.113595864427,-2.413623903865E-02,
    89.370943772066));
#11351 = ORIENTED_EDGE('',*,*,#11287,.F.);
#11352 = ORIENTED_EDGE('',*,*,#11279,.F.);
#11353 = ORIENTED_EDGE('',*,*,#11354,.F.);
#11354 = EDGE_CURVE('',#11338,#11271,#11355,.T.);
#11355 = ( BOUNDED_CURVE() B_SPLINE_CURVE(2,(#11356,#11357,#11358),
.UNSPECIFIED.,.F.,.F.) B_SPLINE_CURVE_WITH_KNOTS((3,3),(0.,
0.523598775598),.PIECEWISE_BEZIER_KNOTS.) CURVE() 
GEOMETRIC_REPRESENTATION_ITEM() RATIONAL_B_SPLINE_CURVE((1.,
0.965925826289,1.)) REPRESENTATION_ITEM('') );
#11356 = CARTESIAN_POINT('',(-0.113595864427,-2.413623903865E-02,
    89.370943772066));
#11357 = CARTESIAN_POINT('',(-0.132500907722,-2.920183012227E-02,
    89.370943772066));
#11358 = CARTESIAN_POINT('',(-0.146340359933,-4.304128233309E-02,
    89.370943772066));
#11359 = ORIENTED_EDGE('',*,*,#11335,.F.);
#11360 = ORIENTED_EDGE('',*,*,#11361,.T.);
#11361 = EDGE_CURVE('',#11336,#11336,#11362,.T.);
#11362 = ( BOUNDED_CURVE() B_SPLINE_CURVE(2,(#11363,#11364,#11365,#11366
    ,#11367,#11368,#11369),.UNSPECIFIED.,.T.,.F.) 
B_SPLINE_CURVE_WITH_KNOTS((1,2,2,2,2,1),(-2.094395102393,0.,
    2.094395102393,4.188790204786,6.28318530718,8.377580409573),
.UNSPECIFIED.) CURVE() GEOMETRIC_REPRESENTATION_ITEM() 
RATIONAL_B_SPLINE_CURVE((1.,0.5,1.,0.5,1.,0.5,1.)) REPRESENTATION_ITEM(
  '') );
#11363 = CARTESIAN_POINT('',(-0.113595864427,-2.413623903865E-02,
    86.340711957438));
#11364 = CARTESIAN_POINT('',(-0.235799985321,-5.688073454392E-02,
    86.340711957438));
#11365 = CARTESIAN_POINT('',(-0.146340359933,-0.146340359933,
    86.340711957438));
#11366 = CARTESIAN_POINT('',(-5.688073454392E-02,-0.235799985321,
    86.340711957438));
#11367 = CARTESIAN_POINT('',(-2.413623903865E-02,-0.113595864427,
    86.340711957438));
#11368 = CARTESIAN_POINT('',(8.608256466619E-03,8.608256466619E-03,
    86.340711957438));
#11369 = CARTESIAN_POINT('',(-0.113595864427,-2.413623903865E-02,
    86.340711957438));
#11370 = ( BOUNDED_SURFACE() B_SPLINE_SURFACE(2,1,(
    (#11371,#11372)
    ,(#11373,#11374)
    ,(#11375,#11376)
    ,(#11377,#11378)
    ,(#11379,#11380)
    ,(#11381,#11382)
    ,(#11383,#11384
)),.UNSPECIFIED.,.T.,.F.,.F.) B_SPLINE_SURFACE_WITH_KNOTS((1,2,2,2,2,1),
  (2,2),(-2.094395102393,0.,2.094395102393,4.188790204786,6.28318530718,
    8.377580409573),(0.,4.978237981177),.UNSPECIFIED.) 
GEOMETRIC_REPRESENTATION_ITEM() RATIONAL_B_SPLINE_SURFACE((
    (1.,1.)
    ,(0.5,0.5)
    ,(1.,1.)
    ,(0.5,0.5)
    ,(1.,1.)
    ,(0.5,0.5)
,(1.,1.))) REPRESENTATION_ITEM('') SURFACE() );
#11371 = CARTESIAN_POINT('',(-0.113595864427,-2.413623903865E-02,
    86.340711957438));
#11372 = CARTESIAN_POINT('',(-0.113595864427,-2.413623903865E-02,
    89.370943772067));
#11373 = CARTESIAN_POINT('',(-0.235799985321,-5.688073454392E-02,
    86.340711957438));
#11374 = CARTESIAN_POINT('',(-0.235799985321,-5.688073454392E-02,
    89.370943772067));
#11375 = CARTESIAN_POINT('',(-0.146340359933,-0.146340359933,
    86.340711957438));
#11376 = CARTESIAN_POINT('',(-0.146340359933,-0.146340359933,
    89.370943772067));
#11377 = CARTESIAN_POINT('',(-5.688073454392E-02,-0.235799985321,
    86.340711957438));
#11378 = CARTESIAN_POINT('',(-5.688073454392E-02,-0.235799985321,
    89.370943772067));
#11379 = CARTESIAN_POINT('',(-2.413623903865E-02,-0.113595864427,
    86.340711957438));
#11380 = CARTESIAN_POINT('',(-2.413623903865E-02,-0.113595864427,
    89.370943772067));
#11381 = CARTESIAN_POINT('',(8.608256466619E-03,8.608256466619E-03,
    86.340711957438));
#11382 = CARTESIAN_POINT('',(8.608256466619E-03,8.608256466619E-03,
    89.370943772067));
#11383 = CARTESIAN_POINT('',(-0.113595864427,-2.413623903865E-02,
    86.340711957438));
#11384 = CARTESIAN_POINT('',(-0.113595864427,-2.413623903865E-02,
    89.370943772067));
#11385 = ADVANCED_FACE('',(#11386),#11391,.T.);
#11386 = FACE_BOUND('',#11387,.T.);
#11387 = EDGE_LOOP('',(#11388,#11389,#11390));
#11388 = ORIENTED_EDGE('',*,*,#11344,.T.);
#11389 = ORIENTED_EDGE('',*,*,#11354,.T.);
#11390 = ORIENTED_EDGE('',*,*,#11322,.F.);
#11391 = B_SPLINE_SURFACE_WITH_KNOTS('',1,1,(
    (#11392,#11393)
    ,(#11394,#11395
    )),.UNSPECIFIED.,.F.,.F.,.F.,(2,2),(2,2),(-0.103923048454,0.12),(
    -0.12,6.E-02),.PIECEWISE_BEZIER_KNOTS.);
#11392 = CARTESIAN_POINT('',(-7.763991286015E-03,-0.136887838285,
    89.370943772066));
#11393 = CARTESIAN_POINT('',(-0.113595864427,-0.165245403227,
    89.370943772066));
#11394 = CARTESIAN_POINT('',(-4.304128233309E-02,-5.231195744204E-03,
    89.370943772066));
#11395 = CARTESIAN_POINT('',(-0.148873155474,-3.358876068587E-02,
    89.370943772066));
#11396 = ADVANCED_FACE('',(#11397),#11400,.F.);
#11397 = FACE_BOUND('',#11398,.T.);
#11398 = EDGE_LOOP('',(#11399));
#11399 = ORIENTED_EDGE('',*,*,#11361,.F.);
#11400 = B_SPLINE_SURFACE_WITH_KNOTS('',1,1,(
    (#11401,#11402)
    ,(#11403,#11404
  )),.UNSPECIFIED.,.F.,.F.,.F.,(2,2),(2,2),(-0.12,0.12),(-0.12,0.12),
  .PIECEWISE_BEZIER_KNOTS.);
#11401 = CARTESIAN_POINT('',(-5.231195744204E-03,-0.146340359933,
    86.340711957438));
#11402 = CARTESIAN_POINT('',(-0.146340359933,-0.184150446521,
    86.340711957438));
#11403 = CARTESIAN_POINT('',(-4.304128233309E-02,-5.231195744204E-03,
    86.340711957438));
#11404 = CARTESIAN_POINT('',(-0.184150446521,-4.304128233309E-02,
    86.340711957438));
#11405 = ( GEOMETRIC_REPRESENTATION_CONTEXT(3) 
GLOBAL_UNCERTAINTY_ASSIGNED_CONTEXT((#11409)) 
GLOBAL_UNIT_ASSIGNED_CONTEXT((#11406,#11407,#11408)) 
REPRESENTATION_CONTEXT('Context #1',
  '3D Context with UNIT and UNCERTAINTY') );
#11406 = ( LENGTH_UNIT() NAMED_UNIT(*) SI_UNIT(.MILLI.,.METRE.) );
#11407 = ( NAMED_UNIT(*) PLANE_ANGLE_UNIT() SI_UNIT($,.RADIAN.) );
#11408 = ( NAMED_UNIT(*) SI_UNIT($,.STERADIAN.) SOLID_ANGLE_UNIT() );
#11409 = UNCERTAINTY_MEASURE_WITH_UNIT(LENGTH_MEASURE(1.E-06),#11406,
  'distance_accuracy_value','confusion accuracy');
#11410 = PRODUCT_RELATED_PRODUCT_CATEGORY('part',$,(#7));
ENDSEC;
END-ISO-10303-21;
